symbol,as_of_date,valuation_rating,valuation_composite,trend_rating,golden_cross,death_cross,momentum_rating,quality_rating,rsi_rating,rsi_14,range52w_rating,range_position_52w,insider_buying_flag,insider_cluster_buy_count,congress_buy_flag,congress_sell_flag,recommendation,recommendation_score,bullish_count,bearish_count,core_indicators_available,industry_category
A,2026-08-14,4.0,0.2617276111037398,1.0,1,0,2.0,3.0,4.0,69.04623063622334,1.0,0.8336683773387702,0,,0,0,BUY,2.447058823529412,3,1,5,Medical Devices & Instruments
AA,2026-08-14,2.0,0.615683239661515,5.0,0,1,3.0,3.0,3.0,51.745444379548026,4.0,0.3811469710911677,0,,0,0,HOLD,3.1411764705882352,1,2,5,Metals
AACB,2026-08-14,,,1.0,0,0,3.0,3.0,4.0,62.47292469281457,1.0,1.0,0,,0,0,BUY,2.016949152542373,2,0,4,Investment & Holding Companies
AACI,2026-08-14,,,,0,0,,,4.0,63.33833522489724,1.0,1.0,0,,0,0,,,1,0,1,Investment & Holding Companies
AACO,2026-08-14,,,,0,0,,,4.0,65.69266027322381,1.0,0.8571457765667575,1,2.0,0,0,,,1,0,1,Investment & Holding Companies
AACP,2026-08-14,,,,0,0,,,4.0,65.12736727327322,,,0,,0,0,,,0,0,0,Investment & Holding Companies
AADX,2026-08-14,4.0,0.3206299212598425,,0,0,,,2.0,41.35633207222852,,,0,,0,0,,,0,1,1,Aerospace & Defense
AAL,2026-08-14,2.0,0.7325459289998801,3.0,0,0,3.0,3.0,2.0,43.78458975170773,3.0,0.583437894497526,0,,0,0,HOLD,2.6941176470588237,1,0,5,Airlines
AAME,2026-08-14,1.0,0.9550706394882565,5.0,0,0,5.0,3.0,2.0,37.74493613499262,5.0,0.014218052320222364,0,,0,0,HOLD,3.423529411764706,1,3,5,Insurance
AAMI,2026-08-14,5.0,0.22475106685633003,1.0,0,0,1.0,3.0,4.0,67.83772843813134,1.0,0.9873480806644689,0,,0,0,HOLD,2.5764705882352934,3,1,5,Investment & Brokerage
AAOI,2026-08-14,5.0,0.14043099758688485,2.0,0,0,1.0,3.0,4.0,61.050265953730076,2.0,0.642355458673585,0,,0,0,HOLD,2.9176470588235293,3,1,5,Semiconductors & Chips
AAON,2026-08-14,5.0,0.12612612612612611,4.0,0,0,4.0,4.0,2.0,36.7998038744891,5.0,0.1932282290399144,0,,0,0,STRONG SELL,4.541176470588235,0,5,5,Industrial Machinery
AAP,2026-08-14,2.0,0.6549399172419725,3.0,0,0,4.0,3.0,3.0,50.411427703866536,2.0,0.7429594622923287,0,,0,0,HOLD,2.6352941176470592,2,1,5,Retail
AAPG,2026-08-14,,,3.0,0,0,5.0,,4.0,55.35701297934483,5.0,0.0740147194018907,0,,0,0,STRONG SELL,4.590909090909092,0,2,3,Pharmaceuticals & Biotech
AAPL,2026-08-14,5.0,0.12566408952551858,2.0,0,0,2.0,1.0,2.0,43.81779013414094,2.0,0.7074101253053514,0,,0,0,HOLD,2.7411764705882353,4,1,5,Computer Hardware
AARD,2026-08-14,3.0,0.5363779527559055,3.0,0,0,5.0,5.0,3.0,50.55059503171603,4.0,0.21966977605802995,0,,0,0,SELL,3.9411764705882355,0,3,5,Pharmaceuticals & Biotech
AAT,2026-08-14,3.0,0.42646459504106055,3.0,0,0,2.0,3.0,2.0,39.201350539970846,2.0,0.6438462061007284,1,1.0,0,0,BUY,2.2882352941176474,2,0,5,Investment & Holding Companies
AAUC,2026-08-14,,,4.0,0,0,3.0,,4.0,57.72555165414821,3.0,0.5384616117478203,0,,0,0,HOLD,3.2045454545454555,0,1,3,Mining & Minerals
ABAT,2026-08-14,5.0,0.24541871816525807,5.0,0,0,4.0,2.0,3.0,50.24936371472512,5.0,0.048439187247742106,0,,0,0,STRONG SELL,4.294117647058823,1,4,5,Mining & Minerals
ABBV,2026-08-14,5.0,0.07017543859649122,1.0,0,0,2.0,1.0,3.0,51.42126918326661,2.0,0.7943996605277868,0,,0,0,HOLD,2.635294117647059,4,1,5,Pharmaceuticals & Biotech
ABCB,2026-08-14,2.0,0.7145566619250829,2.0,0,0,2.0,,4.0,55.50849196275561,1.0,0.8627944917674232,0,,0,0,STRONG BUY,1.7142857142857144,4,0,4,Banks & Financial Services
ABCL,2026-08-14,5.0,0.20701045979190907,1.0,0,0,1.0,3.0,5.0,83.89139035102586,1.0,1.0,1,2.0,0,0,BUY,2.2764705882352936,3,1,5,Pharmaceuticals & Biotech
ABEO,2026-08-14,4.0,0.3811587361142713,2.0,0,0,3.0,3.0,2.0,39.6379834303133,3.0,0.5516717563115703,0,,0,0,HOLD,3.2,1,1,5,Pharmaceuticals & Biotech
ABEV,2026-08-14,,,4.0,0,0,3.0,,1.0,27.02973100608979,3.0,0.5287859505129228,0,,0,0,HOLD,3.2045454545454555,0,1,3,Food & Beverage
ABG,2026-08-14,1.0,0.910384068278805,4.0,0,0,4.0,3.0,2.0,44.50196088542363,3.0,0.41561900840745986,1,2.0,0,0,BUY,2.370588235294118,1,2,5,Retail
ABM,2026-08-14,2.0,0.7245099534901045,1.0,0,0,3.0,1.0,4.0,56.317621428473416,1.0,0.9015354914048882,0,,0,0,STRONG BUY,1.6588235294117646,4,0,5,Services
ABNB,2026-08-14,,,1.0,0,0,1.0,2.0,5.0,74.99152565141563,1.0,0.9854598822321788,0,,0,0,STRONG BUY,1.254237288135593,4,0,4,Services
ABOS,2026-08-14,4.0,0.34708661417322834,2.0,0,0,2.0,5.0,4.0,66.80670109863489,2.0,0.6728972649822133,0,,0,0,HOLD,3.1411764705882357,3,2,5,Pharmaceuticals & Biotech
ABR,2026-08-14,1.0,0.931987947229298,5.0,0,0,5.0,,3.0,48.94791168059079,5.0,0.04616271420141849,1,1.0,0,0,HOLD,3.214285714285715,1,3,4,Investment & Holding Companies
ABSI,2026-08-14,5.0,0.1701154030262405,2.0,0,0,1.0,4.0,4.0,56.166284981760384,2.0,0.7381974680407183,1,2.0,0,0,HOLD,2.7941176470588243,3,2,5,Business & Research Services
ABT,2026-08-14,4.0,0.3560929350403035,2.0,0,0,4.0,3.0,5.0,73.05294386126916,3.0,0.5677986266609607,0,,0,0,HOLD,3.376470588235295,1,2,5,Pharmaceuticals & Biotech
ABTC,2026-08-14,2.0,0.6726666374377082,5.0,0,0,5.0,4.0,3.0,52.70100131796252,5.0,0.015394914967316563,1,2.0,0,0,SELL,3.605882352941177,1,4,5,Banks & Financial Services
ABTS,2026-08-14,1.0,0.9341732283464567,4.0,0,0,5.0,,3.0,53.59541925616243,5.0,0.05351100021442795,0,,0,0,HOLD,3.3857142857142852,1,3,4,Banks & Financial Services
ABUS,2026-08-14,5.0,0.21324104098586003,2.0,0,0,2.0,4.0,4.0,55.207309694332714,2.0,0.7027028420269343,0,,0,0,HOLD,3.270588235294118,3,2,5,Pharmaceuticals & Biotech
ABVX,2026-08-14,,,2.0,0,0,3.0,,2.0,41.2295014989252,2.0,0.6548788605011898,0,,0,0,BUY,2.3409090909090913,2,0,3,Pharmaceuticals & Biotech
ABX,2026-08-14,4.0,0.4013622059318672,3.0,0,0,2.0,3.0,2.0,41.442594664001305,2.0,0.6170908443013843,1,2.0,0,0,HOLD,2.5941176470588236,2,1,5,Investment & Brokerage
ACA,2026-08-14,3.0,0.4618896667412205,1.0,0,0,2.0,1.0,4.0,64.93580466651696,1.0,1.0,0,,0,0,BUY,1.7882352941176471,4,0,5,Industrial Machinery
ACAA,2026-08-14,,,,0,0,,,3.0,49.44819136870763,4.0,0.375,1,2.0,0,0,,,0,1,1,Investment & Holding Companies
ACAD,2026-08-14,4.0,0.4045788035915176,1.0,1,0,2.0,3.0,4.0,61.204371219707774,1.0,0.8711394222907883,0,,0,0,BUY,2.447058823529412,3,1,5,Pharmaceuticals & Biotech
ACB,2026-08-14,,,3.0,0,0,4.0,,5.0,73.62928251942029,4.0,0.3013698943315821,0,,0,0,SELL,3.795454545454546,0,2,3,Pharmaceuticals & Biotech
ACCL,2026-08-14,5.0,0.07149606299212598,2.0,0,0,1.0,,5.0,76.48824705740441,3.0,0.47975072559828763,0,,0,0,HOLD,3.1857142857142864,2,1,4,Business & Research Services
ACCO,2026-08-14,1.0,0.9097017450730608,1.0,0,0,2.0,2.0,4.0,58.044681562170155,1.0,0.9569318710901664,0,,0,0,STRONG BUY,1.3529411764705885,5,0,5,Publishing & Media
ACCS,2026-08-14,1.0,0.8493351498804582,5.0,0,0,5.0,2.0,1.0,29.768668935423392,5.0,0.019386087956349142,1,2.0,0,0,HOLD,2.947058823529412,2,3,5,Business & Research Services
ACDC,2026-08-14,,,4.0,0,1,3.0,4.0,4.0,59.13150912014989,3.0,0.44763853513677637,0,,0,0,HOLD,3.406779661016949,0,2,4,Oil & Gas
ACEL,2026-08-14,4.0,0.36605689073764003,3.0,0,0,3.0,2.0,3.0,53.49488923992161,2.0,0.7394737575192825,1,1.0,0,0,HOLD,2.5941176470588236,2,1,5,Hospitality & Leisure
ACET,2026-08-14,1.0,0.8796850393700787,1.0,1,0,3.0,4.0,3.0,49.341416280145786,4.0,0.21557456232527009,0,,0,0,HOLD,2.5882352941176467,2,2,5,Pharmaceuticals & Biotech
ACFN,2026-08-14,4.0,0.33031287226269046,1.0,1,0,4.0,3.0,4.0,55.99048089921344,4.0,0.37084971203274586,0,,0,0,SELL,3.505882352941176,1,3,5,Business & Research Services
ACGC,2026-08-14,,,,0,0,,,4.0,65.09228704464165,,,0,,0,0,,,0,0,0,Investment & Holding Companies
ACGL,2026-08-14,2.0,0.6585866596633722,1.0,0,0,3.0,1.0,3.0,47.51174693575113,2.0,0.6429226328280613,0,,0,0,BUY,1.8941176470588237,4,0,5,Insurance
ACHC,2026-08-14,2.0,0.7030280078835044,1.0,0,0,1.0,3.0,3.0,49.54066414755219,1.0,0.8002507051530773,0,,0,0,STRONG BUY,1.6588235294117646,4,0,5,Healthcare Services
ACHR,2026-08-14,5.0,0.22700448377651525,3.0,0,0,4.0,3.0,4.0,63.29353854627297,4.0,0.2369564957113941,0,,0,0,SELL,4.023529411764707,0,3,5,Aerospace & Defense
ACHV,2026-08-14,,,1.0,0,0,1.0,5.0,5.0,75.14661778427217,1.0,1.0,0,,0,0,BUY,2.0169491525423733,3,1,4,Pharmaceuticals & Biotech
ACI,2026-08-14,2.0,0.6711913309480015,5.0,0,0,5.0,3.0,3.0,46.64223403336208,5.0,0.17587156528988465,0,,0,0,SELL,3.7294117647058824,1,3,5,Retail
ACIC,2026-08-14,2.0,0.7086798597514392,5.0,0,0,4.0,3.0,2.0,39.23429516116997,5.0,0.04005991967920584,1,2.0,0,0,HOLD,3.252941176470589,1,3,5,Insurance
ACIU,2026-08-14,,,4.0,0,0,4.0,,4.0,55.14991646828204,4.0,0.2307692495793746,0,,0,0,SELL,4.0,0,3,3,Pharmaceuticals & Biotech
ACIW,2026-08-14,4.0,0.3976192332337208,1.0,0,0,2.0,1.0,3.0,45.65893320415794,2.0,0.6895438985399426,1,2.0,0,0,BUY,2.0294117647058827,4,1,5,Technology & Software
ACLS,2026-08-14,4.0,0.305910126473941,3.0,0,0,1.0,3.0,3.0,50.57777647820071,3.0,0.5620530240307088,0,,0,0,HOLD,2.9529411764705884,1,1,5,Industrial Machinery
ACM,2026-08-14,2.0,0.5933597557828305,4.0,0,0,5.0,1.0,2.0,35.90225328086537,5.0,0.028825652077601762,0,,0,0,HOLD,3.2705882352941176,2,3,5,Business & Research Services
ACMR,2026-08-14,5.0,0.14366998577524892,3.0,0,0,1.0,4.0,3.0,46.526143254165,3.0,0.5438303552768737,0,,0,0,HOLD,3.4352941176470595,1,2,5,Industrial Machinery
ACN,2026-08-14,2.0,0.7316263632053106,3.0,0,0,5.0,1.0,4.0,65.86080432576213,4.0,0.3375748694596027,0,,0,0,HOLD,2.9294117647058826,2,2,5,Services
ACNB,2026-08-14,3.0,0.5360639081291779,1.0,0,0,2.0,2.0,4.0,62.57614054957444,1.0,0.9793937027160531,1,1.0,0,0,STRONG BUY,1.6647058823529413,4,0,5,Banks & Financial Services
ACNT,2026-08-14,3.0,0.5131102326187108,1.0,1,0,3.0,3.0,3.0,48.01569034553704,3.0,0.5509868253362995,1,2.0,0,0,BUY,2.4882352941176475,1,0,5,Chemicals
ACOG,2026-08-14,4.0,0.25613440068992327,1.0,0,0,2.0,4.0,4.0,57.15568316291801,1.0,0.8188679238492885,1,1.0,0,0,BUY,2.323529411764706,3,2,5,Pharmaceuticals & Biotech
ACON,2026-08-14,3.0,0.5348275863002011,5.0,0,0,4.0,3.0,3.0,49.662528707376474,5.0,0.0579804512905218,0,,0,0,SELL,3.858823529411765,0,3,5,Healthcare Services
ACP,2026-08-14,,,5.0,0,0,4.0,,3.0,54.528285733186266,1.0,0.8024432698605686,0,,0,0,HOLD,2.8409090909090913,1,2,3,Other
ACR,2026-08-14,2.0,0.7196813178280012,5.0,0,0,5.0,3.0,1.0,28.62773468572817,5.0,0.015090504071536523,0,,0,0,SELL,3.7294117647058824,1,3,5,Investment & Holding Companies
ACRE,2026-08-14,2.0,0.6465565004862515,4.0,0,0,3.0,4.0,3.0,54.92155066766674,3.0,0.5835493647542532,0,,0,0,HOLD,2.9764705882352938,1,2,5,Investment & Holding Companies
ACRS,2026-08-14,5.0,0.12996616860197316,1.0,0,0,1.0,4.0,3.0,54.476682171738375,1.0,0.8758030162247159,0,,0,0,HOLD,2.7529411764705882,3,2,5,Pharmaceuticals & Biotech
ACRV,2026-08-14,1.0,0.7918110236220472,3.0,0,0,2.0,5.0,4.0,66.55313122918712,4.0,0.38372097375136244,0,,0,0,HOLD,2.8000000000000003,2,2,5,Pharmaceuticals & Biotech
ACT,2026-08-14,3.0,0.559548788324115,1.0,0,0,2.0,2.0,5.0,72.58426957492676,1.0,1.0,0,,0,0,BUY,1.9647058823529413,4,0,5,Insurance
ACTG,2026-08-14,2.0,0.7119023009918918,3.0,0,0,2.0,1.0,3.0,49.06846532083363,2.0,0.7164180272935929,0,,0,0,BUY,1.9294117647058824,4,0,5,Investment & Holding Companies
ACTU,2026-08-14,5.0,0.19464566929133859,5.0,0,0,5.0,3.0,2.0,36.78005076077903,5.0,0.005161285241610444,0,,0,0,STRONG SELL,4.647058823529412,0,4,5,Pharmaceuticals & Biotech
ACV,2026-08-14,,,2.0,0,0,2.0,,4.0,55.71977164716747,1.0,0.9143032027309855,0,,0,0,STRONG BUY,1.5454545454545454,3,0,3,Other
ACVA,2026-08-14,3.0,0.4544252766046716,1.0,1,0,3.0,2.0,4.0,62.701171891399625,3.0,0.5150000759959266,1,2.0,0,0,BUY,2.3117647058823527,2,0,5,Services
ACXP,2026-08-14,1.0,0.8762204724409449,5.0,0,0,5.0,3.0,2.0,41.649867283218455,5.0,0.006666659955625536,0,,0,0,HOLD,3.423529411764706,1,3,5,Pharmaceuticals & Biotech
AD,2026-08-14,4.0,0.28613322387301576,5.0,0,0,4.0,3.0,4.0,55.58943143314179,3.0,0.45871417874384396,0,,0,0,SELL,3.694117647058824,0,3,5,Telecom & Media
ADAC,2026-08-14,,,,0,0,3.0,,4.0,64.33948002308114,1.0,1.0,0,,0,0,,,1,0,2,Investment & Holding Companies
ADAG,2026-08-14,5.0,0.20062992125984253,3.0,0,0,2.0,,3.0,46.75943511909062,2.0,0.6799999745686867,0,,0,0,HOLD,3.242857142857143,2,1,4,Pharmaceuticals & Biotech
ADAM,2026-08-14,1.0,0.8914874246401132,1.0,0,0,1.0,1.0,5.0,70.86537363959096,1.0,0.974066966820116,0,,0,0,STRONG BUY,1.0,5,0,5,Investment & Holding Companies
ADBE,2026-08-14,4.0,0.3012742930863957,3.0,0,0,4.0,2.0,4.0,59.23556080775433,3.0,0.40568796497447956,0,,0,0,HOLD,3.3058823529411767,1,2,5,Technology & Software
ADC,2026-08-14,4.0,0.3990817938180191,3.0,0,0,3.0,3.0,2.0,39.85899301805683,3.0,0.5321608222391937,0,,0,0,HOLD,3.3058823529411767,0,1,5,Investment & Holding Companies
ADCT,2026-08-14,2.0,0.637979797979798,5.0,0,0,5.0,3.0,2.0,35.367163561317156,5.0,0.008200923676438198,0,,0,0,SELL,3.7294117647058824,1,3,5,Pharmaceuticals & Biotech
ADEA,2026-08-14,5.0,0.23555754045731445,2.0,0,0,1.0,1.0,4.0,56.765092133087265,1.0,0.8295256284061632,0,,0,0,BUY,2.329411764705882,4,1,5,Telecom & Media
ADI,2026-08-14,5.0,0.17801395494218,3.0,0,0,2.0,1.0,3.0,54.11316911412919,2.0,0.7477787924345864,0,,0,0,HOLD,2.847058823529412,3,1,5,Semiconductors & Chips
ADIG,2026-08-14,,,,0,0,,,,,,,0,,0,0,,,0,0,0,Wholesale Trade
ADIL,2026-08-14,2.0,0.5937007874015748,2.0,0,0,3.0,2.0,4.0,58.92708720005222,4.0,0.2866520797449631,0,,0,0,HOLD,2.6470588235294117,3,1,5,Pharmaceuticals & Biotech
ADM,2026-08-14,4.0,0.2707444286391655,1.0,0,0,2.0,3.0,3.0,50.3395263089198,2.0,0.789033410979709,0,,0,0,HOLD,2.6823529411764704,3,1,5,Food & Beverage
ADMA,2026-08-14,4.0,0.35255117822371773,3.0,0,0,5.0,3.0,4.0,56.628347035683724,5.0,0.1463224155900239,1,1.0,0,0,SELL,3.829411764705883,0,3,5,Pharmaceuticals & Biotech
ADNT,2026-08-14,1.0,0.8854081209598028,4.0,0,0,4.0,2.0,3.0,51.86725394807273,4.0,0.27771794073710293,0,,0,0,HOLD,2.729411764705883,2,3,5,Automobiles
ADP,2026-08-14,5.0,0.2258491081629012,1.0,1,0,3.0,3.0,4.0,62.67233322424793,2.0,0.7554027870026067,0,,0,0,HOLD,3.164705882352942,2,1,5,Technology & Software
ADPT,2026-08-14,5.0,0.10254553841353552,1.0,0,0,1.0,3.0,4.0,59.88166525580631,1.0,0.9460280536099054,0,,0,0,HOLD,2.5764705882352934,3,1,5,Pharmaceuticals & Biotech
ADSE,2026-08-14,,,2.0,0,0,3.0,,3.0,45.42937221186665,2.0,0.7189542076263624,0,,0,0,BUY,2.3409090909090913,2,0,3,Industrial Machinery
ADSK,2026-08-14,5.0,0.16131821556616854,2.0,0,0,3.0,1.0,4.0,63.40746389954073,3.0,0.4597684552668549,0,,0,0,HOLD,3.1529411764705886,2,1,5,Technology & Software
ADT,2026-08-14,2.0,0.6462057800515488,2.0,0,0,4.0,1.0,4.0,57.62712671336202,3.0,0.5075359306584559,1,1.0,0,0,BUY,2.1117647058823534,3,1,5,Services
ADTN,2026-08-14,2.0,0.6684570884987319,4.0,0,0,4.0,3.0,2.0,36.04237680980686,5.0,0.0946501773363334,0,,0,0,HOLD,3.447058823529412,1,3,5,Industrial Machinery
ADUR,2026-08-14,,,2.0,0,0,1.0,,4.0,58.10126105700185,1.0,0.8512195924716948,0,,0,0,STRONG BUY,1.2045454545454548,3,0,3,Chemicals
ADUS,2026-08-14,3.0,0.5787987956772577,1.0,1,0,3.0,2.0,4.0,55.89119056873471,1.0,0.8047284873245389,0,,0,0,BUY,2.1411764705882352,3,0,5,Healthcare Services
ADV,2026-08-14,1.0,0.9335696397541748,3.0,0,0,3.0,3.0,3.0,45.11712150497673,3.0,0.5550068228922129,1,3.0,0,0,BUY,2.0882352941176476,1,0,5,Services
ADVB,2026-08-14,2.0,0.6680314960629922,1.0,1,0,2.0,4.0,3.0,52.974778488670374,4.0,0.3431565121999431,0,,0,0,HOLD,2.7176470588235295,3,2,5,Healthcare Services
ADX,2026-08-14,,,1.0,0,0,2.0,,4.0,61.89779551255197,1.0,0.9731705216042255,0,,0,0,STRONG BUY,1.340909090909091,3,0,3,Other
ADXN,2026-08-14,,,4.0,0,0,4.0,,3.0,53.272390960543184,5.0,0.13043478260869565,0,,0,0,STRONG SELL,4.454545454545455,0,3,3,Pharmaceuticals & Biotech
AEAQ,2026-08-14,,,,0,0,3.0,,5.0,86.42556624052084,1.0,1.0,0,,0,0,,,1,0,2,Investment & Holding Companies
AEBI,2026-08-14,2.0,0.6752913464951581,1.0,1,0,4.0,4.0,3.0,47.847741203227116,3.0,0.5488516804769253,0,,0,0,HOLD,2.835294117647059,2,2,5,Industrial Machinery
AEC,2026-08-14,,,4.0,0,0,5.0,,3.0,48.31901735419954,5.0,0.06993006899733552,0,,0,0,STRONG SELL,4.795454545454546,0,3,3,Mining & Minerals
AEE,2026-08-14,3.0,0.46943182578048975,3.0,0,0,3.0,3.0,3.0,48.77897310125337,2.0,0.6170028426844723,0,,0,0,HOLD,2.7647058823529416,1,0,5,Utilities
AEF,2026-08-14,,,2.0,0,0,2.0,,4.0,60.40436519231184,1.0,0.9278960371288579,0,,0,0,STRONG BUY,1.5454545454545454,3,0,3,Other
AEG,2026-08-14,,,1.0,0,0,2.0,,4.0,63.183393458308785,1.0,0.9727303713270676,0,,0,0,STRONG BUY,1.340909090909091,3,0,3,Insurance
AEHL,2026-08-14,,,2.0,0,0,3.0,,5.0,77.29746743112548,5.0,0.18068536332416912,0,,0,0,SELL,3.7045454545454546,1,1,3,Telecom & Media
AEHR,2026-08-14,5.0,0.0606395344205847,1.0,0,0,1.0,4.0,4.0,67.57215258901996,1.0,1.0,0,,0,0,HOLD,2.7529411764705882,3,2,5,Medical Devices & Instruments
AEI,2026-08-14,3.0,0.5858576636562343,4.0,0,0,4.0,4.0,4.0,60.98966844182971,5.0,0.09846155460064228,0,,0,0,SELL,3.929411764705882,0,4,5,Real Estate & REITs
AEIS,2026-08-14,5.0,0.17919173928352194,2.0,0,0,2.0,2.0,3.0,54.82029144168806,2.0,0.7593947661229175,0,,0,0,HOLD,2.9176470588235293,4,1,5,Semiconductors & Chips
AEM,2026-08-14,,,2.0,0,0,3.0,,5.0,72.07207614611633,3.0,0.46869962723688374,0,,0,0,HOLD,2.795454545454546,1,0,3,Mining & Minerals
AEMD,2026-08-14,1.0,0.8094488188976378,2.0,0,0,3.0,3.0,4.0,67.5081255636394,5.0,0.10762751475403252,0,,0,0,HOLD,2.7529411764705887,2,1,5,Medical Devices & Instruments
AENT,2026-08-14,2.0,0.6662447175219717,4.0,0,0,3.0,2.0,3.0,47.1406629056625,4.0,0.27296583918950207,0,,0,0,HOLD,2.8588235294117643,2,2,5,Wholesale Trade
AEO,2026-08-14,2.0,0.716762621000522,4.0,0,0,4.0,3.0,2.0,40.00865504468675,4.0,0.27295240651630054,0,,0,0,HOLD,3.211764705882353,1,3,5,Retail
AEP,2026-08-14,,,4.0,0,0,3.0,,2.0,41.75371312089833,2.0,0.6499877148133627,0,,0,0,HOLD,2.7500000000000004,1,1,3,
AER,2026-08-14,2.0,0.6516535433070866,1.0,0,0,3.0,,3.0,54.46173455001397,1.0,0.9443987920611667,0,,0,0,BUY,1.8,3,0,4,Services
AERO,2026-08-14,,,,0,0,4.0,,3.0,48.14442088454805,4.0,0.321327040951136,1,1.0,0,0,,,0,2,2,Airlines
AERT,2026-08-14,4.0,0.2687254182148309,1.0,0,0,3.0,2.0,4.0,58.086173353106005,2.0,0.7328009481678308,0,,0,0,HOLD,2.6823529411764704,3,1,5,Business & Research Services
AES,2026-08-14,2.0,0.6549743766486171,1.0,0,0,3.0,4.0,4.0,64.78818754723196,3.0,0.5682763406227828,0,,0,0,HOLD,2.6588235294117646,2,1,5,Utilities
AESI,2026-08-14,2.0,0.658331985347863,4.0,0,0,3.0,4.0,3.0,49.56545776370844,4.0,0.37339052105000775,1,1.0,0,1,HOLD,2.9117647058823533,1,3,5,Oil & Gas
AESP,2026-08-14,,,,0,0,,,5.0,80.60749136158933,,,0,,0,0,,,0,0,0,Investment & Holding Companies
AEVA,2026-08-14,5.0,0.03888728375154496,2.0,0,0,1.0,3.0,4.0,55.64317816921799,2.0,0.7009950333498938,0,,0,0,HOLD,2.9176470588235293,3,1,5,Automobiles
AEXA,2026-08-14,,,2.0,0,0,3.0,,3.0,49.929753462455565,2.0,0.715384745174592,0,,0,0,BUY,2.3409090909090913,2,0,3,Investment & Holding Companies
AEYE,2026-08-14,4.0,0.261992507003338,4.0,0,0,3.0,3.0,5.0,72.23555441935773,4.0,0.2597793109583351,1,2.0,0,0,HOLD,3.3470588235294123,0,3,5,Technology & Software
AFB,2026-08-14,,,3.0,0,0,3.0,,4.0,57.235187332181795,1.0,0.837868222990711,0,,0,0,BUY,2.090909090909091,1,0,3,Other
AFCG,2026-08-14,2.0,0.7155424815781197,2.0,0,0,3.0,4.0,4.0,67.75623299259195,3.0,0.42863148924921546,1,1.0,0,0,BUY,2.4647058823529417,2,1,5,Other
AFG,2026-08-14,3.0,0.5716935972390217,1.0,0,0,2.0,3.0,4.0,61.42943869322654,1.0,0.9817848980659246,0,,0,0,BUY,2.1411764705882352,3,0,5,Insurance
AFJK,2026-08-14,5.0,0.04883831199620673,5.0,0,0,4.0,3.0,1.0,28.368056595619024,5.0,0.05217391067410108,0,,0,0,STRONG SELL,4.470588235294118,0,4,5,Investment & Holding Companies
AFL,2026-08-14,3.0,0.4926799402801244,1.0,0,0,3.0,3.0,2.0,43.541107214042874,2.0,0.6937545701696822,0,,0,0,HOLD,2.552941176470588,2,0,5,Insurance
AFRI,2026-08-14,,,1.0,0,0,2.0,,3.0,51.65716359796915,1.0,0.8119658421549346,0,,0,0,STRONG BUY,1.340909090909091,3,0,3,Food & Beverage
AFRM,2026-08-14,3.0,0.47734473259123505,2.0,0,0,2.0,1.0,3.0,54.879286867822266,2.0,0.7214501227387451,0,,0,0,BUY,2.1294117647058823,4,0,5,Banks & Financial Services
AFYA,2026-08-14,,,5.0,0,0,3.0,,3.0,47.27802075887701,4.0,0.3798594253990496,0,,0,0,SELL,3.863636363636364,0,2,3,Services
AG,2026-08-14,,,3.0,0,0,3.0,,4.0,63.227695656064185,3.0,0.4616740404208478,0,,0,0,HOLD,3.0000000000000004,0,0,3,Mining & Minerals
AGBK,2026-08-14,,,,0,0,5.0,,2.0,33.06657716195244,5.0,0.0,0,,0,0,,,0,2,2,Banks & Financial Services
AGCC,2026-08-14,,,2.0,0,0,2.0,,2.0,42.36081936666266,3.0,0.5308271057679851,0,,0,0,BUY,2.454545454545455,2,0,3,Wholesale Trade
AGCO,2026-08-14,2.0,0.7066686488654454,5.0,0,1,4.0,1.0,2.0,38.882309214297074,5.0,0.05319581087969367,0,,0,0,HOLD,3.1999999999999997,2,3,5,Industrial Machinery
AGD,2026-08-14,,,1.0,0,0,3.0,,4.0,64.3624094903725,1.0,0.9536280782603329,0,,0,0,STRONG BUY,1.6818181818181817,2,0,3,Other
AGEN,2026-08-14,3.0,0.49252525252525253,1.0,0,0,1.0,3.0,4.0,62.7122425764658,1.0,0.8227848134010379,0,,0,0,BUY,1.964705882352941,3,0,5,Pharmaceuticals & Biotech
AGI,2026-08-14,,,4.0,0,0,3.0,,4.0,61.54617571531876,4.0,0.26821011247528054,0,,0,0,SELL,3.659090909090909,0,2,3,Mining & Minerals
AGIO,2026-08-14,4.0,0.3309165062097595,3.0,0,0,3.0,4.0,3.0,46.569108329471696,3.0,0.48466524756642104,0,,0,0,HOLD,3.4823529411764707,0,2,5,Pharmaceuticals & Biotech
AGL,2026-08-14,2.0,0.615152373756189,3.0,0,0,1.0,4.0,3.0,48.47703761053096,2.0,0.729845027801801,1,3.0,0,0,BUY,1.9823529411764704,3,1,5,Healthcare Services
AGM,2026-08-14,2.0,0.757230915125652,1.0,0,0,2.0,4.0,4.0,65.10899245611216,1.0,0.9130444354814561,0,,0,0,BUY,2.0117647058823533,4,1,5,Banks & Financial Services
AGM.A,2026-08-14,1.0,0.8800379326695116,1.0,0,0,2.0,4.0,4.0,68.04848503207495,1.0,0.8954702097779946,0,,0,0,STRONG BUY,1.7058823529411764,4,1,5,Banks & Financial Services
AGMB,2026-08-14,,,,0,0,4.0,,3.0,49.412563869176715,3.0,0.43970774586821476,0,,0,0,,,0,1,2,Pharmaceuticals & Biotech
AGNC,2026-08-14,1.0,0.8095738126053114,1.0,1,0,3.0,3.0,4.0,57.996611404353146,1.0,0.883189435440673,0,,0,0,STRONG BUY,1.7058823529411764,3,0,5,Investment & Holding Companies
AGNT,2026-08-14,2.0,0.6805758757512271,5.0,0,0,5.0,3.0,3.0,50.03084941152343,5.0,0.06698105755872825,0,,0,0,SELL,3.7294117647058824,1,3,5,Real Estate & REITs
AGO,2026-08-14,1.0,0.9001018087563494,4.0,0,0,4.0,2.0,2.0,37.045977002052204,5.0,0.19814691916784433,0,,0,0,HOLD,2.964705882352941,2,3,5,Insurance
AGPU,2026-08-14,2.0,0.7354330708661417,1.0,0,0,3.0,3.0,3.0,53.385019770741465,3.0,0.4135021384774051,0,,0,0,BUY,2.4823529411764707,2,0,5,Banks & Financial Services
AGRO,2026-08-14,,,5.0,0,1,3.0,,2.0,35.762841090730376,4.0,0.2270773091157853,0,,0,0,SELL,3.863636363636364,0,2,3,Agriculture
AGX,2026-08-14,5.0,0.14475602835465,3.0,0,0,1.0,3.0,3.0,46.395440844938555,2.0,0.630811825037435,0,,0,0,HOLD,3.023529411764706,2,1,5,Construction & Materials
AGYS,2026-08-14,5.0,0.1574508090476375,1.0,1,0,2.0,1.0,4.0,60.370199947689656,2.0,0.6564044555550052,1,1.0,0,0,BUY,2.335294117647059,4,1,5,Technology & Software
AHCO,2026-08-14,1.0,0.918279188814097,5.0,0,0,5.0,3.0,1.0,24.791468493326576,5.0,0.07230393739502351,1,5.0,0,0,HOLD,3.1235294117647063,1,3,5,Healthcare Services
AHG,2026-08-14,5.0,0.10393700787401575,4.0,0,0,4.0,,2.0,40.42428416138574,5.0,0.08208956086946272,0,,0,0,STRONG SELL,4.6571428571428575,0,4,4,Services
AHMA,2026-08-14,,,5.0,0,0,5.0,,3.0,49.84782956240616,5.0,0.02384623645797707,0,,0,0,STRONG SELL,5.0,0,3,3,Hospitality & Leisure
AHR,2026-08-14,4.0,0.32780485895958567,1.0,0,0,2.0,2.0,3.0,49.02843549481771,1.0,0.8124891709056584,0,,0,0,BUY,2.270588235294118,4,1,5,Investment & Holding Companies
AHRT,2026-08-14,2.0,0.7072930177449357,2.0,0,0,3.0,3.0,2.0,42.96461611228188,1.0,0.8174049634637577,1,1.0,0,0,BUY,1.8176470588235294,3,0,5,Real Estate & REITs
AHT,2026-08-14,1.0,0.9870707070707071,3.0,0,0,4.0,4.0,3.0,52.298109330487485,5.0,0.16939893700492725,0,,0,0,HOLD,3.211764705882353,1,3,5,Investment & Holding Companies
AI,2026-08-14,1.0,0.9711172276044361,4.0,0,0,4.0,5.0,4.0,55.61654395287459,5.0,0.18235295343328375,1,1.0,0,0,HOLD,3.1941176470588233,1,4,5,Technology & Software
AIAI,2026-08-14,,,,0,0,,,2.0,41.580459612154144,5.0,0.13230121291810668,0,,0,0,,,0,1,1,Technology & Software
AIB,2026-08-14,3.0,0.4440944881889764,,0,0,,,3.0,48.24529073367139,4.0,0.3193916627285294,0,,0,0,,,0,1,2,Investment & Brokerage
AIBZ,2026-08-14,,,,0,0,,,2.0,43.11672773265603,,,0,,0,0,,,0,0,0,Banks & Financial Services
AIFA,2026-08-14,2.0,0.7139461036740822,3.0,0,0,3.0,4.0,4.0,66.024446325814,5.0,0.18488531663549476,0,,0,0,HOLD,3.3411764705882354,1,2,5,Hospitality & Leisure
AIFF,2026-08-14,3.0,0.4661894415861858,5.0,0,0,3.0,3.0,2.0,42.90198478375061,5.0,0.18672201407312675,0,,0,0,SELL,3.6823529411764704,0,2,5,Technology & Software
AIFU,2026-08-14,5.0,0.011653543307086614,5.0,0,0,4.0,,3.0,47.74555544376769,5.0,0.12362637276264252,0,,0,0,STRONG SELL,4.785714285714286,0,4,4,Insurance
AIG,2026-08-14,2.0,0.7280481955163088,3.0,1,0,4.0,2.0,2.0,42.8315912167815,4.0,0.3887330087265446,0,,0,0,HOLD,2.929411764705882,2,2,5,Insurance
AIHS,2026-08-14,4.0,0.34585858585858587,1.0,1,0,3.0,4.0,4.0,57.175404614745425,4.0,0.21754386860174443,0,,0,0,SELL,3.5058823529411764,1,3,5,Services
AII,2026-08-14,2.0,0.6806338000163724,2.0,0,0,2.0,1.0,5.0,76.89449700923147,1.0,0.903170826642873,0,,0,0,STRONG BUY,1.588235294117647,5,0,5,Insurance
AIIA,2026-08-14,,,,0,0,3.0,,4.0,55.76926494297163,1.0,0.9565207776447856,0,,0,0,,,1,0,2,Investment & Holding Companies
AIIO,2026-08-14,,,5.0,0,0,4.0,,3.0,46.08855386917218,5.0,0.04595549152159933,0,,0,0,STRONG SELL,4.659090909090909,0,3,3,Automobiles
AIIR,2026-08-14,,,4.0,0,0,5.0,,4.0,62.20133262253349,5.0,0.19573333740234375,0,,0,0,STRONG SELL,4.795454545454546,0,3,3,Food & Beverage
AIMD,2026-08-14,5.0,0.22582716651590015,5.0,0,0,5.0,3.0,2.0,41.721562502781524,5.0,0.04391891674197794,0,,0,0,STRONG SELL,4.647058823529412,0,4,5,Computer Hardware
AIN,2026-08-14,3.0,0.5132417183985262,3.0,0,0,3.0,4.0,2.0,40.16124613395648,2.0,0.6782067624774417,0,,0,0,HOLD,2.9411764705882355,1,1,5,Apparel & Textiles
AIO,2026-08-14,,,2.0,0,0,2.0,,4.0,57.162139796832754,1.0,0.8115819081823327,0,,0,0,STRONG BUY,1.5454545454545454,3,0,3,Other
AIOS,2026-08-14,,,5.0,0,0,5.0,,3.0,46.53272758300123,5.0,0.053516426066468725,0,,0,0,STRONG SELL,5.0,0,3,3,Industrial Machinery
AIOT,2026-08-14,1.0,0.7906884819237104,5.0,0,0,5.0,2.0,2.0,36.14915931042351,5.0,0.11188808332312135,0,,0,0,HOLD,3.2470588235294118,2,3,5,Industrial Machinery
AIP,2026-08-14,5.0,0.09640078281730553,3.0,0,0,1.0,3.0,2.0,42.16972188269949,3.0,0.4932499885559082,0,,0,0,HOLD,3.2588235294117647,1,1,5,Semiconductors & Chips
AIR,2026-08-14,4.0,0.3565670934091987,1.0,0,0,1.0,1.0,4.0,56.420826424452436,1.0,0.9462034330709064,0,,0,0,BUY,1.9176470588235293,4,1,5,Aerospace & Defense
AIRE,2026-08-14,5.0,0.06395274955847959,5.0,0,0,5.0,3.0,3.0,52.14458136394964,5.0,0.010291595600595144,0,,0,0,STRONG SELL,4.647058823529412,0,4,5,Real Estate & REITs
AIRG,2026-08-14,3.0,0.5564923195002839,3.0,0,0,3.0,3.0,2.0,41.908026066432264,3.0,0.5648148919778935,0,,0,0,HOLD,3.0000000000000004,0,0,5,Industrial Machinery
AIRI,2026-08-14,1.0,0.9027989087895846,5.0,0,0,4.0,4.0,2.0,34.45708255981947,5.0,0.029126186624346982,0,,0,0,HOLD,3.423529411764706,1,4,5,Aerospace & Defense
AIRJ,2026-08-14,,,1.0,0,0,2.0,4.0,4.0,62.62738145190771,1.0,0.8651960370392597,0,,0,0,BUY,2.0169491525423733,3,1,4,Industrial Machinery
AIRO,2026-08-14,2.0,0.701468485443074,2.0,0,0,4.0,4.0,4.0,64.98292275393362,5.0,0.18655965905714472,0,,0,0,HOLD,3.4117647058823533,2,3,5,Aerospace & Defense
AIRS,2026-08-14,3.0,0.545942989568333,4.0,0,0,3.0,4.0,2.0,37.87289206478179,5.0,0.18371401209606175,1,1.0,0,0,HOLD,3.4529411764705884,0,3,5,Healthcare Services
AIRT,2026-08-14,1.0,0.8748888618710701,1.0,0,0,2.0,3.0,3.0,52.3462612976874,2.0,0.6964174329529704,0,,0,0,BUY,1.7647058823529411,4,0,5,Airlines
AISP,2026-08-14,3.0,0.5229349637901292,5.0,0,0,5.0,3.0,2.0,44.68705079716082,5.0,0.04743833034246951,1,1.0,0,0,SELL,3.7352941176470598,0,3,5,Technology & Software
AIT,2026-08-14,4.0,0.30346154723934704,1.0,0,0,2.0,2.0,4.0,66.14249355105585,1.0,1.0,0,,0,0,BUY,2.270588235294118,4,1,5,Wholesale Trade
AIV,2026-08-14,2.0,0.6899892420733329,5.0,0,0,4.0,3.0,2.0,41.327263825484586,5.0,0.09205123399376627,0,,0,0,SELL,3.552941176470589,1,3,5,Investment & Holding Companies
AIZ,2026-08-14,2.0,0.6024649682658108,1.0,0,0,2.0,1.0,3.0,52.64495399646803,1.0,0.8050735533333158,0,,0,0,STRONG BUY,1.4823529411764707,5,0,5,Insurance
AJG,2026-08-14,4.0,0.36439123200457846,1.0,1,0,3.0,3.0,3.0,52.327383634912515,3.0,0.514473781208771,0,,0,0,HOLD,3.0941176470588236,1,1,5,Insurance
AKA,2026-08-14,1.0,0.8157050077711818,3.0,0,0,4.0,3.0,3.0,50.03822506357873,4.0,0.3629160310096827,0,,0,0,HOLD,2.8000000000000003,1,2,5,Retail
AKAM,2026-08-14,4.0,0.29621582823612924,2.0,0,0,2.0,1.0,4.0,55.589232302120145,3.0,0.5945945691578062,0,,0,0,HOLD,2.6705882352941184,3,1,5,Services
AKAN,2026-08-14,,,5.0,0,0,3.0,,2.0,42.76208099064155,5.0,0.035987958179381406,0,,0,0,STRONG SELL,4.318181818181818,0,2,3,Pharmaceuticals & Biotech
AKO.A,2026-08-14,,,2.0,0,0,3.0,,4.0,57.041538532669456,2.0,0.7168242783570922,0,,0,0,BUY,2.3409090909090913,2,0,3,Food & Beverage
AKO.B,2026-08-14,,,1.0,0,0,3.0,,3.0,54.11967894927835,1.0,0.8459474527117691,0,,0,0,STRONG BUY,1.6818181818181817,2,0,3,Food & Beverage
AKR,2026-08-14,3.0,0.4376633478644635,2.0,0,0,3.0,3.0,2.0,41.03569239628373,3.0,0.5894102969685016,0,,0,0,HOLD,2.894117647058824,1,0,5,Investment & Holding Companies
AKTS,2026-08-14,3.0,0.43118110236220475,,0,0,1.0,,3.0,54.13315239929275,3.0,0.571596287945842,0,,0,0,HOLD,2.5081967213114753,1,0,3,Pharmaceuticals & Biotech
AKTX,2026-08-14,5.0,0.0006299212598425197,5.0,0,0,5.0,3.0,2.0,41.32635679757918,5.0,0.10733109954046674,0,,0,0,STRONG SELL,4.647058823529412,0,4,5,Pharmaceuticals & Biotech
ALAB,2026-08-14,5.0,0.04956609218473014,3.0,0,0,1.0,3.0,3.0,48.60088620624486,3.0,0.5782886822220473,0,,0,0,HOLD,3.2588235294117647,1,1,5,Semiconductors & Chips
ALAR,2026-08-14,,,5.0,0,0,5.0,,1.0,25.210342393842936,5.0,0.009120519943220346,0,,0,0,STRONG SELL,5.0,0,3,3,Technology & Software
ALB,2026-08-14,3.0,0.5380630863841851,4.0,0,0,3.0,3.0,4.0,62.02566786206057,3.0,0.4498766436894011,0,,0,0,HOLD,3.1058823529411765,0,1,5,Chemicals
ALC,2026-08-14,,,3.0,0,0,4.0,,4.0,63.77409739184052,3.0,0.44213984353096136,0,,0,0,HOLD,3.3409090909090917,0,1,3,Medical Devices & Instruments
ALCO,2026-08-14,4.0,0.3468931947110513,3.0,0,0,3.0,3.0,3.0,52.80568766453739,2.0,0.671626968472447,0,,0,0,HOLD,3.0705882352941174,1,1,5,Agriculture
ALDF,2026-08-14,5.0,0.004724409448818898,1.0,0,0,3.0,,5.0,70.5328691050241,1.0,1.0,0,,0,0,HOLD,2.9142857142857146,2,1,4,Investment & Holding Companies
ALDX,2026-08-14,3.0,0.4491338582677165,5.0,0,0,5.0,4.0,2.0,44.148595100917674,5.0,0.0688171920617583,1,2.0,0,0,SELL,3.9117647058823533,0,4,5,Pharmaceuticals & Biotech
ALEC,2026-08-14,5.0,0.2101010101010101,3.0,0,0,4.0,5.0,4.0,58.80332209553401,4.0,0.3761468221017309,0,,0,0,STRONG SELL,4.376470588235295,0,4,5,Pharmaceuticals & Biotech
ALF,2026-08-14,,,3.0,0,0,3.0,4.0,3.0,50.82539228487342,2.0,0.7500005418609238,0,,0,0,HOLD,2.915254237288136,1,1,4,Investment & Holding Companies
ALG,2026-08-14,2.0,0.6260181303924378,3.0,0,0,5.0,3.0,3.0,51.01930939780002,4.0,0.23099934144795525,1,2.0,0,0,HOLD,2.9823529411764715,1,2,5,Industrial Machinery
ALGM,2026-08-14,5.0,0.17908587061780526,3.0,0,0,2.0,2.0,3.0,46.170059608044824,3.0,0.46112769188915737,0,,0,0,HOLD,3.2588235294117647,2,1,5,Semiconductors & Chips
ALGN,2026-08-14,4.0,0.40223551242918365,2.0,0,0,3.0,2.0,4.0,57.200299171703584,2.0,0.7769517064455098,0,,0,0,HOLD,2.7882352941176474,3,1,5,Medical Devices & Instruments
ALGS,2026-08-14,4.0,0.42197257689380846,4.0,0,0,4.0,4.0,4.0,63.67282080852856,4.0,0.30493759047745606,0,,0,0,SELL,4.0,0,5,5,Pharmaceuticals & Biotech
ALGT,2026-08-14,1.0,0.81894087507572,4.0,0,0,3.0,3.0,2.0,35.701141651151445,3.0,0.47186211612574874,0,,0,0,BUY,2.4941176470588236,1,1,5,Airlines
ALH,2026-08-14,4.0,0.26411920849329995,2.0,0,0,3.0,2.0,2.0,43.374094857653404,2.0,0.7162010392172153,0,,0,0,HOLD,2.7882352941176474,3,1,5,Industrial Machinery
ALHC,2026-08-14,3.0,0.43293715615685474,5.0,0,1,4.0,3.0,2.0,34.33774407211388,5.0,0.06690143062065311,0,,0,0,SELL,3.858823529411765,0,3,5,Insurance
ALIS,2026-08-14,5.0,0.006614173228346456,,0,0,3.0,2.0,4.0,63.58194527032273,1.0,1.0,0,,0,0,HOLD,2.9605263157894735,2,1,4,Technology & Software
ALIT,2026-08-14,,,4.0,0,0,5.0,4.0,2.0,40.40305791497971,5.0,0.05931289562485969,1,2.0,0,0,STRONG SELL,4.293220338983051,0,4,4,Services
ALK,2026-08-14,2.0,0.6829035565516514,3.0,0,0,4.0,3.0,2.0,43.75193671491531,4.0,0.39669698924363445,0,,0,0,HOLD,3.1058823529411765,1,2,5,Airlines
ALKS,2026-08-14,4.0,0.2913504228349471,2.0,0,0,1.0,3.0,3.0,45.78948202765295,2.0,0.785365864680862,0,,0,0,HOLD,2.6117647058823534,3,1,5,Pharmaceuticals & Biotech
ALKT,2026-08-14,4.0,0.2654821420791297,2.0,0,0,3.0,3.0,5.0,70.34575467040388,3.0,0.5092127011521886,1,5.0,0,0,HOLD,2.9000000000000004,1,1,5,Technology & Software
ALL,2026-08-14,2.0,0.6726270154749123,1.0,0,0,2.0,1.0,3.0,53.40629814049556,1.0,0.8442124996182708,0,,0,0,STRONG BUY,1.4823529411764707,5,0,5,Insurance
ALLE,2026-08-14,4.0,0.29206449471439416,2.0,0,0,4.0,3.0,4.0,64.75900256679941,2.0,0.7449049262163449,1,1.0,0,0,HOLD,2.841176470588236,2,2,5,Services
ALLO,2026-08-14,2.0,0.5905511811023622,2.0,0,0,2.0,4.0,4.0,55.600618711768284,3.0,0.49751244017146684,0,,0,0,HOLD,2.588235294117647,3,1,5,Pharmaceuticals & Biotech
ALLR,2026-08-14,4.0,0.37417322834645667,2.0,0,0,1.0,4.0,4.0,56.27114606947456,3.0,0.4827586118304632,0,,0,0,HOLD,3.0235294117647062,2,2,5,Pharmaceuticals & Biotech
ALLT,2026-08-14,4.0,0.3480314960629921,5.0,0,0,4.0,,3.0,49.60442424784517,4.0,0.3009523664202009,0,,0,0,SELL,4.128571428571428,0,4,4,Computer Hardware
ALLY,2026-08-14,3.0,0.5385583617331376,2.0,0,0,2.0,2.0,4.0,55.059840862621336,1.0,0.8241588966362526,0,,0,0,BUY,2.070588235294118,4,0,5,Banks & Financial Services
ALM,2026-08-14,,,3.0,0,0,2.0,,4.0,55.42823921170509,3.0,0.5697314118667872,0,,0,0,HOLD,2.6590909090909096,1,0,3,Mining & Minerals
ALMR,2026-08-14,,,,0,0,,,4.0,65.67087033268339,1.0,0.8049199120873749,0,,0,0,,,1,0,1,Medical Devices & Instruments
ALMS,2026-08-14,,,2.0,0,0,2.0,5.0,2.0,44.05456364045635,1.0,0.8106261888186351,0,,0,0,BUY,2.4237288135593222,3,1,4,Pharmaceuticals & Biotech
ALMU,2026-08-14,5.0,0.11238753866377975,3.0,0,0,3.0,3.0,3.0,54.20857748103576,4.0,0.37042391374153716,0,,0,0,SELL,3.847058823529412,0,2,5,Semiconductors & Chips
ALNT,2026-08-14,4.0,0.28047524846332056,1.0,0,0,1.0,2.0,4.0,67.07795705020568,1.0,0.9602945274304001,0,,0,0,BUY,2.0941176470588236,4,1,5,Medical Devices & Instruments
ALNY,2026-08-14,5.0,0.12981665534223152,5.0,0,0,5.0,2.0,2.0,40.136672321978544,5.0,0.08108769413983798,0,,0,0,STRONG SELL,4.470588235294118,1,4,5,Pharmaceuticals & Biotech
ALOT,2026-08-14,,,1.0,0,0,1.0,3.0,5.0,79.3178071217094,1.0,0.9981768042591772,0,,0,0,STRONG BUY,1.5084745762711864,3,0,4,Computer Hardware
ALOV,2026-08-14,,,,0,0,,,3.0,48.55732859365642,2.0,0.7777783664646294,0,,0,0,,,1,0,1,Investment & Holding Companies
ALOY,2026-08-14,5.0,0.13763779527559056,2.0,0,0,1.0,5.0,4.0,66.67330728240738,3.0,0.446703055072401,0,,0,0,SELL,3.505882352941177,2,2,5,Mining & Minerals
ALPX,2026-08-14,,,,0,0,,,5.0,71.47353378848284,,,0,,0,0,,,0,0,0,Investment & Holding Companies
ALRM,2026-08-14,3.0,0.43656945492495663,1.0,1,0,3.0,3.0,4.0,59.32555631282733,2.0,0.7891955132168181,0,,0,0,HOLD,2.552941176470588,2,0,5,Technology & Software
ALRS,2026-08-14,3.0,0.5296018528156694,1.0,0,0,1.0,3.0,4.0,62.63335981969739,1.0,0.9674710189017742,0,,0,0,BUY,1.964705882352941,3,0,5,Banks & Financial Services
ALSN,2026-08-14,2.0,0.635846372688478,1.0,0,0,2.0,3.0,4.0,60.511346921159124,1.0,0.8283385535497918,0,,0,0,BUY,1.835294117647059,4,0,5,Automobiles
ALT,2026-08-14,4.0,0.38243819312546673,3.0,0,0,5.0,3.0,3.0,49.24682118963916,5.0,0.09749307838970626,1,2.0,0,0,SELL,3.829411764705883,0,3,5,Pharmaceuticals & Biotech
ALTG,2026-08-14,1.0,0.9656565656565657,1.0,0,0,3.0,3.0,3.0,54.97670009190248,2.0,0.6986301817261398,1,2.0,0,0,STRONG BUY,1.6411764705882352,3,0,5,Wholesale Trade
ALTI,2026-08-14,1.0,0.8862746199458911,2.0,0,0,4.0,4.0,3.0,54.05926657130964,3.0,0.5042017766390675,0,,0,0,HOLD,2.6352941176470592,2,2,5,Investment & Brokerage
ALTO,2026-08-14,2.0,0.7422027270055526,3.0,0,0,1.0,3.0,2.0,38.75852324009795,2.0,0.6429980216077076,0,,0,0,BUY,2.1058823529411765,3,0,5,Chemicals
ALUB,2026-08-14,,,,0,0,3.0,3.0,5.0,81.52394485841836,1.0,1.0,0,,0,0,BUY,2.1999999999999997,1,0,3,Investment & Holding Companies
ALV,2026-08-14,3.0,0.5718698797906047,2.0,0,0,3.0,2.0,3.0,51.55151693478438,2.0,0.7016085529677077,0,,0,0,BUY,2.482352941176471,3,0,5,Automobiles
ALVO,2026-08-14,,,4.0,0,0,5.0,,4.0,62.48352687018837,5.0,0.17583330472310385,0,,0,0,STRONG SELL,4.795454545454546,0,3,3,Pharmaceuticals & Biotech
ALX,2026-08-14,5.0,0.23291600995028003,2.0,0,0,2.0,1.0,3.0,51.842271061996485,1.0,0.8657271202702156,0,,0,0,HOLD,2.5058823529411764,4,1,5,Investment & Holding Companies
ALXO,2026-08-14,3.0,0.5250393700787401,1.0,0,0,2.0,5.0,3.0,48.44430649872093,2.0,0.6728016893346656,0,,0,0,HOLD,2.729411764705883,3,1,5,Pharmaceuticals & Biotech
ALZN,2026-08-14,5.0,0.13606299212598424,3.0,0,0,4.0,5.0,4.0,68.37708367122991,4.0,0.3927355329929148,0,,0,0,STRONG SELL,4.376470588235295,0,4,5,Pharmaceuticals & Biotech
AM,2026-08-14,5.0,0.2527692912546404,2.0,0,0,2.0,2.0,4.0,57.91737931231864,1.0,0.9132590723541307,0,,0,0,HOLD,2.682352941176471,4,1,5,Utilities
AMAL,2026-08-14,3.0,0.5456034964325919,1.0,0,0,1.0,1.0,4.0,68.31722205726658,1.0,0.9992379497257571,0,,0,0,STRONG BUY,1.6117647058823528,4,0,5,Banks & Financial Services
AMAN,2026-08-14,,,,0,0,,,4.0,66.0584677854651,,,0,,0,0,,,0,0,0,Investment & Holding Companies
AMAT,2026-08-14,5.0,0.1218988610522693,3.0,0,0,1.0,2.0,2.0,44.943365768281915,2.0,0.6196624262624326,0,,0,0,HOLD,2.847058823529412,3,1,5,Semiconductors & Chips
AMBA,2026-08-14,5.0,0.21596195470407215,1.0,0,0,2.0,3.0,4.0,56.46343657626424,2.0,0.7125479930589769,0,,0,0,HOLD,2.988235294117647,3,1,5,Semiconductors & Chips
AMBO,2026-08-14,5.0,0.08771929824561403,5.0,0,0,4.0,2.0,3.0,50.304274511083115,5.0,0.14420806873849967,0,,0,0,STRONG SELL,4.294117647058823,1,4,5,Services
AMBP,2026-08-14,,,1.0,0,0,2.0,,4.0,63.46997462508292,1.0,0.976376943402934,0,,0,0,STRONG BUY,1.340909090909091,3,0,3,Industrial Machinery
AMBQ,2026-08-14,5.0,0.2286771497933642,3.0,0,0,1.0,3.0,2.0,43.42654317698344,2.0,0.6165091550336103,0,,0,0,HOLD,3.023529411764706,2,1,5,Semiconductors & Chips
AMBR,2026-08-14,,,5.0,0,0,5.0,,2.0,39.94507328780763,5.0,0.013257563186003745,0,,0,0,STRONG SELL,5.0,0,3,3,Banks & Financial Services
AMC,2026-08-14,,,1.0,0,0,2.0,4.0,3.0,52.85188027260689,2.0,0.7045454256051842,0,,0,0,BUY,2.3559322033898304,3,1,4,Hospitality & Leisure
AMCI,2026-08-14,5.0,0.13432537953507195,5.0,0,0,5.0,4.0,3.0,49.329518982760234,5.0,0.10518215056437309,0,,0,0,STRONG SELL,4.823529411764706,0,5,5,Retail
AMCR,2026-08-14,5.0,0.05120910384068279,1.0,1,0,3.0,1.0,3.0,54.15864815705615,2.0,0.7636502214452283,0,,0,0,HOLD,2.811764705882353,3,1,5,Misc Manufacturing
AMCX,2026-08-14,1.0,0.9274537695590326,1.0,0,0,1.0,1.0,4.0,69.41284700983745,1.0,1.0,0,,0,0,STRONG BUY,1.0,5,0,5,Telecom & Media
AMD,2026-08-14,5.0,0.09938434955349744,2.0,0,0,1.0,2.0,3.0,53.73327741550228,1.0,0.8452196231511672,0,,0,0,HOLD,2.5058823529411764,4,1,5,Semiconductors & Chips
AME,2026-08-14,5.0,0.2406389477280383,1.0,0,0,2.0,3.0,4.0,62.97369136842532,1.0,0.9534159519906973,0,,0,0,HOLD,2.7529411764705882,3,1,5,Medical Devices & Instruments
AMG,2026-08-14,4.0,0.25361330727849984,1.0,0,0,2.0,1.0,4.0,57.34657594290953,1.0,0.9457366620328376,0,,0,0,BUY,2.0941176470588236,4,1,5,Investment & Brokerage
AMGN,2026-08-14,5.0,0.19690124875220108,1.0,0,0,2.0,2.0,5.0,70.04887338403039,1.0,0.9827469988927089,0,,0,0,HOLD,2.5764705882352943,4,1,5,Pharmaceuticals & Biotech
AMH,2026-08-14,4.0,0.37268847795163584,1.0,0,0,3.0,,3.0,53.679630741432476,1.0,0.9268755884849301,1,3.0,0,0,BUY,2.2428571428571433,2,1,4,Investment & Holding Companies
AMIX,2026-08-14,2.0,0.7253543307086614,4.0,0,0,5.0,5.0,3.0,48.92383360299345,5.0,0.1729228200315537,0,,0,0,SELL,3.976470588235294,1,4,5,Medical Devices & Instruments
AMKR,2026-08-14,4.0,0.4207837289713318,3.0,0,0,1.0,3.0,3.0,49.49534501384033,3.0,0.5114962499477982,0,,0,0,HOLD,2.9529411764705884,1,1,5,Semiconductors & Chips
AMLX,2026-08-14,5.0,0.11999999999999998,1.0,0,0,1.0,4.0,4.0,56.62787535128093,1.0,0.8436162909823979,0,,0,0,HOLD,2.7529411764705882,3,2,5,Pharmaceuticals & Biotech
AMN,2026-08-14,2.0,0.6993954967067184,1.0,0,0,1.0,3.0,3.0,53.429159346418054,1.0,0.902325643701389,0,,0,0,STRONG BUY,1.6588235294117646,4,0,5,Services
AMOD,2026-08-14,5.0,0.0012121212121212121,5.0,0,0,5.0,5.0,3.0,52.23112715407664,5.0,0.01803209924320563,0,,0,0,STRONG SELL,5.0,0,5,5,Investment & Holding Companies
AMP,2026-08-14,4.0,0.30981727102641693,1.0,0,0,2.0,2.0,5.0,73.10834898288735,1.0,0.9920379881490582,0,,0,0,BUY,2.270588235294118,4,1,5,Investment & Brokerage
AMPG,2026-08-14,3.0,0.45017576515621843,3.0,0,0,2.0,4.0,2.0,35.41160394068835,4.0,0.2814861393073784,0,,0,0,HOLD,3.235294117647059,1,2,5,Industrial Machinery
AMPH,2026-08-14,2.0,0.6426481540400502,3.0,0,0,5.0,2.0,4.0,58.088608043993375,4.0,0.2898134437716578,0,,0,0,HOLD,3.1058823529411765,2,2,5,Pharmaceuticals & Biotech
AMPL,2026-08-14,,,1.0,1,0,2.0,3.0,5.0,76.00808685592162,1.0,0.9648894075741706,0,,0,0,BUY,1.7627118644067798,3,0,4,Technology & Software
AMPX,2026-08-14,5.0,0.09906570575278989,5.0,0,1,1.0,3.0,4.0,56.99853438654352,4.0,0.35683366917374293,0,,0,0,SELL,3.705882352941177,1,3,5,Industrial Machinery
AMPY,2026-08-14,1.0,0.8799286782934777,4.0,0,0,3.0,1.0,4.0,67.14028774443969,4.0,0.3750000402734081,0,,0,0,BUY,2.376470588235294,2,2,5,Oil & Gas
AMR,2026-08-14,2.0,0.6924362287804317,4.0,0,0,4.0,3.0,4.0,62.808857239530624,4.0,0.2650550255408654,1,1.0,0,0,HOLD,2.9117647058823533,1,3,5,Coal Mining
AMRC,2026-08-14,4.0,0.4167852062588905,4.0,0,0,3.0,2.0,4.0,60.60266578772378,4.0,0.37985435479262636,0,,0,0,HOLD,3.4705882352941173,1,3,5,Construction & Materials
AMRN,2026-08-14,5.0,0.10170887424244059,5.0,0,0,4.0,3.0,2.0,43.96161365539004,5.0,0.08444439923321759,0,,0,0,STRONG SELL,4.470588235294118,0,4,5,Pharmaceuticals & Biotech
AMRX,2026-08-14,5.0,0.09815078236130867,1.0,0,0,1.0,1.0,3.0,54.59224246191907,1.0,0.9034552085154587,0,,0,0,BUY,2.223529411764706,4,1,5,Pharmaceuticals & Biotech
AMRZ,2026-08-14,3.0,0.5329753320680001,5.0,0,0,4.0,3.0,2.0,40.33491377308812,5.0,0.02113894729627024,1,5.0,0,0,SELL,3.5588235294117654,0,3,5,Construction & Materials
AMS,2026-08-14,1.0,0.9185951732262831,3.0,0,0,5.0,3.0,3.0,49.8717979219314,5.0,0.12000002179827009,0,,0,0,HOLD,3.211764705882353,1,2,5,Healthcare Services
AMSC,2026-08-14,3.0,0.5258222696135744,5.0,0,1,4.0,2.0,3.0,45.41784479433414,5.0,0.14657499092686468,0,,0,0,SELL,3.6823529411764704,1,3,5,Industrial Machinery
AMSF,2026-08-14,2.0,0.6085481957803928,5.0,0,0,5.0,2.0,2.0,32.18790794929693,5.0,0.026718771871252867,0,,0,0,SELL,3.552941176470588,2,3,5,Insurance
AMSS,2026-08-14,,,,0,0,,,1.0,19.62260433779032,,,0,,0,0,,,0,0,0,Food & Beverage
AMT,2026-08-14,5.0,0.09127980121732558,4.0,0,0,4.0,2.0,4.0,56.171962826989265,4.0,0.32155977087905585,1,1.0,0,0,SELL,3.6529411764705886,1,4,5,Investment & Holding Companies
AMTB,2026-08-14,2.0,0.644347203968323,1.0,0,0,2.0,1.0,4.0,62.4528297246599,1.0,0.8999784328385875,0,,0,0,STRONG BUY,1.4823529411764707,5,0,5,Banks & Financial Services
AMTM,2026-08-14,2.0,0.7168132714241178,4.0,0,0,5.0,2.0,2.0,44.013543813167445,5.0,0.07912839847665827,0,,0,0,HOLD,3.4470588235294115,2,3,5,Services
AMTX,2026-08-14,2.0,0.6254545454545455,4.0,0,0,3.0,2.0,4.0,55.097547759400115,5.0,0.19230765899806224,0,,0,0,HOLD,3.0941176470588236,2,2,5,Chemicals
AMUB,2026-08-14,,,1.0,0,0,2.0,,4.0,65.57928225292471,1.0,1.0,0,,0,0,STRONG BUY,1.340909090909091,3,0,3,Banks & Financial Services
AMWL,2026-08-14,1.0,0.7860728539179941,1.0,0,0,1.0,3.0,4.0,57.54069321578381,1.0,0.8846938653123322,0,,0,0,STRONG BUY,1.3529411764705885,4,0,5,Services
AMZN,2026-08-14,4.0,0.30241144840859546,1.0,0,0,2.0,3.0,3.0,53.48894747122918,2.0,0.7492667348535073,0,,0,0,HOLD,2.6823529411764704,3,1,5,Retail
AN,2026-08-14,2.0,0.6635750775513355,2.0,0,0,3.0,3.0,3.0,52.88274699455926,3.0,0.5997277231030065,0,,0,0,HOLD,2.588235294117647,2,0,5,Retail
ANAB,2026-08-14,5.0,0.12586751133325622,2.0,0,0,1.0,2.0,3.0,54.22319507004577,1.0,0.8006212828225184,0,,0,0,HOLD,2.5058823529411764,4,1,5,Pharmaceuticals & Biotech
ANDE,2026-08-14,3.0,0.5561877667140825,3.0,0,0,2.0,3.0,2.0,40.19205366475032,2.0,0.6548603631133363,0,,0,0,HOLD,2.588235294117647,2,0,5,Wholesale Trade
ANDG,2026-08-14,,,,0,0,1.0,4.0,4.0,61.17809903431845,1.0,0.9649399679184681,0,,0,0,BUY,1.9,2,1,3,Services
ANET,2026-08-14,5.0,0.09358769047928045,1.0,0,0,1.0,3.0,4.0,59.66112862147682,1.0,0.8762319345571463,0,,0,0,HOLD,2.5764705882352934,3,1,5,Computer Hardware
ANF,2026-08-14,1.0,0.8710289236605026,1.0,1,0,3.0,2.0,4.0,56.92331127219057,2.0,0.6618927927643322,0,,0,0,BUY,1.7647058823529411,4,0,5,Retail
ANGH,2026-08-14,,,3.0,0,0,2.0,,3.0,48.1800598154928,4.0,0.34435260622368363,0,,0,0,HOLD,3.113636363636364,1,1,3,Telecom & Media
ANGI,2026-08-14,1.0,0.9653864390706496,5.0,0,0,5.0,4.0,2.0,40.64627972407953,5.0,0.027600841447214697,0,,0,0,SELL,3.5999999999999996,1,4,5,Services
ANGO,2026-08-14,3.0,0.42698978015394606,1.0,0,0,1.0,3.0,5.0,72.60564874266409,1.0,1.0,0,,0,0,BUY,1.964705882352941,3,0,5,Medical Devices & Instruments
ANGX,2026-08-14,3.0,0.5135353535353535,2.0,0,0,1.0,4.0,4.0,57.580803562939984,5.0,0.15846597897110168,0,,0,0,HOLD,3.1882352941176473,2,2,5,Hospitality & Leisure
ANIK,2026-08-14,3.0,0.5095122243836409,1.0,0,0,1.0,3.0,4.0,68.1323481293513,1.0,0.961200537660045,0,,0,0,BUY,1.964705882352941,3,0,5,Medical Devices & Instruments
ANIP,2026-08-14,3.0,0.48219473107148597,4.0,1,0,4.0,2.0,2.0,43.69586168581154,4.0,0.21363005356470802,0,,0,0,HOLD,3.3411764705882354,1,3,5,Pharmaceuticals & Biotech
ANIX,2026-08-14,5.0,0.10148176212454364,3.0,0,0,3.0,4.0,2.0,44.01114287512058,4.0,0.28919867429296015,0,,0,0,SELL,4.023529411764706,0,3,5,Pharmaceuticals & Biotech
ANL,2026-08-14,,,1.0,0,0,1.0,,4.0,57.73094245935074,2.0,0.786895655269675,0,,0,0,STRONG BUY,1.4545454545454548,3,0,3,Pharmaceuticals & Biotech
ANNA,2026-08-14,5.0,0.12470365101944049,5.0,0,0,4.0,1.0,3.0,47.23968755488351,5.0,0.055485506525243054,0,,0,0,SELL,4.11764705882353,1,4,5,Oil & Gas
ANNX,2026-08-14,4.0,0.287244094488189,3.0,0,0,2.0,5.0,3.0,47.859794404404646,2.0,0.6598777908144559,1,1.0,0,0,HOLD,2.9470588235294124,2,2,5,Pharmaceuticals & Biotech
ANPA,2026-08-14,5.0,0.1269291338582677,5.0,0,0,5.0,,3.0,48.90863166594864,5.0,0.005116911490226973,0,,0,0,STRONG SELL,5.0,0,4,4,Services
ANRO,2026-08-14,5.0,0.23811023622047248,1.0,0,0,1.0,4.0,5.0,70.3347587583258,1.0,0.9945167974308444,0,,0,0,HOLD,2.7529411764705882,3,2,5,Pharmaceuticals & Biotech
ANTA,2026-08-14,1.0,0.8998425196850394,5.0,0,0,5.0,,2.0,39.76123627380141,5.0,0.05038573214577764,0,,0,0,SELL,3.5142857142857147,1,3,4,Investment & Brokerage
ANTX,2026-08-14,4.0,0.40283464566929134,1.0,0,0,1.0,4.0,4.0,63.632237623144306,1.0,0.9447618237104042,0,,0,0,BUY,2.4470588235294115,3,2,5,Pharmaceuticals & Biotech
ANVS,2026-08-14,5.0,0.06771653543307087,4.0,0,0,5.0,4.0,3.0,53.672909183799355,5.0,0.07407407407407407,0,,0,0,STRONG SELL,4.7176470588235295,0,5,5,Pharmaceuticals & Biotech
ANY,2026-08-14,1.0,0.8755769828451501,5.0,0,0,3.0,3.0,3.0,47.03238457242196,5.0,0.10733261156605522,0,,0,0,HOLD,3.0705882352941183,1,2,5,Banks & Financial Services
AOD,2026-08-14,,,1.0,0,0,2.0,,4.0,64.79860084925116,1.0,1.0,0,,0,0,STRONG BUY,1.340909090909091,3,0,3,Other
AOMR,2026-08-14,1.0,0.8537803084844744,1.0,1,0,3.0,4.0,3.0,50.881320974810436,1.0,0.8120764706511487,0,,0,0,BUY,1.8823529411764706,3,1,5,Real Estate & REITs
AON,2026-08-14,3.0,0.5277382645803699,1.0,0,0,3.0,1.0,3.0,49.8404415146184,2.0,0.6627083720090164,0,,0,0,BUY,2.2,3,0,5,Insurance
AORT,2026-08-14,4.0,0.3918619688349729,3.0,0,0,5.0,1.0,4.0,66.26839206615405,4.0,0.3283690077263206,0,,0,0,SELL,3.541176470588235,1,3,5,Medical Devices & Instruments
AOS,2026-08-14,2.0,0.6671408250355618,3.0,0,0,4.0,1.0,3.0,52.85476347776904,4.0,0.27920139898965024,0,,0,0,HOLD,2.7529411764705882,2,2,5,Industrial Machinery
AOSL,2026-08-14,2.0,0.7119674182998117,3.0,0,0,2.0,3.0,2.0,42.769815649740515,4.0,0.3709902650735739,1,1.0,0,0,BUY,2.452941176470589,2,1,5,Semiconductors & Chips
AOUT,2026-08-14,1.0,0.7859468310553106,1.0,0,0,2.0,3.0,3.0,51.712267613932696,2.0,0.7933580041343484,0,,0,0,BUY,1.7647058823529411,4,0,5,Misc Manufacturing
AP,2026-08-14,3.0,0.5142800312197752,2.0,0,0,1.0,4.0,4.0,55.000892328916144,2.0,0.726570050011811,1,1.0,0,0,BUY,2.1823529411764713,3,1,5,Industrial Machinery
APA,2026-08-14,2.0,0.6005298341234581,1.0,0,0,1.0,1.0,4.0,65.20116799903616,1.0,0.8631104193337157,0,,0,0,STRONG BUY,1.3058823529411767,5,0,5,Oil & Gas
APAC,2026-08-14,,,,0,0,3.0,3.0,5.0,71.14170623119104,1.0,1.0,0,,0,0,BUY,2.1999999999999997,1,0,3,Investment & Holding Companies
APAM,2026-08-14,4.0,0.38254629330133755,2.0,0,0,4.0,2.0,4.0,59.32510854552286,1.0,0.8294422832495362,0,,0,0,HOLD,2.7294117647058824,3,2,5,Investment & Brokerage
APC,2026-08-14,1.0,0.9952755905511812,,0,0,3.0,,3.0,45.78136385490517,3.0,0.4831684797842603,1,1.0,0,0,BUY,1.8475409836065573,1,0,3,Wholesale Trade
APD,2026-08-14,4.0,0.2754469860304209,1.0,0,0,3.0,4.0,4.0,61.90999304074682,1.0,0.9406380175029507,0,,0,0,HOLD,2.8,2,2,5,Chemicals
APEI,2026-08-14,3.0,0.5182925073223574,4.0,0,0,2.0,2.0,2.0,36.189856039859514,3.0,0.5157992337162034,0,,0,0,HOLD,2.7529411764705887,2,1,5,Services
APG,2026-08-14,2.0,0.6182640727089981,3.0,0,1,3.0,1.0,4.0,67.99075471687846,2.0,0.6541878157230375,0,,0,0,BUY,2.1058823529411765,3,0,5,Services
APGE,2026-08-14,,,1.0,0,0,1.0,4.0,5.0,76.2339166386133,1.0,0.9970654392003356,0,,0,0,BUY,1.7627118644067798,3,1,4,Pharmaceuticals & Biotech
APH,2026-08-14,5.0,0.1582516088301374,1.0,0,0,2.0,2.0,4.0,56.15736343000718,1.0,0.8653617749697554,0,,0,0,HOLD,2.5764705882352943,4,1,5,Semiconductors & Chips
API,2026-08-14,4.0,0.40188976377952756,2.0,0,0,3.0,,4.0,62.69647613271897,2.0,0.6930691608552144,0,,0,0,HOLD,2.9571428571428573,2,1,4,Technology & Software
APLD,2026-08-14,5.0,0.20453205431415447,4.0,0,0,3.0,3.0,3.0,52.04564141481247,3.0,0.4840603984113003,0,,0,0,SELL,3.717647058823529,0,2,5,Technology & Software
APLE,2026-08-14,2.0,0.5981173608701621,2.0,0,0,2.0,2.0,3.0,46.45352185917771,1.0,0.8568263974246938,0,,0,0,BUY,1.7647058823529411,5,0,5,Investment & Holding Companies
APLM,2026-08-14,,,1.0,1,0,1.0,,4.0,68.69090219881582,3.0,0.5950241072885011,0,,0,0,BUY,1.9090909090909094,2,0,3,Pharmaceuticals & Biotech
APMC,2026-08-14,,,,0,0,,,2.0,41.58445320558335,,,0,,0,0,,,0,0,0,Investment & Holding Companies
APMD,2026-08-14,,,,0,0,,,,,,,0,,0,0,,,0,0,0,Pharmaceuticals & Biotech
APO,2026-08-14,4.0,0.4083783635765601,2.0,0,0,3.0,3.0,4.0,65.46207689906953,2.0,0.7928649861820717,0,,0,0,HOLD,2.9647058823529413,2,1,5,Investment & Brokerage
APOG,2026-08-14,2.0,0.6799987008033012,1.0,0,0,3.0,2.0,4.0,55.98516502339408,2.0,0.6533000798537487,0,,0,0,BUY,2.070588235294118,4,0,5,Construction & Materials
APP,2026-08-14,5.0,0.1176527405698147,5.0,0,0,5.0,1.0,2.0,30.423727732932306,5.0,0.0271728866660665,0,,0,0,STRONG SELL,4.294117647058823,1,4,5,Technology & Software
APPF,2026-08-14,5.0,0.16690374585111428,2.0,0,0,3.0,2.0,4.0,64.82956867597834,3.0,0.42530752132946786,0,,0,0,HOLD,3.3294117647058825,2,1,5,Technology & Software
APPN,2026-08-14,4.0,0.3138973524457219,2.0,0,0,2.0,2.0,4.0,69.32735794645694,2.0,0.6199851592405833,0,,0,0,HOLD,2.6117647058823534,4,1,5,Technology & Software
APPS,2026-08-14,4.0,0.3151471925312043,1.0,0,0,1.0,2.0,4.0,59.70947938153105,1.0,0.8314606141897295,0,,0,0,BUY,2.0941176470588236,4,1,5,Investment & Holding Companies
APT,2026-08-14,1.0,0.7886932132693129,2.0,0,0,3.0,3.0,4.0,60.89045868739516,3.0,0.47391296145144274,0,,0,0,BUY,2.2823529411764705,2,0,5,Medical Devices & Instruments
APTV,2026-08-14,2.0,0.6959424049572928,5.0,0,0,5.0,2.0,2.0,37.393773980322614,5.0,0.0769412843618746,0,,0,0,SELL,3.552941176470588,2,3,5,Automobiles
APUR,2026-08-14,,,,0,0,,,4.0,63.936317976239195,,,0,,0,0,,,0,0,0,Investment & Holding Companies
APUS,2026-08-14,1.0,0.9225196850393701,5.0,0,0,5.0,4.0,2.0,35.74229321750492,5.0,0.00921659460845236,0,,0,0,SELL,3.5999999999999996,1,4,5,Pharmaceuticals & Biotech
APVO,2026-08-14,1.0,0.8393128351833086,5.0,0,0,5.0,3.0,1.0,25.547954322607225,5.0,0.0,0,,0,0,HOLD,3.423529411764706,1,3,5,Pharmaceuticals & Biotech
APWC,2026-08-14,,,5.0,0,0,4.0,,3.0,47.3623154560148,4.0,0.24210527108316568,0,,0,0,SELL,4.204545454545455,0,3,3,Metals
APXT,2026-08-14,,,,0,0,3.0,,3.0,52.85475571153949,1.0,0.8571428571428571,0,,0,0,,,1,0,2,Investment & Holding Companies
APYX,2026-08-14,4.0,0.29863776994979857,4.0,0,0,3.0,3.0,1.0,28.43419555795201,4.0,0.381756734851289,0,,0,0,SELL,3.647058823529412,0,3,5,Medical Devices & Instruments
AQB,2026-08-14,3.0,0.43819521772733067,1.0,1,0,1.0,3.0,5.0,74.82652298302436,4.0,0.35915494376623247,0,,0,0,HOLD,2.670588235294117,2,1,5,Agriculture
AQMS,2026-08-14,2.0,0.761259842519685,5.0,0,0,5.0,3.0,3.0,51.16589727516655,5.0,0.012159171471392397,0,,0,0,SELL,3.7294117647058824,1,3,5,Metals
AQN,2026-08-14,1.0,0.7880314960629922,3.0,0,0,4.0,,3.0,53.66596478006496,3.0,0.40269560654324793,0,,0,0,BUY,2.4714285714285715,1,1,4,Utilities
AQST,2026-08-14,5.0,0.1894949494949495,4.0,0,0,3.0,4.0,4.0,58.18709750981189,4.0,0.28634361927512453,0,,0,0,SELL,4.129411764705882,0,4,5,Pharmaceuticals & Biotech
AR,2026-08-14,2.0,0.6028834146475391,2.0,0,0,3.0,1.0,4.0,59.7054953617354,3.0,0.49083754945156866,0,,0,0,BUY,2.235294117647059,3,0,5,Oil & Gas
ARBB,2026-08-14,,,5.0,0,0,4.0,,3.0,54.436007306365525,5.0,0.08969694195371686,0,,0,0,STRONG SELL,4.659090909090909,0,3,3,Technology & Software
ARBK,2026-08-14,,,5.0,0,0,4.0,,2.0,39.72048553061373,5.0,0.0012673104961861466,0,,0,0,STRONG SELL,4.659090909090909,0,3,3,Banks & Financial Services
ARCB,2026-08-14,5.0,0.16073968705547653,3.0,0,0,1.0,4.0,3.0,48.45642374433523,2.0,0.7343306782605776,0,,0,0,HOLD,3.2,2,2,5,Transportation & Logistics
ARCC,2026-08-14,1.0,0.7956024530939417,2.0,0,0,3.0,5.0,4.0,60.94190104984086,1.0,0.8051533991821436,0,,0,0,BUY,2.164705882352941,3,1,5,Other
ARCI,2026-08-14,,,,0,0,,,5.0,78.59235139717389,1.0,1.0,0,,0,0,,,1,0,1,Investment & Holding Companies
ARCL,2026-08-14,,,,0,0,,,4.0,56.17149982855652,,,0,,0,0,,,0,0,0,Investment & Holding Companies
ARCO,2026-08-14,3.0,0.49385826771653546,4.0,0,0,3.0,,2.0,40.865119292253006,3.0,0.487054239918792,0,,0,0,HOLD,3.1285714285714286,0,1,4,Retail
ARCT,2026-08-14,3.0,0.5772456598226281,3.0,0,0,4.0,5.0,5.0,71.32543454550846,5.0,0.15314800839071135,0,,0,0,SELL,4.0,0,3,5,Pharmaceuticals & Biotech
ARDC,2026-08-14,,,5.0,0,0,4.0,,3.0,52.082997556976736,3.0,0.5029510433430522,0,,0,0,SELL,3.750000000000001,0,2,3,Other
ARDT,2026-08-14,1.0,0.8310099187216694,1.0,1,0,3.0,3.0,3.0,53.63127360809929,3.0,0.41734415663208757,0,,0,0,BUY,2.1764705882352944,2,0,5,Healthcare Services
ARDX,2026-08-14,4.0,0.33920606501748846,5.0,0,0,5.0,4.0,1.0,26.501957270634335,5.0,0.03676467365665572,1,1.0,0,0,SELL,4.2176470588235295,0,5,5,Pharmaceuticals & Biotech
ARE,2026-08-14,1.0,0.9089763779527559,4.0,1,0,4.0,3.0,2.0,43.50592749324538,5.0,0.19400531628525733,0,,0,0,HOLD,3.141176470588235,1,3,5,Investment & Holding Companies
AREC,2026-08-14,3.0,0.501787469923388,2.0,0,0,3.0,4.0,5.0,76.63111353182778,4.0,0.2918919167380455,0,,0,0,HOLD,3.305882352941177,1,2,5,Coal Mining
AREN,2026-08-14,1.0,0.9165331513219053,4.0,0,0,5.0,2.0,3.0,46.1741445327199,5.0,0.05287713623680268,0,,0,0,HOLD,3.141176470588235,2,3,5,Telecom & Media
ARES,2026-08-14,5.0,0.16947787066900388,2.0,0,0,3.0,2.0,4.0,63.5078197459377,3.0,0.556580830971399,1,1.0,0,0,HOLD,3.0294117647058827,2,1,5,Investment & Brokerage
ARGX,2026-08-14,,,3.0,0,0,3.0,,3.0,45.24378035225204,2.0,0.692288895914926,0,,0,0,HOLD,2.545454545454546,1,0,3,Pharmaceuticals & Biotech
ARHS,2026-08-14,3.0,0.5400663821716454,2.0,0,0,3.0,3.0,4.0,69.50272548815786,2.0,0.6295884238590647,0,,0,0,HOLD,2.658823529411765,2,0,5,Retail
ARI,2026-08-14,2.0,0.70539899133991,5.0,0,0,3.0,2.0,3.0,52.52891829881917,2.0,0.693693049100784,0,,0,0,BUY,2.4941176470588236,3,1,5,Investment & Holding Companies
ARIS,2026-08-14,,,2.0,0,0,2.0,,4.0,65.69182136740909,2.0,0.6994980705745295,0,,0,0,BUY,2.0,3,0,3,Mining & Minerals
ARKO,2026-08-14,2.0,0.7436045449607214,4.0,0,0,4.0,1.0,1.0,25.15190706010712,4.0,0.2236385359852921,1,1.0,0,0,HOLD,2.5588235294117645,2,3,5,Retail
ARKR,2026-08-14,1.0,0.9219278909038526,5.0,0,0,4.0,3.0,2.0,42.920134941802544,5.0,4.087175164455278e-05,0,,0,0,HOLD,3.2470588235294118,1,3,5,Retail
ARL,2026-08-14,2.0,0.6651546476095049,4.0,0,0,4.0,3.0,2.0,41.52625865613205,5.0,0.18924112540156693,0,,0,0,HOLD,3.447058823529412,1,3,5,Real Estate & REITs
ARLO,2026-08-14,5.0,0.11223987738998252,2.0,0,0,3.0,1.0,3.0,51.74855996981768,4.0,0.37758830779166924,0,,0,0,HOLD,3.388235294117647,2,2,5,Services
ARM,2026-08-14,5.0,0.02992125984251968,3.0,0,0,1.0,,3.0,50.137652082523616,3.0,0.5222000102876435,0,,0,0,HOLD,3.314285714285715,1,1,4,Semiconductors & Chips
ARMK,2026-08-14,5.0,0.23428345105394682,1.0,0,0,1.0,1.0,5.0,75.70099782376428,1.0,1.0,0,,0,0,BUY,2.223529411764706,4,1,5,Retail
ARMP,2026-08-14,,,5.0,0,0,3.0,4.0,2.0,44.401107322162225,5.0,0.17219077240699512,0,,0,0,SELL,4.237288135593221,0,3,4,Pharmaceuticals & Biotech
AROC,2026-08-14,3.0,0.5808440018966334,3.0,0,0,2.0,1.0,3.0,46.749093054296964,2.0,0.6338583275447203,0,,0,0,BUY,2.235294117647059,3,0,5,Utilities
AROW,2026-08-14,2.0,0.6529579324087507,2.0,0,0,2.0,1.0,2.0,44.92504496807098,1.0,0.8102029545737571,0,,0,0,STRONG BUY,1.588235294117647,5,0,5,Banks & Financial Services
ARQ,2026-08-14,1.0,0.8239152015948807,4.0,0,0,5.0,4.0,4.0,61.30478662532558,5.0,0.11513157088536527,1,4.0,0,0,HOLD,3.1941176470588233,1,4,5,Chemicals
ARQQ,2026-08-14,,,3.0,0,0,3.0,,4.0,61.99290046487956,4.0,0.2705958417133693,0,,0,0,HOLD,3.454545454545455,0,1,3,Technology & Software
ARQT,2026-08-14,5.0,0.149991382226905,2.0,1,0,2.0,3.0,3.0,47.420958819782456,2.0,0.6845088229281547,0,,0,0,HOLD,3.094117647058824,3,1,5,Pharmaceuticals & Biotech
ARR,2026-08-14,1.0,0.8524827889483443,5.0,0,0,3.0,3.0,3.0,54.6365702112461,1.0,0.8411274885128522,0,,0,0,BUY,2.1294117647058823,2,1,5,Investment & Holding Companies
ARRY,2026-08-14,,,5.0,0,0,5.0,3.0,2.0,37.96376324925252,5.0,0.03356646779778664,0,,0,0,STRONG SELL,4.491525423728814,0,3,4,Semiconductors & Chips
ARTC,2026-08-14,,,,0,0,,,4.0,56.975322550112445,1.0,0.9000023841880648,0,,0,0,,,1,0,1,Investment & Holding Companies
ARTNA,2026-08-14,2.0,0.6657183499288762,1.0,0,0,3.0,2.0,5.0,70.13687828608748,1.0,1.0,0,,0,0,BUY,1.835294117647059,4,0,5,Utilities
ARTV,2026-08-14,,,1.0,0,0,1.0,5.0,4.0,60.10763807454218,1.0,0.8253824960295583,0,,0,0,BUY,2.0169491525423733,3,1,4,Pharmaceuticals & Biotech
ARTW,2026-08-14,2.0,0.687529634898056,2.0,0,0,3.0,4.0,4.0,68.2445667601968,3.0,0.413385775404272,0,,0,0,HOLD,2.7647058823529416,2,1,5,Industrial Machinery
ARVN,2026-08-14,2.0,0.6610011471655294,3.0,0,0,3.0,3.0,4.0,60.00449958146657,4.0,0.2905109891475342,1,1.0,0,0,HOLD,2.6294117647058823,1,1,5,Pharmaceuticals & Biotech
ARW,2026-08-14,3.0,0.5633001422475107,3.0,0,0,1.0,3.0,3.0,51.62029258868299,1.0,0.8432611576309468,1,1.0,0,0,BUY,1.876470588235294,2,0,5,Wholesale Trade
ARWR,2026-08-14,5.0,0.10130812395307878,1.0,0,0,1.0,3.0,3.0,54.745397386245536,1.0,0.9583392581638958,0,,0,0,HOLD,2.5764705882352934,3,1,5,Pharmaceuticals & Biotech
ARX,2026-08-14,4.0,0.33247695590566706,2.0,0,1,3.0,,5.0,77.08599754335266,3.0,0.4939584569503154,0,,0,0,HOLD,3.242857142857143,1,1,4,Insurance
ARXS,2026-08-14,,,,0,0,,,4.0,64.98365473322355,1.0,0.8955280399340236,0,,0,0,,,1,0,1,Aerospace & Defense
AS,2026-08-14,,,4.0,0,0,4.0,,2.0,37.70317679209488,4.0,0.2681158218431686,0,,0,0,SELL,4.0,0,3,3,Apparel & Textiles
ASA,2026-08-14,,,4.0,0,0,3.0,,4.0,63.25177830131883,3.0,0.523299046845491,1,1.0,0,0,HOLD,2.9045454545454557,0,1,3,Other
ASAN,2026-08-14,4.0,0.27648781568796543,2.0,0,0,3.0,3.0,4.0,59.0688486214814,4.0,0.37821176549921764,0,,0,0,HOLD,3.4352941176470595,1,2,5,Technology & Software
ASB,2026-08-14,2.0,0.5874075748610222,1.0,0,0,2.0,1.0,4.0,66.27962977599846,1.0,1.0,0,,0,0,STRONG BUY,1.4823529411764707,5,0,5,Banks & Financial Services
ASBP,2026-08-14,3.0,0.5236903262958178,1.0,0,0,3.0,4.0,4.0,59.19770311575493,4.0,0.328214961767015,0,,0,0,HOLD,3.2,1,2,5,Pharmaceuticals & Biotech
ASC,2026-08-14,2.0,0.7464566929133858,1.0,0,0,1.0,,4.0,60.18647913627334,1.0,0.8231404388341902,0,,0,0,STRONG BUY,1.3714285714285714,4,0,4,Transportation & Logistics
ASG,2026-08-14,,,2.0,0,0,3.0,,4.0,67.06294185968191,1.0,0.9910350361150569,0,,0,0,BUY,1.8863636363636362,2,0,3,Other
ASGI,2026-08-14,,,1.0,0,0,3.0,,4.0,65.7382429162036,1.0,1.0,0,,0,0,STRONG BUY,1.6818181818181817,2,0,3,Other
ASH,2026-08-14,3.0,0.48901808290034593,1.0,0,0,2.0,3.0,4.0,61.1463149201061,1.0,0.908624316836137,0,,0,0,BUY,2.1411764705882352,3,0,5,Wholesale Trade
ASIC,2026-08-14,3.0,0.5398547324383532,1.0,0,0,2.0,2.0,3.0,54.18851173238477,1.0,0.903365983300243,0,,0,0,BUY,1.9647058823529413,4,0,5,Insurance
ASIX,2026-08-14,1.0,0.9094754766730122,4.0,0,0,4.0,2.0,2.0,36.36311457209447,4.0,0.25129514328557345,0,,0,0,HOLD,2.729411764705883,2,3,5,Chemicals
ASLE,2026-08-14,2.0,0.7532226568747088,5.0,0,0,5.0,3.0,2.0,42.52147732714948,5.0,0.07121655171164737,1,1.0,0,0,HOLD,3.4294117647058826,1,3,5,Wholesale Trade
ASM,2026-08-14,,,2.0,0,0,3.0,,4.0,60.31352278519869,3.0,0.44105960925751275,0,,0,0,HOLD,2.795454545454546,1,0,3,Mining & Minerals
ASMB,2026-08-14,4.0,0.3515506095625484,2.0,0,0,2.0,4.0,5.0,76.27742117498504,2.0,0.690807855088264,0,,0,0,HOLD,2.9647058823529413,3,2,5,Pharmaceuticals & Biotech
ASML,2026-08-14,5.0,0.028031496062992125,2.0,0,0,1.0,,4.0,59.57684331670259,1.0,0.8871908774341829,0,,0,0,HOLD,2.6142857142857143,3,1,4,Industrial Machinery
ASND,2026-08-14,,,1.0,0,0,2.0,,3.0,46.299769485392744,2.0,0.6720036953358252,0,,0,0,BUY,1.7954545454545454,3,0,3,Pharmaceuticals & Biotech
ASO,2026-08-14,2.0,0.7639917084173043,5.0,0,0,4.0,2.0,3.0,47.51748876787391,4.0,0.33931896841073206,0,,0,0,HOLD,3.1411764705882352,2,3,5,Retail
ASPC,2026-08-14,,,5.0,0,0,4.0,4.0,2.0,42.689685438832235,5.0,0.016759049851659838,0,,0,0,STRONG SELL,4.491525423728814,0,4,4,Investment & Holding Companies
ASPI,2026-08-14,4.0,0.3523739970521738,5.0,0,0,5.0,3.0,3.0,45.57209875353821,5.0,0.06945765967420453,0,,0,0,STRONG SELL,4.341176470588236,0,4,5,Chemicals
ASPN,2026-08-14,3.0,0.5190525766237137,2.0,0,0,3.0,3.0,3.0,54.84963176113905,3.0,0.5248000154418951,0,,0,0,HOLD,2.894117647058824,1,0,5,Wholesale Trade
ASPS,2026-08-14,2.0,0.7320045938359313,5.0,0,0,4.0,3.0,2.0,43.244590648596954,5.0,0.1354166449358053,0,,0,0,SELL,3.552941176470589,1,3,5,Services
ASR,2026-08-14,,,5.0,0,0,5.0,,2.0,35.47230202593168,5.0,0.0,0,,0,0,STRONG SELL,5.0,0,3,3,Airlines
ASRV,2026-08-14,2.0,0.62262394041602,1.0,0,0,1.0,3.0,4.0,68.30212377738157,1.0,0.9380776578436864,0,,0,0,STRONG BUY,1.6588235294117646,4,0,5,Banks & Financial Services
ASST,2026-08-14,2.0,0.6059745313418875,5.0,0,0,3.0,3.0,3.0,48.88568728868452,5.0,0.03011079433608612,1,2.0,0,0,HOLD,3.0764705882352943,1,2,5,Banks & Financial Services
ASTC,2026-08-14,3.0,0.4573374463484177,3.0,0,0,1.0,4.0,3.0,47.05038912263244,5.0,0.1310098652333827,0,,0,0,HOLD,3.2941176470588234,1,2,5,Medical Devices & Instruments
ASTE,2026-08-14,2.0,0.674965731266258,4.0,0,0,4.0,3.0,1.0,28.966040857062197,5.0,0.12108321461138523,0,,0,0,HOLD,3.447058823529412,1,3,5,Industrial Machinery
ASTH,2026-08-14,3.0,0.5573538332673909,3.0,0,0,1.0,4.0,4.0,55.18809694936504,2.0,0.7156398241358355,0,,0,0,HOLD,2.588235294117647,2,1,5,Business & Research Services
ASTI,2026-08-14,4.0,0.2800101998102506,4.0,0,0,3.0,4.0,2.0,44.388020118731696,4.0,0.2490118390836786,0,,0,0,SELL,3.823529411764706,0,4,5,Semiconductors & Chips
ASTL,2026-08-14,,,4.0,0,1,4.0,,3.0,52.10151716423132,3.0,0.4176245581720293,0,,0,0,SELL,3.545454545454546,0,2,3,Metals
ASTS,2026-08-14,,,5.0,0,1,3.0,3.0,3.0,52.825478026609304,4.0,0.354231698406168,0,,0,0,SELL,3.6440677966101696,0,2,4,Telecom & Media
ASUR,2026-08-14,2.0,0.6375489125009429,4.0,0,0,3.0,3.0,3.0,52.418838701711095,3.0,0.48437508847564986,0,,0,0,HOLD,2.8,1,1,5,Technology & Software
ASX,2026-08-14,,,2.0,0,0,1.0,,3.0,54.67101129816776,1.0,0.8539802031482874,0,,0,0,STRONG BUY,1.2045454545454548,3,0,3,Semiconductors & Chips
ASYS,2026-08-14,3.0,0.4398331175470128,3.0,0,0,1.0,4.0,3.0,47.311147335751755,3.0,0.5802534830135444,0,,0,0,HOLD,2.823529411764706,1,1,5,Industrial Machinery
ATAI,2026-08-14,5.0,0.05304776780965262,1.0,0,0,1.0,3.0,5.0,72.77252757691014,1.0,1.0,0,,0,0,HOLD,2.5764705882352934,3,1,5,Pharmaceuticals & Biotech
ATAT,2026-08-14,,,3.0,0,0,4.0,,3.0,52.474422388818006,4.0,0.28266248688201295,0,,0,0,SELL,3.795454545454546,0,2,3,Hospitality & Leisure
ATCX,2026-08-14,5.0,0.0784251968503937,,0,0,5.0,,4.0,56.92643156007441,5.0,0.08478040710643246,0,,0,0,STRONG SELL,5.0,0,3,3,Mining & Minerals
ATEC,2026-08-14,,,3.0,0,0,5.0,3.0,4.0,57.501136707697846,5.0,0.17845762239822885,0,,0,0,SELL,4.186440677966102,0,2,4,Medical Devices & Instruments
ATEN,2026-08-14,5.0,0.20347483569155247,3.0,0,0,1.0,3.0,2.0,35.156100714469815,3.0,0.5051773249891256,0,,0,0,HOLD,3.2588235294117647,1,1,5,Computer Hardware
ATEX,2026-08-14,5.0,0.18667519972920432,2.0,0,0,1.0,3.0,3.0,46.634532081115246,1.0,0.8151637458182468,0,,0,0,HOLD,2.6823529411764704,3,1,5,Telecom & Media
ATGL,2026-08-14,,,5.0,0,0,5.0,,2.0,33.81092885171712,5.0,0.0,0,,0,0,STRONG SELL,5.0,0,3,3,Technology & Software
ATHE,2026-08-14,,,2.0,0,0,3.0,,3.0,52.539930322955776,2.0,0.629629635575972,0,,0,0,BUY,2.3409090909090913,2,0,3,Pharmaceuticals & Biotech
ATHM,2026-08-14,1.0,0.9215748031496063,2.0,0,0,3.0,,4.0,59.76653531437578,3.0,0.524508089451838,0,,0,0,BUY,2.1285714285714286,2,0,4,Technology & Software
ATHR,2026-08-14,5.0,0.08375350036687831,5.0,0,0,5.0,4.0,2.0,44.56493357636977,4.0,0.210526323843611,0,,0,0,STRONG SELL,4.588235294117648,0,5,5,Technology & Software
ATI,2026-08-14,5.0,0.15776148782034177,1.0,0,0,1.0,1.0,5.0,70.33644296041017,1.0,0.9877428060020782,0,,0,0,BUY,2.223529411764706,4,1,5,Metals
ATII,2026-08-14,,,3.0,0,0,3.0,3.0,2.0,37.3734457085464,4.0,0.37815173191986573,0,,0,0,HOLD,3.3389830508474576,0,1,4,Investment & Holding Companies
ATKR,2026-08-14,3.0,0.5763548895544107,1.0,0,0,1.0,3.0,5.0,72.59964291032405,1.0,0.998196577743371,0,,0,0,BUY,1.964705882352941,3,0,5,Industrial Machinery
ATLC,2026-08-14,2.0,0.6307039129474971,1.0,0,0,1.0,3.0,3.0,52.600383586076106,1.0,0.8557104994474277,0,,0,0,STRONG BUY,1.6588235294117646,4,0,5,Banks & Financial Services
ATLO,2026-08-14,2.0,0.6749606299212598,1.0,0,0,2.0,1.0,4.0,64.2986365250583,1.0,0.9866923497791741,1,1.0,0,0,STRONG BUY,1.1823529411764706,5,0,5,Banks & Financial Services
ATLX,2026-08-14,4.0,0.2930577026897669,5.0,0,0,5.0,4.0,3.0,54.56230693473182,5.0,0.13292435851017345,0,,0,0,STRONG SELL,4.517647058823529,0,5,5,Mining & Minerals
ATMP,2026-08-14,,,1.0,0,0,2.0,,4.0,61.484123130745076,1.0,1.0,0,,0,0,STRONG BUY,1.340909090909091,3,0,3,Banks & Financial Services
ATMU,2026-08-14,4.0,0.34653593351617107,4.0,0,0,4.0,3.0,3.0,47.83793286983553,4.0,0.3814513441430312,0,,0,0,SELL,3.8235294117647056,0,4,5,Automobiles
ATNI,2026-08-14,1.0,0.8219410200329286,1.0,0,0,2.0,3.0,5.0,71.19247948144452,1.0,0.978329672805091,0,,0,0,STRONG BUY,1.5294117647058825,4,0,5,Telecom & Media
ATNM,2026-08-14,4.0,0.4162505909629103,4.0,0,0,4.0,4.0,4.0,67.1396928826188,4.0,0.2795388695878364,0,,0,0,SELL,4.0,0,5,5,Pharmaceuticals & Biotech
ATO,2026-08-14,3.0,0.43478823169264746,4.0,0,0,4.0,2.0,2.0,39.960192989145796,4.0,0.32399524769822496,0,,0,0,HOLD,3.3411764705882354,1,3,5,Utilities
ATOM,2026-08-14,5.0,0.11767612754924035,3.0,0,0,1.0,4.0,3.0,46.80708765781885,4.0,0.35671936966083423,0,,0,0,SELL,3.670588235294118,1,3,5,Semiconductors & Chips
ATOS,2026-08-14,1.0,0.7908661417322834,4.0,0,0,5.0,4.0,4.0,57.07753062170083,5.0,0.053291527521903415,0,,0,0,HOLD,3.494117647058823,1,4,5,Pharmaceuticals & Biotech
ATPC,2026-08-14,1.0,0.8095512143756644,5.0,0,0,4.0,4.0,3.0,46.58648754898495,5.0,0.009789379517079703,0,,0,0,HOLD,3.423529411764706,1,4,5,Healthcare Services
ATR,2026-08-14,3.0,0.489805595068753,1.0,1,0,4.0,3.0,3.0,51.25313941837062,2.0,0.6211707834666429,0,,0,0,HOLD,2.729411764705883,2,1,5,"Rubber, Plastics & Leather"
ATRA,2026-08-14,1.0,0.8642342758792817,4.0,0,0,3.0,3.0,2.0,42.62916932155554,4.0,0.28109275579476256,0,,0,0,HOLD,2.7294117647058824,1,2,5,Pharmaceuticals & Biotech
ATRC,2026-08-14,4.0,0.3230603746221185,1.0,1,0,2.0,2.0,5.0,76.65494806830789,1.0,1.0,0,,0,0,BUY,2.270588235294118,4,1,5,Medical Devices & Instruments
ATRO,2026-08-14,5.0,0.06543385490753911,2.0,0,0,1.0,2.0,5.0,75.17620259500941,1.0,1.0,0,,0,0,HOLD,2.5058823529411764,4,1,5,Aerospace & Defense
ATS,2026-08-14,,,5.0,0,0,5.0,,1.0,27.995828497318698,5.0,0.03706069438695993,0,,0,0,STRONG SELL,5.0,0,3,3,Industrial Machinery
ATTO,2026-08-14,,,,0,0,,,,,,,0,,0,0,,,0,0,0,Pharmaceuticals & Biotech
ATXG,2026-08-14,1.0,0.9033274039875163,4.0,0,0,5.0,4.0,3.0,53.20682947247133,5.0,0.08759124710027745,0,,0,0,HOLD,3.494117647058823,1,4,5,Services
AU,2026-08-14,,,2.0,0,0,3.0,,4.0,65.25467815548635,2.0,0.6233915942963677,0,,0,0,BUY,2.3409090909090913,2,0,3,Mining & Minerals
AUB,2026-08-14,2.0,0.6764284284579236,1.0,0,0,2.0,3.0,4.0,59.36601427892125,1.0,0.9895305467953843,0,,0,0,BUY,1.835294117647059,4,0,5,Banks & Financial Services
AUBN,2026-08-14,1.0,0.7994310099573257,1.0,0,0,3.0,,3.0,49.446051817939704,2.0,0.6751847007062949,1,1.0,0,0,STRONG BUY,1.4142857142857144,3,0,4,Banks & Financial Services
AUC,2026-08-14,5.0,0.051537877828676915,4.0,0,1,2.0,4.0,3.0,47.881771388355844,4.0,0.38520799760949564,0,,0,0,SELL,3.9529411764705884,1,4,5,Business & Research Services
AUDC,2026-08-14,2.0,0.5877165354330709,1.0,0,0,2.0,,4.0,64.18516182254729,1.0,1.0,0,,0,0,STRONG BUY,1.5857142857142859,4,0,4,Industrial Machinery
AUGO,2026-08-14,,,2.0,0,1,2.0,,4.0,67.6394164914181,2.0,0.6062925003217845,0,,0,0,BUY,2.0,3,0,3,Mining & Minerals
AUNA,2026-08-14,,,1.0,1,0,4.0,,3.0,53.18187258271832,3.0,0.41603042876398344,0,,0,0,HOLD,2.9318181818181825,1,1,3,Healthcare Services
AUPH,2026-08-14,4.0,0.3936314198190571,3.0,0,0,2.0,1.0,3.0,49.42573405090818,3.0,0.5838837117101999,1,1.0,0,0,BUY,2.4764705882352946,2,1,5,Pharmaceuticals & Biotech
AUR,2026-08-14,5.0,0.09569318820546253,1.0,0,0,2.0,4.0,4.0,57.63195075142184,2.0,0.6954643719709123,0,,0,0,HOLD,3.164705882352941,3,2,5,Technology & Software
AURA,2026-08-14,3.0,0.4431496062992126,1.0,0,0,2.0,5.0,4.0,57.560171011767125,2.0,0.692112057465068,0,,0,0,HOLD,2.729411764705883,3,1,5,Pharmaceuticals & Biotech
AURE,2026-08-14,5.0,0.238740157480315,5.0,0,0,5.0,,3.0,48.2380992285948,5.0,0.02837573070513626,0,,0,0,STRONG SELL,5.0,0,4,4,Banks & Financial Services
AUST,2026-08-14,,,4.0,0,0,4.0,,4.0,64.0582093802704,4.0,0.2031249723513596,0,,0,0,SELL,4.0,0,3,3,Mining & Minerals
AUTL,2026-08-14,,,1.0,0,0,2.0,4.0,4.0,63.88386626635283,1.0,0.839285851133127,0,,0,0,BUY,2.0169491525423733,3,1,4,Pharmaceuticals & Biotech
AUUD,2026-08-14,1.0,0.9603149606299213,5.0,0,0,5.0,4.0,2.0,43.96013239165424,5.0,0.010451059793328075,0,,0,0,SELL,3.5999999999999996,1,4,5,Technology & Software
AVA,2026-08-14,2.0,0.6753306067410922,4.0,0,0,3.0,3.0,2.0,41.36517621910672,3.0,0.5962741026847383,0,,0,0,HOLD,2.8,1,1,5,Utilities
AVAH,2026-08-14,3.0,0.45434030738562703,1.0,0,0,1.0,2.0,5.0,77.47210456585839,1.0,1.0,0,,0,0,BUY,1.7882352941176471,4,0,5,Healthcare Services
AVAV,2026-08-14,5.0,0.19433069322512478,3.0,0,0,4.0,5.0,4.0,65.08065521715432,4.0,0.20549151066093044,0,,0,0,STRONG SELL,4.376470588235295,0,4,5,Aerospace & Defense
AVB,2026-08-14,4.0,0.29042635726864585,3.0,0,0,3.0,2.0,2.0,44.76837640417595,2.0,0.6984016007324623,0,,0,0,HOLD,2.8941176470588235,2,1,5,Investment & Holding Companies
AVBC,2026-08-14,2.0,0.7294488188976378,1.0,0,0,2.0,4.0,4.0,60.3953514028272,1.0,0.9704269627957989,1,6.0,0,0,STRONG BUY,1.7117647058823533,4,1,5,Banks & Financial Services
AVBH,2026-08-14,2.0,0.7092913385826771,1.0,0,0,2.0,4.0,4.0,58.819855771874614,1.0,0.9354510899834866,0,,0,0,BUY,2.0117647058823533,4,1,5,Banks & Financial Services
AVBP,2026-08-14,4.0,0.3080314960629921,3.0,0,0,1.0,5.0,2.0,41.731094376614244,2.0,0.7023334676908524,0,,0,0,HOLD,3.0705882352941174,2,2,5,Pharmaceuticals & Biotech
AVD,2026-08-14,,,5.0,0,0,5.0,3.0,2.0,31.83128864810824,5.0,0.015999984741210938,0,,0,0,STRONG SELL,4.491525423728814,0,3,4,Chemicals
AVEX,2026-08-14,,,,0,0,,,4.0,59.98392834756345,4.0,0.3026510039353462,0,,0,0,,,0,1,1,Aerospace & Defense
AVGO,2026-08-14,5.0,0.0658955377262833,1.0,0,0,2.0,2.0,3.0,46.50987928133833,3.0,0.5457216227859759,0,,0,0,HOLD,3.0470588235294116,3,1,5,Semiconductors & Chips
AVIR,2026-08-14,2.0,0.6105044963896014,1.0,0,0,2.0,4.0,4.0,59.75683292972296,2.0,0.6906906427442392,0,,0,0,BUY,2.2470588235294118,4,1,5,Pharmaceuticals & Biotech
AVK,2026-08-14,,,2.0,0,0,3.0,,4.0,62.133605612661135,1.0,0.9954737742296916,0,,0,0,BUY,1.8863636363636362,2,0,3,Other
AVLN,2026-08-14,4.0,0.27937007874015746,,0,0,,,5.0,75.77312323499382,1.0,1.0,0,,0,0,,,1,1,2,Pharmaceuticals & Biotech
AVNT,2026-08-14,5.0,0.1683262209577999,1.0,0,0,2.0,3.0,5.0,75.38627127144895,1.0,1.0,0,,0,0,HOLD,2.7529411764705882,3,1,5,Chemicals
AVNW,2026-08-14,2.0,0.649457379192347,2.0,0,0,4.0,4.0,4.0,62.881504934851066,2.0,0.6060085576923864,0,,0,0,HOLD,2.705882352941177,3,2,5,Industrial Machinery
AVO,2026-08-14,2.0,0.6657852738728575,2.0,0,0,4.0,1.0,3.0,54.59892908836501,3.0,0.5640536296786337,1,1.0,0,0,BUY,2.1117647058823534,3,1,5,Agriculture
AVPT,2026-08-14,5.0,0.163839761690411,1.0,1,0,3.0,3.0,4.0,60.236981827805714,3.0,0.5892387502111975,0,,0,0,HOLD,3.4,1,1,5,Technology & Software
AVR,2026-08-14,5.0,0.18798760060544556,2.0,0,0,1.0,4.0,4.0,60.13910023579788,1.0,0.8372739715470787,0,,0,0,HOLD,2.8588235294117648,3,2,5,Medical Devices & Instruments
AVT,2026-08-14,4.0,0.28259838786154573,1.0,0,0,1.0,3.0,4.0,60.631786638128645,1.0,0.9685633171099034,0,,0,0,BUY,2.2705882352941176,3,1,5,Wholesale Trade
AVTR,2026-08-14,2.0,0.622357828770192,1.0,1,0,2.0,4.0,4.0,65.90714317612185,2.0,0.7631257133634799,1,2.0,0,0,BUY,1.9470588235294117,4,1,5,Medical Devices & Instruments
AVTX,2026-08-14,4.0,0.25433650660079987,1.0,0,0,1.0,5.0,4.0,56.50236162359385,2.0,0.7652951272191267,0,,0,0,HOLD,2.8588235294117643,3,2,5,Pharmaceuticals & Biotech
AVX,2026-08-14,4.0,0.30593580628000033,5.0,0,0,5.0,3.0,2.0,37.67676882834679,5.0,0.003871847375044468,1,2.0,0,0,SELL,4.041176470588236,0,4,5,Banks & Financial Services
AVXL,2026-08-14,3.0,0.4674015748031496,3.0,0,0,5.0,5.0,4.0,61.18284087620603,5.0,0.1111111211455627,0,,0,0,SELL,4.176470588235294,0,3,5,Pharmaceuticals & Biotech
AVY,2026-08-14,3.0,0.4345243028305117,2.0,0,0,4.0,3.0,4.0,63.92151457762216,2.0,0.6139953343825069,0,,0,0,HOLD,2.8352941176470594,2,1,5,Paper
AWF,2026-08-14,,,5.0,0,0,4.0,,4.0,56.68701818869984,3.0,0.5397701830285209,0,,0,0,SELL,3.750000000000001,0,2,3,Other
AWI,2026-08-14,4.0,0.2636970867707061,2.0,0,0,4.0,1.0,4.0,62.9148593724294,2.0,0.608899686349657,1,1.0,0,0,BUY,2.4882352941176475,3,2,5,"Rubber, Plastics & Leather"
AWK,2026-08-14,3.0,0.4566145092460882,1.0,1,0,3.0,2.0,4.0,57.00395744378712,2.0,0.6808512471756938,0,,0,0,BUY,2.376470588235294,3,0,5,Utilities
AWP,2026-08-14,,,2.0,0,0,3.0,,3.0,47.79745995562559,2.0,0.7922420397549939,0,,0,0,BUY,2.3409090909090913,2,0,3,Other
AWR,2026-08-14,4.0,0.35836910345087397,1.0,0,0,2.0,2.0,4.0,64.13250777340178,1.0,0.9847571543687004,0,,0,0,BUY,2.270588235294118,4,1,5,Utilities
AWRE,2026-08-14,2.0,0.688503937007874,5.0,0,0,5.0,5.0,3.0,47.81667166231868,5.0,0.06486486660641765,1,2.0,0,0,SELL,3.7823529411764705,1,4,5,Technology & Software
AWX,2026-08-14,,,2.0,0,0,3.0,2.0,4.0,62.53170935003863,5.0,0.14339617447057132,0,,0,0,HOLD,3.2711864406779663,2,1,4,Utilities
AX,2026-08-14,4.0,0.37915436383965495,1.0,0,0,3.0,2.0,4.0,59.33395601155335,1.0,0.9003391589148569,0,,0,0,BUY,2.447058823529412,3,1,5,Banks & Financial Services
AXG,2026-08-14,3.0,0.5722834645669291,5.0,0,0,5.0,,2.0,31.719126419811147,5.0,0.0954545607251566,0,,0,0,STRONG SELL,4.257142857142858,0,3,4,Investment & Brokerage
AXGN,2026-08-14,5.0,0.15443986284949773,1.0,0,0,1.0,3.0,4.0,66.04464703038951,1.0,0.9730504967022088,0,,0,0,HOLD,2.5764705882352934,3,1,5,Medical Devices & Instruments
AXIL,2026-08-14,3.0,0.42671096276259124,4.0,0,0,4.0,3.0,3.0,54.50361248630529,4.0,0.3388325330778583,0,,0,0,SELL,3.5176470588235293,0,3,5,Chemicals
AXIN,2026-08-14,,,3.0,0,0,3.0,,4.0,57.87703095808189,2.0,0.7659583102523989,0,,0,0,HOLD,2.545454545454546,1,0,3,Investment & Holding Companies
AXON,2026-08-14,5.0,0.10445721723533072,1.0,1,0,3.0,3.0,4.0,58.52205287999715,3.0,0.5988377738163174,0,,0,0,HOLD,3.4,1,1,5,Industrial Machinery
AXP,2026-08-14,4.0,0.27880399832304176,1.0,1,0,3.0,3.0,3.0,50.682609278998015,3.0,0.5691943116864262,1,1.0,0,0,HOLD,2.794117647058824,1,1,5,Banks & Financial Services
AXR,2026-08-14,1.0,0.8255097202465623,4.0,0,0,4.0,2.0,2.0,40.29699109935961,4.0,0.38686141113565403,1,1.0,0,0,BUY,2.429411764705883,2,3,5,Real Estate & REITs
AXS,2026-08-14,2.0,0.7481468540056151,3.0,0,0,3.0,3.0,2.0,37.532086067719646,3.0,0.4310596017104213,0,,0,0,HOLD,2.6941176470588237,1,0,5,Insurance
AXSM,2026-08-14,5.0,0.07567582019420438,3.0,0,0,2.0,3.0,2.0,40.26031100450935,2.0,0.7165687712130988,0,,0,0,HOLD,3.2,2,1,5,Pharmaceuticals & Biotech
AXTA,2026-08-14,3.0,0.4537110609466335,1.0,0,0,3.0,3.0,4.0,62.82549794968537,1.0,0.9309805972500372,0,,0,0,BUY,2.3176470588235296,2,0,5,Chemicals
AXTI,2026-08-14,5.0,0.079307404115513,2.0,0,0,1.0,4.0,4.0,59.31652296098611,3.0,0.5734976103176262,0,,0,0,HOLD,3.329411764705883,2,2,5,Semiconductors & Chips
AYA,2026-08-14,,,1.0,0,0,1.0,,4.0,62.77164367148588,1.0,0.8924403484244827,0,,0,0,STRONG BUY,1.0,3,0,3,Mining & Minerals
AYI,2026-08-14,4.0,0.37695590327169276,1.0,1,0,2.0,3.0,4.0,59.89030641501084,1.0,0.8486441205725457,0,,0,0,BUY,2.447058823529412,3,1,5,Industrial Machinery
AYTU,2026-08-14,1.0,0.8779227422068117,2.0,0,0,3.0,3.0,4.0,60.54247253494677,3.0,0.5630252471238506,0,,0,0,BUY,2.2823529411764705,2,0,5,Pharmaceuticals & Biotech
AZ,2026-08-14,,,2.0,0,0,3.0,,4.0,63.03339800997333,3.0,0.4911111195882161,0,,0,0,HOLD,2.795454545454546,1,0,3,Industrial Machinery
AZI,2026-08-14,,,5.0,0,0,5.0,,3.0,48.43223701880699,5.0,0.0025534083946883394,0,,0,0,STRONG SELL,5.0,0,3,3,Services
AZIO,2026-08-14,,,4.0,0,0,5.0,4.0,2.0,44.019242269799534,4.0,0.3066380073133667,0,,0,0,STRONG SELL,4.254237288135593,0,4,4,Automobiles
AZN,2026-08-14,,,5.0,0,0,4.0,,2.0,34.50827197655316,5.0,0.1729200190815504,0,,0,0,STRONG SELL,4.659090909090909,0,3,3,Pharmaceuticals & Biotech
AZO,2026-08-14,3.0,0.5282124229492651,5.0,0,0,5.0,3.0,3.0,47.11107535870453,5.0,0.07092743545211667,0,,0,0,SELL,4.03529411764706,0,3,5,Retail
AZTA,2026-08-14,2.0,0.6650923863904277,2.0,0,0,3.0,3.0,5.0,71.16993778467841,2.0,0.6946779549557334,0,,0,0,BUY,2.3529411764705883,3,0,5,Industrial Machinery
AZUL,2026-08-14,,,,0,0,,,2.0,39.31007821619417,,,0,,0,0,,,0,0,0,Airlines
AZZ,2026-08-14,3.0,0.4622268184758272,1.0,0,0,2.0,1.0,3.0,53.43170640980997,1.0,0.8636516343203503,0,,0,0,BUY,1.7882352941176471,4,0,5,Industrial Machinery
B,2026-08-14,,,3.0,0,0,3.0,,4.0,59.73141596132537,2.0,0.633275940003412,0,,0,0,HOLD,2.545454545454546,1,0,3,Mining & Minerals
BA,2026-08-14,5.0,0.22540209482905818,1.0,0,0,4.0,2.0,4.0,56.4513509065231,2.0,0.7195673549244959,1,1.0,0,0,HOLD,2.864705882352941,3,2,5,Aerospace & Defense
BABA,2026-08-14,3.0,0.4932283464566929,3.0,0,0,4.0,,4.0,55.08066908826771,4.0,0.3124766634414056,0,,0,0,SELL,3.5000000000000004,0,2,4,Services
BAC,2026-08-14,3.0,0.5296864266303484,1.0,0,0,2.0,2.0,4.0,68.44511447373958,1.0,0.9830425250841698,0,,0,0,BUY,1.9647058823529413,4,0,5,Banks & Financial Services
BACC,2026-08-14,,,3.0,0,0,3.0,,3.0,49.98903254862164,3.0,0.5247959526252787,0,,0,0,HOLD,3.0000000000000004,0,0,3,Investment & Holding Companies
BAER,2026-08-14,1.0,0.8371717171717171,5.0,0,0,5.0,2.0,1.0,29.986498846312372,5.0,0.024154567115350484,0,,0,0,HOLD,3.2470588235294118,2,3,5,Services
BAFN,2026-08-14,1.0,0.9420472440944883,3.0,0,0,4.0,3.0,4.0,58.109070362394945,4.0,0.31472076221655215,0,,0,0,HOLD,2.8000000000000003,1,2,5,Banks & Financial Services
BAH,2026-08-14,3.0,0.5034515221485926,3.0,0,0,4.0,3.0,4.0,65.37174913538969,4.0,0.3645728750703007,0,,0,0,HOLD,3.411764705882353,0,2,5,Business & Research Services
BAK,2026-08-14,,,5.0,0,0,5.0,,1.0,27.99612753248664,5.0,0.0,0,,0,0,STRONG SELL,5.0,0,3,3,Chemicals
BALL,2026-08-14,2.0,0.5884305357989569,1.0,0,0,3.0,,2.0,44.81194327591814,2.0,0.7433482963679338,1,1.0,0,0,BUY,1.7857142857142863,3,0,4,Industrial Machinery
BALY,2026-08-14,1.0,0.8715027293236307,3.0,0,0,2.0,3.0,3.0,52.509150950404994,3.0,0.46477498230290154,0,,0,0,BUY,2.211764705882353,2,0,5,Hospitality & Leisure
BAM,2026-08-14,,,2.0,0,0,3.0,3.0,4.0,64.85640722366085,2.0,0.6802483116329343,0,,0,0,HOLD,2.508474576271186,2,0,4,Investment & Brokerage
BANC,2026-08-14,3.0,0.4934823975669528,3.0,0,0,3.0,1.0,3.0,49.03949710740231,2.0,0.6858161636817498,0,,0,0,BUY,2.411764705882353,2,0,5,Banks & Financial Services
BAND,2026-08-14,,,3.0,0,0,1.0,3.0,3.0,49.9644617274972,2.0,0.627095394750228,0,,0,0,BUY,2.152542372881356,2,0,4,Technology & Software
BANF,2026-08-14,3.0,0.5571034619687665,1.0,0,0,4.0,2.0,4.0,56.012795910121596,3.0,0.41893266853086725,0,,0,0,HOLD,2.788235294117647,2,1,5,Banks & Financial Services
BANL,2026-08-14,5.0,0.07716535433070866,1.0,0,0,1.0,,5.0,89.89055143603522,1.0,1.0,0,,0,0,BUY,2.4857142857142858,3,1,4,Wholesale Trade
BANR,2026-08-14,1.0,0.7880512091038406,1.0,0,0,2.0,,5.0,70.78626140083256,1.0,1.0,0,,0,0,STRONG BUY,1.2142857142857144,4,0,4,Banks & Financial Services
BANX,2026-08-14,,,2.0,0,0,3.0,,5.0,72.14024045938349,1.0,0.9842806015064655,1,1.0,0,0,STRONG BUY,1.5863636363636362,2,0,3,Other
BAP,2026-08-14,,,1.0,0,0,2.0,,3.0,51.107833877014826,1.0,0.9039286873591829,0,,0,0,STRONG BUY,1.340909090909091,3,0,3,Banks & Financial Services
BAR,2026-08-14,1.0,0.9710763394973921,3.0,0,0,3.0,,4.0,63.29441499971335,3.0,0.50782012974446,0,,0,0,BUY,2.2571428571428576,1,0,4,Investment & Brokerage
BARK,2026-08-14,1.0,0.7959670034639886,4.0,0,0,5.0,3.0,3.0,53.75780554435554,5.0,0.17333332001216706,0,,0,0,HOLD,3.317647058823529,1,3,5,Retail
BATL,2026-08-14,1.0,0.9346625885328191,4.0,0,0,4.0,2.0,3.0,46.82917296899031,5.0,0.013873265856853433,0,,0,0,HOLD,2.964705882352941,2,3,5,Oil & Gas
BATRA,2026-08-14,,,2.0,0,0,2.0,2.0,4.0,62.980307099735874,1.0,0.9734682172859023,0,,0,0,STRONG BUY,1.6610169491525424,4,0,4,Hospitality & Leisure
BATRK,2026-08-14,,,2.0,0,0,2.0,2.0,4.0,64.26110182298669,1.0,1.0,1,1.0,0,0,STRONG BUY,1.3610169491525423,4,0,4,Hospitality & Leisure
BAX,2026-08-14,,,1.0,0,0,2.0,3.0,4.0,60.786471904555626,1.0,0.8710006314437736,0,,0,0,BUY,1.7627118644067798,3,0,4,Medical Devices & Instruments
BB,2026-08-14,5.0,0.18087973264575255,3.0,0,0,1.0,2.0,3.0,47.81059834506794,3.0,0.5952380258962058,0,,0,0,HOLD,3.0823529411764707,2,1,5,Technology & Software
BBAI,2026-08-14,4.0,0.36330033585162996,5.0,0,0,5.0,3.0,3.0,53.66941312484851,5.0,0.10759494840821833,0,,0,0,STRONG SELL,4.341176470588236,0,4,5,Technology & Software
BBAR,2026-08-14,,,4.0,0,0,4.0,,1.0,29.841741354169628,3.0,0.5408436173635778,0,,0,0,SELL,3.545454545454546,0,2,3,Banks & Financial Services
BBBY,2026-08-14,2.0,0.7365215070772615,5.0,0,0,5.0,3.0,2.0,38.90154463897176,5.0,0.015228412573325063,1,1.0,0,0,HOLD,3.4294117647058826,1,3,5,Retail
BBCP,2026-08-14,3.0,0.5365971884221765,3.0,0,0,1.0,2.0,2.0,41.4567309707718,2.0,0.6123418128608863,0,,0,0,BUY,2.235294117647059,3,0,5,Construction & Materials
BBCQ,2026-08-14,,,,0,0,3.0,,2.0,36.7097223243124,5.0,0.19834691202630564,0,,0,0,,,0,1,2,Investment & Holding Companies
BBD,2026-08-14,,,4.0,0,0,4.0,,1.0,27.334481235345365,4.0,0.2911391942348364,0,,0,0,SELL,4.0,0,3,3,Banks & Financial Services
BBDC,2026-08-14,1.0,0.8469556349579653,2.0,0,0,3.0,2.0,4.0,65.71000201173726,1.0,0.9312928893882091,0,,0,0,STRONG BUY,1.6352941176470588,4,0,5,Other
BBDO,2026-08-14,,,4.0,0,0,3.0,,2.0,42.53048104120641,3.0,0.4910334074876885,0,,0,0,HOLD,3.2045454545454555,0,1,3,Banks & Financial Services
BBGI,2026-08-14,,,2.0,0,0,1.0,4.0,3.0,50.845993871001625,1.0,0.8322635834189825,0,,0,0,BUY,1.9152542372881356,3,1,4,Telecom & Media
BBIO,2026-08-14,5.0,0.11070707070707073,1.0,0,0,2.0,5.0,3.0,46.11694986619406,2.0,0.7595616086992184,0,,0,0,HOLD,3.3411764705882354,3,2,5,Pharmaceuticals & Biotech
BBN,2026-08-14,,,5.0,0,0,3.0,,3.0,51.105419164941,3.0,0.5738798395865843,0,,0,0,HOLD,3.4090909090909096,0,1,3,Other
BBNX,2026-08-14,4.0,0.31706631056590595,2.0,0,0,2.0,3.0,4.0,60.07029003851982,4.0,0.376567228493397,0,,0,0,HOLD,3.2588235294117647,2,2,5,Medical Devices & Instruments
BBOT,2026-08-14,3.0,0.4840944881889764,3.0,0,0,4.0,4.0,4.0,55.02791624318439,4.0,0.2934948010319305,0,,0,0,SELL,3.5882352941176476,0,3,5,Pharmaceuticals & Biotech
BBSI,2026-08-14,4.0,0.4007878911592646,3.0,0,0,4.0,2.0,2.0,33.8083422240222,4.0,0.2515031822398654,1,2.0,0,0,HOLD,3.2411764705882353,1,3,5,Services
BBT,2026-08-14,4.0,0.4193088676148878,1.0,0,0,2.0,3.0,4.0,64.35818283979687,1.0,0.9928462655381237,0,,0,0,BUY,2.447058823529412,3,1,5,Banks & Financial Services
BBUC,2026-08-14,,,5.0,0,0,4.0,,2.0,42.5841550460452,5.0,0.07200566275437541,0,,0,0,STRONG SELL,4.659090909090909,0,3,3,Construction & Materials
BBVA,2026-08-14,,,1.0,0,0,1.0,,4.0,69.99341443047007,1.0,1.0,0,,0,0,STRONG BUY,1.0,3,0,3,Banks & Financial Services
BBW,2026-08-14,2.0,0.6049850822493175,3.0,0,0,5.0,3.0,4.0,69.6899799006289,5.0,0.19104698743272122,0,,0,0,SELL,3.5176470588235293,1,2,5,Retail
BBWI,2026-08-14,1.0,0.8751103350316884,5.0,0,0,5.0,3.0,3.0,46.25205592281467,4.0,0.29745332289750404,0,,0,0,HOLD,3.1882352941176473,1,3,5,Retail
BBY,2026-08-14,3.0,0.5387900958583541,1.0,0,0,2.0,2.0,4.0,58.03184769422668,1.0,0.8940052887375767,0,,0,0,BUY,1.9647058823529413,4,0,5,Retail
BC,2026-08-14,3.0,0.5418480413215254,2.0,0,0,3.0,2.0,4.0,55.04870192697357,1.0,0.8163171254032483,0,,0,0,BUY,2.2470588235294118,3,0,5,Industrial Machinery
BCAB,2026-08-14,5.0,0.15838383838383838,5.0,0,0,5.0,5.0,2.0,37.86277450339227,5.0,0.0,0,,0,0,STRONG SELL,5.0,0,5,5,Pharmaceuticals & Biotech
BCAL,2026-08-14,2.0,0.7501125320616682,1.0,0,0,2.0,2.0,4.0,60.743989056877574,1.0,0.9802127863003566,0,,0,0,STRONG BUY,1.6588235294117648,5,0,5,Banks & Financial Services
BCAR,2026-08-14,,,5.0,0,1,5.0,,2.0,38.98258346005957,4.0,0.24450953073917162,0,,0,0,STRONG SELL,4.545454545454546,0,3,3,Technology & Software
BCAT,2026-08-14,,,2.0,0,0,2.0,,4.0,56.10458068700814,1.0,0.9575906621851042,0,,0,0,STRONG BUY,1.5454545454545454,3,0,3,Other
BCAX,2026-08-14,4.0,0.344251968503937,2.0,0,0,1.0,5.0,2.0,41.833918480164165,2.0,0.6933868276458717,1,1.0,0,0,HOLD,2.6647058823529415,3,2,5,Pharmaceuticals & Biotech
BCBP,2026-08-14,1.0,0.9045669291338583,4.0,0,0,3.0,4.0,2.0,37.72472252194561,3.0,0.4047002099997,1,1.0,0,0,BUY,2.370588235294118,1,2,5,Banks & Financial Services
BCC,2026-08-14,2.0,0.7029713599337751,1.0,1,0,4.0,3.0,4.0,56.08617866844495,2.0,0.712331181530512,0,,0,0,BUY,2.423529411764706,3,1,5,Wholesale Trade
BCCQ,2026-08-14,,,,0,0,,,,,,,0,,0,0,,,0,0,0,Investment & Holding Companies
BCE,2026-08-14,,,4.0,0,0,4.0,,4.0,64.42701984426282,3.0,0.5287187622420206,0,,0,0,SELL,3.545454545454546,0,2,3,Telecom & Media
BCG,2026-08-14,1.0,0.7803998929740226,4.0,0,0,5.0,1.0,4.0,56.35947216014007,5.0,0.13019391752579362,0,,0,0,HOLD,2.964705882352941,2,3,5,Banks & Financial Services
BCH,2026-08-14,,,1.0,0,0,3.0,,3.0,49.73145818132266,1.0,0.8221905913111409,0,,0,0,STRONG BUY,1.6818181818181817,2,0,3,Banks & Financial Services
BCHT,2026-08-14,3.0,0.47749970761134347,5.0,0,0,5.0,3.0,2.0,34.12979186978555,5.0,0.0,1,1.0,0,0,SELL,3.7352941176470598,0,3,5,Medical Devices & Instruments
BCIC,2026-08-14,1.0,0.9141581088970139,3.0,0,0,5.0,2.0,4.0,63.578226461788546,5.0,0.14974607472399534,1,5.0,0,0,HOLD,2.7352941176470584,2,2,5,Other
BCML,2026-08-14,1.0,0.7697022515453228,3.0,0,0,3.0,1.0,2.0,44.78059541592165,3.0,0.5585682676944129,0,,0,0,BUY,2.0352941176470587,2,0,5,Banks & Financial Services
BCO,2026-08-14,4.0,0.40530938229446994,2.0,0,0,4.0,2.0,3.0,51.97883888380831,3.0,0.5187046016872522,0,,0,0,HOLD,3.2,2,2,5,Transportation & Logistics
BCPC,2026-08-14,4.0,0.29142280059401393,1.0,1,0,3.0,1.0,4.0,64.18917234746995,1.0,0.8915967416619307,0,,0,0,BUY,2.2705882352941176,3,1,5,Chemicals
BCRX,2026-08-14,1.0,0.918918918918919,1.0,0,0,2.0,2.0,3.0,52.17336333418524,2.0,0.7186858485106916,0,,0,0,STRONG BUY,1.5882352941176472,5,0,5,Pharmaceuticals & Biotech
BCS,2026-08-14,,,1.0,0,0,2.0,,4.0,57.34210467896179,1.0,0.9889776745032784,0,,0,0,STRONG BUY,1.340909090909091,3,0,3,Banks & Financial Services
BCSF,2026-08-14,1.0,0.8685583398140388,4.0,0,0,4.0,3.0,3.0,46.34528812555892,3.0,0.46242042644047665,1,1.0,0,0,BUY,2.370588235294118,1,2,5,Other
BCSS,2026-08-14,,,,0,0,3.0,,4.0,58.54051309477536,1.0,0.8636371517994157,0,,0,0,,,1,0,2,Investment & Holding Companies
BCTX,2026-08-14,,,3.0,0,0,5.0,5.0,3.0,48.32280922179157,5.0,0.0633484208782266,0,,0,0,STRONG SELL,4.694915254237288,0,3,4,Pharmaceuticals & Biotech
BCV,2026-08-14,,,2.0,0,0,2.0,,4.0,62.39616562721196,1.0,0.8769153732592869,0,,0,0,STRONG BUY,1.5454545454545454,3,0,3,Other
BCX,2026-08-14,,,2.0,0,1,3.0,,5.0,73.51009117553085,1.0,0.8615687594540585,0,,0,0,BUY,1.8863636363636362,2,0,3,Other
BCYC,2026-08-14,2.0,0.6701317113169531,5.0,0,0,5.0,5.0,2.0,41.530589164726436,5.0,0.007984071925698302,0,,0,0,SELL,4.08235294117647,1,4,5,Pharmaceuticals & Biotech
BDC,2026-08-14,3.0,0.44166693361068227,2.0,0,0,4.0,1.0,5.0,71.21337690532117,2.0,0.7096722103680566,0,,0,0,BUY,2.482352941176471,3,1,5,Metals
BDCI,2026-08-14,,,1.0,0,0,3.0,,4.0,62.66774653857077,3.0,0.5217396712719553,0,,0,0,HOLD,2.5909090909090917,1,0,3,Investment & Holding Companies
BDCZ,2026-08-14,,,3.0,0,0,3.0,,4.0,60.88951586696832,2.0,0.7023654448768815,0,,0,0,HOLD,2.545454545454546,1,0,3,Banks & Financial Services
BDJ,2026-08-14,,,1.0,0,0,3.0,,4.0,64.12018316906273,1.0,1.0,0,,0,0,STRONG BUY,1.6818181818181817,2,0,3,Other
BDL,2026-08-14,2.0,0.7517592752057358,1.0,0,0,1.0,1.0,4.0,62.00237895734285,1.0,1.0,0,,0,0,STRONG BUY,1.3058823529411767,5,0,5,Retail
BDMD,2026-08-14,2.0,0.7423622047244095,5.0,0,0,3.0,,3.0,49.827303713517885,5.0,0.13483146217913503,0,,0,0,HOLD,3.4571428571428573,1,2,4,Medical Devices & Instruments
BDN,2026-08-14,1.0,0.795745057483751,3.0,0,0,4.0,4.0,3.0,48.25484674738201,3.0,0.42050515892136175,0,,0,0,HOLD,2.7411764705882353,1,2,5,Investment & Holding Companies
BDRX,2026-08-14,,,5.0,0,0,5.0,,2.0,36.035527093644795,5.0,0.0037608109942024945,0,,0,0,STRONG SELL,5.0,0,3,3,Pharmaceuticals & Biotech
BDSX,2026-08-14,5.0,0.24489859844127268,1.0,0,0,1.0,3.0,4.0,61.09126721548452,1.0,0.9556700729388777,0,,0,0,HOLD,2.5764705882352934,3,1,5,Healthcare Services
BDTX,2026-08-14,1.0,0.7719211359727801,3.0,0,0,4.0,2.0,4.0,58.8794793330132,5.0,0.12576686589367606,0,,0,0,HOLD,2.8588235294117643,2,2,5,Pharmaceuticals & Biotech
BDX,2026-08-14,4.0,0.3309625414888573,1.0,1,0,3.0,3.0,5.0,75.7570559790185,1.0,0.9962098746948655,0,,0,0,HOLD,2.6235294117647054,2,1,5,Medical Devices & Instruments
BE,2026-08-14,,,3.0,0,0,1.0,3.0,3.0,51.08202580568514,2.0,0.6171428546948269,0,,0,0,BUY,2.152542372881356,2,0,4,Industrial Machinery
BEAG,2026-08-14,,,1.0,0,0,3.0,3.0,5.0,73.54442920065372,2.0,0.7592590303250794,0,,0,0,BUY,2.3559322033898304,2,0,4,Investment & Holding Companies
BEAM,2026-08-14,4.0,0.29905203167611577,4.0,0,0,3.0,4.0,2.0,43.610657564672,3.0,0.4901871648047744,0,,0,0,SELL,3.5882352941176467,0,3,5,Pharmaceuticals & Biotech
BEBE,2026-08-14,,,,0,0,3.0,,5.0,70.58663785273319,1.0,1.0,0,,0,0,,,1,0,2,Investment & Holding Companies
BEEM,2026-08-14,2.0,0.7566851952812867,5.0,0,0,5.0,5.0,3.0,49.359215644436574,5.0,0.05205102223090826,0,,0,0,SELL,4.08235294117647,1,4,5,Industrial Machinery
BEEP,2026-08-14,2.0,0.6739881554499995,2.0,0,0,5.0,3.0,4.0,66.01245164367594,3.0,0.4514925159027642,0,,0,0,HOLD,2.941176470588236,2,1,5,Real Estate & REITs
BEKE,2026-08-14,,,2.0,0,0,4.0,,3.0,53.76207263579844,3.0,0.4799249584665217,0,,0,0,HOLD,3.136363636363637,1,1,3,Real Estate & REITs
BELFA,2026-08-14,,,2.0,0,0,2.0,1.0,4.0,55.16692155561917,2.0,0.736778182630365,0,,0,0,STRONG BUY,1.745762711864407,4,0,4,Semiconductors & Chips
BELFB,2026-08-14,,,2.0,0,0,1.0,1.0,3.0,53.862953661884994,2.0,0.7911854714443368,0,,0,0,STRONG BUY,1.4915254237288138,4,0,4,Semiconductors & Chips
BEN,2026-08-14,3.0,0.5574739685023791,1.0,0,0,2.0,1.0,3.0,53.25248724613821,1.0,0.8758309791533087,0,,0,0,BUY,1.7882352941176471,4,0,5,Investment & Brokerage
BENF,2026-08-14,,,5.0,0,0,4.0,4.0,2.0,30.247773501021044,5.0,0.004184121288017943,0,,0,0,STRONG SELL,4.491525423728814,0,4,4,Banks & Financial Services
BEPC,2026-08-14,,,4.0,0,0,4.0,,4.0,57.2433781916725,4.0,0.3200239637194719,0,,0,0,SELL,4.0,0,3,3,Utilities
BESS,2026-08-14,3.0,0.4398502055408093,5.0,0,0,5.0,4.0,4.0,56.49261595603475,5.0,0.13368513599169424,0,,0,0,SELL,4.211764705882353,0,4,5,Utilities
BETA,2026-08-14,3.0,0.5342802508879357,,0,0,1.0,3.0,4.0,67.49753444765477,3.0,0.4855666050113389,0,,0,0,HOLD,2.6052631578947367,1,0,4,Aerospace & Defense
BETR,2026-08-14,3.0,0.44282372501931183,5.0,0,0,5.0,5.0,2.0,34.36270960400762,5.0,0.0,1,4.0,0,0,SELL,4.088235294117648,0,4,5,Banks & Financial Services
BF.A,2026-08-14,4.0,0.40884018917007325,2.0,0,0,4.0,2.0,4.0,57.45751814234124,1.0,0.8045862817477686,0,,0,0,HOLD,2.7294117647058824,3,2,5,Food & Beverage
BF.B,2026-08-14,4.0,0.4154935310187685,2.0,0,0,4.0,2.0,4.0,57.58841061881207,2.0,0.7525061925390484,0,,0,0,HOLD,2.9647058823529413,3,2,5,Food & Beverage
BFAM,2026-08-14,3.0,0.5038801704421422,4.0,0,0,4.0,1.0,2.0,43.75163344785612,5.0,0.1890880275119647,0,,0,0,HOLD,3.4,1,3,5,Services
BFC,2026-08-14,3.0,0.5002395328375314,1.0,0,0,2.0,1.0,4.0,64.73182057958684,1.0,0.9896672749929473,0,,0,0,BUY,1.7882352941176471,4,0,5,Banks & Financial Services
BFH,2026-08-14,3.0,0.532588176843277,1.0,0,0,1.0,2.0,4.0,66.87692137584176,1.0,1.0,0,,0,0,BUY,1.7882352941176471,4,0,5,Banks & Financial Services
BFLY,2026-08-14,,,1.0,0,0,1.0,4.0,4.0,57.44927371933146,1.0,0.8966346543389739,0,,0,0,BUY,1.7627118644067798,3,1,4,Medical Devices & Instruments
BFRI,2026-08-14,2.0,0.6549454265033073,1.0,0,0,1.0,5.0,4.0,66.11808073715328,1.0,1.0,0,,0,0,BUY,2.0117647058823533,4,1,5,Pharmaceuticals & Biotech
BFS,2026-08-14,4.0,0.416503790570399,3.0,0,0,3.0,3.0,3.0,48.64498848426639,2.0,0.7310326573511475,0,,0,0,HOLD,3.0705882352941174,1,1,5,Investment & Holding Companies
BFST,2026-08-14,1.0,0.8092721598825914,1.0,0,0,2.0,1.0,4.0,63.105157505553784,1.0,0.9989772667189675,0,,0,0,STRONG BUY,1.1764705882352942,5,0,5,Banks & Financial Services
BG,2026-08-14,3.0,0.47131341868183974,3.0,0,0,3.0,3.0,3.0,52.017424458975405,2.0,0.682009795747144,0,,0,0,HOLD,2.7647058823529416,1,0,5,Food & Beverage
BGB,2026-08-14,,,4.0,0,0,3.0,,4.0,59.82815289772856,2.0,0.6091925906007434,0,,0,0,HOLD,2.7500000000000004,1,1,3,Other
BGC,2026-08-14,4.0,0.26932195353247984,3.0,0,0,2.0,2.0,3.0,52.33556993508253,2.0,0.6698654500346434,0,,0,0,HOLD,2.7176470588235295,3,1,5,Investment & Brokerage
BGDE,2026-08-14,3.0,0.5034371336468126,3.0,1,0,3.0,3.0,4.0,56.03260414647553,5.0,0.16055190143199782,0,,0,0,HOLD,3.4705882352941173,0,1,5,Banks & Financial Services
BGH,2026-08-14,,,3.0,0,0,4.0,,4.0,59.54421745835315,3.0,0.5963555835271905,0,,0,0,HOLD,3.3409090909090917,0,1,3,Other
BGIN,2026-08-14,,,4.0,0,0,5.0,,4.0,57.32076752796519,5.0,0.10736193425044527,0,,0,0,STRONG SELL,4.795454545454546,0,3,3,Banks & Financial Services
BGLC,2026-08-14,1.0,0.8904051291802746,5.0,0,0,5.0,3.0,3.0,46.67505771608134,5.0,0.053418804017505934,0,,0,0,HOLD,3.423529411764706,1,3,5,Healthcare Services
BGR,2026-08-14,,,1.0,0,0,2.0,,4.0,65.04331685835632,1.0,0.9821158114056001,0,,0,0,STRONG BUY,1.340909090909091,3,0,3,Other
BGS,2026-08-14,1.0,0.903804839784894,5.0,0,0,4.0,3.0,3.0,48.932579287580594,5.0,0.10373986796339328,0,,0,0,HOLD,3.2470588235294118,1,3,5,Food & Beverage
BGSF,2026-08-14,2.0,0.7269393679914076,1.0,0,0,3.0,3.0,3.0,54.22131558919648,2.0,0.7220543528102348,0,,0,0,BUY,2.2470588235294118,3,0,5,Services
BGSI,2026-08-14,,,,0,0,5.0,,2.0,40.95760037792061,5.0,0.06557302756056588,0,,0,0,,,0,2,2,Services
BGT,2026-08-14,,,3.0,0,0,3.0,,4.0,56.86163490665864,2.0,0.7524093574370524,0,,0,0,HOLD,2.545454545454546,1,0,3,Other
BGX,2026-08-14,,,4.0,0,0,4.0,,4.0,68.17335200066957,3.0,0.5116074176517286,0,,0,0,SELL,3.545454545454546,0,2,3,Other
BGY,2026-08-14,,,2.0,0,0,3.0,,4.0,64.85298086671162,1.0,0.8897235899085368,0,,0,0,BUY,1.8863636363636362,2,0,3,Other
BH,2026-08-14,,,1.0,1,0,3.0,4.0,3.0,50.436881703371206,3.0,0.5988912218040618,0,,0,0,HOLD,2.9491525423728815,1,1,4,Retail
BH.A,2026-08-14,,,1.0,1,0,3.0,4.0,3.0,48.19422314413772,3.0,0.5069388671153082,1,3.0,0,0,HOLD,2.6491525423728817,1,1,4,Retail
BHAV,2026-08-14,,,,0,0,,,4.0,58.610216120416275,1.0,1.0,1,1.0,0,0,,,1,0,1,Investment & Holding Companies
BHB,2026-08-14,3.0,0.4602417480778905,1.0,0,0,2.0,4.0,4.0,63.58350681793346,1.0,0.9917183991489791,1,1.0,0,0,BUY,2.01764705882353,3,1,5,Banks & Financial Services
BHC,2026-08-14,1.0,0.8773067905284333,2.0,0,0,3.0,2.0,4.0,64.55956793670975,3.0,0.5319693677883721,0,,0,0,BUY,2.1058823529411765,3,0,5,Pharmaceuticals & Biotech
BHE,2026-08-14,3.0,0.5011214407055219,3.0,0,0,1.0,2.0,3.0,48.924611759344096,2.0,0.7315041009179577,0,,0,0,BUY,2.235294117647059,3,0,5,Semiconductors & Chips
BHF,2026-08-14,1.0,0.8856247047278407,4.0,0,0,3.0,1.0,2.0,31.13975406869794,2.0,0.6589247180569556,0,,0,0,BUY,1.9058823529411761,3,1,5,Insurance
BHK,2026-08-14,,,5.0,0,0,4.0,,3.0,50.091155852341046,3.0,0.5737261662595325,0,,0,0,SELL,3.750000000000001,0,2,3,Other
BHM,2026-08-14,,,5.0,0,0,4.0,3.0,3.0,54.23048340895366,5.0,0.176429181214251,1,1.0,0,0,SELL,3.9372881355932208,0,3,4,Investment & Holding Companies
BHP,2026-08-14,,,1.0,0,0,2.0,,3.0,51.86622584828205,1.0,0.8483944056228487,0,,0,0,STRONG BUY,1.340909090909091,3,0,3,Mining & Minerals
BHR,2026-08-14,1.0,0.8689216450098445,5.0,0,0,4.0,4.0,2.0,41.83490171534914,5.0,0.09016393522715181,0,,0,0,HOLD,3.423529411764706,1,4,5,Investment & Holding Companies
BHRB,2026-08-14,2.0,0.7477017659676729,1.0,0,0,2.0,3.0,4.0,56.56877767842756,1.0,0.9195850640858827,0,,0,0,BUY,1.835294117647059,4,0,5,Banks & Financial Services
BHST,2026-08-14,,,5.0,0,0,5.0,,2.0,37.68701008386319,5.0,0.01397949495721914,0,,0,0,STRONG SELL,5.0,0,3,3,Pharmaceuticals & Biotech
BHV,2026-08-14,,,1.0,0,0,2.0,,3.0,52.43624978406672,1.0,0.8625706552441776,0,,0,0,STRONG BUY,1.340909090909091,3,0,3,Other
BHVN,2026-08-14,5.0,0.005039370078740157,1.0,0,0,2.0,5.0,3.0,53.454623185197,2.0,0.663759685176603,1,1.0,0,0,HOLD,3.0411764705882356,3,2,5,Pharmaceuticals & Biotech
BID,2026-08-14,,,,0,0,,,3.0,49.27177875582501,,,0,,0,0,,,0,0,0,Investment & Holding Companies
BIDU,2026-08-14,,,5.0,0,0,4.0,,2.0,36.62400133176829,4.0,0.22320479878429186,0,,0,0,SELL,4.204545454545455,0,3,3,Technology & Software
BIIB,2026-08-14,3.0,0.4816055061393695,1.0,0,0,2.0,3.0,4.0,55.34787111686207,1.0,0.9194407918879139,1,1.0,0,0,BUY,1.8411764705882352,3,0,5,Pharmaceuticals & Biotech
BIII,2026-08-14,,,,0,0,3.0,,5.0,73.8911993585051,1.0,1.0,0,,0,0,,,1,0,2,Investment & Holding Companies
BILI,2026-08-14,,,4.0,0,0,5.0,,2.0,43.26253903457649,5.0,0.07414832838220556,0,,0,0,STRONG SELL,4.795454545454546,0,3,3,Technology & Software
BILL,2026-08-14,3.0,0.5501888942852945,2.0,0,0,3.0,2.0,4.0,62.977805273477756,2.0,0.7318274340781993,0,,0,0,BUY,2.482352941176471,3,0,5,Technology & Software
BIO,2026-08-14,1.0,0.7970602181128497,1.0,1,0,2.0,3.0,5.0,70.65581825728003,1.0,0.9516492665904973,0,,0,0,STRONG BUY,1.5294117647058825,4,0,5,Medical Devices & Instruments
BIO.B,2026-08-14,1.0,0.8160265528686581,1.0,0,0,2.0,3.0,5.0,91.8246586552295,1.0,1.0,0,,0,0,STRONG BUY,1.5294117647058825,4,0,5,Medical Devices & Instruments
BIOA,2026-08-14,4.0,0.4033690432809039,4.0,0,0,3.0,4.0,2.0,31.66673738984821,4.0,0.2988394687609871,0,,0,0,SELL,3.823529411764706,0,4,5,Pharmaceuticals & Biotech
BIPC,2026-08-14,,,3.0,0,0,4.0,,3.0,50.380440225903016,4.0,0.3583689485615719,0,,0,0,SELL,3.795454545454546,0,2,3,Utilities
BIRD,2026-08-14,5.0,0.13826771653543307,5.0,0,0,5.0,5.0,2.0,42.09518991056111,5.0,0.023004054148312362,0,,0,0,STRONG SELL,5.0,0,5,5,Apparel & Textiles
BIRK,2026-08-14,,,4.0,0,0,4.0,,3.0,46.606753043190906,4.0,0.36740196198407876,0,,0,0,SELL,4.0,0,3,3,"Rubber, Plastics & Leather"
BIT,2026-08-14,,,5.0,0,0,4.0,,2.0,44.383607386373576,4.0,0.27417880011703216,0,,0,0,SELL,4.204545454545455,0,3,3,Other
BIVI,2026-08-14,1.0,0.769763779527559,4.0,0,0,3.0,5.0,3.0,47.11682300852223,4.0,0.31549958565157193,0,,0,0,HOLD,3.0823529411764703,1,3,5,Pharmaceuticals & Biotech
BIXI,2026-08-14,,,,0,0,3.0,,5.0,71.91189030987775,1.0,1.0,0,,0,0,,,1,0,2,Investment & Holding Companies
BIYA,2026-08-14,2.0,0.7310236220472441,5.0,0,0,5.0,,2.0,42.23575153120097,5.0,0.004322507940162061,0,,0,0,SELL,3.8857142857142857,1,3,4,Services
BJ,2026-08-14,3.0,0.5138780982301152,2.0,0,0,4.0,1.0,3.0,48.32834868538269,3.0,0.4077383221103583,0,,0,0,HOLD,2.7176470588235295,2,1,5,Retail
BJDX,2026-08-14,2.0,0.6209072110239983,5.0,0,0,5.0,4.0,2.0,41.108728350589274,5.0,0.014459660442771426,0,,0,0,SELL,3.905882352941177,1,4,5,Medical Devices & Instruments
BJRI,2026-08-14,3.0,0.49356527293801716,1.0,0,0,1.0,2.0,3.0,54.70937920650631,1.0,0.8615316004797461,1,1.0,0,0,STRONG BUY,1.488235294117647,4,0,5,Retail
BKD,2026-08-14,2.0,0.7511111111111111,4.0,0,0,3.0,3.0,2.0,33.45500574073918,3.0,0.5688935342626149,0,,0,0,HOLD,2.8,1,1,5,Healthcare Services
BKE,2026-08-14,3.0,0.47869953126506515,3.0,0,0,4.0,3.0,3.0,47.72084294398021,5.0,0.1928621509605739,0,,0,0,SELL,3.647058823529412,0,2,5,Retail
BKH,2026-08-14,2.0,0.5874387576809531,1.0,0,0,3.0,3.0,3.0,53.79473702308444,1.0,0.9065508398023939,0,,0,0,BUY,2.011764705882353,3,0,5,Utilities
BKHA,2026-08-14,,,2.0,0,0,3.0,4.0,2.0,41.94285981103791,4.0,0.3831773660143506,0,,0,0,HOLD,3.4406779661016955,1,2,4,Pharmaceuticals & Biotech
BKKT,2026-08-14,1.0,0.8690890573231044,5.0,0,0,5.0,4.0,3.0,49.432816299189795,5.0,0.02094789655822844,0,,0,0,SELL,3.5999999999999996,1,4,5,Banks & Financial Services
BKNG,2026-08-14,1.0,0.9900426742532006,2.0,0,0,3.0,,4.0,68.92606312142809,2.0,0.7969741993671051,0,,0,0,BUY,1.8428571428571427,3,0,4,Transportation & Logistics
BKR,2026-08-14,3.0,0.5116168800379327,1.0,0,0,2.0,2.0,4.0,65.90000591067694,1.0,0.8386490652081731,0,,0,0,BUY,1.9647058823529413,4,0,5,Industrial Machinery
BKSY,2026-08-14,5.0,0.201972062120861,2.0,0,0,1.0,4.0,4.0,63.36787135211235,3.0,0.4619381501211196,0,,0,0,HOLD,3.329411764705883,2,2,5,Industrial Machinery
BKT,2026-08-14,,,5.0,0,0,4.0,,3.0,54.33123320009888,3.0,0.46204311859498837,0,,0,0,SELL,3.750000000000001,0,2,3,Other
BKTI,2026-08-14,4.0,0.33119289861174256,4.0,0,0,3.0,2.0,2.0,36.90900164734161,4.0,0.3439108132830872,0,,0,0,HOLD,3.4705882352941173,1,3,5,Industrial Machinery
BKU,2026-08-14,2.0,0.7374436141033791,2.0,0,0,3.0,1.0,4.0,57.31027719537983,1.0,0.8787217880484443,0,,0,0,BUY,1.764705882352941,4,0,5,Banks & Financial Services
BKV,2026-08-14,2.0,0.6007107582649936,4.0,0,0,3.0,2.0,4.0,59.35957754912259,3.0,0.5444630645619907,0,,0,0,HOLD,2.623529411764706,2,1,5,Oil & Gas
BKYI,2026-08-14,1.0,0.8696062992125985,5.0,0,0,5.0,3.0,2.0,32.31256226843894,5.0,0.0,0,,0,0,HOLD,3.423529411764706,1,3,5,Technology & Software
BL,2026-08-14,4.0,0.322505838023309,3.0,0,0,5.0,2.0,3.0,52.281992120274545,5.0,0.15773811855283565,0,,0,0,SELL,3.9529411764705884,1,3,5,Technology & Software
BLBD,2026-08-14,3.0,0.5331299646241826,3.0,0,0,3.0,1.0,2.0,34.9644449650727,3.0,0.5219134198121893,0,,0,0,HOLD,2.6470588235294117,1,0,5,Automobiles
BLCO,2026-08-14,2.0,0.7535205522423184,2.0,0,0,3.0,4.0,4.0,59.24250552619656,2.0,0.6570794275591595,1,9.0,0,0,BUY,2.229411764705883,3,1,5,Medical Devices & Instruments
BLDP,2026-08-14,,,4.0,0,0,2.0,,2.0,42.226933936790196,5.0,0.1912087892510007,0,,0,0,SELL,3.7727272727272734,1,2,3,Industrial Machinery
BLDR,2026-08-14,2.0,0.6705714019008198,5.0,0,0,5.0,3.0,3.0,47.782098931965464,5.0,0.07812499570158836,1,1.0,0,0,HOLD,3.4294117647058826,1,3,5,Retail
BLFS,2026-08-14,4.0,0.29669291338582676,1.0,0,0,1.0,2.0,5.0,74.49502203484266,1.0,0.9906323273930442,0,,0,0,BUY,2.0941176470588236,4,1,5,Medical Devices & Instruments
BLIN,2026-08-14,2.0,0.7169978680667682,2.0,0,0,3.0,3.0,2.0,33.98676492054173,4.0,0.34482757439464123,1,2.0,0,0,HOLD,2.5235294117647062,2,1,5,Technology & Software
BLIV,2026-08-14,,,4.0,0,0,5.0,,3.0,48.27665048763247,5.0,0.07759950860860008,0,,0,0,STRONG SELL,4.795454545454546,0,3,3,Technology & Software
BLK,2026-08-14,4.0,0.31415084741639454,2.0,0,0,3.0,4.0,4.0,69.12317121811446,1.0,0.9633474363623877,0,,0,1,HOLD,2.905882352941177,2,2,5,Investment & Brokerage
BLKB,2026-08-14,4.0,0.33726182759989054,2.0,0,0,4.0,1.0,4.0,68.80917869513203,3.0,0.42883337754523737,0,,0,0,HOLD,3.0235294117647062,2,2,5,Technology & Software
BLLN,2026-08-14,4.0,0.4183684437833771,,0,0,3.0,1.0,2.0,35.10435893017814,4.0,0.34093556224570165,0,,0,0,HOLD,3.2105263157894735,1,2,4,Healthcare Services
BLMN,2026-08-14,2.0,0.6232090411609988,1.0,0,0,1.0,2.0,4.0,59.795580269384196,1.0,0.8027313868537082,1,2.0,0,0,STRONG BUY,1.1823529411764706,5,0,5,Retail
BLND,2026-08-14,3.0,0.482020202020202,4.0,0,0,5.0,3.0,2.0,39.87444208505746,5.0,0.03678930379260581,0,,0,0,SELL,3.9294117647058826,0,3,5,Technology & Software
BLNE,2026-08-14,2.0,0.6556586869384321,5.0,0,0,5.0,3.0,3.0,46.47035816637704,5.0,0.03857225288422405,0,,0,0,SELL,3.7294117647058824,1,3,5,Banks & Financial Services
BLRK,2026-08-14,,,,0,0,3.0,,3.0,52.79136930629932,2.0,0.7500019868233873,0,,0,0,,,1,0,2,Investment & Holding Companies
BLRX,2026-08-14,,,4.0,0,0,4.0,,3.0,45.69519653610219,4.0,0.2566371354661669,0,,0,0,SELL,4.0,0,3,3,Pharmaceuticals & Biotech
BLSH,2026-08-14,,,5.0,0,0,5.0,,3.0,49.94132606483224,5.0,0.049205122148289794,0,,0,0,STRONG SELL,5.0,0,3,3,Banks & Financial Services
BLSM,2026-08-14,,,,0,0,,,,,,,0,,0,0,,,0,0,0,Pharmaceuticals & Biotech
BLTE,2026-08-14,5.0,0.14708661417322835,2.0,0,0,2.0,,3.0,52.93138358364113,2.0,0.7859755650963726,0,,0,0,HOLD,3.1142857142857148,3,1,4,Pharmaceuticals & Biotech
BLUW,2026-08-14,,,1.0,0,0,3.0,,4.0,57.800808335238735,1.0,0.9545444693459103,0,,0,0,STRONG BUY,1.6818181818181817,2,0,3,Investment & Holding Companies
BLW,2026-08-14,,,3.0,0,0,4.0,,4.0,68.6689705355493,2.0,0.7708955816115656,0,,0,0,HOLD,2.8863636363636367,1,1,3,Other
BLX,2026-08-14,,,3.0,0,0,2.0,,2.0,38.44461870022461,2.0,0.6787278993699803,0,,0,0,BUY,2.2045454545454546,2,0,3,Banks & Financial Services
BLZE,2026-08-14,4.0,0.4019038845518597,1.0,0,0,1.0,2.0,4.0,62.03910514133668,1.0,0.9176401975721246,0,,0,0,BUY,2.0941176470588236,4,1,5,Technology & Software
BLZR,2026-08-14,,,,0,0,3.0,,4.0,67.83923478798309,1.0,1.0,0,,0,0,,,1,0,2,Investment & Holding Companies
BMA,2026-08-14,,,4.0,0,0,3.0,,2.0,33.12149361945767,2.0,0.6286776158446431,0,,0,0,HOLD,2.7500000000000004,1,1,3,Banks & Financial Services
BMBL,2026-08-14,,,5.0,0,0,4.0,4.0,2.0,42.30316256958168,5.0,0.021929855060855034,0,,0,0,STRONG SELL,4.491525423728814,0,4,4,Technology & Software
BME,2026-08-14,,,1.0,0,0,2.0,,4.0,64.93943308831163,1.0,0.9759206312114256,0,,0,0,STRONG BUY,1.340909090909091,3,0,3,Other
BMEA,2026-08-14,5.0,0.15496062992125983,4.0,0,0,4.0,4.0,4.0,57.31297148811295,4.0,0.21190894498320978,0,,0,0,STRONG SELL,4.305882352941177,0,5,5,Pharmaceuticals & Biotech
BMEZ,2026-08-14,,,1.0,1,0,2.0,,4.0,68.45855095713472,1.0,0.9698997711581144,0,,0,0,STRONG BUY,1.340909090909091,3,0,3,Other
BMGL,2026-08-14,,,5.0,0,0,5.0,,3.0,45.07056111007678,5.0,0.03646086587880278,0,,0,0,STRONG SELL,5.0,0,3,3,Healthcare Services
BMHL,2026-08-14,,,2.0,0,0,1.0,,4.0,57.37640805583586,1.0,0.8889967816577252,0,,0,0,STRONG BUY,1.2045454545454548,3,0,3,Banks & Financial Services
BMI,2026-08-14,4.0,0.2663185936394414,5.0,0,0,4.0,2.0,2.0,42.82480258352426,4.0,0.23386230393811966,0,,0,0,SELL,3.752941176470588,1,4,5,Medical Devices & Instruments
BMM,2026-08-14,,,,0,0,2.0,,2.0,35.4441084242859,4.0,0.2556237651539016,0,,0,0,,,1,1,2,Mining & Minerals
BMN,2026-08-14,,,5.0,0,0,3.0,,3.0,52.809961617201,3.0,0.536636366874602,0,,0,0,HOLD,3.4090909090909096,0,1,3,Other
BMNR,2026-08-14,3.0,0.5162456153099798,3.0,0,0,5.0,3.0,4.0,55.07284384509811,5.0,0.09560757614957785,0,,0,0,SELL,3.8235294117647065,0,2,5,Banks & Financial Services
BMO,2026-08-14,,,1.0,0,0,1.0,,4.0,68.6376942090057,1.0,1.0,0,,0,0,STRONG BUY,1.0,3,0,3,Banks & Financial Services
BMR,2026-08-14,2.0,0.6784251968503937,5.0,0,0,5.0,,3.0,49.320511683597246,5.0,0.06603778518362363,0,,0,0,SELL,3.8857142857142857,1,3,4,Technology & Software
BMRA,2026-08-14,2.0,0.6945331215783626,5.0,0,0,5.0,4.0,2.0,43.72264436654682,5.0,0.04455447239030207,0,,0,0,SELL,3.905882352941177,1,4,5,Pharmaceuticals & Biotech
BMRC,2026-08-14,2.0,0.7313385826771653,1.0,0,0,3.0,4.0,3.0,49.6264947020512,2.0,0.7858168302733147,0,,0,0,BUY,2.423529411764706,3,1,5,Banks & Financial Services
BMRN,2026-08-14,4.0,0.4245296764984167,1.0,0,0,3.0,3.0,4.0,66.07233157752356,1.0,0.859990408549076,0,,0,0,HOLD,2.6235294117647054,2,1,5,Pharmaceuticals & Biotech
BMY,2026-08-14,2.0,0.5983878615457563,1.0,0,0,2.0,1.0,4.0,56.815066559058,1.0,0.9165398315761882,0,,0,0,STRONG BUY,1.4823529411764707,5,0,5,Pharmaceuticals & Biotech
BN,2026-08-14,,,4.0,0,0,4.0,,3.0,51.28806491851001,3.0,0.5228208120891946,0,,0,0,SELL,3.545454545454546,0,2,3,Real Estate & REITs
BNAI,2026-08-14,5.0,0.05996962023740871,4.0,0,0,3.0,2.0,4.0,59.50853393485021,4.0,0.2378640709092039,0,,0,0,SELL,3.7764705882352936,1,3,5,Technology & Software
BNC,2026-08-14,2.0,0.718152026006535,3.0,0,0,5.0,4.0,3.0,50.45458575862216,5.0,0.024045796313351787,0,,0,0,SELL,3.6941176470588237,1,3,5,Agriculture
BNED,2026-08-14,2.0,0.7315605704093893,1.0,0,0,1.0,1.0,3.0,47.218494570865076,1.0,0.8001176847391585,0,,0,0,STRONG BUY,1.3058823529411767,5,0,5,Retail
BNGO,2026-08-14,1.0,0.8986694592757466,4.0,0,0,4.0,3.0,4.0,57.13485302120769,5.0,0.031088083061571164,0,,0,0,HOLD,3.141176470588235,1,3,5,Medical Devices & Instruments
BNKK,2026-08-14,2.0,0.6876474622888729,5.0,0,0,5.0,3.0,2.0,44.973496435448034,5.0,0.007971249727995284,0,,0,0,SELL,3.7294117647058824,1,3,5,Chemicals
BNL,2026-08-14,4.0,0.41611724650045034,1.0,0,0,2.0,4.0,3.0,50.04696034469061,1.0,0.8000465021591415,1,1.0,0,0,BUY,2.323529411764706,3,2,5,Investment & Holding Companies
BNR,2026-08-14,1.0,0.9952755905511812,4.0,0,0,4.0,,2.0,43.98652267532391,5.0,0.055115802645510886,0,,0,0,HOLD,3.1714285714285713,1,3,4,Healthcare Services
BNS,2026-08-14,,,1.0,0,0,2.0,,4.0,66.87305158600262,1.0,1.0,0,,0,0,STRONG BUY,1.340909090909091,3,0,3,Banks & Financial Services
BNT,2026-08-14,,,5.0,0,0,4.0,,3.0,48.35838352596455,4.0,0.39626387132289104,0,,0,0,SELL,4.204545454545455,0,3,3,Insurance
BNTC,2026-08-14,5.0,0.2520079978726536,2.0,1,0,3.0,4.0,3.0,50.2438648141089,4.0,0.3869969017395108,0,,0,0,SELL,3.9176470588235297,1,3,5,Pharmaceuticals & Biotech
BNTX,2026-08-14,,,3.0,0,0,4.0,,3.0,53.45360433477452,4.0,0.2595203875947971,0,,0,0,SELL,3.795454545454546,0,2,3,Pharmaceuticals & Biotech
BNY,2026-08-14,4.0,0.4003749770677749,1.0,0,0,1.0,1.0,4.0,66.72415130471526,1.0,1.0,0,,0,0,BUY,1.9176470588235293,4,1,5,Banks & Financial Services
BOBS,2026-08-14,4.0,0.26393700787401575,,0,0,4.0,,4.0,64.21532039316824,2.0,0.7152996432596287,0,,0,0,HOLD,3.3442622950819674,1,2,3,Retail
BOC,2026-08-14,,,2.0,0,0,3.0,4.0,2.0,44.92498223343337,2.0,0.7146400376168931,0,,0,0,HOLD,2.7627118644067794,2,1,4,Real Estate & REITs
BODI,2026-08-14,,,5.0,0,1,3.0,3.0,2.0,32.43213445703093,4.0,0.23559325335184217,0,,0,0,SELL,3.6440677966101696,0,2,4,Retail
BOE,2026-08-14,,,1.0,0,0,3.0,,4.0,67.85362065325373,1.0,1.0,0,,0,0,STRONG BUY,1.6818181818181817,2,0,3,Other
BOF,2026-08-14,5.0,0.233555185974417,2.0,0,0,1.0,4.0,3.0,50.442133318174626,2.0,0.6970683214416573,0,,0,0,HOLD,3.094117647058824,3,2,5,Food & Beverage
BOH,2026-08-14,4.0,0.4009013991856238,2.0,0,0,3.0,1.0,3.0,48.3061501089108,2.0,0.7994117443052984,0,,0,0,HOLD,2.6117647058823534,3,1,5,Banks & Financial Services
BOKF,2026-08-14,2.0,0.6418186837986981,1.0,0,0,2.0,1.0,4.0,66.19086141718454,1.0,1.0,0,,0,0,STRONG BUY,1.4823529411764707,5,0,5,Banks & Financial Services
BOLD,2026-08-14,1.0,0.7921259842519685,1.0,0,0,1.0,5.0,4.0,69.38192775026036,1.0,0.9673912085747753,0,,0,0,STRONG BUY,1.7058823529411764,4,1,5,Pharmaceuticals & Biotech
BOLT,2026-08-14,1.0,0.8493369815440325,5.0,0,0,5.0,3.0,2.0,34.67426662702577,5.0,0.03608243875162069,0,,0,0,HOLD,3.423529411764706,1,3,5,Pharmaceuticals & Biotech
BON,2026-08-14,1.0,0.973228346456693,5.0,0,0,5.0,,2.0,44.00388957344794,5.0,0.04065046402457533,0,,0,0,SELL,3.5142857142857147,1,3,4,Pharmaceuticals & Biotech
BOOM,2026-08-14,1.0,0.917125348045202,2.0,0,0,3.0,3.0,4.0,63.42213309978342,2.0,0.6650943412140791,0,,0,0,BUY,2.0470588235294116,3,0,5,Metals
BOOT,2026-08-14,3.0,0.4379230679761845,4.0,0,0,4.0,1.0,3.0,53.81323957366409,4.0,0.38670704106651443,0,,0,0,HOLD,3.164705882352941,1,3,5,Retail
BORR,2026-08-14,2.0,0.6434645669291339,4.0,0,1,3.0,,4.0,58.01985368231519,3.0,0.49302320733078325,1,2.0,0,0,BUY,2.4571428571428577,1,1,4,Oil & Gas
BOSC,2026-08-14,2.0,0.7407874015748032,3.0,0,0,4.0,,4.0,59.41545051314311,5.0,0.18072283157803623,0,,0,0,HOLD,3.4142857142857146,1,2,4,Computer Hardware
BOT,2026-08-14,,,,0,0,,,3.0,51.19511267241195,3.0,0.5142305403758443,0,,0,0,,,0,0,1,Other
BOTJ,2026-08-14,2.0,0.6498451231936562,1.0,0,0,1.0,1.0,4.0,69.19601730284658,1.0,0.9985815104911205,1,2.0,0,0,STRONG BUY,1.0058823529411767,5,0,5,Banks & Financial Services
BOW,2026-08-14,3.0,0.5186779669882812,1.0,0,0,2.0,4.0,4.0,62.862352998236574,1.0,0.9710377589095672,0,,0,0,BUY,2.3176470588235296,3,1,5,Insurance
BOX,2026-08-14,4.0,0.3311263202494563,1.0,1,0,2.0,2.0,4.0,59.0023527718458,1.0,0.9193155679927897,0,,0,0,BUY,2.270588235294118,4,1,5,Technology & Software
BOXL,2026-08-14,,,4.0,0,0,5.0,4.0,4.0,69.34122861461799,5.0,0.02497189040880932,0,,0,0,STRONG SELL,4.593220338983051,0,4,4,Services
BP,2026-08-14,,,1.0,0,0,2.0,,3.0,52.409636141938705,2.0,0.7063689327207051,0,,0,0,BUY,1.7954545454545454,3,0,3,Oil & Gas
BPAC,2026-08-14,5.0,0.08535433070866141,,0,0,3.0,,4.0,60.4080725481471,1.0,0.9629621780471672,0,,0,0,HOLD,3.19672131147541,1,1,3,Investment & Holding Companies
BPOP,2026-08-14,2.0,0.6037853048355885,1.0,0,0,2.0,1.0,4.0,64.34907724984325,1.0,1.0,0,,0,0,STRONG BUY,1.4823529411764707,5,0,5,Banks & Financial Services
BPRE,2026-08-14,,,,0,0,5.0,,2.0,42.79093321150597,5.0,0.06713772358100623,0,,0,0,,,0,2,2,Other
BPRN,2026-08-14,2.0,0.7387277109243202,1.0,0,0,2.0,1.0,5.0,74.62541798930187,1.0,1.0,0,,0,0,STRONG BUY,1.4823529411764707,5,0,5,Banks & Financial Services
BQ,2026-08-14,1.0,0.9656692913385827,3.0,0,0,5.0,,4.0,63.99923942047284,5.0,0.025918192442100696,0,,0,0,HOLD,3.257142857142857,1,2,4,Retail
BR,2026-08-14,4.0,0.37096318623496277,3.0,0,0,4.0,1.0,4.0,64.75357052778537,4.0,0.2911267786456616,1,1.0,0,0,HOLD,3.0647058823529414,1,3,5,Services
BRAG,2026-08-14,,,5.0,0,0,5.0,,2.0,42.406218313073715,5.0,0.01818179979140543,0,,0,0,STRONG SELL,5.0,0,3,3,Technology & Software
BRAI,2026-08-14,,,,0,0,5.0,,2.0,43.749396255546024,5.0,0.08981452089712853,0,,0,0,,,0,2,2,Technology & Software
BRBI,2026-08-14,,,5.0,0,0,5.0,,1.0,14.148170380827892,5.0,0.0037791562248745106,0,,0,0,STRONG SELL,5.0,0,3,3,Banks & Financial Services
BRBR,2026-08-14,1.0,0.856163589993035,4.0,0,0,5.0,3.0,2.0,36.35389781917569,5.0,0.08194364253709338,1,1.0,0,0,HOLD,3.0176470588235293,1,3,5,Food & Beverage
BRBS,2026-08-14,4.0,0.37274607511596825,3.0,0,0,3.0,1.0,4.0,59.44416629866728,2.0,0.7477162801452948,0,,0,0,HOLD,2.7176470588235295,2,1,5,Banks & Financial Services
BRC,2026-08-14,,,1.0,0,0,3.0,4.0,3.0,50.65387412430766,1.0,0.8507728146302876,0,,0,0,BUY,2.2711864406779663,2,1,4,Misc Manufacturing
BRCB,2026-08-14,,,3.0,0,0,5.0,2.0,3.0,53.54580734085488,5.0,0.09237873045510021,0,,0,0,SELL,3.932203389830508,1,2,4,Retail
BREZ,2026-08-14,,,,0,0,,,4.0,55.81657817911477,,,0,,0,0,,,0,0,0,Investment & Holding Companies
BRFH,2026-08-14,4.0,0.2898058071119778,5.0,0,0,5.0,4.0,4.0,56.595064192135084,5.0,0.11666665590471681,0,,0,0,STRONG SELL,4.517647058823529,0,5,5,Food & Beverage
BRIA,2026-08-14,,,5.0,0,0,5.0,,3.0,50.07874924510038,5.0,0.09180326715524234,0,,0,0,STRONG SELL,5.0,0,3,3,Apparel & Textiles
BRID,2026-08-14,1.0,0.9213418153423747,5.0,0,0,4.0,3.0,3.0,49.978575775386126,5.0,0.11111120167846669,0,,0,0,HOLD,3.2470588235294118,1,3,5,Food & Beverage
BRK.A,2026-08-14,,,1.0,1,0,3.0,4.0,3.0,47.57343117257287,3.0,0.5924880127863612,0,,0,0,HOLD,2.9491525423728815,1,1,4,Insurance
BRK.B,2026-08-14,,,1.0,1,0,3.0,4.0,3.0,47.60122558839275,2.0,0.6034053656985604,0,,0,0,HOLD,2.610169491525424,2,1,4,Insurance
BRKH,2026-08-14,,,,0,0,,,2.0,31.739490489163728,,,0,,0,0,,,0,0,0,Investment & Holding Companies
BRKR,2026-08-14,4.0,0.41490960058559506,2.0,0,0,1.0,3.0,3.0,49.767765943160285,1.0,0.8110131741993329,0,,0,0,BUY,2.376470588235294,3,1,5,Medical Devices & Instruments
BRLT,2026-08-14,,,3.0,0,0,4.0,3.0,4.0,64.42390782869523,5.0,0.15873018776408168,0,,0,0,SELL,3.932203389830508,0,2,4,Misc Manufacturing
BRNX,2026-08-14,,,,0,0,,,,,,,0,,0,0,,,0,0,0,
BRO,2026-08-14,4.0,0.3586556056847352,2.0,0,0,4.0,4.0,3.0,54.23338885005795,4.0,0.38601639635704144,0,,0,0,SELL,3.7882352941176474,1,4,5,Insurance
BROS,2026-08-14,5.0,0.20720828131935679,4.0,0,0,4.0,1.0,2.0,31.92558603193571,5.0,0.19346649650300946,0,,0,0,SELL,4.011764705882353,1,4,5,Retail
BRR,2026-08-14,3.0,0.5008273463543459,4.0,0,0,5.0,,3.0,45.47060409505497,5.0,0.02927927743492653,0,,0,0,SELL,4.128571428571429,0,3,4,Banks & Financial Services
BRSL,2026-08-14,3.0,0.44503937007874017,4.0,0,0,4.0,,4.0,66.8738389797505,4.0,0.2383655701335348,0,,0,0,SELL,3.628571428571429,0,3,4,Hospitality & Leisure
BRSP,2026-08-14,2.0,0.7272845248932462,5.0,0,0,4.0,3.0,2.0,42.062318393194275,4.0,0.28247050505011795,0,,0,0,HOLD,3.3176470588235296,1,3,5,Investment & Holding Companies
BRT,2026-08-14,3.0,0.5495563956006492,4.0,0,0,3.0,3.0,2.0,43.07831649216627,3.0,0.5191305371456468,0,,0,0,HOLD,3.1058823529411765,0,1,5,Investment & Holding Companies
BRUN,2026-08-14,,,3.0,0,0,1.0,,3.0,51.05639747148346,3.0,0.43780234424610465,0,,0,0,BUY,2.3181818181818183,1,0,3,Technology & Software
BRVE,2026-08-14,,,,0,0,,,,,,,0,,0,0,,,0,0,0,Pharmaceuticals & Biotech
BRW,2026-08-14,,,4.0,0,0,3.0,,3.0,46.1679241698512,3.0,0.4369171465426394,0,,0,0,HOLD,3.2045454545454555,0,1,3,Other
BRX,2026-08-14,4.0,0.4021385838773609,3.0,0,0,3.0,2.0,2.0,37.15040214312342,2.0,0.6924197294552672,0,,0,0,HOLD,2.8941176470588235,2,1,5,Investment & Holding Companies
BRZE,2026-08-14,2.0,0.7652433579479068,2.0,0,0,2.0,4.0,4.0,61.90904435335698,2.0,0.6441177060447388,0,,0,0,BUY,2.352941176470588,4,1,5,Technology & Software
BSAA,2026-08-14,,,3.0,0,0,3.0,3.0,2.0,42.64045546802463,4.0,0.22647051893716558,0,,0,0,HOLD,3.3389830508474576,0,1,4,Services
BSAC,2026-08-14,,,1.0,0,0,2.0,,3.0,53.022448400415755,1.0,0.9135548147226302,0,,0,0,STRONG BUY,1.340909090909091,3,0,3,Banks & Financial Services
BSBK,2026-08-14,2.0,0.6799948012533633,2.0,0,0,3.0,1.0,4.0,55.335778652683544,2.0,0.6940299994591101,0,,0,0,BUY,2.0,4,0,5,Banks & Financial Services
BSEM,2026-08-14,3.0,0.5118110236220472,5.0,0,0,5.0,,2.0,43.20161305290279,5.0,0.01512029306837399,0,,0,0,STRONG SELL,4.257142857142858,0,3,4,Pharmaceuticals & Biotech
BSET,2026-08-14,2.0,0.7596398506274596,1.0,0,0,2.0,1.0,3.0,46.6461978364692,2.0,0.6696910513802762,0,,0,0,STRONG BUY,1.7176470588235293,5,0,5,Wood & Furniture
BSIN,2026-08-14,4.0,0.3756333559357573,1.0,0,0,2.0,4.0,4.0,67.36844510660181,1.0,1.0,0,,0,0,HOLD,2.623529411764706,3,2,5,Oil & Gas
BSL,2026-08-14,,,3.0,0,0,3.0,,4.0,61.633118843933424,2.0,0.785805338179029,0,,0,0,HOLD,2.545454545454546,1,0,3,Other
BSP,2026-08-14,,,,0,0,,,2.0,40.28817738402773,,,0,,0,0,,,0,0,0,Technology & Software
BSRR,2026-08-14,2.0,0.668316002434665,1.0,0,0,2.0,2.0,3.0,54.220802104215295,1.0,0.9070751556902364,0,,0,0,STRONG BUY,1.6588235294117648,5,0,5,Banks & Financial Services
BST,2026-08-14,,,2.0,0,0,2.0,,4.0,63.649560501949665,1.0,0.9611835089421319,0,,0,0,STRONG BUY,1.5454545454545454,3,0,3,Other
BSTZ,2026-08-14,,,2.0,0,0,1.0,,4.0,65.84432974985688,1.0,0.9980915387626469,0,,0,0,STRONG BUY,1.2045454545454548,3,0,3,Other
BSVN,2026-08-14,2.0,0.6108165490849667,1.0,0,0,2.0,3.0,4.0,64.10464855400673,1.0,0.9964977506725538,0,,0,0,BUY,1.835294117647059,4,0,5,Banks & Financial Services
BSX,2026-08-14,4.0,0.4047418615653458,3.0,0,0,5.0,,5.0,72.34589960703454,5.0,0.14043658981312176,0,,0,0,STRONG SELL,4.371428571428572,0,3,4,Medical Devices & Instruments
BSY,2026-08-14,5.0,0.21763869132290187,3.0,0,0,4.0,1.0,4.0,61.00557009698667,4.0,0.27863271469290335,0,,0,0,SELL,3.670588235294118,1,3,5,Technology & Software
BTAI,2026-08-14,5.0,0.0901010101010101,4.0,0,0,5.0,4.0,4.0,69.03001516362148,5.0,0.08140251523041027,0,,0,0,STRONG SELL,4.7176470588235295,0,5,5,Pharmaceuticals & Biotech
BTBD,2026-08-14,2.0,0.7476622111734178,3.0,0,0,4.0,4.0,4.0,58.918702194992456,5.0,0.11557789847801488,0,,0,0,SELL,3.51764705882353,1,3,5,Retail
BTBT,2026-08-14,3.0,0.5624205601840722,5.0,0,0,5.0,5.0,3.0,54.97558243563507,5.0,0.11960134350860611,0,,0,0,STRONG SELL,4.3882352941176475,0,4,5,Banks & Financial Services
BTCS,2026-08-14,2.0,0.6558245096708738,4.0,0,0,5.0,5.0,3.0,53.772110713698524,5.0,0.027917251993891477,0,,0,0,SELL,3.976470588235294,1,4,5,Banks & Financial Services
BTDR,2026-08-14,,,4.0,0,0,4.0,,2.0,38.47936065984582,5.0,0.09935552971961949,0,,0,0,STRONG SELL,4.454545454545455,0,3,3,Banks & Financial Services
BTE,2026-08-14,,,1.0,0,0,1.0,,3.0,54.0488543880686,2.0,0.7215832532402989,0,,0,0,STRONG BUY,1.4545454545454548,3,0,3,Oil & Gas
BTG,2026-08-14,,,2.0,0,0,3.0,,5.0,74.01907809794514,3.0,0.5947191288597192,0,,0,0,HOLD,2.795454545454546,1,0,3,Mining & Minerals
BTGO,2026-08-14,,,,0,0,5.0,,4.0,60.705758614509016,5.0,0.07753624593077355,0,,0,0,,,0,2,2,Banks & Financial Services
BTI,2026-08-14,,,4.0,0,0,3.0,,2.0,40.33930664275206,3.0,0.4997705761883891,0,,0,0,HOLD,3.2045454545454555,0,1,3,Food & Beverage
BTMD,2026-08-14,1.0,0.9050816373225944,5.0,0,0,5.0,2.0,2.0,31.52285281722014,5.0,0.07762560358546697,0,,0,0,HOLD,3.2470588235294118,2,3,5,Pharmaceuticals & Biotech
BTO,2026-08-14,,,1.0,0,0,2.0,,4.0,62.523180929319324,1.0,0.9846071319643799,0,,0,0,STRONG BUY,1.340909090909091,3,0,3,Other
BTQ,2026-08-14,,,5.0,0,0,1.0,,3.0,52.35285940692916,5.0,0.15929940015954755,0,,0,0,SELL,3.6363636363636367,1,2,3,Technology & Software
BTSG,2026-08-14,4.0,0.41528215505312993,3.0,0,0,1.0,2.0,2.0,44.27589866448028,2.0,0.7780859147319601,0,,0,0,HOLD,2.5411764705882356,3,1,5,Healthcare Services
BTT,2026-08-14,,,4.0,0,0,3.0,,4.0,56.08494992492577,2.0,0.7772448251681527,0,,0,0,HOLD,2.7500000000000004,1,1,3,Other
BTU,2026-08-14,1.0,0.7752282342991451,4.0,0,0,3.0,3.0,4.0,62.13858879397161,3.0,0.4087206919416586,0,,0,0,BUY,2.4941176470588236,1,1,5,Coal Mining
BTX,2026-08-14,,,2.0,0,0,2.0,,4.0,65.01723832328041,1.0,0.928117499915492,0,,0,0,STRONG BUY,1.5454545454545454,3,0,3,Other
BTZ,2026-08-14,,,4.0,0,0,4.0,,4.0,61.29856566288522,1.0,0.8239626060676164,0,,0,0,HOLD,2.636363636363637,1,2,3,Other
BUD,2026-08-14,,,2.0,0,0,3.0,,2.0,41.88469473023946,2.0,0.7703884823638825,0,,0,0,BUY,2.3409090909090913,2,0,3,Food & Beverage
BUDA,2026-08-14,5.0,0.22653247395365206,,0,0,4.0,4.0,3.0,53.06460212187798,3.0,0.4783785267586851,0,,0,0,SELL,4.078947368421053,0,3,4,Food & Beverage
BUI,2026-08-14,,,3.0,0,0,3.0,,3.0,47.95623222106428,2.0,0.6059070361617613,0,,0,0,HOLD,2.545454545454546,1,0,3,Other
BULL,2026-08-14,,,2.0,0,0,3.0,,4.0,62.51346268347029,4.0,0.29978023149932453,0,,0,0,HOLD,3.2500000000000004,1,1,3,Investment & Brokerage
BUR,2026-08-14,2.0,0.6431439382965409,3.0,0,0,5.0,4.0,3.0,54.43539307264982,5.0,0.04548972025199195,0,,0,0,SELL,3.6941176470588237,1,3,5,Banks & Financial Services
BURL,2026-08-14,4.0,0.3188012189420449,1.0,0,0,2.0,2.0,3.0,45.177487852599654,1.0,0.8110358572108591,0,,0,0,BUY,2.270588235294118,4,1,5,Retail
BUSE,2026-08-14,3.0,0.5816283595188111,1.0,0,0,2.0,2.0,4.0,62.678870730933355,1.0,0.9658655310150422,1,1.0,0,0,STRONG BUY,1.6647058823529413,4,0,5,Banks & Financial Services
BUUU,2026-08-14,,,1.0,0,0,1.0,,4.0,64.44781411380237,1.0,0.9474860399486174,0,,0,0,STRONG BUY,1.0,3,0,3,Hospitality & Leisure
BV,2026-08-14,2.0,0.6498800286380021,4.0,0,0,4.0,2.0,2.0,38.395249548067675,4.0,0.2663550141992753,0,,0,0,HOLD,3.0352941176470583,2,3,5,Agriculture
BVC,2026-08-14,5.0,0.011338582677165355,1.0,0,0,1.0,,4.0,67.67706876269631,1.0,1.0,0,,0,0,BUY,2.4857142857142858,3,1,4,Investment & Brokerage
BVFL,2026-08-14,1.0,0.7705892393125179,1.0,0,0,2.0,1.0,3.0,51.18349824449713,1.0,0.9125001142422389,0,,0,0,STRONG BUY,1.1764705882352942,5,0,5,Banks & Financial Services
BVN,2026-08-14,,,2.0,0,1,3.0,,4.0,57.518033786150546,2.0,0.6487377189161333,0,,0,0,BUY,2.3409090909090913,2,0,3,Mining & Minerals
BVS,2026-08-14,5.0,0.21242294926505453,1.0,0,0,1.0,1.0,4.0,64.76864633394963,1.0,0.8857142857142857,0,,0,0,BUY,2.223529411764706,4,1,5,Medical Devices & Instruments
BW,2026-08-14,4.0,0.25576338292513706,4.0,0,0,2.0,5.0,3.0,49.35678297313454,3.0,0.4330554082897636,1,2.0,0,0,HOLD,3.288235294117648,1,3,5,Industrial Machinery
BWA,2026-08-14,3.0,0.5251077879305157,2.0,0,0,2.0,2.0,4.0,58.69842834360845,2.0,0.77036087189322,0,,0,0,BUY,2.3058823529411767,4,0,5,Automobiles
BWAY,2026-08-14,,,1.0,0,0,1.0,,4.0,56.3592971583194,1.0,0.9209669574686088,0,,0,0,STRONG BUY,1.0,3,0,3,Medical Devices & Instruments
BWB,2026-08-14,2.0,0.7320040104190982,1.0,0,0,2.0,3.0,4.0,65.43864159306655,1.0,0.9614242970755025,0,,0,0,BUY,1.835294117647059,4,0,5,Banks & Financial Services
BWEN,2026-08-14,3.0,0.5368589815245423,1.0,0,0,1.0,2.0,4.0,59.37318642749748,1.0,0.9827089503501901,0,,0,0,BUY,1.7882352941176471,4,0,5,Metals
BWFG,2026-08-14,4.0,0.3824379188273627,1.0,0,0,1.0,2.0,5.0,74.13263316203441,1.0,1.0,1,5.0,0,0,BUY,1.7941176470588236,4,1,5,Banks & Financial Services
BWG,2026-08-14,,,5.0,0,0,4.0,,3.0,49.48598097212397,2.0,0.6072718989071902,0,,0,0,HOLD,3.295454545454546,1,2,3,Other
BWIN,2026-08-14,,,1.0,1,0,2.0,4.0,4.0,67.25726527523105,1.0,0.8523565990144607,1,1.0,0,0,STRONG BUY,1.7169491525423732,3,1,4,Insurance
BWIV,2026-08-14,,,,0,0,,,4.0,62.94267821172923,3.0,0.4999999999999778,1,2.0,0,0,,,0,0,1,Investment & Holding Companies
BWLP,2026-08-14,,,1.0,0,0,1.0,,4.0,62.09179207001346,1.0,1.0,0,,0,0,STRONG BUY,1.0,3,0,3,Transportation & Logistics
BWMN,2026-08-14,3.0,0.47141755234995086,2.0,0,0,2.0,2.0,5.0,84.99374446482724,1.0,0.8885982753858166,0,,0,0,BUY,2.070588235294118,4,0,5,Business & Research Services
BWMX,2026-08-14,,,4.0,0,0,3.0,,2.0,42.5621852039237,2.0,0.6965739410938233,0,,0,0,HOLD,2.7500000000000004,1,1,3,Retail
BWXT,2026-08-14,5.0,0.1844476055002371,5.0,0,0,4.0,1.0,3.0,48.37208313678501,5.0,0.19563305527037975,0,,0,0,SELL,4.11764705882353,1,4,5,Industrial Machinery
BX,2026-08-14,5.0,0.1842028139759089,2.0,0,0,3.0,3.0,4.0,63.93228703706729,3.0,0.5392705886887056,1,1.0,0,0,HOLD,3.2058823529411766,1,1,5,Investment & Brokerage
BXBL,2026-08-14,,,5.0,0,0,5.0,1.0,2.0,37.04197873275339,5.0,0.07031963112400967,0,,0,0,SELL,3.9830508474576267,1,3,4,Construction & Materials
BXC,2026-08-14,2.0,0.7230445900860385,1.0,1,0,3.0,3.0,5.0,70.72943809301961,1.0,0.8938570295955734,0,,0,0,BUY,2.011764705882353,3,0,5,Wholesale Trade
BXDC,2026-08-14,2.0,0.7477165354330708,,0,0,,,4.0,55.980729161298285,3.0,0.4925924251436516,0,,0,0,,,1,0,2,Real Estate & REITs
BXMT,2026-08-14,1.0,0.7699816835179586,5.0,0,0,4.0,1.0,2.0,35.08783615283892,5.0,0.1096931153140277,0,,0,0,HOLD,2.8941176470588235,2,3,5,Investment & Holding Companies
BXP,2026-08-14,3.0,0.4480836145839532,1.0,0,0,3.0,3.0,3.0,49.726503179161384,2.0,0.7194564309079517,0,,0,0,HOLD,2.552941176470588,2,0,5,Investment & Holding Companies
BXSL,2026-08-14,1.0,0.8111074349660119,3.0,0,0,3.0,5.0,4.0,61.88838568820188,3.0,0.577738531373608,1,3.0,0,0,BUY,2.4411764705882355,1,1,5,Other
BY,2026-08-14,2.0,0.6865803109528049,1.0,0,0,2.0,2.0,4.0,61.69887954405592,1.0,0.966677369999199,1,2.0,0,0,STRONG BUY,1.3588235294117648,5,0,5,Banks & Financial Services
BYAH,2026-08-14,5.0,0.04409448818897638,5.0,0,0,5.0,,2.0,41.84619076056182,5.0,0.002916085724145415,0,,0,0,STRONG SELL,5.0,0,4,4,Chemicals
BYD,2026-08-14,2.0,0.6065206438081806,4.0,0,0,3.0,2.0,3.0,45.333206382771074,3.0,0.5238754156022934,0,,0,0,HOLD,2.623529411764706,2,1,5,Hospitality & Leisure
BYFC,2026-08-14,,,1.0,0,0,1.0,3.0,5.0,78.56460794483141,1.0,1.0,0,,0,0,STRONG BUY,1.5084745762711864,3,0,4,Banks & Financial Services
BYND,2026-08-14,5.0,0.060888930844588095,1.0,1,0,1.0,4.0,4.0,69.1438134007037,2.0,0.7003407331760174,0,,0,0,HOLD,2.988235294117647,3,2,5,Food & Beverage
BYRN,2026-08-14,2.0,0.7034629692552276,5.0,0,0,5.0,4.0,2.0,44.60131836735965,5.0,0.04130879459667225,0,,0,0,SELL,3.905882352941177,1,4,5,Industrial Machinery
BZ,2026-08-14,1.0,0.9729133858267717,3.0,0,0,4.0,,3.0,48.83513950822162,4.0,0.23663762295548943,0,,0,0,HOLD,2.7571428571428576,1,2,4,Technology & Software
BZFD,2026-08-14,,,3.0,0,0,3.0,4.0,2.0,39.791518037963684,4.0,0.3565331996122841,0,,0,0,SELL,3.593220338983051,0,2,4,Telecom & Media
BZH,2026-08-14,1.0,0.8197339430866933,1.0,0,0,2.0,3.0,4.0,58.96384948902028,1.0,0.9395261046956096,0,,0,0,STRONG BUY,1.5294117647058825,4,0,5,Construction & Materials
BZUN,2026-08-14,,,1.0,1,0,3.0,,3.0,50.09616581956154,4.0,0.2747663208215717,0,,0,0,HOLD,3.045454545454546,1,1,3,Retail
C,2026-08-14,3.0,0.5528686581318161,2.0,0,0,2.0,4.0,4.0,59.4604522662205,1.0,0.8967381660694245,0,,0,0,BUY,2.423529411764706,3,1,5,Banks & Financial Services
CAAP,2026-08-14,,,5.0,0,1,3.0,,2.0,41.079250734515,3.0,0.5435458350982981,0,,0,0,HOLD,3.4090909090909096,0,1,3,Airlines
CAAS,2026-08-14,,,1.0,0,0,3.0,,4.0,62.71735083149296,2.0,0.705882160446357,0,,0,0,BUY,2.1363636363636367,2,0,3,Automobiles
CABA,2026-08-14,3.0,0.42551181102362207,4.0,0,0,2.0,5.0,3.0,46.59359095670561,3.0,0.4814814553175775,0,,0,0,HOLD,3.282352941176471,1,2,5,Pharmaceuticals & Biotech
CABO,2026-08-14,1.0,0.8938582677165354,5.0,0,0,5.0,4.0,2.0,40.35835439191593,5.0,0.006005376966990373,1,1.0,0,0,HOLD,3.3,1,4,5,Telecom & Media
CABR,2026-08-14,5.0,0.012525252525252526,,0,0,1.0,4.0,3.0,47.869999895833395,2.0,0.7341040271240408,0,,0,0,HOLD,3.223684210526316,2,2,4,Chemicals
CAC,2026-08-14,3.0,0.4514665393149609,1.0,0,0,2.0,3.0,4.0,63.015063562381286,1.0,0.9603357504643236,0,,0,0,BUY,2.1411764705882352,3,0,5,Banks & Financial Services
CACC,2026-08-14,3.0,0.43674898005644663,3.0,0,0,2.0,1.0,3.0,50.11447219047103,2.0,0.7159165110682627,0,,0,0,BUY,2.235294117647059,3,0,5,Banks & Financial Services
CACI,2026-08-14,3.0,0.45300422452520317,2.0,0,0,2.0,3.0,5.0,77.84456554706614,1.0,0.9601368929862365,0,,0,0,BUY,2.2470588235294118,3,0,5,Technology & Software
CADL,2026-08-14,5.0,0.10922289562481126,1.0,0,0,1.0,4.0,5.0,71.22277128035161,1.0,0.9891599021049453,1,1.0,0,0,BUY,2.4529411764705884,3,2,5,Pharmaceuticals & Biotech
CAE,2026-08-14,,,3.0,0,0,4.0,,3.0,50.48931216732435,4.0,0.2773186985331105,0,,0,0,SELL,3.795454545454546,0,2,3,Industrial Machinery
CAES,2026-08-14,,,,0,0,,,2.0,39.369896193087484,,,0,,0,0,,,0,0,0,Investment & Holding Companies
CAF,2026-08-14,,,3.0,0,0,2.0,,3.0,46.4343713810654,2.0,0.7420723720099847,0,,0,0,BUY,2.2045454545454546,2,0,3,Other
CAG,2026-08-14,,,3.0,0,0,4.0,3.0,4.0,63.89801221337728,3.0,0.463235188970994,0,,0,0,HOLD,3.2542372881355934,0,1,4,Food & Beverage
CAH,2026-08-14,4.0,0.3157894736842105,1.0,0,0,2.0,1.0,3.0,54.087109406999566,1.0,0.9468258722582671,0,,0,0,BUY,2.0941176470588236,4,1,5,Wholesale Trade
CAI,2026-08-14,5.0,0.1794201653840523,2.0,0,0,4.0,3.0,4.0,67.6048738018009,4.0,0.2929292656842344,0,,0,0,SELL,3.91764705882353,1,3,5,Healthcare Services
CAII,2026-08-14,,,,0,0,,,4.0,57.734312965247845,,,0,,0,0,,,0,0,0,Investment & Holding Companies
CAKE,2026-08-14,4.0,0.3497404534340335,1.0,0,0,1.0,3.0,5.0,75.93283833668951,1.0,0.9475629835951431,0,,0,0,BUY,2.2705882352941176,3,1,5,Retail
CAL,2026-08-14,1.0,0.8588976377952756,1.0,0,0,3.0,4.0,3.0,51.139137343663066,2.0,0.6924109636121494,0,,0,0,BUY,2.1176470588235294,3,1,5,"Rubber, Plastics & Leather"
CALM,2026-08-14,2.0,0.6718376370997171,3.0,1,0,4.0,3.0,2.0,39.960124448775645,4.0,0.22874591629314084,0,,0,0,HOLD,3.1058823529411765,1,2,5,Agriculture
CALX,2026-08-14,4.0,0.3704683370120545,4.0,0,0,5.0,2.0,4.0,57.143312397462715,5.0,0.1311672951430546,0,,0,0,SELL,4.0588235294117645,1,4,5,Telecom & Media
CALY,2026-08-14,2.0,0.650655187929619,2.0,0,0,1.0,3.0,2.0,34.7192066321185,2.0,0.7178349205763578,0,,0,0,BUY,2.0,4,0,5,Misc Manufacturing
CAMP,2026-08-14,5.0,0.10416499541408873,3.0,0,0,1.0,4.0,5.0,71.52650425001687,2.0,0.7045454521771836,0,,0,0,HOLD,3.2,2,2,5,Pharmaceuticals & Biotech
CAMT,2026-08-14,5.0,0.09543307086614174,2.0,0,0,2.0,,4.0,56.470839482008046,2.0,0.6781151935247551,0,,0,0,HOLD,3.1142857142857148,3,1,4,Medical Devices & Instruments
CANF,2026-08-14,2.0,0.6022047244094488,3.0,0,0,5.0,,3.0,53.69013088430957,5.0,0.06103287499057519,0,,0,0,SELL,3.628571428571429,1,2,4,Pharmaceuticals & Biotech
CANG,2026-08-14,,,5.0,0,0,5.0,,3.0,53.503131153443974,5.0,0.0249042136231563,0,,0,0,STRONG SELL,5.0,0,3,3,Banks & Financial Services
CAPN,2026-08-14,,,1.0,0,0,3.0,3.0,5.0,83.12877824506961,1.0,1.0,0,,0,0,BUY,2.016949152542373,2,0,4,Investment & Holding Companies
CAPR,2026-08-14,2.0,0.6554330708661418,5.0,0,1,5.0,4.0,2.0,33.07765547159737,5.0,0.08891712190179073,0,,0,0,SELL,3.905882352941177,1,4,5,Pharmaceuticals & Biotech
CAQ,2026-08-14,,,,0,0,,,4.0,62.801471110283856,1.0,0.8823559110951542,1,1.0,0,0,,,1,0,1,Investment & Holding Companies
CAR,2026-08-14,,,4.0,0,0,3.0,4.0,2.0,37.57082055896235,5.0,0.08009198154833495,1,1.0,0,0,SELL,3.7847457627118644,0,3,4,Services
CARE,2026-08-14,4.0,0.41253131670142096,1.0,0,0,1.0,1.0,3.0,47.67517917560058,1.0,0.8437844687764781,0,,0,0,BUY,1.9176470588235293,4,1,5,Banks & Financial Services
CARG,2026-08-14,3.0,0.4528212422949265,2.0,0,0,2.0,3.0,4.0,57.420094522210775,1.0,0.8682684181616256,1,1.0,0,0,BUY,1.9470588235294117,3,0,5,Technology & Software
CARL,2026-08-14,4.0,0.2658267716535433,2.0,0,0,2.0,3.0,5.0,71.05138711467816,2.0,0.6727941021787252,0,,0,0,HOLD,2.7882352941176474,3,1,5,Medical Devices & Instruments
CARR,2026-08-14,4.0,0.27513275997554765,3.0,0,0,4.0,3.0,2.0,40.922446475623296,3.0,0.5008563283147759,0,,0,0,HOLD,3.482352941176471,0,2,5,Industrial Machinery
CARS,2026-08-14,2.0,0.6235904159931912,1.0,1,0,3.0,2.0,4.0,57.795153216771965,2.0,0.7729468858694492,1,1.0,0,0,BUY,1.7705882352941178,4,0,5,Technology & Software
CART,2026-08-14,4.0,0.34879926543479695,1.0,0,0,2.0,2.0,4.0,57.66458439205747,1.0,0.9047078727514005,0,,0,0,BUY,2.270588235294118,4,1,5,Services
CASH,2026-08-14,1.0,0.9759251217324089,2.0,0,0,3.0,1.0,3.0,46.69810733063842,2.0,0.6062683083979146,0,,0,0,STRONG BUY,1.6941176470588233,4,0,5,Banks & Financial Services
CASS,2026-08-14,4.0,0.3530818913390652,1.0,0,0,2.0,1.0,5.0,73.56606709165084,1.0,0.9942321131446179,0,,0,0,BUY,2.0941176470588236,4,1,5,Services
CASY,2026-08-14,4.0,0.3438126315071564,1.0,0,0,1.0,1.0,3.0,50.712977567826044,1.0,0.8364588897326107,1,1.0,0,0,STRONG BUY,1.6176470588235292,4,1,5,Retail
CAT,2026-08-14,4.0,0.27765198787653145,3.0,0,0,2.0,2.0,3.0,46.57533482537094,2.0,0.6867552270417357,0,,0,0,HOLD,2.7176470588235295,3,1,5,Industrial Machinery
CATO,2026-08-14,,,1.0,1,0,3.0,2.0,3.0,54.66873586954084,4.0,0.3592233571539762,0,,0,0,HOLD,2.7796610169491527,2,1,4,Retail
CATX,2026-08-14,4.0,0.41771816423783237,4.0,0,0,5.0,4.0,4.0,55.663451499425626,4.0,0.3194444582418154,0,,0,0,SELL,4.176470588235294,0,5,5,Pharmaceuticals & Biotech
CATY,2026-08-14,2.0,0.6654474994057245,1.0,0,0,2.0,1.0,4.0,65.37999475352132,1.0,1.0,0,,0,0,STRONG BUY,1.4823529411764707,5,0,5,Banks & Financial Services
CAVA,2026-08-14,5.0,0.16523499403812772,2.0,0,0,3.0,3.0,4.0,61.69485913155128,3.0,0.5730482983932821,0,,0,0,SELL,3.5058823529411764,1,1,5,Retail
CB,2026-08-14,3.0,0.5804285755335389,1.0,0,0,3.0,1.0,3.0,45.27962177551454,2.0,0.7950912997589353,0,,0,0,BUY,2.2,3,0,5,Insurance
CBAN,2026-08-14,2.0,0.7231915562782324,1.0,0,0,2.0,4.0,4.0,64.77574372601784,1.0,1.0,1,2.0,0,0,STRONG BUY,1.7117647058823533,4,1,5,Banks & Financial Services
CBC,2026-08-14,2.0,0.5912754860123282,,0,0,1.0,,4.0,55.13574871303701,1.0,0.9226864272988,0,,0,0,STRONG BUY,1.4262295081967213,3,0,3,Banks & Financial Services
CBFV,2026-08-14,3.0,0.5144729429357424,1.0,0,0,3.0,2.0,3.0,51.951364801563315,1.0,0.8489766126240494,0,,0,0,BUY,2.1411764705882352,3,0,5,Banks & Financial Services
CBIO,2026-08-14,4.0,0.25649323166843596,2.0,0,0,2.0,2.0,3.0,54.47109707614368,3.0,0.45454544493374,0,,0,0,HOLD,2.8470588235294123,3,1,5,Pharmaceuticals & Biotech
CBK,2026-08-14,2.0,0.6500021764103678,1.0,0,0,1.0,2.0,4.0,64.21075040239458,1.0,0.9883441702907193,0,,0,0,STRONG BUY,1.4823529411764707,5,0,5,Banks & Financial Services
CBL,2026-08-14,4.0,0.2641306067621308,1.0,0,0,1.0,1.0,4.0,59.23216775374701,1.0,0.9414259867870745,0,,0,0,BUY,1.9176470588235293,4,1,5,Investment & Holding Companies
CBLL,2026-08-14,5.0,0.19486024814360214,2.0,0,0,2.0,4.0,5.0,77.84400336816282,1.0,0.99200636453716,0,,0,0,HOLD,3.035294117647059,3,2,5,Medical Devices & Instruments
CBNA,2026-08-14,2.0,0.7083926031294452,1.0,0,0,1.0,,4.0,59.0373903466765,1.0,0.9232557429823764,1,2.0,0,0,STRONG BUY,1.0714285714285714,4,0,4,Banks & Financial Services
CBNK,2026-08-14,2.0,0.6833205898915549,1.0,0,0,2.0,1.0,4.0,61.76932685250736,1.0,0.9792494477595819,0,,0,0,STRONG BUY,1.4823529411764707,5,0,5,Banks & Financial Services
CBOE,2026-08-14,4.0,0.2613880281478176,2.0,0,1,3.0,1.0,4.0,56.79674541623609,3.0,0.4834280259716118,0,,0,0,HOLD,2.847058823529412,2,1,5,Investment & Brokerage
CBRE,2026-08-14,3.0,0.42965049978458625,2.0,0,0,3.0,3.0,4.0,62.902604515242366,2.0,0.6008090374131074,0,,0,0,HOLD,2.658823529411765,2,0,5,Real Estate & REITs
CBRL,2026-08-14,2.0,0.6041011865198568,1.0,0,0,2.0,2.0,4.0,61.10068694465679,1.0,0.9177286397771524,0,,0,0,STRONG BUY,1.6588235294117648,5,0,5,Retail
CBRS,2026-08-14,,,,0,0,,,3.0,49.8405660109931,4.0,0.3539809917559724,0,,0,0,,,0,1,1,Semiconductors & Chips
CBSH,2026-08-14,2.0,0.716927453769559,1.0,0,0,3.0,,4.0,62.830694825235724,1.0,0.9954158908207359,1,1.0,0,0,STRONG BUY,1.5,3,0,4,Banks & Financial Services
CBT,2026-08-14,3.0,0.5709701813842062,1.0,0,0,2.0,2.0,3.0,50.83381351098564,1.0,0.8456489170892905,0,,0,0,BUY,1.9647058823529413,4,0,5,Chemicals
CBU,2026-08-14,2.0,0.6533902323376007,3.0,0,0,3.0,1.0,3.0,50.08283002299218,2.0,0.7223207096027767,0,,0,0,BUY,2.1058823529411765,3,0,5,Banks & Financial Services
CBUS,2026-08-14,4.0,0.28017443296187394,3.0,0,0,4.0,3.0,3.0,46.91461594073186,4.0,0.21107265294148486,0,,0,0,SELL,3.717647058823529,0,3,5,Chemicals
CBZ,2026-08-14,2.0,0.6204137257806217,1.0,1,0,2.0,2.0,5.0,79.8552415480231,2.0,0.7078706178409955,1,2.0,0,0,STRONG BUY,1.5941176470588236,5,0,5,Services
CC,2026-08-14,1.0,0.8864646464646465,4.0,0,0,4.0,3.0,2.0,44.212131403326204,4.0,0.3128804483881522,0,,0,0,HOLD,2.905882352941177,1,3,5,Chemicals
CCAP,2026-08-14,1.0,0.9008864801665961,4.0,0,0,4.0,2.0,3.0,48.59081496711096,5.0,0.15227055660718983,0,,0,0,HOLD,2.964705882352941,2,3,5,Other
CCAQ,2026-08-14,,,1.0,0,0,3.0,3.0,4.0,66.58210339256247,1.0,1.0,0,,0,0,BUY,2.016949152542373,2,0,4,Investment & Holding Companies
CCB,2026-08-14,3.0,0.585754489465216,5.0,0,0,5.0,3.0,2.0,40.37131603036851,5.0,0.1588666981421807,0,,0,0,SELL,4.03529411764706,0,3,5,Banks & Financial Services
CCBG,2026-08-14,2.0,0.6282060262099591,1.0,0,0,2.0,1.0,4.0,60.32345792805643,1.0,0.9761136008505901,0,,0,0,STRONG BUY,1.4823529411764707,5,0,5,Banks & Financial Services
CCC,2026-08-14,3.0,0.43595359431745095,2.0,0,0,3.0,3.0,4.0,69.39861338234967,3.0,0.4733218635255928,0,,0,0,HOLD,2.894117647058824,1,0,5,Technology & Software
CCCC,2026-08-14,4.0,0.35029567953844004,2.0,0,0,1.0,3.0,4.0,63.80693216573624,1.0,0.8547296285019742,0,,0,0,BUY,2.376470588235294,3,1,5,Pharmaceuticals & Biotech
CCCT,2026-08-14,,,,0,0,,,,,,,0,,0,0,,,0,0,0,Investment & Holding Companies
CCD,2026-08-14,,,1.0,0,0,2.0,,4.0,60.45455081701607,1.0,0.9869262623439649,0,,0,0,STRONG BUY,1.340909090909091,3,0,3,Other
CCEC,2026-08-14,1.0,0.813228346456693,1.0,0,0,3.0,,3.0,53.799805905083225,1.0,0.8620209021938949,0,,0,0,STRONG BUY,1.4285714285714286,3,0,4,Transportation & Logistics
CCEL,2026-08-14,,,2.0,0,0,3.0,3.0,4.0,65.93621315704219,3.0,0.5245098423059568,0,,0,0,HOLD,2.847457627118644,1,0,4,Healthcare Services
CCEP,2026-08-14,,,1.0,0,0,2.0,,3.0,54.2387380731704,1.0,0.8533429407013525,0,,0,0,STRONG BUY,1.340909090909091,3,0,3,Food & Beverage
CCG,2026-08-14,4.0,0.31181102362204727,1.0,0,0,1.0,,5.0,78.25813990615961,1.0,0.9957927819510533,0,,0,0,BUY,2.1142857142857143,3,1,4,Insurance
CCHH,2026-08-14,4.0,0.35023622047244096,5.0,0,0,5.0,,2.0,35.367228444189195,5.0,0.0008670134578449715,0,,0,0,STRONG SELL,4.628571428571429,0,4,4,Retail
CCI,2026-08-14,5.0,0.06699529674362126,5.0,0,0,4.0,2.0,3.0,47.54959090898256,5.0,0.09324744653988369,0,,0,0,STRONG SELL,4.294117647058823,1,4,5,Investment & Holding Companies
CCIF,2026-08-14,,,4.0,0,0,5.0,,4.0,58.73815215027478,5.0,0.11663175908303106,1,1.0,0,0,STRONG SELL,4.495454545454546,0,3,3,Other
CCII,2026-08-14,,,2.0,0,0,3.0,3.0,3.0,48.70725970931985,2.0,0.7812507450587702,0,,0,0,HOLD,2.508474576271186,2,0,4,Investment & Holding Companies
CCJ,2026-08-14,,,4.0,0,0,3.0,,4.0,56.92765635041942,3.0,0.42986596821323697,0,,0,0,HOLD,3.2045454545454555,0,1,3,Mining & Minerals
CCK,2026-08-14,3.0,0.49285469870444465,1.0,0,0,3.0,1.0,4.0,56.68714482147424,1.0,0.9152483619593135,0,,0,0,BUY,1.964705882352941,3,0,5,Industrial Machinery
CCL,2026-08-14,2.0,0.7586533902323376,3.0,0,0,4.0,1.0,3.0,52.64735552574659,3.0,0.45598069207237396,0,,0,0,HOLD,2.51764705882353,2,1,5,Transportation & Logistics
CCLD,2026-08-14,3.0,0.4537828911261821,3.0,0,0,3.0,3.0,4.0,58.430384673363136,4.0,0.28977272342428684,0,,0,0,HOLD,3.2352941176470593,0,1,5,Technology & Software
CCM,2026-08-14,,,2.0,0,0,3.0,,3.0,52.280486454360876,4.0,0.38328534615525994,0,,0,0,HOLD,3.2500000000000004,1,1,3,Healthcare Services
CCNE,2026-08-14,1.0,0.8193077086320238,1.0,0,0,2.0,2.0,4.0,55.17039455204082,1.0,0.9405774915885705,1,1.0,0,0,STRONG BUY,1.0529411764705885,5,0,5,Banks & Financial Services
CCO,2026-08-14,5.0,0.14604077761972498,3.0,0,0,2.0,2.0,1.0,29.057221311219166,1.0,0.9218748937710264,0,,0,0,HOLD,2.7882352941176474,3,1,5,Services
CCOI,2026-08-14,,,5.0,0,0,5.0,4.0,2.0,44.63422392996792,5.0,0.03967831706904216,0,,0,0,STRONG SELL,4.745762711864407,0,4,4,Telecom & Media
CCS,2026-08-14,1.0,0.8387930111225589,1.0,1,0,3.0,2.0,4.0,55.654509035267445,1.0,0.8682912454036174,0,,0,0,STRONG BUY,1.5294117647058825,4,0,5,Construction & Materials
CCSI,2026-08-14,4.0,0.3821246245035859,1.0,0,0,1.0,2.0,4.0,59.92028035355545,1.0,0.998409396534471,0,,0,0,BUY,2.0941176470588236,4,1,5,Technology & Software
CCU,2026-08-14,,,3.0,0,0,4.0,,3.0,54.33400021384924,4.0,0.26553000924593717,0,,0,0,SELL,3.795454545454546,0,2,3,Food & Beverage
CCXI,2026-08-14,,,,0,0,1.0,,4.0,63.96696115420288,2.0,0.7746947130879889,0,,0,0,,,2,0,2,Industrial Machinery
CCZ,2026-08-14,1.0,0.8349928876244664,4.0,0,0,3.0,1.0,1.0,15.181598991866565,3.0,0.5099267293682066,0,,0,0,BUY,2.1411764705882352,2,1,5,Telecom & Media
CD,2026-08-14,5.0,0.12184882102460938,4.0,0,0,4.0,3.0,4.0,57.17705568068295,5.0,0.039529267059723004,0,,0,0,STRONG SELL,4.364705882352941,0,4,5,Banks & Financial Services
CDE,2026-08-14,4.0,0.41631627983291253,3.0,0,0,3.0,2.0,4.0,62.406376197954856,3.0,0.47647090562369626,0,,0,0,HOLD,3.129411764705882,1,1,5,Mining & Minerals
CDIO,2026-08-14,3.0,0.4624612722219823,4.0,0,0,3.0,5.0,4.0,60.69982351606872,5.0,0.1799999939311637,0,,0,0,SELL,3.929411764705882,0,3,5,Pharmaceuticals & Biotech
CDLR,2026-08-14,,,2.0,0,1,3.0,,3.0,51.69124689290394,3.0,0.521611797671246,0,,0,0,HOLD,2.795454545454546,1,0,3,Transportation & Logistics
CDLX,2026-08-14,1.0,0.9709090909090909,5.0,0,0,5.0,3.0,3.0,52.29950408306898,5.0,0.028768234021468452,0,,0,0,HOLD,3.423529411764706,1,3,5,Technology & Software
CDNA,2026-08-14,4.0,0.2582680466610438,1.0,0,0,1.0,3.0,4.0,65.30325820996906,1.0,0.9302646399001365,0,,0,0,BUY,2.2705882352941176,3,1,5,Healthcare Services
CDNL,2026-08-14,5.0,0.010905642484589853,,0,0,1.0,2.0,2.0,30.096849984007903,4.0,0.24059211725075264,1,1.0,0,0,HOLD,3.055263157894737,2,2,4,Construction & Materials
CDNS,2026-08-14,5.0,0.11914875192832686,4.0,0,0,3.0,2.0,2.0,37.2552310913941,4.0,0.39248987825971465,1,1.0,0,0,HOLD,3.4764705882352938,1,3,5,Technology & Software
CDP,2026-08-14,4.0,0.2695031431522363,1.0,0,0,2.0,4.0,3.0,50.04121199174244,1.0,0.8819122568629867,0,,0,0,HOLD,2.623529411764706,3,2,5,Investment & Holding Companies
CDRE,2026-08-14,4.0,0.3870526648137359,3.0,0,0,4.0,2.0,4.0,62.34726251453829,4.0,0.3738816107743012,0,,0,0,SELL,3.541176470588235,1,3,5,Medical Devices & Instruments
CDRO,2026-08-14,,,3.0,0,0,3.0,,3.0,49.23885255301277,2.0,0.7840671410713241,0,,0,0,HOLD,2.545454545454546,1,0,3,Hospitality & Leisure
CDT,2026-08-14,1.0,0.984251968503937,3.0,0,0,5.0,3.0,4.0,55.92366106914663,5.0,0.007541504547994862,0,,0,0,HOLD,3.211764705882353,1,2,5,Pharmaceuticals & Biotech
CDTG,2026-08-14,1.0,0.8592125984251968,4.0,0,0,5.0,,4.0,60.033593403524186,5.0,0.046564854451679495,0,,0,0,HOLD,3.3857142857142852,1,3,4,Utilities
CDW,2026-08-14,3.0,0.4855088522378294,1.0,1,0,3.0,3.0,3.0,50.97871780961698,3.0,0.5861357455524802,0,,0,0,HOLD,2.7882352941176474,1,0,5,Retail
CDXS,2026-08-14,4.0,0.41541064533976113,4.0,0,0,3.0,4.0,2.0,38.106678084872456,4.0,0.27358488444120754,0,,0,0,SELL,3.823529411764706,0,4,5,Chemicals
CDZI,2026-08-14,5.0,0.10502155952006269,5.0,0,0,4.0,4.0,3.0,50.371049037922766,5.0,0.12436548284784091,0,,0,0,STRONG SELL,4.647058823529412,0,5,5,Utilities
CDZIP,2026-08-14,5.0,0.03047610360303313,3.0,0,0,2.0,4.0,4.0,56.72642368886841,1.0,0.8786903122689191,0,,0,0,HOLD,3.1411764705882352,2,2,5,Utilities
CE,2026-08-14,1.0,0.7807836027071926,5.0,0,1,4.0,3.0,3.0,50.29937706379504,4.0,0.3021809436559863,0,,0,0,HOLD,3.011764705882354,1,3,5,Chemicals
CECO,2026-08-14,4.0,0.3636163925135162,3.0,0,0,2.0,3.0,4.0,57.04864556018951,2.0,0.6353068884595218,0,,0,0,HOLD,2.8941176470588235,2,1,5,Industrial Machinery
CEE,2026-08-14,,,2.0,0,0,2.0,,4.0,59.97039758304603,1.0,0.9471247788074478,0,,0,0,STRONG BUY,1.5454545454545454,3,0,3,Other
CEG,2026-08-14,4.0,0.352422668002241,3.0,0,0,4.0,2.0,4.0,62.85933547991097,4.0,0.27740595923111777,0,,0,0,SELL,3.541176470588235,1,3,5,Utilities
CELC,2026-08-14,5.0,0.011968503937007874,5.0,0,1,3.0,3.0,3.0,49.7985342510568,3.0,0.4689254345948398,0,,0,0,SELL,3.823529411764706,0,2,5,Healthcare Services
CELH,2026-08-14,4.0,0.2927719119306074,5.0,0,0,5.0,3.0,3.0,51.51919649158804,5.0,0.12947188306323623,0,,0,0,STRONG SELL,4.341176470588236,0,4,5,Food & Beverage
CELZ,2026-08-14,3.0,0.4396816010419357,5.0,0,0,5.0,3.0,4.0,55.9290295124212,5.0,0.11463187237471875,0,,0,0,SELL,4.03529411764706,0,3,5,Pharmaceuticals & Biotech
CENN,2026-08-14,1.0,0.9466395594048659,5.0,0,0,5.0,4.0,3.0,51.98545746111165,5.0,0.008740271089742142,0,,0,0,SELL,3.5999999999999996,1,4,5,Automobiles
CENT,2026-08-14,2.0,0.6372688477951636,1.0,0,0,2.0,1.0,3.0,49.67998323275987,1.0,0.8399771552657699,0,,0,0,STRONG BUY,1.4823529411764707,5,0,5,Wholesale Trade
CENTA,2026-08-14,2.0,0.7207207207207207,2.0,0,0,3.0,1.0,3.0,47.00515535968614,1.0,0.8080948792274136,0,,0,0,BUY,1.764705882352941,4,0,5,Wholesale Trade
CENX,2026-08-14,4.0,0.4129117677074002,4.0,0,0,2.0,2.0,3.0,48.16926186795434,3.0,0.531648316807231,0,,0,0,HOLD,3.058823529411765,2,2,5,Metals
CEPF,2026-08-14,,,1.0,0,0,3.0,,3.0,52.63721034561602,2.0,0.6153846153846154,0,,0,0,BUY,2.1363636363636367,2,0,3,Investment & Holding Companies
CEPL,2026-08-14,2.0,0.705050505050505,,0,0,,3.0,1.0,28.633624320025774,,,0,,0,0,,,1,0,2,Industrial Machinery
CEPO,2026-08-14,,,1.0,0,0,3.0,,3.0,54.49816993930342,1.0,1.0,0,,0,0,STRONG BUY,1.6818181818181817,2,0,3,Investment & Holding Companies
CEPS,2026-08-14,,,,0,0,3.0,,3.0,54.4611638380003,1.0,0.8974358347353137,0,,0,0,,,1,0,2,Investment & Holding Companies
CEPU,2026-08-14,,,5.0,0,0,4.0,,2.0,34.406313581558635,3.0,0.529698107318809,0,,0,0,SELL,3.750000000000001,0,2,3,Utilities
CEPV,2026-08-14,,,,0,0,3.0,,2.0,42.76919112608391,2.0,0.7837839231080513,0,,0,0,,,1,0,2,Investment & Holding Companies
CERS,2026-08-14,4.0,0.32399812804842676,2.0,0,0,1.0,3.0,4.0,59.54255758434963,1.0,0.8584905888483421,0,,0,0,BUY,2.376470588235294,3,1,5,Medical Devices & Instruments
CERT,2026-08-14,2.0,0.5915516692830939,2.0,0,0,3.0,3.0,4.0,59.451056119852566,4.0,0.38596489485244373,0,,0,0,HOLD,2.823529411764706,2,1,5,Technology & Software
CET,2026-08-14,,,1.0,0,0,3.0,,4.0,63.082109267494396,1.0,0.9424366344803355,0,,0,0,STRONG BUY,1.6818181818181817,2,0,3,Other
CETX,2026-08-14,2.0,0.7419532365077972,5.0,0,0,5.0,3.0,3.0,48.71974475186457,5.0,0.0027703619221051976,0,,0,0,SELL,3.7294117647058824,1,3,5,Construction & Materials
CEV,2026-08-14,,,2.0,0,0,3.0,,4.0,57.590102022348816,1.0,0.9242355609036264,0,,0,0,BUY,1.8863636363636362,2,0,3,Other
CEVA,2026-08-14,4.0,0.41448818897637796,3.0,0,0,2.0,3.0,3.0,45.20175308766761,3.0,0.4891932595174948,1,3.0,0,0,HOLD,2.829411764705883,1,1,5,Technology & Software
CF,2026-08-14,3.0,0.4812975767145668,1.0,0,0,2.0,1.0,3.0,49.65881025530933,2.0,0.6960783707212466,0,,0,0,BUY,2.0235294117647062,4,0,5,Chemicals
CFBK,2026-08-14,1.0,0.7761972498814604,1.0,0,0,2.0,2.0,4.0,66.45955146072961,1.0,0.9815679468656681,0,,0,0,STRONG BUY,1.3529411764705885,5,0,5,Banks & Financial Services
CFFI,2026-08-14,2.0,0.6990762110959067,1.0,0,0,2.0,2.0,4.0,63.69129542461172,1.0,0.989880563597761,0,,0,0,STRONG BUY,1.6588235294117648,5,0,5,Banks & Financial Services
CFFN,2026-08-14,3.0,0.46597638219826626,1.0,0,0,2.0,1.0,3.0,52.57161849938655,1.0,0.8897864736702877,0,,0,0,BUY,1.7882352941176471,4,0,5,Banks & Financial Services
CFG,2026-08-14,3.0,0.4655139739762604,1.0,0,0,2.0,1.0,4.0,65.04230630434861,1.0,1.0,0,,0,0,BUY,1.7882352941176471,4,0,5,Banks & Financial Services
CFND,2026-08-14,,,5.0,0,0,5.0,,1.0,25.13642552210645,5.0,0.0,0,,0,0,STRONG SELL,5.0,0,3,3,Other
CFR,2026-08-14,2.0,0.6391654812707445,1.0,0,0,2.0,2.0,4.0,68.37919250467563,1.0,1.0,0,,0,0,STRONG BUY,1.6588235294117648,5,0,5,Banks & Financial Services
CG,2026-08-14,3.0,0.4275413054931259,3.0,0,0,4.0,5.0,4.0,57.69450533338443,4.0,0.3194120955033933,0,,0,0,SELL,3.7647058823529416,0,3,5,Investment & Brokerage
CGAU,2026-08-14,,,1.0,0,0,1.0,,5.0,71.5393554577928,1.0,0.9844286025030377,0,,0,0,STRONG BUY,1.0,3,0,3,Mining & Minerals
CGBD,2026-08-14,1.0,0.8588999147138959,4.0,0,0,3.0,5.0,4.0,66.69738938960111,3.0,0.5999355472746455,1,3.0,0,0,HOLD,2.547058823529412,1,2,5,Other
CGC,2026-08-14,1.0,0.7791137184567756,4.0,0,0,4.0,3.0,4.0,61.74313288274469,5.0,0.15333959845644712,0,,0,0,HOLD,3.141176470588235,1,3,5,Pharmaceuticals & Biotech
CGEM,2026-08-14,4.0,0.36440944881889764,1.0,0,0,1.0,5.0,4.0,69.81866087657892,1.0,1.0,0,,0,0,HOLD,2.6235294117647054,3,2,5,Pharmaceuticals & Biotech
CGEN,2026-08-14,3.0,0.488503937007874,1.0,0,0,1.0,,3.0,53.579701098700994,2.0,0.610169563441404,0,,0,0,BUY,2.028571428571429,3,0,4,Pharmaceuticals & Biotech
CGNT,2026-08-14,4.0,0.3618897637795276,2.0,0,1,2.0,,3.0,52.12930471183886,3.0,0.47118642588382176,0,,0,0,HOLD,3.028571428571429,2,1,4,Technology & Software
CGNX,2026-08-14,5.0,0.17570297955835257,2.0,0,0,2.0,1.0,3.0,52.20151602417902,1.0,0.8199804198802942,0,,0,0,HOLD,2.5058823529411764,4,1,5,Medical Devices & Instruments
CGO,2026-08-14,,,2.0,0,0,2.0,,4.0,60.93026003276724,1.0,0.8424402186467121,0,,0,0,STRONG BUY,1.5454545454545454,3,0,3,Other
CGON,2026-08-14,5.0,0.19275590551181102,1.0,0,0,1.0,5.0,4.0,56.10618254015878,1.0,0.961247819216015,0,,0,0,HOLD,2.929411764705882,3,2,5,Pharmaceuticals & Biotech
CGTL,2026-08-14,5.0,0.24976377952755904,5.0,0,0,5.0,,3.0,48.99937361541088,5.0,0.01022192001371238,0,,0,0,STRONG SELL,5.0,0,4,4,Wholesale Trade
CGTX,2026-08-14,4.0,0.39874015748031494,5.0,0,0,4.0,4.0,3.0,48.227679402747995,5.0,0.16054156894733174,0,,0,0,STRONG SELL,4.341176470588236,0,5,5,Pharmaceuticals & Biotech
CHA,2026-08-14,1.0,0.9647244094488189,5.0,0,0,4.0,,2.0,39.00894304492848,5.0,0.08696708637396594,0,,0,0,HOLD,3.3,1,3,4,Retail
CHAR,2026-08-14,,,1.0,0,0,3.0,4.0,5.0,74.77099950912836,1.0,1.0,0,,0,0,BUY,2.2711864406779663,2,1,4,Investment & Holding Companies
CHCI,2026-08-14,3.0,0.49928876244665726,2.0,0,0,2.0,4.0,4.0,66.01000030726061,2.0,0.7308534738789213,0,,0,0,HOLD,2.658823529411765,3,1,5,Real Estate & REITs
CHCO,2026-08-14,2.0,0.6552868658131816,1.0,0,0,2.0,1.0,5.0,71.57907706476863,1.0,0.9789857792702901,1,4.0,0,0,STRONG BUY,1.1823529411764706,5,0,5,Banks & Financial Services
CHCT,2026-08-14,3.0,0.5219260233219902,4.0,0,0,3.0,2.0,1.0,26.96547051351277,3.0,0.42410613846855966,0,,0,0,HOLD,2.929411764705882,1,1,5,Investment & Holding Companies
CHD,2026-08-14,4.0,0.29919393077287815,1.0,0,0,3.0,2.0,4.0,55.578033887807386,1.0,0.8487494971863169,0,,0,0,BUY,2.447058823529412,3,1,5,Chemicals
CHDN,2026-08-14,3.0,0.4318913349049254,4.0,0,0,4.0,2.0,4.0,60.71970131806163,4.0,0.2448519337772802,0,,0,0,HOLD,3.3411764705882354,1,3,5,Hospitality & Leisure
CHE,2026-08-14,4.0,0.3684210526315789,1.0,0,0,2.0,2.0,4.0,58.95857330643816,1.0,0.8925439288814018,0,,0,0,BUY,2.270588235294118,4,1,5,Healthcare Services
CHEC,2026-08-14,,,,0,0,3.0,3.0,5.0,73.76695106028495,1.0,1.0,0,,0,0,BUY,2.1999999999999997,1,0,3,Investment & Holding Companies
CHEF,2026-08-14,4.0,0.39001991281041476,1.0,0,0,1.0,1.0,4.0,59.636821032469754,1.0,0.8967901787149563,0,,0,0,BUY,1.9176470588235293,4,1,5,Wholesale Trade
CHH,2026-08-14,4.0,0.31233806888359256,3.0,0,0,4.0,2.0,2.0,41.76824239942338,3.0,0.5450135785345523,0,,0,0,HOLD,3.3058823529411767,1,2,5,Hospitality & Leisure
CHI,2026-08-14,,,2.0,0,0,2.0,,4.0,60.973662794696445,1.0,0.9892098745668224,0,,0,0,STRONG BUY,1.5454545454545454,3,0,3,Other
CHKP,2026-08-14,4.0,0.25417322834645667,4.0,0,0,5.0,,3.0,51.994192964405784,4.0,0.2038331162892901,0,,0,0,SELL,4.214285714285714,0,4,4,Technology & Software
CHMG,2026-08-14,4.0,0.4049312470365102,1.0,0,0,1.0,,4.0,68.92762671921625,1.0,1.0,0,,0,0,BUY,2.1142857142857143,3,1,4,Banks & Financial Services
CHMI,2026-08-14,1.0,0.9181102362204724,2.0,0,0,2.0,,5.0,81.05882113617106,1.0,1.0,0,,0,0,STRONG BUY,1.342857142857143,4,0,4,Investment & Holding Companies
CHNR,2026-08-14,,,3.0,0,0,2.0,,4.0,58.176949373901465,4.0,0.23857869126113623,0,,0,0,HOLD,3.113636363636364,1,1,3,Mining & Minerals
CHPG,2026-08-14,,,1.0,0,0,3.0,3.0,5.0,91.27028340135375,1.0,1.0,0,,0,0,BUY,2.016949152542373,2,0,4,Investment & Holding Companies
CHPT,2026-08-14,1.0,0.8925252525252525,5.0,0,0,4.0,2.0,3.0,54.499558332541085,4.0,0.2103274165886251,0,,0,0,HOLD,2.835294117647059,2,3,5,Industrial Machinery
CHR,2026-08-14,1.0,0.9776377952755907,5.0,0,0,5.0,,3.0,47.390524251259926,5.0,0.0018490505007140836,0,,0,0,SELL,3.5142857142857147,1,3,4,Technology & Software
CHRD,2026-08-14,2.0,0.6373897692783145,1.0,0,0,2.0,3.0,4.0,55.59390538431752,1.0,0.8332649234387753,0,,0,0,BUY,1.835294117647059,4,0,5,Oil & Gas
CHRN,2026-08-14,5.0,0.02897637795275591,2.0,0,0,1.0,5.0,3.0,48.641361590992204,2.0,0.6720693893883437,1,3.0,0,0,HOLD,2.970588235294118,3,2,5,Industrial Machinery
CHRS,2026-08-14,3.0,0.5260901398854734,5.0,0,0,4.0,3.0,2.0,36.01064084545073,5.0,0.12080541315779325,0,,0,0,SELL,3.858823529411765,0,3,5,Pharmaceuticals & Biotech
CHRW,2026-08-14,4.0,0.39301121854752064,4.0,0,0,3.0,2.0,2.0,34.35294671974975,4.0,0.3255736158443477,0,,0,0,HOLD,3.4705882352941173,1,3,5,Transportation & Logistics
CHSN,2026-08-14,1.0,0.8494488188976378,4.0,0,0,5.0,,1.0,29.868657037094636,5.0,0.00038550507473441485,0,,0,0,HOLD,3.3857142857142852,1,3,4,Food & Beverage
CHT,2026-08-14,,,4.0,0,0,3.0,,3.0,51.901076691797755,2.0,0.6365910689586188,0,,0,0,HOLD,2.7500000000000004,1,1,3,Telecom & Media
CHTR,2026-08-14,1.0,0.9743954480796587,3.0,0,0,5.0,2.0,4.0,58.995392948361605,5.0,0.19419185935000216,0,,0,0,HOLD,3.0352941176470583,2,2,5,Telecom & Media
CHW,2026-08-14,,,3.0,0,0,2.0,,4.0,56.607980708404725,1.0,0.8468235453663364,0,,0,0,BUY,1.7500000000000002,2,0,3,Other
CHWY,2026-08-14,5.0,0.21431958274063537,3.0,0,0,4.0,2.0,3.0,52.3392745673994,5.0,0.19782431629586464,0,,0,0,SELL,4.08235294117647,1,3,5,Retail
CHY,2026-08-14,,,2.0,0,0,2.0,,4.0,63.064851242718674,1.0,0.9637256997851775,0,,0,0,STRONG BUY,1.5454545454545454,3,0,3,Other
CHYM,2026-08-14,1.0,0.9955951607341427,1.0,1,0,2.0,3.0,5.0,77.01320821812097,1.0,0.9898348253024947,0,,0,0,STRONG BUY,1.5294117647058825,4,0,5,Banks & Financial Services
CI,2026-08-14,2.0,0.744862133849333,3.0,0,0,4.0,1.0,3.0,49.80440917209316,2.0,0.6451184927782921,0,,0,0,BUY,2.2823529411764705,3,1,5,Insurance
CIA,2026-08-14,,,5.0,0,1,5.0,1.0,1.0,29.04498853792863,5.0,0.0939849593733858,1,1.0,0,0,SELL,3.683050847457627,1,3,4,Insurance
CIEN,2026-08-14,5.0,0.10029180980767713,2.0,0,0,1.0,2.0,3.0,53.748959519633885,2.0,0.6331519528417687,0,,0,0,HOLD,2.7411764705882353,4,1,5,Industrial Machinery
CIFR,2026-08-14,5.0,0.09862568545394282,4.0,0,0,2.0,4.0,2.0,44.41140570254209,3.0,0.5275343914569243,0,,0,0,SELL,3.7176470588235295,1,3,5,Banks & Financial Services
CIG,2026-08-14,,,4.0,0,0,4.0,,1.0,29.148564240496512,5.0,0.18077401424471526,0,,0,0,STRONG SELL,4.454545454545455,0,3,3,Utilities
CIG.C,2026-08-14,,,3.0,0,0,3.0,,2.0,33.97034450157733,3.0,0.40045862873282906,0,,0,0,HOLD,3.0000000000000004,0,0,3,Utilities
CIGI,2026-08-14,4.0,0.4135433070866142,3.0,0,0,4.0,,4.0,59.28192899889047,4.0,0.2088233892015657,0,,0,0,SELL,3.8714285714285714,0,3,4,Real Estate & REITs
CII,2026-08-14,,,3.0,0,0,2.0,,3.0,49.27076472780643,1.0,0.8035259710218916,0,,0,0,BUY,1.7500000000000002,2,0,3,Other
CIIT,2026-08-14,4.0,0.41949802514289947,2.0,0,0,5.0,5.0,4.0,65.08505976927103,3.0,0.4886778928933076,0,,0,0,SELL,3.905882352941177,1,3,5,Computer Hardware
CIK,2026-08-14,,,5.0,0,0,4.0,,3.0,47.40054603114239,5.0,0.1542687608267071,0,,0,0,STRONG SELL,4.659090909090909,0,3,3,Other
CIM,2026-08-14,1.0,0.933361532365309,5.0,0,1,4.0,4.0,2.0,34.37277625165355,3.0,0.40999460098339946,0,,0,0,HOLD,2.952941176470588,1,3,5,Investment & Holding Companies
CINF,2026-08-14,3.0,0.5510026506985857,2.0,0,0,3.0,2.0,2.0,42.63477613117156,3.0,0.5856938722357585,0,,0,0,HOLD,2.7176470588235295,2,0,5,Insurance
CING,2026-08-14,4.0,0.36283464566929136,4.0,0,0,3.0,5.0,3.0,54.8205434369929,4.0,0.21128454321747506,0,,0,0,SELL,4.0,0,4,5,Pharmaceuticals & Biotech
CINT,2026-08-14,,,4.0,0,0,5.0,,4.0,59.781098893775685,4.0,0.23282448861032537,0,,0,0,STRONG SELL,4.340909090909092,0,3,3,Technology & Software
CION,2026-08-14,1.0,0.9064566929133858,3.0,0,0,4.0,3.0,4.0,67.18831910816643,3.0,0.4522870236130112,0,,0,0,HOLD,2.564705882352941,1,1,5,Other
CITR,2026-08-14,5.0,0.08367058900065749,,0,0,5.0,3.0,3.0,52.06686343620836,4.0,0.22021657014300466,1,1.0,0,0,SELL,4.042105263157895,0,3,4,Chemicals
CIVB,2026-08-14,1.0,0.8605974395448079,1.0,0,0,2.0,3.0,3.0,52.7415914389481,1.0,0.9377661076838868,0,,0,0,STRONG BUY,1.5294117647058825,4,0,5,Banks & Financial Services
CIX,2026-08-14,3.0,0.48471586022641383,1.0,0,0,2.0,2.0,4.0,66.65552359437554,1.0,0.9669413149813375,0,,0,0,BUY,1.9647058823529413,4,0,5,Industrial Machinery
CJMB,2026-08-14,4.0,0.32613733755241137,2.0,0,0,3.0,5.0,4.0,66.74800105348004,4.0,0.3708314678721806,1,1.0,0,0,HOLD,3.4882352941176475,1,3,5,Services
CKX,2026-08-14,3.0,0.5326990315794398,3.0,0,0,4.0,4.0,3.0,46.22586539112868,3.0,0.49382701877266816,0,,0,0,HOLD,3.3529411764705883,0,2,5,Oil & Gas
CL,2026-08-14,5.0,0.20622226002151628,1.0,0,0,3.0,3.0,3.0,49.913749494810475,2.0,0.7526790088529771,0,,0,0,HOLD,3.164705882352942,2,1,5,Chemicals
CLAR,2026-08-14,1.0,0.857682765889975,1.0,1,0,3.0,4.0,4.0,61.02501917073169,1.0,0.8212825499444861,0,,0,0,BUY,1.8823529411764706,3,1,5,Misc Manufacturing
CLB,2026-08-14,2.0,0.60251399324916,4.0,0,0,4.0,2.0,4.0,61.46584896230701,4.0,0.2650837621113849,0,,0,0,HOLD,3.0352941176470583,2,3,5,Oil & Gas
CLBK,2026-08-14,1.0,0.7713385826771654,1.0,0,0,1.0,,5.0,78.73130777991982,1.0,1.0,0,,0,0,STRONG BUY,1.0,4,0,4,Banks & Financial Services
CLBR,2026-08-14,,,,0,0,,,2.0,43.06585649179721,3.0,0.5897433389412732,0,,0,0,,,0,0,1,Investment & Holding Companies
CLBT,2026-08-14,5.0,0.21826771653543306,4.0,0,0,5.0,,1.0,28.26414339751136,5.0,0.03881280601816445,0,,0,0,STRONG SELL,4.871428571428571,0,4,4,Technology & Software
CLDI,2026-08-14,5.0,0.18186248001395822,5.0,0,0,5.0,4.0,2.0,39.74921257477798,5.0,0.0012243133570139304,0,,0,0,STRONG SELL,4.823529411764706,0,5,5,Pharmaceuticals & Biotech
CLDT,2026-08-14,2.0,0.6200063711507245,1.0,0,0,1.0,1.0,3.0,50.3936336202588,1.0,0.8981300069555054,0,,0,0,STRONG BUY,1.3058823529411767,5,0,5,Investment & Holding Companies
CLDX,2026-08-14,5.0,0.14928709924176675,1.0,0,0,1.0,5.0,4.0,61.78702826188405,1.0,0.878231933916334,0,,0,0,HOLD,2.929411764705882,3,2,5,Pharmaceuticals & Biotech
CLF,2026-08-14,1.0,0.7996602741659571,2.0,0,0,3.0,4.0,3.0,54.55436979945934,3.0,0.4880382035536802,0,,0,0,BUY,2.4588235294117653,2,1,5,Mining & Minerals
CLFD,2026-08-14,3.0,0.5556602916065755,4.0,0,0,4.0,3.0,2.0,41.775328195445326,5.0,0.11045134999668517,0,,0,0,SELL,3.7529411764705882,0,3,5,Industrial Machinery
CLH,2026-08-14,4.0,0.31635961910453586,1.0,0,0,2.0,2.0,4.0,65.60323352072187,1.0,0.9650109515271096,0,,0,0,BUY,2.270588235294118,4,1,5,Utilities
CLIK,2026-08-14,1.0,0.9177952755905513,5.0,0,0,5.0,,2.0,44.71185124160273,5.0,0.004255314885679755,0,,0,0,SELL,3.5142857142857147,1,3,4,Services
CLIR,2026-08-14,3.0,0.47275590551181107,4.0,0,0,5.0,4.0,4.0,69.81628785201514,5.0,0.19047619356551432,1,1.0,0,0,SELL,3.805882352941177,0,4,5,Medical Devices & Instruments
CLLS,2026-08-14,,,4.0,0,0,4.0,,4.0,56.55031710981889,5.0,0.1717680974471783,0,,0,0,STRONG SELL,4.454545454545455,0,3,3,Pharmaceuticals & Biotech
CLM,2026-08-14,,,5.0,0,0,3.0,,3.0,48.15207283755311,2.0,0.7567530377631706,0,,0,0,HOLD,2.9545454545454546,1,1,3,Other
CLMB,2026-08-14,3.0,0.5780021139274563,1.0,1,0,4.0,2.0,4.0,64.81448112745403,2.0,0.618890203370848,0,,0,0,HOLD,2.552941176470588,3,1,5,Wholesale Trade
CLMT,2026-08-14,2.0,0.7414141414141414,1.0,0,0,1.0,2.0,4.0,65.60872789137224,1.0,0.9699100209926343,0,,0,0,STRONG BUY,1.4823529411764707,5,0,5,Oil & Gas
CLNE,2026-08-14,1.0,0.809462342081375,5.0,0,0,5.0,3.0,2.0,44.803334011329824,5.0,0.16891893034785999,0,,0,0,HOLD,3.423529411764706,1,3,5,Utilities
CLNN,2026-08-14,5.0,0.039191919191919194,5.0,0,0,3.0,5.0,1.0,28.591853530267926,5.0,0.06067415236704374,0,,0,0,STRONG SELL,4.647058823529412,0,4,5,Pharmaceuticals & Biotech
CLOV,2026-08-14,,,3.0,0,0,1.0,3.0,3.0,52.4320395714886,2.0,0.7816711626672216,0,,0,0,BUY,2.152542372881356,2,0,4,Insurance
CLPR,2026-08-14,,,3.0,0,0,3.0,,5.0,75.4450558943779,3.0,0.44943340967141443,0,,0,0,HOLD,3.0000000000000004,0,0,3,Investment & Holding Companies
CLPT,2026-08-14,5.0,0.0985177080151836,3.0,0,0,2.0,3.0,3.0,53.23137261041404,4.0,0.31900669220667754,0,,0,0,SELL,3.6705882352941175,1,2,5,Medical Devices & Instruments
CLRB,2026-08-14,4.0,0.3530708661417323,4.0,0,0,5.0,3.0,3.0,51.58279670664508,5.0,0.09390859903187536,0,,0,0,SELL,4.235294117647059,0,4,5,Pharmaceuticals & Biotech
CLRO,2026-08-14,5.0,0.04094488188976378,2.0,1,0,4.0,4.0,3.0,46.55711533382791,4.0,0.22482011993783707,1,1.0,0,0,SELL,3.7941176470588243,1,4,5,Industrial Machinery
CLS,2026-08-14,5.0,0.24611059636596166,3.0,0,0,2.0,2.0,3.0,49.3361805917318,3.0,0.5281041460331027,0,,0,0,HOLD,3.2588235294117647,2,1,5,Semiconductors & Chips
CLSK,2026-08-14,4.0,0.3364428345932228,4.0,0,0,2.0,3.0,2.0,43.43358862583266,4.0,0.26031955580873994,0,,0,0,HOLD,3.4705882352941173,1,3,5,Banks & Financial Services
CLST,2026-08-14,2.0,0.7145441383735254,1.0,0,0,2.0,1.0,4.0,57.54198750805983,1.0,0.984210764073977,0,,0,0,STRONG BUY,1.4823529411764707,5,0,5,Banks & Financial Services
CLVT,2026-08-14,1.0,0.9098499632416608,5.0,0,0,4.0,3.0,2.0,44.126309572401176,5.0,0.08865248062056466,0,,0,0,HOLD,3.2470588235294118,1,3,5,Technology & Software
CLW,2026-08-14,,,1.0,1,0,3.0,3.0,4.0,61.37339095997179,1.0,0.8261270092413411,0,,0,0,BUY,2.016949152542373,2,0,4,Paper
CLWT,2026-08-14,1.0,0.825511811023622,1.0,0,0,2.0,,4.0,59.824619800297526,2.0,0.7500001015988269,0,,0,0,STRONG BUY,1.5000000000000002,4,0,4,Wholesale Trade
CLX,2026-08-14,2.0,0.6195794120480254,2.0,0,0,4.0,2.0,4.0,62.520158120193294,3.0,0.4962356773789115,0,,0,0,HOLD,2.588235294117647,3,1,5,Chemicals
CLYM,2026-08-14,4.0,0.30645669291338584,1.0,0,0,1.0,4.0,5.0,74.3934084503882,1.0,1.0,0,,0,0,BUY,2.4470588235294115,3,2,5,Pharmaceuticals & Biotech
CM,2026-08-14,,,1.0,0,0,1.0,,4.0,67.88830345601366,1.0,1.0,0,,0,0,STRONG BUY,1.0,3,0,3,Banks & Financial Services
CMBT,2026-08-14,,,1.0,0,0,1.0,,4.0,68.64811946485113,1.0,1.0,0,,0,0,STRONG BUY,1.0,3,0,3,Transportation & Logistics
CMC,2026-08-14,3.0,0.4535594076375455,1.0,0,0,3.0,3.0,3.0,53.68939482215496,2.0,0.6052534143033553,0,,0,0,HOLD,2.552941176470588,2,0,5,Metals
CMCL,2026-08-14,,,3.0,0,0,4.0,,4.0,66.79856754886733,4.0,0.2743222397266243,0,,0,0,SELL,3.795454545454546,0,2,3,Mining & Minerals
CMCM,2026-08-14,,,4.0,0,0,5.0,,4.0,57.83801332869519,5.0,0.08359132487063024,0,,0,0,STRONG SELL,4.795454545454546,0,3,3,Technology & Software
CMCO,2026-08-14,1.0,0.9045844534527157,2.0,0,0,3.0,4.0,4.0,58.1760692910299,2.0,0.6560060163547835,0,,0,0,BUY,2.223529411764706,3,1,5,Industrial Machinery
CMCSA,2026-08-14,1.0,0.9682313892840207,3.0,0,0,4.0,1.0,4.0,65.63002514511214,3.0,0.4366952619770358,0,,0,0,BUY,2.211764705882353,2,1,5,Telecom & Media
CMCT,2026-08-14,1.0,0.9489892927185729,3.0,0,0,5.0,3.0,4.0,64.27073426316255,5.0,0.0018046326910514331,0,,0,0,HOLD,3.211764705882353,1,2,5,Investment & Holding Companies
CMDB,2026-08-14,1.0,0.878740157480315,1.0,0,0,2.0,,3.0,48.14183507225284,1.0,0.829919864179108,1,1.0,0,0,STRONG BUY,1.0,4,0,4,Transportation & Logistics
CME,2026-08-14,3.0,0.45139876718824085,3.0,0,0,4.0,2.0,4.0,64.42715075535503,3.0,0.5194022705290015,1,1.0,0,0,HOLD,2.7,1,1,5,Investment & Brokerage
CMG,2026-08-14,4.0,0.36462778568041726,3.0,0,0,4.0,2.0,3.0,49.39563209591735,4.0,0.3354350245958971,0,,0,0,SELL,3.541176470588235,1,3,5,Retail
CMI,2026-08-14,4.0,0.34281650071123754,3.0,0,0,2.0,,2.0,43.49152125323183,2.0,0.7164032631743599,0,,0,0,HOLD,2.8714285714285714,2,1,4,Industrial Machinery
CMII,2026-08-14,,,,0,0,,,2.0,44.575218109693736,2.0,0.617648626285009,1,1.0,0,0,,,1,0,1,Technology & Software
CMMB,2026-08-14,5.0,0.16946735346627873,3.0,0,0,3.0,4.0,4.0,61.71475870212873,4.0,0.22916664907501785,0,,0,0,SELL,4.023529411764706,0,3,5,Pharmaceuticals & Biotech
CMND,2026-08-14,,,5.0,0,0,5.0,,3.0,48.8410036637808,5.0,0.0008429215159739895,0,,0,0,STRONG SELL,5.0,0,3,3,Pharmaceuticals & Biotech
CMP,2026-08-14,,,3.0,0,0,2.0,3.0,2.0,37.363766363793935,3.0,0.5792575973068278,0,,0,0,HOLD,2.745762711864407,1,0,4,Mining & Minerals
CMPR,2026-08-14,2.0,0.7297703570537791,2.0,0,0,2.0,1.0,2.0,44.55246810489628,2.0,0.7749429852693022,0,,0,0,BUY,1.8235294117647056,5,0,5,Publishing & Media
CMPS,2026-08-14,5.0,0.05196850393700787,2.0,0,0,1.0,4.0,4.0,56.580855304350514,1.0,0.8525932739492444,0,,0,0,HOLD,2.8588235294117648,3,2,5,Pharmaceuticals & Biotech
CMPX,2026-08-14,3.0,0.4576377952755906,4.0,0,0,5.0,3.0,4.0,56.88183051140553,5.0,0.11553785484977457,0,,0,0,SELL,3.9294117647058826,0,3,5,Pharmaceuticals & Biotech
CMRC,2026-08-14,3.0,0.5808173091838139,5.0,0,0,5.0,2.0,2.0,35.6020543237494,5.0,0.023529457138479457,1,1.0,0,0,SELL,3.5588235294117654,1,3,5,Technology & Software
CMRE,2026-08-14,1.0,0.8289763779527559,5.0,0,0,3.0,,3.0,45.741657490190114,3.0,0.5669773723411672,0,,0,0,HOLD,2.5142857142857147,1,1,4,Transportation & Logistics
CMS,2026-08-14,3.0,0.49572517499686414,5.0,0,0,4.0,3.0,2.0,44.7287280820084,4.0,0.3176599076821629,1,1.0,0,0,HOLD,3.323529411764706,0,3,5,Utilities
CMT,2026-08-14,2.0,0.7020443712263285,1.0,0,0,2.0,1.0,4.0,55.64085661482768,2.0,0.7236362804066051,1,2.0,0,0,STRONG BUY,1.4176470588235293,5,0,5,"Rubber, Plastics & Leather"
CMTG,2026-08-14,1.0,0.8350771302765979,5.0,0,0,5.0,4.0,2.0,39.66065455454742,5.0,0.05333333545260959,1,3.0,0,0,HOLD,3.3,1,4,5,Real Estate & REITs
CMTL,2026-08-14,,,5.0,0,0,5.0,4.0,2.0,40.13364111885916,5.0,0.03211008835677678,0,,0,0,STRONG SELL,4.745762711864407,0,4,4,Industrial Machinery
CMTV,2026-08-14,3.0,0.5650151312960728,1.0,0,0,1.0,,4.0,59.723395320549365,1.0,1.0,1,4.0,0,0,STRONG BUY,1.4428571428571428,3,0,4,Banks & Financial Services
CNA,2026-08-14,3.0,0.5346444899530632,1.0,0,0,3.0,1.0,3.0,46.955802765962645,2.0,0.6989588104375277,0,,0,0,BUY,2.2,3,0,5,Insurance
CNC,2026-08-14,1.0,0.7791644106367758,2.0,0,0,1.0,3.0,4.0,56.512886768231105,1.0,0.9700885385830285,0,,0,0,STRONG BUY,1.4588235294117646,4,0,5,Insurance
CNCK,2026-08-14,,,4.0,0,0,5.0,,2.0,43.512222998366965,5.0,0.09876542778353824,0,,0,0,STRONG SELL,4.795454545454546,0,3,3,Banks & Financial Services
CNDT,2026-08-14,1.0,0.9588875486816812,3.0,0,0,4.0,4.0,3.0,45.47498172700747,4.0,0.2,1,3.0,0,0,HOLD,2.676470588235295,1,3,5,Services
CNET,2026-08-14,1.0,0.7740750558555912,1.0,1,0,2.0,4.0,3.0,52.71486455089146,4.0,0.3368421019609615,0,,0,0,BUY,2.411764705882353,3,2,5,Technology & Software
CNF,2026-08-14,1.0,0.824251968503937,5.0,0,0,5.0,,2.0,44.267938356086994,5.0,0.0458715716733567,0,,0,0,SELL,3.5142857142857147,1,3,4,Banks & Financial Services
CNH,2026-08-14,2.0,0.6866337535113176,3.0,1,0,4.0,2.0,3.0,46.38183171576756,4.0,0.3412845958667335,0,,0,0,HOLD,2.929411764705882,2,2,5,Industrial Machinery
CNI,2026-08-14,4.0,0.3294488188976378,1.0,0,0,2.0,,3.0,53.54394991071927,1.0,0.9081714158547377,0,,0,0,BUY,2.3285714285714287,3,1,4,Railroads
CNK,2026-08-14,4.0,0.3266144264776408,1.0,0,0,1.0,3.0,4.0,65.20882898206872,1.0,0.957620745987239,0,,0,0,BUY,2.2705882352941176,3,1,5,Hospitality & Leisure
CNL,2026-08-14,,,3.0,0,0,3.0,,4.0,58.806237515708084,3.0,0.4186256364869885,0,,0,0,HOLD,3.0000000000000004,0,0,3,Mining & Minerals
CNM,2026-08-14,3.0,0.5542911332385017,5.0,0,0,5.0,1.0,3.0,52.070222228395906,5.0,0.14668833649933,0,,0,0,SELL,3.6823529411764704,1,3,5,Wholesale Trade
CNMD,2026-08-14,4.0,0.3020388809862494,1.0,1,0,3.0,3.0,4.0,67.41499981597153,2.0,0.7790881039382866,0,,0,0,HOLD,2.8588235294117643,2,1,5,Medical Devices & Instruments
CNNE,2026-08-14,1.0,0.7743939544992775,1.0,1,0,3.0,3.0,3.0,47.899868510223605,3.0,0.4895227546618351,0,,0,0,BUY,2.1764705882352944,2,0,5,Retail
CNO,2026-08-14,2.0,0.593249281044887,1.0,0,0,2.0,1.0,4.0,62.855133770936945,1.0,0.978578462016188,0,,0,0,STRONG BUY,1.4823529411764707,5,0,5,Insurance
CNOB,2026-08-14,2.0,0.7198040167653161,1.0,0,0,2.0,2.0,3.0,52.497690903299535,1.0,0.9039433493182341,0,,0,0,STRONG BUY,1.6588235294117648,5,0,5,Banks & Financial Services
CNP,2026-08-14,3.0,0.4689796047045313,4.0,0,0,3.0,3.0,2.0,38.90254264262126,3.0,0.49470889902153664,0,,0,0,HOLD,3.1058823529411765,0,1,5,Utilities
CNQ,2026-08-14,,,1.0,0,0,2.0,,4.0,63.3100015587884,1.0,0.9234061750784556,0,,0,0,STRONG BUY,1.340909090909091,3,0,3,Oil & Gas
CNR,2026-08-14,2.0,0.698080072087564,2.0,0,0,3.0,4.0,4.0,67.77716877761148,2.0,0.6105892195736868,0,,0,0,HOLD,2.5294117647058827,3,1,5,Coal Mining
CNS,2026-08-14,5.0,0.21467731520813946,1.0,0,0,2.0,5.0,4.0,62.448402665322284,1.0,0.9675305204423978,0,,0,0,HOLD,3.105882352941176,3,2,5,Investment & Brokerage
CNSP,2026-08-14,1.0,0.9266141732283464,1.0,1,0,2.0,4.0,3.0,54.744725411520655,3.0,0.4016587719227872,0,,0,0,BUY,2.1764705882352944,3,1,5,Pharmaceuticals & Biotech
CNSY,2026-08-14,,,5.0,0,0,5.0,,2.0,41.55207108033426,5.0,0.039317123303823864,0,,0,0,STRONG SELL,5.0,0,3,3,
CNTB,2026-08-14,5.0,0.11734037566724322,3.0,0,0,3.0,5.0,4.0,65.70425295381418,3.0,0.5195954098044089,0,,0,0,SELL,3.9647058823529413,0,2,5,Pharmaceuticals & Biotech
CNTN,2026-08-14,1.0,0.955275590551181,5.0,0,0,3.0,3.0,2.0,44.751156633850265,5.0,0.12996942099483724,0,,0,0,HOLD,3.0705882352941183,1,2,5,Banks & Financial Services
CNTY,2026-08-14,1.0,0.9802020202020202,5.0,0,0,5.0,3.0,4.0,57.63468715876653,5.0,0.07407407679948078,0,,0,0,HOLD,3.423529411764706,1,3,5,Hospitality & Leisure
CNVS,2026-08-14,,,3.0,0,0,4.0,5.0,3.0,51.13296604899083,4.0,0.21182267282683143,1,7.0,0,0,SELL,3.801694915254237,0,3,4,Hospitality & Leisure
CNX,2026-08-14,2.0,0.6799229560497716,3.0,0,0,3.0,1.0,4.0,57.97226054799361,3.0,0.5248276283001078,0,,0,0,BUY,2.3411764705882354,2,0,5,Oil & Gas
CNXC,2026-08-14,1.0,0.930633301018717,4.0,0,0,5.0,3.0,3.0,48.771993536343636,5.0,0.11415211657428646,1,1.0,0,0,HOLD,3.0176470588235293,1,3,5,Services
CNXN,2026-08-14,2.0,0.6126525917215353,1.0,0,0,2.0,3.0,3.0,51.85971628424263,1.0,0.8231248097507722,0,,0,0,BUY,1.835294117647059,4,0,5,Wholesale Trade
CNXU,2026-08-14,5.0,0.04188976377952756,,0,0,,,3.0,51.622040896463155,,,0,,0,0,,,0,1,1,Medical Devices & Instruments
COAG,2026-08-14,,,,0,0,,,4.0,66.38365303030143,1.0,1.0,0,,0,0,,,1,0,1,Pharmaceuticals & Biotech
COCO,2026-08-14,5.0,0.13685240343637153,3.0,0,0,2.0,2.0,2.0,43.61852784398942,2.0,0.6308145498477266,0,,0,0,HOLD,3.023529411764706,3,1,5,Food & Beverage
COCP,2026-08-14,4.0,0.286839470921808,3.0,0,0,3.0,4.0,4.0,65.89191368531704,4.0,0.3409090832122106,1,1.0,0,0,HOLD,3.4176470588235297,0,3,5,Pharmaceuticals & Biotech
CODA,2026-08-14,3.0,0.44182446531018665,3.0,0,0,3.0,2.0,4.0,57.350227415101244,4.0,0.36354271051525616,0,,0,0,HOLD,3.058823529411765,1,1,5,Medical Devices & Instruments
CODI,2026-08-14,2.0,0.6778111882112114,1.0,0,0,1.0,4.0,5.0,72.10195605514821,1.0,1.0,0,,0,0,BUY,1.835294117647059,4,1,5,Wood & Furniture
CODX,2026-08-14,2.0,0.6166278647605519,5.0,0,0,5.0,5.0,2.0,30.293414875333497,5.0,0.0031493909854694107,0,,0,0,SELL,4.08235294117647,1,4,5,Medical Devices & Instruments
COE,2026-08-14,,,3.0,0,0,5.0,,4.0,59.73962167338065,5.0,0.1151380650437839,0,,0,0,STRONG SELL,4.590909090909092,0,2,3,Services
COF,2026-08-14,4.0,0.4047589434215777,2.0,0,0,3.0,3.0,5.0,70.22162603449267,2.0,0.6457817789193847,0,,0,0,HOLD,2.9647058823529413,2,1,5,Banks & Financial Services
COFS,2026-08-14,2.0,0.6528262363663517,1.0,0,0,2.0,2.0,4.0,56.10295607263926,1.0,0.9735424848255338,1,5.0,0,0,STRONG BUY,1.3588235294117648,5,0,5,Banks & Financial Services
COGT,2026-08-14,5.0,0.09606299212598425,1.0,0,0,2.0,3.0,2.0,44.73129292255596,1.0,0.8422743389218812,0,,0,0,HOLD,2.7529411764705882,3,1,5,Pharmaceuticals & Biotech
COHN,2026-08-14,1.0,0.929313930123485,4.0,0,0,4.0,2.0,3.0,47.60635865200422,4.0,0.2211596937134392,0,,0,0,HOLD,2.729411764705883,2,3,5,Investment & Brokerage
COHR,2026-08-14,,,3.0,0,0,1.0,1.0,3.0,51.315123380884806,2.0,0.7030615718614561,0,,0,0,STRONG BUY,1.6440677966101698,3,0,4,Medical Devices & Instruments
COHU,2026-08-14,4.0,0.3105511811023622,2.0,0,0,1.0,3.0,4.0,59.0682500393028,2.0,0.7351821026890571,0,,0,0,HOLD,2.6117647058823534,3,1,5,Medical Devices & Instruments
COIN,2026-08-14,4.0,0.35045395721212724,5.0,0,0,5.0,3.0,2.0,44.319667485921656,5.0,0.02997808555682247,0,,0,0,STRONG SELL,4.341176470588236,0,4,5,Banks & Financial Services
COKE,2026-08-14,5.0,0.047889995258416314,1.0,0,0,2.0,3.0,3.0,53.665730169054136,2.0,0.7411075324904556,0,,0,0,HOLD,2.988235294117647,3,1,5,Food & Beverage
COLA,2026-08-14,,,1.0,0,0,3.0,4.0,4.0,60.69588965756328,3.0,0.5806455251621504,0,,0,0,HOLD,2.9491525423728815,1,1,4,Investment & Holding Companies
COLB,2026-08-14,3.0,0.4635688782759485,1.0,0,0,2.0,3.0,4.0,60.99279501923254,1.0,0.9118301245703431,0,,0,0,BUY,2.1411764705882352,3,0,5,Banks & Financial Services
COLD,2026-08-14,2.0,0.5906437808464293,3.0,0,0,2.0,4.0,3.0,51.62193545208978,2.0,0.7937671717248573,0,,0,0,BUY,2.4588235294117644,3,1,5,Investment & Holding Companies
COLL,2026-08-14,3.0,0.5583677891831201,5.0,0,0,5.0,2.0,2.0,33.82869916270431,5.0,0.10480525448487679,0,,0,0,SELL,3.858823529411765,1,3,5,Pharmaceuticals & Biotech
COLM,2026-08-14,2.0,0.6481935471791122,4.0,0,0,3.0,3.0,2.0,38.26903933647971,3.0,0.4712844162136121,0,,0,0,HOLD,2.8,1,1,5,Apparel & Textiles
COMP,2026-08-14,3.0,0.5028771838784187,1.0,0,0,2.0,4.0,4.0,62.34992050361402,1.0,0.9188406582315326,0,,0,0,BUY,2.3176470588235296,3,1,5,Real Estate & REITs
CON,2026-08-14,4.0,0.3390039836986519,1.0,0,0,1.0,3.0,5.0,70.51412382399046,1.0,1.0,0,,0,0,BUY,2.2705882352941176,3,1,5,Healthcare Services
COO,2026-08-14,3.0,0.45214693692721236,2.0,0,0,4.0,2.0,4.0,63.83794547907049,2.0,0.6783740537962636,0,,0,0,HOLD,2.658823529411765,3,1,5,Medical Devices & Instruments
COOK,2026-08-14,1.0,0.8505476078860642,3.0,0,0,3.0,3.0,2.0,40.74091250977434,3.0,0.5937825734518867,0,,0,0,BUY,2.3882352941176475,1,0,5,Industrial Machinery
COP,2026-08-14,3.0,0.5519203413940256,1.0,0,0,2.0,1.0,4.0,64.96238254559421,1.0,0.8774212190198521,0,,0,0,BUY,1.7882352941176471,4,0,5,Oil & Gas
COPL,2026-08-14,,,1.0,0,0,3.0,,5.0,74.72822986703969,1.0,1.0,0,,0,0,STRONG BUY,1.6818181818181817,2,0,3,Investment & Holding Companies
COPR,2026-08-14,5.0,0.08202020202020202,,0,0,,4.0,2.0,34.25498354180242,,,0,,0,0,,,0,2,2,Mining & Minerals
COR,2026-08-14,3.0,0.4427412634058992,3.0,0,0,4.0,2.0,3.0,52.597096722653525,3.0,0.5092118066572796,0,,0,0,HOLD,3.0,1,1,5,Wholesale Trade
CORT,2026-08-14,5.0,0.10358251826555585,1.0,0,0,1.0,3.0,4.0,64.76589565892388,1.0,0.9553208940938728,1,1.0,0,0,BUY,2.2764705882352936,3,1,5,Pharmaceuticals & Biotech
CORZ,2026-08-14,5.0,0.1406060606060606,3.0,0,0,2.0,4.0,2.0,44.03042976433628,3.0,0.42472775530170537,1,1.0,0,0,HOLD,3.3117647058823536,1,2,5,Banks & Financial Services
COSO,2026-08-14,1.0,0.793266951161688,1.0,0,0,2.0,2.0,4.0,58.471359855986265,1.0,0.9751544170820309,1,1.0,0,0,STRONG BUY,1.0529411764705885,5,0,5,Banks & Financial Services
COST,2026-08-14,4.0,0.32530582817583864,3.0,0,1,4.0,3.0,4.0,55.70008477609215,3.0,0.4662065038470659,0,,0,0,HOLD,3.482352941176471,0,2,5,Retail
COTY,2026-08-14,1.0,0.8597788638974968,2.0,0,0,4.0,3.0,4.0,62.12192090980958,4.0,0.3184713252471211,1,2.0,0,0,BUY,2.3941176470588243,2,2,5,Chemicals
COUR,2026-08-14,2.0,0.6138040374508223,3.0,0,0,4.0,3.0,3.0,52.21498533803707,5.0,0.09885388287566983,0,,0,0,HOLD,3.341176470588236,1,2,5,Technology & Software
COYA,2026-08-14,4.0,0.31419550009808556,5.0,0,0,4.0,4.0,3.0,54.13141426550387,4.0,0.28212288958776166,0,,0,0,SELL,4.105882352941177,0,5,5,Pharmaceuticals & Biotech
CP,2026-08-14,3.0,0.45525626284895987,1.0,0,0,2.0,1.0,4.0,59.86440578162319,1.0,0.983420891904817,0,,0,0,BUY,1.7882352941176471,4,0,5,Railroads
CPA,2026-08-14,,,3.0,0,0,3.0,,2.0,42.41990639750443,3.0,0.579294679322501,0,,0,0,HOLD,3.0000000000000004,0,0,3,Airlines
CPAC,2026-08-14,,,1.0,0,0,2.0,,3.0,51.059752492123216,1.0,0.8727272477688536,0,,0,0,STRONG BUY,1.340909090909091,3,0,3,Construction & Materials
CPAY,2026-08-14,5.0,0.24636061325348155,1.0,0,0,2.0,3.0,4.0,68.58465830909327,1.0,0.9551222710930543,0,,0,0,HOLD,2.7529411764705882,3,1,5,Services
CPB,2026-08-14,1.0,0.835941204362257,3.0,0,0,4.0,1.0,4.0,56.851706586163864,4.0,0.28403978710868105,0,,0,0,BUY,2.447058823529412,2,2,5,Food & Beverage
CPBI,2026-08-14,2.0,0.7338380191613769,1.0,0,0,2.0,2.0,4.0,68.96985472169729,1.0,1.0,0,,0,0,STRONG BUY,1.6588235294117648,5,0,5,Banks & Financial Services
CPF,2026-08-14,3.0,0.43252612843974275,1.0,0,0,2.0,1.0,3.0,49.82920060245027,1.0,0.9016520882201412,0,,0,0,BUY,1.7882352941176471,4,0,5,Banks & Financial Services
CPHC,2026-08-14,2.0,0.7374748913816163,3.0,0,0,4.0,3.0,3.0,53.005698661053316,3.0,0.5766193528397978,0,,0,0,HOLD,2.8705882352941177,1,1,5,Hospitality & Leisure
CPHI,2026-08-14,3.0,0.46845348176724017,1.0,1,0,3.0,2.0,3.0,48.79687057915969,5.0,0.08047493167169223,0,,0,0,HOLD,3.0823529411764703,2,1,5,Pharmaceuticals & Biotech
CPIX,2026-08-14,4.0,0.3332495489248747,1.0,0,0,1.0,4.0,4.0,69.33303956896911,1.0,0.9737923025124978,0,,0,0,BUY,2.4470588235294115,3,2,5,Pharmaceuticals & Biotech
CPK,2026-08-14,3.0,0.4850640113798009,2.0,0,0,3.0,1.0,4.0,58.344400662982615,1.0,0.8511877298380636,0,,0,0,BUY,2.0705882352941174,3,0,5,Utilities
CPNG,2026-08-14,5.0,0.05026078710289237,5.0,0,0,4.0,2.0,3.0,45.525557797490876,5.0,0.05431836033485419,1,1.0,0,0,SELL,3.9941176470588236,1,4,5,Retail
CPRI,2026-08-14,3.0,0.49604111408729895,5.0,0,0,5.0,2.0,2.0,38.583160219153974,5.0,0.02685625250283014,1,1.0,0,0,SELL,3.5588235294117654,1,3,5,"Rubber, Plastics & Leather"
CPRT,2026-08-14,4.0,0.3208850291512537,4.0,0,0,4.0,3.0,4.0,65.11625530603489,5.0,0.19473685575434088,0,,0,0,SELL,4.0588235294117645,0,4,5,Retail
CPS,2026-08-14,,,4.0,0,0,4.0,4.0,3.0,49.10038241204052,5.0,0.12987012987012986,1,1.0,0,0,SELL,4.038983050847458,0,4,4,Automobiles
CPSH,2026-08-14,4.0,0.41781564989129677,4.0,0,0,3.0,2.0,3.0,45.11404087749973,5.0,0.14853800615147805,1,1.0,0,0,HOLD,3.405882352941177,1,3,5,Construction & Materials
CPSS,2026-08-14,1.0,0.868896846499045,2.0,0,0,3.0,3.0,3.0,52.002068991241465,2.0,0.7384106070058116,0,,0,0,BUY,2.0470588235294116,3,0,5,Banks & Financial Services
CPT,2026-08-14,5.0,0.23823405860046332,3.0,0,0,3.0,1.0,3.0,46.35208457704295,2.0,0.6845282007466594,0,,0,0,HOLD,3.0235294117647062,2,1,5,Investment & Holding Companies
CPZ,2026-08-14,,,3.0,0,0,4.0,,4.0,61.7588535736678,4.0,0.3789931388584377,0,,0,0,SELL,3.795454545454546,0,2,3,Other
CR,2026-08-14,4.0,0.2666295521807567,1.0,0,0,3.0,3.0,3.0,50.59264650145039,1.0,0.8769109123940765,0,,0,0,HOLD,2.6235294117647054,2,1,5,Industrial Machinery
CRAC,2026-08-14,,,,0,0,3.0,,5.0,86.60202496217104,1.0,1.0,0,,0,0,,,1,0,2,Investment & Holding Companies
CRAI,2026-08-14,3.0,0.44351237323948894,3.0,0,0,3.0,3.0,3.0,48.759014667993746,4.0,0.36808110036932573,0,,0,0,HOLD,3.2352941176470593,0,1,5,Services
CRAN,2026-08-14,,,,0,0,3.0,,3.0,51.09486973496553,2.0,0.7741948384754768,0,,0,0,,,1,0,2,Investment & Holding Companies
CRAQ,2026-08-14,,,1.0,0,0,3.0,,5.0,93.02659518532118,1.0,1.0,0,,0,0,STRONG BUY,1.6818181818181817,2,0,3,Investment & Holding Companies
CRBG,2026-08-14,2.0,0.7024195155508519,1.0,0,0,3.0,4.0,4.0,66.37112683959033,1.0,0.9983843552088906,0,,0,0,BUY,2.1882352941176473,3,1,5,Insurance
CRBP,2026-08-14,3.0,0.5486614173228347,2.0,0,0,2.0,4.0,4.0,62.189609123801574,4.0,0.22621034440457888,0,,0,0,HOLD,3.129411764705883,2,2,5,Pharmaceuticals & Biotech
CRBU,2026-08-14,4.0,0.4148183137454278,5.0,0,0,4.0,4.0,2.0,43.49543392562785,5.0,0.13103452868467505,0,,0,0,STRONG SELL,4.341176470588236,0,5,5,Pharmaceuticals & Biotech
CRC,2026-08-14,2.0,0.6624892453456304,5.0,0,1,3.0,3.0,3.0,51.56835820492099,4.0,0.3871540419959888,0,,0,0,HOLD,3.1411764705882352,1,2,5,Oil & Gas
CRCL,2026-08-14,,,4.0,0,0,3.0,2.0,4.0,55.07530456866411,4.0,0.21316707975114854,0,,0,0,HOLD,3.2372881355932206,1,2,4,Banks & Financial Services
CRCT,2026-08-14,3.0,0.5032072015668141,1.0,1,0,2.0,1.0,4.0,66.37283471186608,2.0,0.7269626158603623,0,,0,0,BUY,2.0235294117647062,4,0,5,Industrial Machinery
CRD.A,2026-08-14,,,1.0,0,0,2.0,2.0,4.0,69.37945438113904,1.0,0.9110389531289173,0,,0,0,STRONG BUY,1.5084745762711866,4,0,4,Insurance
CRD.B,2026-08-14,,,1.0,0,0,2.0,2.0,5.0,70.22178122445567,1.0,1.0,0,,0,0,STRONG BUY,1.5084745762711866,4,0,4,Insurance
CRDL,2026-08-14,,,1.0,0,0,1.0,,5.0,84.39164873393888,1.0,1.0,0,,0,0,STRONG BUY,1.0,3,0,3,Pharmaceuticals & Biotech
CRDO,2026-08-14,5.0,0.07288357562042162,2.0,0,0,1.0,2.0,4.0,57.86167444977742,1.0,0.8014997121076943,0,,0,0,HOLD,2.5058823529411764,4,1,5,Semiconductors & Chips
CRE,2026-08-14,,,5.0,0,0,4.0,,3.0,47.99294992060964,5.0,0.04655028721611045,0,,0,0,STRONG SELL,4.659090909090909,0,3,3,Publishing & Media
CRESY,2026-08-14,,,5.0,0,0,4.0,,2.0,41.0457842069251,3.0,0.43181732602810513,0,,0,0,SELL,3.750000000000001,0,2,3,Real Estate & REITs
CREX,2026-08-14,3.0,0.5030903569895052,4.0,0,0,2.0,4.0,3.0,50.288325682030646,3.0,0.5372340047775022,0,,0,0,HOLD,3.1058823529411765,1,2,5,Technology & Software
CRF,2026-08-14,,,5.0,0,0,3.0,,3.0,47.90262599897825,2.0,0.7633847679551551,0,,0,0,HOLD,2.9545454545454546,1,1,3,Other
CRGO,2026-08-14,,,5.0,0,0,5.0,,3.0,54.0815716696181,5.0,0.06779662797725713,0,,0,0,STRONG SELL,5.0,0,3,3,Transportation & Logistics
CRGY,2026-08-14,,,1.0,0,0,2.0,2.0,4.0,62.57193884798059,2.0,0.7428730067027883,0,,0,0,BUY,1.8474576271186443,4,0,4,Oil & Gas
CRH,2026-08-14,3.0,0.5277827460423841,5.0,0,0,4.0,2.0,2.0,41.8307539636608,5.0,0.06039322969877452,1,2.0,0,0,HOLD,3.3823529411764706,1,3,5,Construction & Materials
CRI,2026-08-14,2.0,0.7447737095384329,3.0,0,0,3.0,3.0,3.0,46.34108901712479,2.0,0.7381407220746863,0,,0,0,BUY,2.4588235294117644,2,0,5,Apparel & Textiles
CRIS,2026-08-14,5.0,0.2350701096279839,5.0,0,0,5.0,4.0,1.0,24.245071484804285,5.0,0.003721729194125886,0,,0,0,STRONG SELL,4.823529411764706,0,5,5,Pharmaceuticals & Biotech
CRK,2026-08-14,2.0,0.6343679048742349,4.0,0,0,4.0,1.0,4.0,55.5193582745842,5.0,0.11207473141726876,0,,0,0,HOLD,3.0941176470588236,2,3,5,Oil & Gas
CRL,2026-08-14,4.0,0.34288023057498707,1.0,0,0,1.0,3.0,5.0,76.21262377128312,1.0,0.9688760251862386,1,1.0,0,0,BUY,1.9705882352941175,3,1,5,Business & Research Services
CRM,2026-08-14,4.0,0.31319978902111917,3.0,0,0,4.0,2.0,4.0,60.50105213086779,3.0,0.40161325792900837,1,2.0,0,0,HOLD,3.005882352941177,1,2,5,Technology & Software
CRMD,2026-08-14,2.0,0.6754213863613248,5.0,0,0,4.0,3.0,3.0,46.8643879692795,5.0,0.15034964724053557,0,,0,0,SELL,3.552941176470589,1,3,5,Pharmaceuticals & Biotech
CRML,2026-08-14,,,5.0,0,0,4.0,,3.0,45.87314184790538,5.0,0.06159419413500258,0,,0,0,STRONG SELL,4.659090909090909,0,3,3,Mining & Minerals
CRMT,2026-08-14,1.0,0.9809961134929381,5.0,0,0,5.0,2.0,2.0,42.00520701439002,5.0,0.022050717274298207,0,,0,0,HOLD,3.2470588235294118,2,3,5,Retail
CRNC,2026-08-14,3.0,0.5386012817067453,4.0,0,0,4.0,3.0,3.0,48.375678524194,3.0,0.4128064945479454,0,,0,0,HOLD,3.28235294117647,0,2,5,Technology & Software
CRNT,2026-08-14,2.0,0.7316535433070867,4.0,0,0,3.0,,3.0,46.21709423434694,4.0,0.24242427252759718,0,,0,0,HOLD,3.0428571428571427,1,2,4,Industrial Machinery
CRNX,2026-08-14,5.0,0.09688828595986562,1.0,0,0,1.0,4.0,5.0,90.46552480497267,1.0,1.0,0,,0,0,HOLD,2.7529411764705882,3,2,5,Pharmaceuticals & Biotech
CRON,2026-08-14,3.0,0.5136344906091461,1.0,0,0,2.0,2.0,4.0,65.47390466333175,1.0,0.865979513208266,0,,0,0,BUY,1.9647058823529413,4,0,5,Pharmaceuticals & Biotech
CROX,2026-08-14,3.0,0.4443756667762048,1.0,0,0,1.0,3.0,3.0,49.64469236292702,1.0,0.8603244720583003,0,,0,0,BUY,1.964705882352941,3,0,5,"Rubber, Plastics & Leather"
CRS,2026-08-14,5.0,0.16227512048236903,3.0,0,0,1.0,1.0,3.0,47.06895222267387,1.0,0.8072215807108898,0,,0,0,BUY,2.4352941176470586,3,1,5,Metals
CRSP,2026-08-14,5.0,0.21794209719409274,3.0,0,0,4.0,5.0,4.0,57.14680813404618,4.0,0.2839087384205295,0,,0,0,STRONG SELL,4.376470588235295,0,4,5,Pharmaceuticals & Biotech
CRSR,2026-08-14,2.0,0.6184529745379552,1.0,0,0,1.0,2.0,4.0,61.859756385192156,1.0,0.8607983063838193,0,,0,0,STRONG BUY,1.4823529411764707,5,0,5,Computer Hardware
CRT,2026-08-14,,,1.0,0,0,2.0,,4.0,64.16631126071181,1.0,0.8977439407211251,1,2.0,0,0,STRONG BUY,1.040909090909091,3,0,3,Investment & Holding Companies
CRTO,2026-08-14,1.0,0.8635115200065361,3.0,1,0,4.0,1.0,3.0,46.666766563021525,4.0,0.3500557692137992,1,1.0,0,0,BUY,2.147058823529412,2,2,5,Services
CRUS,2026-08-14,3.0,0.4713671788971982,4.0,0,0,4.0,1.0,1.0,29.87168104815099,5.0,0.1478478673456948,0,,0,0,HOLD,3.4,1,3,5,Semiconductors & Chips
CRVL,2026-08-14,4.0,0.2870906738199028,3.0,0,0,3.0,2.0,4.0,64.24015538637775,3.0,0.42302752176520375,0,,0,0,HOLD,3.129411764705882,1,1,5,Insurance
CRVO,2026-08-14,3.0,0.5015137140724509,5.0,0,0,5.0,5.0,2.0,44.11511893268063,5.0,0.05687204300212622,0,,0,0,STRONG SELL,4.3882352941176475,0,4,5,Pharmaceuticals & Biotech
CRVS,2026-08-14,5.0,0.22393700787401574,1.0,0,0,3.0,4.0,4.0,59.65098784230572,3.0,0.48572811659501,0,,0,0,SELL,3.5764705882352943,1,2,5,Pharmaceuticals & Biotech
CRWD,2026-08-14,1.0,0.9952755905511812,1.0,0,0,1.0,2.0,4.0,61.34162628888844,1.0,0.9378114272783918,0,,0,0,STRONG BUY,1.176470588235294,5,0,5,Technology & Software
CRWS,2026-08-14,2.0,0.6495969653864391,2.0,0,0,3.0,1.0,2.0,44.74796526368923,2.0,0.6960379408094075,0,,0,0,BUY,2.0,4,0,5,Apparel & Textiles
CRWV,2026-08-14,,,3.0,0,1,3.0,2.0,4.0,62.80865295049423,3.0,0.5402382845530364,0,,0,0,HOLD,2.745762711864407,1,0,4,Technology & Software
CSAI,2026-08-14,,,1.0,1,0,1.0,3.0,5.0,74.36165369465542,2.0,0.7965074512011533,0,,0,0,BUY,1.8474576271186443,3,0,4,Technology & Software
CSAN,2026-08-14,,,4.0,0,0,5.0,,1.0,29.697654353984262,5.0,0.0,0,,0,0,STRONG SELL,4.795454545454546,0,3,3,Retail
CSBR,2026-08-14,4.0,0.3648312156626806,5.0,0,0,4.0,4.0,2.0,37.203875995916114,5.0,0.03432842831643764,0,,0,0,STRONG SELL,4.341176470588236,0,5,5,Pharmaceuticals & Biotech
CSCO,2026-08-14,5.0,0.19121656642628015,3.0,0,0,1.0,1.0,2.0,41.84805518286979,2.0,0.724158433739489,0,,0,0,HOLD,2.670588235294118,3,1,5,Computer Hardware
CSGP,2026-08-14,4.0,0.415696531268188,4.0,0,0,5.0,3.0,4.0,59.39762669490208,5.0,0.08177280787665908,1,4.0,0,0,SELL,3.935294117647059,0,4,5,Services
CSHR,2026-08-14,,,,0,0,,,4.0,61.944185720326246,4.0,0.32604372833969464,0,,0,0,,,0,1,1,Investment & Brokerage
CSIQ,2026-08-14,1.0,0.9401574803149606,5.0,0,0,3.0,,3.0,48.548658795151674,4.0,0.23390111091362312,0,,0,0,HOLD,2.8000000000000003,1,2,4,Semiconductors & Chips
CSL,2026-08-14,4.0,0.3239383545598188,1.0,1,0,4.0,3.0,3.0,52.81337940100338,2.0,0.6232519327818118,0,,0,0,HOLD,3.035294117647059,2,2,5,"Rubber, Plastics & Leather"
CSPI,2026-08-14,2.0,0.6130650184431679,5.0,0,0,5.0,3.0,3.0,45.96938815563221,5.0,0.03143932202807729,1,1.0,0,0,HOLD,3.4294117647058826,1,3,5,Technology & Software
CSQ,2026-08-14,,,1.0,0,0,2.0,,4.0,60.8230172882784,1.0,1.0,0,,0,0,STRONG BUY,1.340909090909091,3,0,3,Other
CSQR,2026-08-14,,,,0,0,,,4.0,55.12584538519645,,,0,,0,0,,,0,0,0,Technology & Software
CSR,2026-08-14,3.0,0.49477855933723236,5.0,0,0,4.0,2.0,3.0,49.19052485480554,4.0,0.23131512875559845,0,,0,0,HOLD,3.4470588235294115,1,3,5,Investment & Holding Companies
CSTE,2026-08-14,1.0,0.8261417322834645,1.0,0,0,1.0,,5.0,80.54727806818973,1.0,1.0,0,,0,0,STRONG BUY,1.0,4,0,4,Construction & Materials
CSTL,2026-08-14,3.0,0.5191617462480866,2.0,0,0,3.0,3.0,4.0,59.30866259521827,3.0,0.460827666653716,0,,0,0,HOLD,2.894117647058824,1,0,5,Healthcare Services
CSTM,2026-08-14,2.0,0.5974696898100844,3.0,0,0,1.0,1.0,3.0,50.404782179502675,2.0,0.7078501086133713,1,4.0,0,0,STRONG BUY,1.4529411764705882,4,0,5,Metals
CSV,2026-08-14,2.0,0.6244393304590073,5.0,0,0,4.0,3.0,3.0,45.066512684726355,5.0,0.1577721375543871,0,,0,0,SELL,3.552941176470589,1,3,5,Services
CSW,2026-08-14,5.0,0.17117117117117117,1.0,1,0,2.0,4.0,4.0,64.79528599187681,1.0,0.9490060932847141,1,1.0,0,0,HOLD,2.6294117647058823,3,2,5,Chemicals
CSWC,2026-08-14,2.0,0.6624189591520943,1.0,0,0,2.0,4.0,4.0,62.422630558749304,1.0,0.9758570765154205,1,1.0,0,0,STRONG BUY,1.7117647058823533,4,1,5,Other
CSX,2026-08-14,4.0,0.2917421184498977,1.0,0,0,2.0,3.0,3.0,51.31113694813981,1.0,0.8572101019015362,1,1.0,0,0,BUY,2.147058823529412,3,1,5,Railroads
CTAA,2026-08-14,3.0,0.5537007874015748,,0,0,,,2.0,44.859196175006645,3.0,0.470587575312188,0,,0,0,,,0,0,2,Investment & Holding Companies
CTAS,2026-08-14,5.0,0.1602920852973867,1.0,1,0,3.0,2.0,3.0,51.35558069495061,2.0,0.6482438514631832,0,,0,0,HOLD,2.988235294117647,3,1,5,Apparel & Textiles
CTBI,2026-08-14,2.0,0.6282712787714532,1.0,0,0,2.0,1.0,4.0,64.51566466171167,1.0,0.980146156758123,1,1.0,0,0,STRONG BUY,1.1823529411764706,5,0,5,Banks & Financial Services
CTEV,2026-08-14,1.0,0.814949494949495,3.0,0,0,3.0,3.0,4.0,65.96517754025251,3.0,0.4170190832790952,1,4.0,0,0,BUY,2.0882352941176476,1,0,5,Services
CTGO,2026-08-14,3.0,0.535748031496063,3.0,0,0,4.0,2.0,4.0,67.82143178710041,4.0,0.29392453559397835,0,,0,0,HOLD,3.235294117647059,1,2,5,Mining & Minerals
CTKB,2026-08-14,3.0,0.5052978765275591,2.0,0,0,3.0,4.0,4.0,58.011893892642476,3.0,0.5287128664257364,0,,0,0,HOLD,3.0705882352941183,1,1,5,Medical Devices & Instruments
CTMX,2026-08-14,4.0,0.40711684764985,5.0,0,0,3.0,5.0,3.0,47.67754640992196,4.0,0.3206412628406202,0,,0,0,SELL,4.105882352941177,0,4,5,Pharmaceuticals & Biotech
CTNM,2026-08-14,1.0,0.9637795275590552,1.0,0,0,2.0,4.0,3.0,45.64849584712467,2.0,0.759036143319819,0,,0,0,BUY,1.9411764705882355,4,1,5,Pharmaceuticals & Biotech
CTNT,2026-08-14,1.0,0.9659998925192128,4.0,0,0,5.0,4.0,2.0,32.104653214611744,5.0,0.00028810834018659626,0,,0,0,HOLD,3.494117647058823,1,4,5,Wholesale Trade
CTO,2026-08-14,3.0,0.4567276448115939,1.0,0,0,2.0,2.0,4.0,55.35136503550408,1.0,0.9349687508410535,0,,0,0,BUY,1.9647058823529413,4,0,5,Investment & Holding Companies
CTOS,2026-08-14,3.0,0.5024595803507463,3.0,0,0,1.0,3.0,3.0,49.787395286215535,2.0,0.7828053530615894,0,,0,0,BUY,2.411764705882353,2,0,5,Services
CTRE,2026-08-14,4.0,0.300738418976373,2.0,0,0,3.0,3.0,2.0,36.326223273034586,3.0,0.595851720139286,0,,0,0,HOLD,3.2,1,1,5,Investment & Holding Companies
CTRI,2026-08-14,3.0,0.5189619859810572,5.0,0,1,4.0,2.0,2.0,41.45108517495346,5.0,0.18947839070785258,0,,0,0,SELL,3.6823529411764704,1,3,5,Utilities
CTRM,2026-08-14,1.0,0.9782677165354331,2.0,1,0,3.0,,4.0,69.02364064538082,2.0,0.6907214999819957,0,,0,0,BUY,1.8428571428571427,3,0,4,Transportation & Logistics
CTRN,2026-08-14,3.0,0.4431329975041982,1.0,0,0,1.0,1.0,4.0,66.11695850660924,1.0,0.9500440885478197,1,1.0,0,0,STRONG BUY,1.3117647058823527,4,0,5,Retail
CTS,2026-08-14,4.0,0.3907462186692199,2.0,0,0,2.0,1.0,3.0,50.45513638009511,1.0,0.8494810738054288,0,,0,0,BUY,2.1999999999999997,4,1,5,Semiconductors & Chips
CTSH,2026-08-14,2.0,0.6380927179419593,3.0,0,0,4.0,1.0,5.0,71.52652258543732,3.0,0.42747201695383014,0,,0,0,HOLD,2.51764705882353,2,1,5,Technology & Software
CTVA,2026-08-14,3.0,0.4519671743654106,2.0,0,0,3.0,2.0,2.0,37.53047872746791,3.0,0.5382148068978667,0,,0,0,HOLD,2.7176470588235295,2,0,5,Agriculture
CTW,2026-08-14,,,1.0,0,0,1.0,,4.0,65.73737922320619,1.0,0.8666666578363487,0,,0,0,STRONG BUY,1.0,3,0,3,Technology & Software
CUB,2026-08-14,,,1.0,0,0,3.0,4.0,3.0,53.84037566867698,1.0,0.8571441546586982,0,,0,0,BUY,2.2711864406779663,2,1,4,Investment & Holding Companies
CUBE,2026-08-14,4.0,0.3016770712516272,1.0,0,0,3.0,,3.0,51.71044476772661,1.0,0.8816879010484006,0,,0,0,HOLD,2.542857142857143,2,1,4,Investment & Holding Companies
CUBI,2026-08-14,2.0,0.7073009500586335,1.0,0,0,2.0,1.0,4.0,66.05864331230747,1.0,0.9969736406575133,0,,0,0,STRONG BUY,1.4823529411764707,5,0,5,Banks & Financial Services
CUE,2026-08-14,4.0,0.3043702206210838,1.0,0,0,1.0,3.0,4.0,61.86184727364594,1.0,0.9180172192010497,0,,0,0,BUY,2.2705882352941176,3,1,5,Pharmaceuticals & Biotech
CULP,2026-08-14,1.0,0.9465127417517729,4.0,0,0,4.0,3.0,2.0,41.50639856603273,4.0,0.3009950714959285,1,3.0,0,0,HOLD,2.605882352941177,1,3,5,Apparel & Textiles
CUPR,2026-08-14,,,4.0,1,0,5.0,,2.0,42.789926619010984,5.0,0.014336428135096696,0,,0,0,STRONG SELL,4.795454545454546,0,3,3,Medical Devices & Instruments
CURB,2026-08-14,4.0,0.34178694131182535,2.0,0,0,2.0,2.0,3.0,48.93683553372877,1.0,0.8534634490170154,0,,0,0,BUY,2.376470588235294,4,1,5,Real Estate & REITs
CURI,2026-08-14,4.0,0.33618734477608264,2.0,0,0,3.0,3.0,4.0,68.8565920644936,3.0,0.44349356439944587,0,,0,0,HOLD,3.2,1,1,5,Hospitality & Leisure
CURR,2026-08-14,4.0,0.3002020202020202,1.0,0,0,1.0,3.0,4.0,59.10051291179054,2.0,0.7234727592762945,0,,0,0,HOLD,2.5058823529411764,3,1,5,Services
CURV,2026-08-14,1.0,0.9454545454545454,1.0,0,0,2.0,4.0,2.0,41.984037981507,2.0,0.6917040590596505,0,,0,0,BUY,1.9411764705882355,4,1,5,Retail
CUVL,2026-08-14,,,5.0,0,0,4.0,,3.0,50.63456474068946,4.0,0.2762645878299662,0,,0,0,SELL,4.204545454545455,0,3,3,Services
CUZ,2026-08-14,3.0,0.4892946765903316,2.0,0,0,2.0,3.0,2.0,42.51633467467366,2.0,0.7735291835691415,0,,0,0,BUY,2.482352941176471,3,0,5,Investment & Holding Companies
CV,2026-08-14,5.0,0.09860393100810916,4.0,0,0,1.0,4.0,3.0,45.13651885366027,4.0,0.2670349962904616,0,,0,0,SELL,3.776470588235294,1,4,5,Medical Devices & Instruments
CVBF,2026-08-14,2.0,0.6870187341511245,1.0,0,0,2.0,1.0,4.0,62.22984641324567,1.0,0.9913468527618177,0,,0,0,STRONG BUY,1.4823529411764707,5,0,5,Banks & Financial Services
CVCO,2026-08-14,4.0,0.4187514745969367,2.0,0,0,3.0,1.0,4.0,59.681844956309675,2.0,0.6169007356501808,0,,0,0,HOLD,2.6117647058823534,3,1,5,Wood & Furniture
CVE,2026-08-14,,,1.0,0,0,1.0,,4.0,64.97888094271808,1.0,0.963785865964519,0,,0,0,STRONG BUY,1.0,3,0,3,Oil & Gas
CVEO,2026-08-14,2.0,0.6479626820853006,2.0,0,0,2.0,2.0,3.0,52.73749648378132,1.0,0.8551371939752621,0,,0,0,BUY,1.7647058823529411,5,0,5,Hospitality & Leisure
CVGI,2026-08-14,1.0,0.8918883373551622,3.0,0,0,1.0,2.0,1.0,28.325179544435116,3.0,0.4324324055834944,0,,0,0,BUY,1.8588235294117648,3,0,5,Automobiles
CVI,2026-08-14,5.0,0.05737316263632053,1.0,0,0,2.0,1.0,4.0,57.6918462939684,2.0,0.7651274733730501,1,1.0,0,0,BUY,2.335294117647059,4,1,5,Oil & Gas
CVKD,2026-08-14,3.0,0.4346456692913386,5.0,0,0,5.0,5.0,2.0,32.323106532215505,5.0,0.0024271821952859805,0,,0,0,STRONG SELL,4.3882352941176475,0,4,5,Pharmaceuticals & Biotech
CVLG,2026-08-14,5.0,0.05879563774300616,3.0,0,0,2.0,3.0,2.0,32.6477173365429,3.0,0.531014683181302,0,,0,0,HOLD,3.4352941176470595,1,1,5,Transportation & Logistics
CVLT,2026-08-14,5.0,0.14814020500917002,2.0,0,0,3.0,3.0,4.0,59.53567314203228,3.0,0.5980620843469742,0,,0,0,SELL,3.5058823529411764,1,1,5,Technology & Software
CVM,2026-08-14,3.0,0.5373228346456693,3.0,0,0,5.0,2.0,4.0,59.33050817684744,5.0,0.047224518342615956,0,,0,0,SELL,3.647058823529412,1,2,5,Pharmaceuticals & Biotech
CVNA,2026-08-14,1.0,0.9023233760075865,2.0,0,0,3.0,3.0,4.0,63.330471334011925,3.0,0.49028743917587686,0,,0,0,BUY,2.2823529411764705,2,0,5,Retail
CVR,2026-08-14,1.0,0.9023806429365712,3.0,0,0,4.0,3.0,3.0,51.168165000028935,4.0,0.27882886326970197,0,,0,0,HOLD,2.8000000000000003,1,2,5,Industrial Machinery
CVRX,2026-08-14,3.0,0.4670501422839241,5.0,0,0,5.0,4.0,2.0,35.52337620419647,5.0,0.08412322194553616,1,1.0,0,0,SELL,3.9117647058823533,0,4,5,Medical Devices & Instruments
CVS,2026-08-14,2.0,0.6680995591161687,2.0,0,0,2.0,2.0,2.0,40.92386861646689,2.0,0.7179745578586456,0,,0,0,BUY,2.0,5,0,5,Retail
CVSA,2026-08-14,3.0,0.4699526362588938,2.0,0,0,2.0,3.0,3.0,54.88016869283005,2.0,0.6552465247514029,1,1.0,0,0,BUY,2.1823529411764713,3,0,5,Services
CVU,2026-08-14,3.0,0.5530083804224243,2.0,0,0,1.0,5.0,5.0,71.52722120778327,1.0,1.0,0,,0,0,BUY,2.423529411764706,3,1,5,Aerospace & Defense
CVV,2026-08-14,3.0,0.5826547080379084,1.0,0,0,1.0,3.0,4.0,56.749622073978635,1.0,0.9524236382126158,0,,0,0,BUY,1.964705882352941,3,0,5,Industrial Machinery
CVX,2026-08-14,4.0,0.3532479848269322,1.0,0,0,2.0,2.0,4.0,64.52650432848922,1.0,0.8584332896014912,0,,0,0,BUY,2.270588235294118,4,1,5,Oil & Gas
CW,2026-08-14,5.0,0.1862616701977154,3.0,0,0,2.0,1.0,2.0,44.18551943752881,2.0,0.7038492658019607,0,,0,0,HOLD,2.847058823529412,3,1,5,Industrial Machinery
CWBC,2026-08-14,1.0,0.947597557798464,2.0,0,0,2.0,1.0,3.0,54.47585948557575,2.0,0.7892143924204231,1,6.0,0,0,STRONG BUY,1.217647058823529,5,0,5,Banks & Financial Services
CWCO,2026-08-14,3.0,0.43945552862679743,3.0,0,0,4.0,3.0,4.0,60.50826533089309,4.0,0.2881839997496904,1,1.0,0,0,HOLD,3.111764705882353,0,2,5,Utilities
CWEN,2026-08-14,4.0,0.3054338294953727,5.0,0,1,3.0,4.0,4.0,55.28305284736759,3.0,0.504011826344282,0,,0,0,SELL,3.6941176470588233,0,3,5,Utilities
CWH,2026-08-14,1.0,0.9853010905642485,5.0,0,0,5.0,4.0,3.0,49.597410688601364,5.0,0.06537535220955117,0,,0,0,SELL,3.5999999999999996,1,4,5,Retail
CWK,2026-08-14,2.0,0.6690731493321062,2.0,0,0,3.0,3.0,4.0,60.02140955867797,3.0,0.4814813244980716,0,,0,0,HOLD,2.588235294117647,2,0,5,Real Estate & REITs
CWST,2026-08-14,5.0,0.00948316737790422,5.0,0,0,4.0,2.0,3.0,48.166635563417394,3.0,0.48656170453474124,0,,0,0,SELL,3.823529411764706,1,3,5,Utilities
CWT,2026-08-14,4.0,0.40404216204550863,1.0,0,0,3.0,3.0,4.0,55.382379761012835,1.0,0.8418511468069785,0,,0,0,HOLD,2.6235294117647054,2,1,5,Utilities
CX,2026-08-14,,,4.0,0,0,3.0,,2.0,30.604002223236662,3.0,0.5139226911374513,0,,0,0,HOLD,3.2045454545454555,0,1,3,Construction & Materials
CXDO,2026-08-14,4.0,0.3973004621808282,4.0,0,0,3.0,2.0,2.0,43.78819843214115,4.0,0.215605772607832,0,,0,0,HOLD,3.4705882352941173,1,3,5,Telecom & Media
CXII,2026-08-14,,,,0,0,,,4.0,55.933232509100584,,,0,,0,0,,,0,0,0,Investment & Holding Companies
CXM,2026-08-14,1.0,0.8730169732163727,2.0,0,0,3.0,2.0,4.0,65.75653459996651,3.0,0.524296622480568,0,,0,0,BUY,2.1058823529411765,3,0,5,Technology & Software
CXT,2026-08-14,3.0,0.5330588974980788,2.0,0,0,4.0,3.0,3.0,50.99712466171298,3.0,0.4850933529479123,0,,0,0,HOLD,3.0705882352941174,1,1,5,Industrial Machinery
CXW,2026-08-14,3.0,0.5360684716368687,1.0,0,0,1.0,1.0,4.0,59.516575858769286,1.0,0.9381675921614507,0,,0,0,STRONG BUY,1.6117647058823528,4,0,5,Investment & Holding Companies
CYCN,2026-08-14,4.0,0.3114026997889629,1.0,0,0,1.0,5.0,4.0,62.5899898915376,3.0,0.511320732521731,0,,0,0,HOLD,3.0941176470588236,2,2,5,Pharmaceuticals & Biotech
CYD,2026-08-14,,,3.0,0,0,3.0,,2.0,44.86648530674424,3.0,0.5654044225662859,0,,0,0,HOLD,3.0000000000000004,0,0,3,Industrial Machinery
CYH,2026-08-14,1.0,0.9875991094423857,5.0,0,0,4.0,1.0,3.0,49.813296401270804,4.0,0.2656250174622998,0,,0,0,HOLD,2.6588235294117646,2,3,5,Healthcare Services
CYN,2026-08-14,3.0,0.5400714741083806,5.0,0,0,5.0,4.0,3.0,45.08993310160827,5.0,0.015009388458152464,0,,0,0,SELL,4.211764705882353,0,4,5,Technology & Software
CYRX,2026-08-14,3.0,0.5439177519423348,3.0,0,0,1.0,3.0,3.0,49.89046321438762,1.0,0.8508474905029931,0,,0,0,BUY,2.176470588235294,2,0,5,Pharmaceuticals & Biotech
CYTK,2026-08-14,5.0,0.059393939393939395,3.0,0,0,2.0,4.0,2.0,38.87428775492735,2.0,0.7471595454332425,0,,0,0,HOLD,3.376470588235294,2,2,5,Pharmaceuticals & Biotech
CZFS,2026-08-14,1.0,0.8591749644381222,1.0,0,0,2.0,2.0,4.0,64.49440296151462,1.0,0.986787588461372,1,2.0,0,0,STRONG BUY,1.0529411764705885,5,0,5,Banks & Financial Services
CZNC,2026-08-14,2.0,0.6739304093944861,1.0,0,0,2.0,3.0,5.0,76.96213832754947,1.0,0.997477057487769,1,2.0,0,0,STRONG BUY,1.535294117647059,4,0,5,Banks & Financial Services
CZR,2026-08-14,2.0,0.6966899791110669,2.0,0,0,2.0,2.0,3.0,47.96319793125988,1.0,0.9462102833912689,0,,0,0,BUY,1.7647058823529411,5,0,5,Hospitality & Leisure
CZWI,2026-08-14,2.0,0.7532483106891968,3.0,0,0,2.0,1.0,2.0,41.75390279329735,2.0,0.6857418765763394,0,,0,0,BUY,1.9294117647058824,4,0,5,Banks & Financial Services
D,2026-08-14,3.0,0.47471535896642936,2.0,0,0,3.0,2.0,3.0,49.17794656791109,1.0,0.8148591214768276,0,,0,0,BUY,2.2470588235294118,3,0,5,Utilities
DAAQ,2026-08-14,,,3.0,0,1,3.0,,4.0,59.625336225748605,1.0,0.9943663364222086,0,,0,0,BUY,2.090909090909091,1,0,3,Banks & Financial Services
DAC,2026-08-14,1.0,0.8746456692913386,1.0,0,0,1.0,,4.0,60.676504053564656,1.0,0.9798177137124325,0,,0,0,STRONG BUY,1.0,4,0,4,Transportation & Logistics
DAIO,2026-08-14,3.0,0.5321388196524425,3.0,0,0,3.0,4.0,3.0,50.15187479193231,3.0,0.4736841805063508,0,,0,0,HOLD,3.1764705882352944,0,1,5,Medical Devices & Instruments
DAKT,2026-08-14,3.0,0.4973921289710763,3.0,0,0,4.0,1.0,3.0,49.71311041669069,4.0,0.38435659625036733,0,,0,0,HOLD,3.058823529411765,1,2,5,Misc Manufacturing
DAL,2026-08-14,1.0,0.8316737790422001,1.0,0,0,1.0,1.0,3.0,51.99222156100659,1.0,0.8932487976404223,0,,0,0,STRONG BUY,1.0,5,0,5,Airlines
DAN,2026-08-14,2.0,0.644534677312625,3.0,0,1,3.0,2.0,4.0,62.143844412367116,2.0,0.6018509944086169,0,,0,0,BUY,2.282352941176471,3,0,5,Automobiles
DAO,2026-08-14,,,1.0,0,0,1.0,,4.0,66.6434621752107,1.0,0.9504950513747168,0,,0,0,STRONG BUY,1.0,3,0,3,Services
DAR,2026-08-14,5.0,0.04077761972498815,1.0,0,0,1.0,1.0,4.0,66.30899395959179,1.0,1.0,0,,0,0,BUY,2.223529411764706,4,1,5,Food & Beverage
DASH,2026-08-14,5.0,0.07586533902323377,2.0,0,0,3.0,2.0,4.0,68.37554612697298,3.0,0.5210892884281819,0,,0,0,HOLD,3.3294117647058825,2,1,5,Services
DAVA,2026-08-14,,,3.0,0,0,5.0,,4.0,56.626889488786034,5.0,0.04059651970910722,0,,0,0,STRONG SELL,4.590909090909092,0,2,3,Technology & Software
DAVE,2026-08-14,3.0,0.44286391654812707,2.0,0,0,1.0,2.0,2.0,41.83152957981132,2.0,0.6233209196288634,0,,0,0,BUY,2.1294117647058823,4,0,5,Banks & Financial Services
DB,2026-08-14,,,1.0,1,0,3.0,,4.0,65.75055700877161,1.0,0.9695853817298732,0,,0,0,STRONG BUY,1.6818181818181817,2,0,3,Banks & Financial Services
DBCA,2026-08-14,,,,0,0,,,4.0,67.02490289865824,1.0,1.0,0,,0,0,,,1,0,1,Investment & Holding Companies
DBD,2026-08-14,3.0,0.5834125327659664,4.0,0,0,3.0,2.0,2.0,39.272791523743166,3.0,0.5065550015524808,0,,0,0,HOLD,2.929411764705882,1,1,5,Computer Hardware
DBGI,2026-08-14,5.0,0.06051178951201464,1.0,1,0,1.0,4.0,4.0,57.602512118616595,2.0,0.6911902785613825,0,,0,0,HOLD,2.988235294117647,3,2,5,Retail
DBI,2026-08-14,,,5.0,0,1,3.0,3.0,2.0,43.741139118742495,3.0,0.4752523357739499,0,,0,0,HOLD,3.305084745762712,0,1,4,Retail
DBL,2026-08-14,,,5.0,0,0,4.0,,3.0,54.66073454299383,3.0,0.5004971943624666,0,,0,0,SELL,3.750000000000001,0,2,3,Other
DBRG,2026-08-14,4.0,0.28591749644381226,1.0,0,0,2.0,2.0,4.0,60.39062324703803,1.0,0.99705358744801,0,,0,0,BUY,2.270588235294118,4,1,5,Investment & Brokerage
DBVT,2026-08-14,5.0,0.06911518311618842,5.0,0,0,3.0,3.0,2.0,44.52233704869911,4.0,0.33585860334285705,0,,0,0,SELL,4.058823529411765,0,3,5,Pharmaceuticals & Biotech
DBX,2026-08-14,2.0,0.5974395448079659,1.0,0,0,2.0,2.0,4.0,60.79048085251789,1.0,0.8911317920068758,0,,0,0,STRONG BUY,1.6588235294117648,5,0,5,Technology & Software
DC,2026-08-14,4.0,0.27086614173228346,2.0,0,0,2.0,3.0,5.0,74.65001208911184,2.0,0.7630769289456881,0,,0,0,HOLD,2.7882352941176474,3,1,5,Mining & Minerals
DCBO,2026-08-14,,,2.0,0,0,3.0,,4.0,62.5103867939241,3.0,0.4868344125179651,0,,0,0,HOLD,2.795454545454546,1,0,3,Technology & Software
DCH,2026-08-14,1.0,0.8375211971270408,2.0,0,0,3.0,4.0,4.0,65.152915108928,3.0,0.4194373223751028,1,1.0,0,0,BUY,2.1588235294117655,2,1,5,Automobiles
DCI,2026-08-14,4.0,0.3323850165955429,2.0,0,0,3.0,2.0,4.0,58.36881415669703,2.0,0.6258718072036019,0,,0,0,HOLD,2.7882352941176474,3,1,5,Industrial Machinery
DCO,2026-08-14,4.0,0.33002348403538273,1.0,0,0,1.0,4.0,4.0,67.64740527968021,1.0,1.0,0,,0,0,BUY,2.4470588235294115,3,2,5,Aerospace & Defense
DCOM,2026-08-14,3.0,0.4429293839083431,1.0,0,0,2.0,1.0,4.0,55.49926907451225,1.0,0.9527252957342297,0,,0,0,BUY,1.7882352941176471,4,0,5,Banks & Financial Services
DCOY,2026-08-14,1.0,0.9275590551181102,5.0,0,0,5.0,3.0,2.0,34.25793658770385,5.0,0.00062790342834194,0,,0,0,HOLD,3.423529411764706,1,3,5,Pharmaceuticals & Biotech
DCTH,2026-08-14,5.0,0.23248350045159533,1.0,0,0,1.0,2.0,4.0,69.83004159261574,1.0,0.9312976011609657,1,2.0,0,0,BUY,2.1,4,1,5,Medical Devices & Instruments
DCX,2026-08-14,1.0,0.9870866141732283,5.0,0,0,5.0,,3.0,47.203770456465406,5.0,0.00017701865035972214,0,,0,0,SELL,3.5142857142857147,1,3,4,Automobiles
DD,2026-08-14,5.0,0.16037740626270983,1.0,0,0,3.0,3.0,4.0,60.79465069452366,1.0,0.8877772819982118,0,,0,0,HOLD,2.929411764705882,2,1,5,Chemicals
DDD,2026-08-14,2.0,0.6167040508147045,1.0,0,0,1.0,3.0,4.0,66.25511818941344,1.0,0.9194312485607316,0,,0,0,STRONG BUY,1.6588235294117646,4,0,5,Technology & Software
DDI,2026-08-14,1.0,0.9788976377952756,1.0,0,0,2.0,,5.0,80.84714909278433,1.0,1.0,0,,0,0,STRONG BUY,1.2142857142857144,4,0,4,Technology & Software
DDL,2026-08-14,,,3.0,0,0,4.0,,3.0,54.75950401492459,3.0,0.4705883040422621,0,,0,0,HOLD,3.3409090909090917,0,1,3,Retail
DDOG,2026-08-14,1.0,0.8589721111102301,1.0,0,0,1.0,2.0,3.0,50.779426067218395,1.0,0.8238068942160482,0,,0,0,STRONG BUY,1.176470588235294,5,0,5,Technology & Software
DDS,2026-08-14,2.0,0.6993835941204363,4.0,0,0,3.0,3.0,2.0,41.83906162888367,4.0,0.3800738269229457,0,,0,0,HOLD,3.0352941176470583,1,2,5,Retail
DDT,2026-08-14,1.0,0.9962067330488383,1.0,0,0,3.0,3.0,4.0,55.25605308788986,1.0,0.9431567411766457,0,,0,0,STRONG BUY,1.7058823529411764,3,0,5,Retail
DE,2026-08-14,4.0,0.3043421791888454,1.0,0,0,3.0,3.0,3.0,50.219139717854496,2.0,0.7764431703286883,0,,0,0,HOLD,2.8588235294117643,2,1,5,Industrial Machinery
DEA,2026-08-14,3.0,0.5553811562445358,1.0,0,0,3.0,2.0,3.0,54.796201343687905,1.0,0.9343137635172162,0,,0,0,BUY,2.1411764705882352,3,0,5,Investment & Holding Companies
DEC,2026-08-14,1.0,0.8209145401743706,3.0,0,0,3.0,2.0,4.0,58.751577884401925,3.0,0.4154020437345023,0,,0,0,BUY,2.211764705882353,2,0,5,Oil & Gas
DECK,2026-08-14,3.0,0.42584833778064657,4.0,0,0,4.0,2.0,2.0,37.51140452002862,4.0,0.3053864003514645,0,,0,0,HOLD,3.3411764705882354,1,3,5,"Rubber, Plastics & Leather"
DEI,2026-08-14,2.0,0.587599563393429,3.0,0,0,3.0,3.0,3.0,45.95016490894109,3.0,0.40563241140474154,1,1.0,0,0,BUY,2.394117647058824,1,0,5,Investment & Holding Companies
DELL,2026-08-14,4.0,0.4002143010800639,1.0,0,0,1.0,2.0,4.0,61.68966478670307,1.0,0.9903636804172575,0,,0,0,BUY,2.0941176470588236,4,1,5,Computer Hardware
DEO,2026-08-14,,,2.0,0,0,4.0,,4.0,67.37945139137867,3.0,0.5996028601023065,0,,0,0,HOLD,3.136363636363637,1,1,3,Food & Beverage
DERM,2026-08-14,3.0,0.5696854802472263,4.0,0,0,4.0,4.0,3.0,54.35937463204129,3.0,0.47843937378263335,0,,0,0,HOLD,3.458823529411765,0,3,5,Pharmaceuticals & Biotech
DETX,2026-08-14,,,,0,0,,,3.0,52.77223043255748,4.0,0.22222218297636628,0,,0,0,,,0,1,1,Medical Devices & Instruments
DFDV,2026-08-14,5.0,0.18737049804336073,4.0,0,0,5.0,5.0,4.0,56.792092121583785,5.0,0.03382186790107467,0,,0,0,STRONG SELL,4.894117647058824,0,5,5,Banks & Financial Services
DFH,2026-08-14,1.0,0.9317211948790897,4.0,0,0,5.0,5.0,3.0,54.32371258616043,5.0,0.16449515060236286,0,,0,0,SELL,3.6705882352941175,1,4,5,Construction & Materials
DFIN,2026-08-14,3.0,0.4592995515861442,2.0,0,0,3.0,2.0,4.0,55.17241767440573,2.0,0.6064357351829204,0,,0,0,BUY,2.482352941176471,3,0,5,Services
DFLI,2026-08-14,2.0,0.5977838702325137,5.0,0,0,5.0,3.0,2.0,40.01190304198612,5.0,0.007008085699072645,0,,0,0,SELL,3.7294117647058824,1,3,5,Industrial Machinery
DFNS,2026-08-14,5.0,0.16562654040585292,1.0,1,0,1.0,3.0,3.0,53.30395289017814,4.0,0.39720734472485253,0,,0,0,HOLD,3.282352941176471,2,2,5,Business & Research Services
DFSC,2026-08-14,,,3.0,0,1,3.0,,5.0,73.76950203238135,3.0,0.44306930167197517,0,,0,0,HOLD,3.0000000000000004,0,0,3,Technology & Software
DFTX,2026-08-14,5.0,0.1990551181102362,1.0,0,0,1.0,5.0,3.0,50.22215887079935,1.0,0.852918888060593,0,,0,0,HOLD,2.929411764705882,3,2,5,Pharmaceuticals & Biotech
DG,2026-08-14,2.0,0.5907248430357415,3.0,0,0,4.0,2.0,3.0,52.00013405328256,3.0,0.47710406909036635,0,,0,0,HOLD,2.6941176470588237,2,1,5,Retail
DGAC,2026-08-14,,,,0,0,,,3.0,45.16956468962272,,,0,,0,0,,,0,0,0,Investment & Holding Companies
DGICA,2026-08-14,,,1.0,1,0,3.0,3.0,3.0,48.88177474960426,2.0,0.6241635855227768,0,,0,0,BUY,2.3559322033898304,2,0,4,Insurance
DGICB,2026-08-14,,,1.0,0,0,1.0,3.0,4.0,55.84138653904038,1.0,0.8162330648718551,1,1.0,0,0,STRONG BUY,1.2084745762711864,3,0,4,Insurance
DGII,2026-08-14,5.0,0.10526315789473685,1.0,0,0,1.0,3.0,5.0,76.15242767801475,1.0,0.9977359410221849,0,,0,0,HOLD,2.5764705882352934,3,1,5,Computer Hardware
DGNX,2026-08-14,,,3.0,0,0,5.0,,3.0,45.864394133709595,5.0,0.0018779719416022243,0,,0,0,STRONG SELL,4.590909090909092,0,2,3,Technology & Software
DGP,2026-08-14,,,3.0,0,0,3.0,,4.0,65.13435956417872,3.0,0.40596253646520103,0,,0,0,HOLD,3.0000000000000004,0,0,3,Banks & Financial Services
DGX,2026-08-14,4.0,0.404457088667615,1.0,0,0,2.0,1.0,4.0,64.43749823684205,1.0,0.9390290087477119,0,,0,0,BUY,2.0941176470588236,4,1,5,Healthcare Services
DGXX,2026-08-14,4.0,0.3625430064899146,4.0,0,0,1.0,3.0,3.0,45.78297943428756,4.0,0.31659056717039696,0,,0,0,HOLD,3.2941176470588234,1,3,5,Banks & Financial Services
DGZ,2026-08-14,,,4.0,0,0,4.0,,2.0,44.39772468794391,4.0,0.34108957468911427,0,,0,0,SELL,4.0,0,3,3,Banks & Financial Services
DHC,2026-08-14,2.0,0.6865022619240608,3.0,0,0,1.0,3.0,2.0,40.52785290029148,2.0,0.7997453782839157,0,,0,0,BUY,2.1058823529411765,3,0,5,Investment & Holding Companies
DHF,2026-08-14,,,5.0,0,0,4.0,,4.0,55.40869443475013,2.0,0.685866995372522,0,,0,0,HOLD,3.295454545454546,1,2,3,Other
DHI,2026-08-14,2.0,0.6522888760376203,4.0,1,0,4.0,3.0,3.0,50.11967488631755,4.0,0.340633482675097,0,,0,0,HOLD,3.211764705882353,1,3,5,Construction & Materials
DHR,2026-08-14,4.0,0.3496358932057185,3.0,0,0,4.0,3.0,4.0,55.32076953484988,3.0,0.5144103419868613,0,,0,0,HOLD,3.482352941176471,0,2,5,Medical Devices & Instruments
DHT,2026-08-14,,,1.0,0,0,1.0,,4.0,63.45979529679549,1.0,0.955415155128728,0,,0,0,STRONG BUY,1.0,3,0,3,Transportation & Logistics
DHX,2026-08-14,2.0,0.6167773942896061,1.0,0,0,1.0,3.0,3.0,50.04660035894255,1.0,0.9003690121306668,0,,0,0,STRONG BUY,1.6588235294117646,4,0,5,Services
DHY,2026-08-14,,,5.0,0,0,4.0,,3.0,46.87071838084048,5.0,0.12570363436757492,0,,0,0,STRONG SELL,4.659090909090909,0,3,3,Other
DIBS,2026-08-14,3.0,0.5377008113138994,3.0,0,0,3.0,3.0,4.0,57.268522582408444,2.0,0.6056701593146179,0,,0,0,HOLD,2.7647058823529416,1,0,5,Retail
DIN,2026-08-14,2.0,0.7223106086382839,1.0,0,0,2.0,2.0,3.0,50.32680017853151,1.0,0.8316806832565791,1,1.0,0,0,STRONG BUY,1.3588235294117648,5,0,5,Retail
DINO,2026-08-14,2.0,0.6051628778933099,1.0,0,0,1.0,2.0,4.0,66.37101795205133,1.0,1.0,0,,0,0,STRONG BUY,1.4823529411764707,5,0,5,Transportation & Logistics
DIOD,2026-08-14,4.0,0.4077374757544768,2.0,0,0,1.0,2.0,4.0,56.55887855274843,2.0,0.7601990247090843,0,,0,0,BUY,2.4352941176470586,4,1,5,Semiconductors & Chips
DIS,2026-08-14,3.0,0.5694584962033592,2.0,0,0,4.0,1.0,4.0,67.77793763271251,3.0,0.5946962916856681,1,1.0,0,0,BUY,2.4176470588235297,2,1,5,Hospitality & Leisure
DIT,2026-08-14,1.0,0.8246735926583458,5.0,0,0,4.0,3.0,3.0,49.589764676951,5.0,0.18236868011351529,0,,0,0,HOLD,3.2470588235294118,1,3,5,Wholesale Trade
DJCO,2026-08-14,3.0,0.5628276399847695,1.0,0,0,2.0,1.0,4.0,59.790341548595705,2.0,0.7884490866231743,0,,0,0,BUY,2.0235294117647062,4,0,5,Publishing & Media
DJP,2026-08-14,,,1.0,0,0,2.0,,4.0,60.07872171219056,1.0,0.8354155999777044,0,,0,0,STRONG BUY,1.340909090909091,3,0,3,Banks & Financial Services
DJT,2026-08-14,4.0,0.2702144902181058,4.0,0,0,5.0,4.0,2.0,39.455592577957376,5.0,0.1057692752562906,0,,0,0,STRONG SELL,4.411764705882353,0,5,5,Technology & Software
DK,2026-08-14,,,1.0,0,0,1.0,4.0,4.0,57.7754233881756,1.0,0.9407330146007669,0,,0,0,BUY,1.7627118644067798,3,1,4,Oil & Gas
DKI,2026-08-14,,,3.0,0,0,2.0,,3.0,46.3946244058475,4.0,0.33663539504462364,0,,0,0,HOLD,3.113636363636364,1,1,3,Technology & Software
DKNG,2026-08-14,,,4.0,0,0,3.0,1.0,4.0,60.26302114467762,5.0,0.19701926685568208,1,1.0,0,0,HOLD,3.022033898305085,1,2,4,Hospitality & Leisure
DKS,2026-08-14,3.0,0.5462304409672831,4.0,0,0,4.0,4.0,2.0,43.572477131013464,4.0,0.30663863194502117,0,,0,0,SELL,3.6941176470588237,0,4,5,Retail
DLB,2026-08-14,3.0,0.4594594594594595,2.0,0,0,4.0,2.0,5.0,76.30632965542354,3.0,0.5373552978149481,0,,0,0,HOLD,2.8941176470588235,2,1,5,Investment & Holding Companies
DLHC,2026-08-14,2.0,0.7026530317995608,5.0,0,0,4.0,,2.0,35.35142018823417,5.0,0.0,1,1.0,0,0,HOLD,3.3714285714285723,1,3,4,Services
DLO,2026-08-14,,,1.0,1,0,3.0,,3.0,46.332551581414776,2.0,0.705040653481529,0,,0,0,BUY,2.1363636363636367,2,0,3,Services
DLPN,2026-08-14,2.0,0.6849609475472735,4.0,0,0,4.0,3.0,4.0,59.253971695672725,4.0,0.22500006332992942,1,1.0,0,0,HOLD,2.9117647058823533,1,3,5,Services
DLR,2026-08-14,4.0,0.28130968470317463,1.0,0,0,2.0,1.0,4.0,63.124542356902445,1.0,0.9574321424566307,0,,0,0,BUY,2.0941176470588236,4,1,5,Investment & Holding Companies
DLTH,2026-08-14,,,3.0,0,0,1.0,1.0,3.0,45.70976902502112,2.0,0.725926015537297,0,,0,0,STRONG BUY,1.6440677966101698,3,0,4,Retail
DLTR,2026-08-14,3.0,0.43170921335007423,1.0,0,0,3.0,1.0,4.0,57.647644463568376,2.0,0.7895672760537956,0,,0,0,BUY,2.2,3,0,5,Retail
DLX,2026-08-14,2.0,0.6695278850041052,4.0,0,0,3.0,2.0,2.0,40.75043038232542,3.0,0.477452879594462,0,,0,0,HOLD,2.623529411764706,2,1,5,Publishing & Media
DLY,2026-08-14,,,3.0,0,0,3.0,,4.0,67.97850897941433,1.0,0.9369912311747907,0,,0,0,BUY,2.090909090909091,1,0,3,Other
DMA,2026-08-14,,,3.0,0,0,4.0,,3.0,53.794845794258,3.0,0.5425417932874395,1,1.0,0,0,HOLD,3.040909090909092,0,1,3,Other
DMAA,2026-08-14,,,1.0,0,0,3.0,3.0,4.0,66.10308297532774,1.0,1.0,0,,0,0,BUY,2.016949152542373,2,0,4,Investment & Holding Companies
DMAC,2026-08-14,5.0,0.12913385826771653,3.0,0,0,4.0,4.0,3.0,47.58979686371615,4.0,0.33740821176512287,0,,0,0,SELL,4.2,0,4,5,Pharmaceuticals & Biotech
DMB,2026-08-14,,,5.0,0,1,3.0,,3.0,52.32841984566182,2.0,0.7935276342024357,0,,0,0,HOLD,2.9545454545454546,1,1,3,Other
DMC,2026-08-14,1.0,0.8574352563257274,3.0,0,0,4.0,1.0,4.0,57.52718606793592,4.0,0.22656458834381515,0,,0,0,BUY,2.447058823529412,2,2,5,Agriculture
DMII,2026-08-14,,,,0,0,3.0,3.0,4.0,68.4756588187661,1.0,1.0,0,,0,0,BUY,2.1999999999999997,1,0,3,Investment & Holding Companies
DMO,2026-08-14,,,5.0,0,0,4.0,,3.0,52.79883765454834,3.0,0.5516497402292249,0,,0,0,SELL,3.750000000000001,0,2,3,Other
DMRA,2026-08-14,3.0,0.460994466977553,1.0,0,0,2.0,4.0,4.0,58.00273394942357,1.0,0.9017744446584538,0,,0,0,BUY,2.3176470588235296,3,1,5,Pharmaceuticals & Biotech
DMRC,2026-08-14,,,4.0,0,0,3.0,,3.0,52.56068304136828,4.0,0.2626346339030425,0,,0,0,SELL,3.659090909090909,0,2,3,Technology & Software
DNA,2026-08-14,2.0,0.6490040114284673,4.0,1,0,5.0,4.0,2.0,34.33481707244317,5.0,0.12288930770442304,0,,0,0,SELL,3.8000000000000003,1,4,5,Pharmaceuticals & Biotech
DNLI,2026-08-14,4.0,0.26236220472440946,1.0,0,0,1.0,4.0,3.0,51.62571648433117,1.0,0.8056708406738561,0,,0,0,BUY,2.4470588235294115,3,2,5,Pharmaceuticals & Biotech
DNMX,2026-08-14,,,,0,0,3.0,,4.0,65.14857032005989,1.0,1.0,0,,0,0,,,1,0,2,Investment & Holding Companies
DNN,2026-08-14,,,4.0,0,0,3.0,,4.0,56.46438029498971,3.0,0.5346939184624979,0,,0,0,HOLD,3.2045454545454555,0,1,3,Mining & Minerals
DNOW,2026-08-14,2.0,0.6859969782877126,1.0,1,0,3.0,4.0,5.0,70.16765786483008,1.0,0.9234781806816134,0,,0,0,BUY,2.1882352941176473,3,1,5,Industrial Machinery
DNP,2026-08-14,,,1.0,0,0,3.0,,4.0,59.95282151946919,1.0,0.9669417008632365,0,,0,0,STRONG BUY,1.6818181818181817,2,0,3,Other
DNTH,2026-08-14,5.0,0.12694758082563545,1.0,0,0,1.0,5.0,4.0,62.02732649369755,1.0,1.0,0,,0,0,HOLD,2.929411764705882,3,2,5,Pharmaceuticals & Biotech
DNUT,2026-08-14,1.0,0.8469617847625822,5.0,0,0,3.0,3.0,3.0,52.690775270614985,4.0,0.23033702748243337,0,,0,0,HOLD,2.835294117647059,1,2,5,Retail
DOC,2026-08-14,4.0,0.3100428922131437,2.0,0,0,2.0,2.0,2.0,41.40839384426421,2.0,0.7342740275372266,0,,0,0,HOLD,2.6117647058823534,4,1,5,Investment & Holding Companies
DOCN,2026-08-14,5.0,0.1270402453395444,3.0,0,0,1.0,1.0,3.0,50.60504592752697,2.0,0.660475893463342,0,,0,0,HOLD,2.670588235294118,3,1,5,Technology & Software
DOCS,2026-08-14,4.0,0.28374350243030577,3.0,0,0,4.0,3.0,4.0,56.801426455376635,5.0,0.11889334107583475,0,,0,0,SELL,3.9529411764705884,0,3,5,Technology & Software
DOCU,2026-08-14,4.0,0.2801083148653904,2.0,0,0,3.0,2.0,4.0,64.89989548728062,3.0,0.4690245010074645,0,,0,0,HOLD,3.023529411764706,2,1,5,Technology & Software
DOGZ,2026-08-14,1.0,0.9606299212598426,4.0,0,0,5.0,,4.0,61.205382116384264,5.0,0.018543045019184287,0,,0,0,HOLD,3.3857142857142852,1,3,4,Misc Manufacturing
DOLE,2026-08-14,1.0,0.8148579770771899,5.0,0,0,4.0,2.0,2.0,40.14697381127099,4.0,0.21065807324872413,0,,0,0,HOLD,2.835294117647059,2,3,5,Agriculture
DOMH,2026-08-14,2.0,0.6044366912315238,5.0,0,0,5.0,3.0,3.0,48.969004873877786,5.0,0.12042142048116267,0,,0,0,SELL,3.7294117647058824,1,3,5,Investment & Brokerage
DOMO,2026-08-14,,,3.0,0,0,5.0,2.0,4.0,57.00973045618529,5.0,0.11790123431352996,0,,0,0,SELL,3.932203389830508,1,2,4,Technology & Software
DOO,2026-08-14,,,3.0,0,0,4.0,,4.0,58.05868429240926,3.0,0.45099337034387815,0,,0,0,HOLD,3.3409090909090917,0,1,3,Transportation Equipment
DORM,2026-08-14,3.0,0.5050610215081051,1.0,0,0,4.0,1.0,3.0,50.70721198313431,3.0,0.5451093770640735,0,,0,0,HOLD,2.6117647058823525,2,1,5,Automobiles
DOUG,2026-08-14,1.0,0.8385220851495733,4.0,0,0,4.0,3.0,4.0,68.5490043220798,4.0,0.30322583423817034,0,,0,0,HOLD,2.905882352941177,1,3,5,Real Estate & REITs
DOV,2026-08-14,4.0,0.41631104788999523,4.0,0,0,3.0,3.0,3.0,46.01122528317181,2.0,0.6521251591731233,0,,0,0,HOLD,3.176470588235294,1,2,5,Industrial Machinery
DOW,2026-08-14,,,3.0,0,1,3.0,4.0,3.0,54.39152724462404,3.0,0.5182058786211008,0,,0,0,HOLD,3.2542372881355934,0,1,4,Chemicals
DOX,2026-08-14,3.0,0.5376377952755905,3.0,0,0,4.0,,4.0,59.51800145633382,4.0,0.24664054698287635,0,,0,0,SELL,3.5000000000000004,0,2,4,Technology & Software
DOYU,2026-08-14,1.0,0.9735433070866141,4.0,0,0,5.0,,3.0,52.479317006173396,5.0,0.06521738880047694,0,,0,0,HOLD,3.3857142857142852,1,3,4,Technology & Software
DPC,2026-08-14,5.0,0.12472440944881888,,0,0,,,3.0,51.93706300967285,,,0,,0,0,,,0,1,1,Metals
DPG,2026-08-14,,,1.0,0,0,3.0,,4.0,56.81159147888371,1.0,0.9399440207751331,0,,0,0,STRONG BUY,1.6818181818181817,2,0,3,Other
DPRO,2026-08-14,,,5.0,0,0,4.0,,4.0,56.5854663214437,5.0,0.10932796980037861,0,,0,0,STRONG SELL,4.659090909090909,0,3,3,Aerospace & Defense
DPU,2026-08-14,,,4.0,0,0,5.0,,4.0,57.10727217839806,5.0,0.05391790225110927,0,,0,0,STRONG SELL,4.795454545454546,0,3,3,Services
DPZ,2026-08-14,3.0,0.5379838138280388,3.0,0,0,4.0,1.0,3.0,53.171255141730086,4.0,0.36048367919330904,0,,0,0,HOLD,3.058823529411765,1,2,5,Wholesale Trade
DQ,2026-08-14,2.0,0.7388976377952756,4.0,0,0,5.0,,4.0,63.201518773568154,5.0,0.12510392414808558,0,,0,0,SELL,3.757142857142857,1,3,4,Semiconductors & Chips
DRCT,2026-08-14,,,5.0,0,0,5.0,4.0,3.0,48.45187472562363,5.0,0.002590673538202587,0,,0,0,STRONG SELL,4.745762711864407,0,4,4,Services
DRD,2026-08-14,,,4.0,0,0,3.0,,4.0,63.38250335808654,3.0,0.4006721362050861,0,,0,0,HOLD,3.2045454545454555,0,1,3,Mining & Minerals
DRDB,2026-08-14,,,1.0,0,0,3.0,4.0,4.0,69.22071805402217,1.0,1.0,0,,0,0,BUY,2.2711864406779663,2,1,4,Investment & Holding Companies
DRH,2026-08-14,3.0,0.5394968262838132,1.0,0,0,1.0,1.0,3.0,46.97179650590906,1.0,0.8328578186291018,0,,0,0,STRONG BUY,1.6117647058823528,4,0,5,Investment & Holding Companies
DRI,2026-08-14,4.0,0.3515337652903274,1.0,0,0,3.0,2.0,4.0,68.0401212776985,1.0,0.9611830057648977,0,,0,0,BUY,2.447058823529412,3,1,5,Retail
DRIO,2026-08-14,1.0,0.8275698765203768,3.0,0,0,5.0,4.0,3.0,54.0770429643396,5.0,0.14040494553982666,0,,0,0,HOLD,3.388235294117647,1,3,5,Medical Devices & Instruments
DRMA,2026-08-14,3.0,0.5788976377952756,4.0,0,0,4.0,4.0,4.0,61.43616415758046,5.0,0.07849133388560896,1,1.0,0,0,SELL,3.6294117647058823,0,4,5,Pharmaceuticals & Biotech
DRS,2026-08-14,4.0,0.33339728718623896,1.0,0,0,2.0,2.0,3.0,51.04663259845318,2.0,0.7591204615264318,0,,0,0,HOLD,2.5058823529411764,4,1,5,Medical Devices & Instruments
DRTS,2026-08-14,5.0,0.07118110236220472,1.0,0,0,1.0,,4.0,62.599983531451954,1.0,0.9781468532561579,0,,0,0,BUY,2.4857142857142858,3,1,4,Medical Devices & Instruments
DRUG,2026-08-14,,,2.0,0,0,2.0,,3.0,51.70169366453618,2.0,0.658214606984795,0,,0,0,BUY,2.0,3,0,3,Pharmaceuticals & Biotech
DRVN,2026-08-14,2.0,0.5873428468405341,5.0,0,0,5.0,2.0,2.0,41.70829180597772,4.0,0.2962962645824688,0,,0,0,HOLD,3.3176470588235296,2,3,5,Services
DSAC,2026-08-14,,,,0,0,3.0,,4.0,60.99339361745986,1.0,0.9629621780471609,0,,0,0,,,1,0,2,Investment & Holding Companies
DSC,2026-08-14,,,,0,0,,,2.0,41.76398934394053,,,0,,0,0,,,0,0,0,Technology & Software
DSGN,2026-08-14,4.0,0.2677165354330709,1.0,0,0,1.0,5.0,4.0,66.16490578248712,1.0,0.9127272692593661,0,,0,0,HOLD,2.6235294117647054,3,2,5,Pharmaceuticals & Biotech
DSGR,2026-08-14,3.0,0.5272235782815511,1.0,0,0,3.0,2.0,5.0,83.13026755439438,1.0,1.0,1,1.0,0,0,BUY,1.8411764705882352,3,0,5,Wholesale Trade
DSGX,2026-08-14,4.0,0.29543307086614173,2.0,0,0,3.0,,4.0,55.53118426639333,4.0,0.3206581671673757,0,,0,0,SELL,3.528571428571429,1,2,4,Technology & Software
DSL,2026-08-14,,,4.0,0,0,4.0,,4.0,57.050318010599426,3.0,0.5685726033728807,0,,0,0,SELL,3.545454545454546,0,2,3,Other
DSM,2026-08-14,,,5.0,0,1,3.0,,2.0,41.72413963871165,2.0,0.6625888643703205,0,,0,0,HOLD,2.9545454545454546,1,1,3,Other
DSP,2026-08-14,4.0,0.26884779516358465,1.0,0,0,2.0,2.0,4.0,55.521709516880016,1.0,0.8184874019618764,0,,0,0,BUY,2.270588235294118,4,1,5,Technology & Software
DSU,2026-08-14,,,5.0,0,0,4.0,,3.0,49.01637293189619,2.0,0.628398971939226,0,,0,0,HOLD,3.295454545454546,1,2,3,Other
DSWL,2026-08-14,1.0,0.9212598425196852,4.0,0,0,3.0,,2.0,38.61128303030327,4.0,0.3486172420266716,0,,0,0,HOLD,2.6714285714285717,1,2,4,"Rubber, Plastics & Leather"
DSX,2026-08-14,1.0,0.9036220472440945,1.0,0,0,2.0,,4.0,61.72171609386459,2.0,0.7004127420854004,0,,0,0,STRONG BUY,1.5000000000000002,4,0,4,Transportation & Logistics
DSY,2026-08-14,5.0,0.0018897637795275593,3.0,0,0,4.0,,4.0,58.36727876959908,5.0,0.04903250296034536,0,,0,0,STRONG SELL,4.5285714285714285,0,3,4,Paper
DT,2026-08-14,5.0,0.21749065776715687,1.0,0,0,2.0,2.0,4.0,60.16328121753831,1.0,0.9026357526393539,1,1.0,0,0,BUY,2.2764705882352945,4,1,5,Technology & Software
DTCX,2026-08-14,3.0,0.5035466704917397,5.0,0,0,4.0,3.0,3.0,49.65299010866646,5.0,0.03725962366801347,1,1.0,0,0,SELL,3.5588235294117654,0,3,5,Technology & Software
DTE,2026-08-14,3.0,0.4847165035699773,4.0,0,0,3.0,3.0,2.0,43.3117979316229,3.0,0.5278638989499799,0,,0,0,HOLD,3.1058823529411765,0,1,5,Utilities
DTF,2026-08-14,,,1.0,0,0,3.0,,3.0,52.18869284444401,1.0,0.9110435563347896,0,,0,0,STRONG BUY,1.6818181818181817,2,0,3,Other
DTI,2026-08-14,1.0,0.8499215999897601,3.0,0,0,4.0,3.0,4.0,65.32655847109743,4.0,0.27611942422977004,0,,0,0,HOLD,2.8000000000000003,1,2,5,Industrial Machinery
DTIL,2026-08-14,4.0,0.2933816651806951,2.0,0,0,1.0,5.0,3.0,49.28917988378526,2.0,0.6760070105920902,0,,0,0,HOLD,2.9647058823529413,3,2,5,Pharmaceuticals & Biotech
DTM,2026-08-14,4.0,0.3074305748044675,3.0,0,0,2.0,1.0,3.0,46.297499788539994,2.0,0.7369543548512925,1,1.0,0,0,BUY,2.2411764705882358,3,1,5,Utilities
DTSQ,2026-08-14,,,3.0,0,0,3.0,3.0,2.0,32.659309798674926,1.0,0.8541673082444148,0,,0,0,BUY,2.3220338983050848,1,0,4,Investment & Holding Companies
DTST,2026-08-14,2.0,0.6868212616887999,5.0,0,0,5.0,4.0,2.0,43.393946794803895,5.0,0.06787324458911144,0,,0,0,SELL,3.905882352941177,1,4,5,Technology & Software
DUK,2026-08-14,3.0,0.5615351194601088,3.0,0,0,4.0,2.0,3.0,47.34581075379232,3.0,0.5853063925158144,0,,0,0,HOLD,3.0,1,1,5,Utilities
DUKR,2026-08-14,5.0,0.1086868686868687,3.0,0,0,1.0,3.0,3.0,50.04435647024955,3.0,0.43950618469805347,0,,0,0,HOLD,3.2588235294117647,1,1,5,Aerospace & Defense
DUOL,2026-08-14,2.0,0.5978545943685308,3.0,0,0,4.0,4.0,3.0,50.85151879205439,5.0,0.15331710306023003,1,1.0,0,0,HOLD,3.21764705882353,1,3,5,Technology & Software
DUOT,2026-08-14,4.0,0.33718384057690015,4.0,0,0,2.0,3.0,3.0,50.323210322474154,4.0,0.3599536496640009,0,,0,0,HOLD,3.4705882352941173,1,3,5,Technology & Software
DV,2026-08-14,3.0,0.4753049768803392,1.0,1,0,3.0,2.0,4.0,69.60190843268401,2.0,0.6109660333863166,0,,0,0,BUY,2.376470588235294,3,0,5,Technology & Software
DVA,2026-08-14,2.0,0.731771518639253,3.0,0,0,2.0,1.0,1.0,26.069156880090546,3.0,0.5557662309951754,0,,0,0,BUY,2.1647058823529415,3,0,5,Healthcare Services
DVN,2026-08-14,1.0,0.8539592223802751,1.0,0,0,2.0,2.0,4.0,58.12309779063219,2.0,0.7152284695981631,0,,0,0,STRONG BUY,1.5882352941176472,5,0,5,Oil & Gas
DWSN,2026-08-14,3.0,0.5323220254834676,4.0,0,0,1.0,3.0,2.0,34.18213476488221,4.0,0.3033439343544077,0,,0,0,HOLD,2.9882352941176467,1,2,5,Oil & Gas
DWTX,2026-08-14,1.0,0.8160629921259842,3.0,0,0,5.0,5.0,5.0,79.59012893492184,5.0,0.12328768415771821,0,,0,0,SELL,3.564705882352941,1,3,5,Pharmaceuticals & Biotech
DX,2026-08-14,1.0,0.9615931721194879,4.0,0,0,3.0,3.0,4.0,57.638750073799685,1.0,0.8205614021923324,1,1.0,0,0,STRONG BUY,1.7235294117647058,2,1,5,Investment & Holding Companies
DXC,2026-08-14,5.0,0.0687529634898056,3.0,0,0,4.0,1.0,3.0,54.91744785244856,4.0,0.3564493316541964,0,,0,0,SELL,3.670588235294118,1,3,5,Technology & Software
DXCM,2026-08-14,5.0,0.17609773181042457,1.0,0,0,2.0,1.0,4.0,67.39385270253182,1.0,0.9527837553046827,0,,0,0,BUY,2.4,4,1,5,Medical Devices & Instruments
DXPE,2026-08-14,4.0,0.3957055688760104,1.0,0,0,1.0,2.0,4.0,67.86279317097674,1.0,1.0,0,,0,0,BUY,2.0941176470588236,4,1,5,Wholesale Trade
DXR,2026-08-14,,,3.0,0,0,4.0,,3.0,49.56433642656108,4.0,0.2602040311553064,1,2.0,0,0,HOLD,3.495454545454546,0,2,3,Other
DXST,2026-08-14,5.0,0.21952755905511812,4.0,0,0,5.0,,4.0,57.695719490292994,5.0,0.02271369004990012,0,,0,0,STRONG SELL,4.871428571428571,0,4,4,Utilities
DXYZ,2026-08-14,,,3.0,0,1,3.0,,4.0,66.99371083647426,4.0,0.2217374198966506,0,,0,0,HOLD,3.454545454545455,0,1,3,Other
DY,2026-08-14,4.0,0.33178330166510145,3.0,0,0,3.0,4.0,3.0,50.526101110667234,3.0,0.5993997757264992,0,,0,0,HOLD,3.4823529411764707,0,2,5,Construction & Materials
DYN,2026-08-14,5.0,0.20503937007874015,1.0,0,0,1.0,4.0,4.0,57.905693740303875,1.0,0.9314790771666864,1,1.0,0,0,BUY,2.4529411764705884,3,2,5,Pharmaceuticals & Biotech
DYNC,2026-08-14,,,1.0,0,0,3.0,5.0,4.0,59.77643350858333,2.0,0.6703294054520836,0,,0,0,HOLD,2.8644067796610173,2,1,4,Investment & Holding Companies
DYOR,2026-08-14,,,,0,0,3.0,,4.0,63.85604822880765,1.0,0.9999999999999911,0,,0,0,,,1,0,2,Investment & Holding Companies
DZZ,2026-08-14,,,5.0,0,0,4.0,,2.0,34.31329325055877,5.0,0.026004993098213722,0,,0,0,STRONG SELL,4.659090909090909,0,3,3,Banks & Financial Services
E,2026-08-14,,,1.0,0,0,1.0,,4.0,61.05958725486329,1.0,0.9288971660836437,0,,0,0,STRONG BUY,1.0,3,0,3,Oil & Gas
EAD,2026-08-14,,,5.0,0,0,4.0,,3.0,53.51191051017702,2.0,0.6141051207273701,1,1.0,0,0,HOLD,2.995454545454546,1,2,3,Other
EAF,2026-08-14,1.0,0.8913131313131313,3.0,0,0,4.0,3.0,3.0,53.02760336302804,5.0,0.16312543984470337,0,,0,0,HOLD,3.0352941176470583,1,2,5,Industrial Machinery
EAI,2026-08-14,,,,0,0,4.0,,2.0,34.84048636137,4.0,0.2580355190875558,0,,0,0,,,0,2,2,Utilities
EARN,2026-08-14,1.0,0.864251968503937,5.0,0,0,4.0,4.0,3.0,54.126163200491526,4.0,0.38820759931987087,0,,0,0,HOLD,3.1882352941176473,1,4,5,Investment & Holding Companies
EAT,2026-08-14,4.0,0.30841915415092913,1.0,0,0,1.0,1.0,4.0,68.66898119074806,1.0,0.9391364513507349,0,,0,0,BUY,1.9176470588235293,4,1,5,Retail
EBAY,2026-08-14,4.0,0.27220150575608765,3.0,0,0,2.0,2.0,2.0,38.61798727260855,2.0,0.6098398393589731,0,,0,0,HOLD,2.7176470588235295,3,1,5,Services
EBC,2026-08-14,4.0,0.3803549771732867,1.0,0,0,2.0,3.0,4.0,62.93789194019348,1.0,1.0,1,1.0,0,0,BUY,2.147058823529412,3,1,5,Banks & Financial Services
EBF,2026-08-14,3.0,0.5851638101386568,1.0,0,0,2.0,2.0,4.0,58.899901594500754,1.0,0.9663420994116586,0,,0,0,BUY,1.9647058823529413,4,0,5,Publishing & Media
EBMT,2026-08-14,1.0,0.8000416422790372,2.0,0,0,2.0,1.0,3.0,49.503613271143124,1.0,0.8855303615668398,0,,0,0,STRONG BUY,1.2823529411764707,5,0,5,Banks & Financial Services
EBON,2026-08-14,1.0,0.8047244094488188,5.0,0,0,5.0,,3.0,50.763120579704626,5.0,0.08381083096928428,0,,0,0,SELL,3.5142857142857147,1,3,4,Investment & Brokerage
EBS,2026-08-14,1.0,0.9041591352844007,5.0,0,0,5.0,1.0,1.0,20.442821605353416,5.0,0.014814851444281754,0,,0,0,HOLD,3.070588235294117,2,3,5,Pharmaceuticals & Biotech
EC,2026-08-14,,,1.0,0,0,1.0,,4.0,59.92350375544276,1.0,0.9749929491008029,0,,0,0,STRONG BUY,1.0,3,0,3,Oil & Gas
ECAT,2026-08-14,,,2.0,0,0,3.0,,3.0,54.05679682535714,1.0,0.8932738927768584,0,,0,0,BUY,1.8863636363636362,2,0,3,Other
ECBK,2026-08-14,3.0,0.4409173261679531,1.0,0,0,2.0,1.0,4.0,58.423757175750985,1.0,0.986710977139066,0,,0,0,BUY,1.7882352941176471,4,0,5,Banks & Financial Services
ECC,2026-08-14,,,4.0,0,0,4.0,,4.0,58.47319559458044,5.0,0.1982274052338774,1,2.0,0,0,SELL,4.154545454545455,0,3,3,Other
ECF,2026-08-14,,,2.0,0,0,2.0,,4.0,60.30117726177398,1.0,0.8441414237955512,0,,0,0,STRONG BUY,1.5454545454545454,3,0,3,Other
ECG,2026-08-14,4.0,0.33194503794451385,3.0,0,0,1.0,3.0,3.0,54.260119619954864,2.0,0.7039687467119874,0,,0,0,HOLD,2.7176470588235295,2,1,5,Construction & Materials
ECHO,2026-08-14,1.0,0.9358158994414413,5.0,0,1,3.0,4.0,3.0,49.388278406285465,3.0,0.563380262184259,0,,0,0,HOLD,2.7764705882352945,1,2,5,Telecom & Media
ECL,2026-08-14,5.0,0.24708163606123706,1.0,1,0,4.0,3.0,3.0,48.41129830796922,3.0,0.5037961357259652,0,,0,0,SELL,3.5764705882352943,1,2,5,Chemicals
ECO,2026-08-14,,,1.0,0,0,1.0,,4.0,56.35293547270101,1.0,0.9094862806960956,0,,0,0,STRONG BUY,1.0,3,0,3,Transportation & Logistics
ECOR,2026-08-14,3.0,0.4864646464646465,2.0,0,0,1.0,4.0,5.0,78.0663348907786,1.0,0.9359190396484046,0,,0,0,BUY,2.2470588235294118,3,1,5,Medical Devices & Instruments
ECPG,2026-08-14,4.0,0.3961837786134695,1.0,0,0,1.0,2.0,4.0,65.35030459840121,1.0,1.0,0,,0,0,BUY,2.0941176470588236,4,1,5,Banks & Financial Services
ECVT,2026-08-14,3.0,0.5838675862860995,4.0,0,0,3.0,2.0,2.0,31.807919827286312,4.0,0.3576437797764068,0,,0,0,HOLD,3.164705882352941,1,2,5,Chemicals
ECX,2026-08-14,,,5.0,0,0,5.0,,3.0,46.461201401956444,5.0,0.1069397128880324,0,,0,0,STRONG SELL,5.0,0,3,3,Technology & Software
ED,2026-08-14,3.0,0.5760068840238048,2.0,0,0,3.0,2.0,3.0,47.659657464275654,2.0,0.7315997863508049,1,1.0,0,0,BUY,2.1823529411764713,3,0,5,Utilities
EDBL,2026-08-14,1.0,0.9485474179087712,5.0,0,0,5.0,3.0,1.0,23.4185009652316,5.0,0.0,0,,0,0,HOLD,3.423529411764706,1,3,5,Agriculture
EDD,2026-08-14,,,2.0,0,0,3.0,,2.0,44.925799858867165,1.0,0.8302223393227558,0,,0,0,BUY,1.8863636363636362,2,0,3,Other
EDF,2026-08-14,,,3.0,0,0,3.0,,3.0,47.103241331875665,2.0,0.6818606389669655,0,,0,0,HOLD,2.545454545454546,1,0,3,Other
EDHL,2026-08-14,2.0,0.6201574803149607,5.0,0,0,3.0,,3.0,46.25377657176063,5.0,0.09886622677649355,0,,0,0,HOLD,3.4571428571428573,1,2,4,Services
EDIT,2026-08-14,4.0,0.35912247623860144,3.0,0,0,2.0,5.0,3.0,48.706313627647255,3.0,0.46478869590896765,0,,0,0,HOLD,3.482352941176471,1,2,5,Pharmaceuticals & Biotech
EDN,2026-08-14,,,5.0,0,0,4.0,,2.0,39.84524166909255,4.0,0.39275360435929624,0,,0,0,SELL,4.204545454545455,0,3,3,Utilities
EDRY,2026-08-14,2.0,0.7363779527559056,1.0,0,0,1.0,,5.0,73.57110416267585,1.0,0.9272689036926977,0,,0,0,STRONG BUY,1.3714285714285714,4,0,4,Transportation & Logistics
EDSA,2026-08-14,4.0,0.26330708661417324,3.0,0,0,1.0,4.0,2.0,42.58337109707646,4.0,0.2602974666523193,1,2.0,0,0,HOLD,3.0647058823529414,1,3,5,Pharmaceuticals & Biotech
EDU,2026-08-14,5.0,0.048188976377952754,3.0,0,0,4.0,,3.0,48.45956583609403,3.0,0.44177642070651624,0,,0,0,SELL,3.9571428571428573,0,2,4,Services
EDUC,2026-08-14,1.0,0.9143515568125526,4.0,0,0,3.0,3.0,2.0,34.52534961437621,3.0,0.440000057220459,0,,0,0,BUY,2.4941176470588236,1,1,5,Wholesale Trade
EE,2026-08-14,4.0,0.3764817449027975,2.0,0,0,3.0,,3.0,46.31625572873243,2.0,0.6943424434252506,0,,0,0,HOLD,2.9571428571428573,2,1,4,Utilities
EEA,2026-08-14,,,1.0,0,0,3.0,,4.0,62.75026121857683,1.0,0.9801718693271209,0,,0,0,STRONG BUY,1.6818181818181817,2,0,3,Other
EEFT,2026-08-14,2.0,0.5990495527912661,2.0,1,0,4.0,3.0,3.0,47.005282450715534,4.0,0.27377847251317083,0,,0,0,HOLD,3.0000000000000004,2,2,5,Banks & Financial Services
EEIQ,2026-08-14,5.0,0.2022047244094488,5.0,0,0,5.0,,2.0,44.54805137823614,5.0,0.022308977803090897,0,,0,0,STRONG SELL,5.0,0,4,4,Services
EFC,2026-08-14,1.0,0.8228015175143523,2.0,0,0,3.0,4.0,4.0,60.119928602684,1.0,0.9965867296501746,0,,0,0,BUY,1.9882352941176469,3,1,5,Real Estate & REITs
EFOI,2026-08-14,4.0,0.2669929593155827,3.0,0,0,1.0,4.0,3.0,49.34106146417601,4.0,0.2803312685608933,0,,0,0,HOLD,3.364705882352941,1,3,5,Industrial Machinery
EFOR,2026-08-14,1.0,0.8783588331154485,3.0,0,0,5.0,3.0,5.0,71.72730857677041,4.0,0.39284755043152286,0,,0,0,HOLD,2.9764705882352938,1,2,5,Services
EFR,2026-08-14,,,3.0,0,0,3.0,,4.0,60.735380731797775,1.0,0.870647393406295,0,,0,0,BUY,2.090909090909091,1,0,3,Other
EFSC,2026-08-14,2.0,0.7418326141144865,1.0,0,0,3.0,3.0,3.0,53.57789285689322,1.0,0.8799681977505758,0,,0,0,BUY,2.011764705882353,3,0,5,Banks & Financial Services
EFSI,2026-08-14,2.0,0.636605713236262,2.0,0,0,2.0,2.0,4.0,65.63537560081244,1.0,1.0,1,3.0,0,0,STRONG BUY,1.464705882352941,5,0,5,Banks & Financial Services
EFT,2026-08-14,,,3.0,0,0,4.0,,4.0,68.37838586892815,2.0,0.6864332851982001,0,,0,0,HOLD,2.8863636363636367,1,1,3,Other
EFTY,2026-08-14,,,5.0,0,0,2.0,,5.0,72.70821936105702,1.0,0.8295652899354558,0,,0,0,BUY,2.159090909090909,2,1,3,Business & Research Services
EFX,2026-08-14,4.0,0.3249992589910189,3.0,0,0,4.0,1.0,3.0,54.60239716713623,4.0,0.26732014970928103,1,1.0,0,0,HOLD,3.0647058823529414,1,3,5,Services
EFXT,2026-08-14,,,3.0,0,0,1.0,,3.0,51.1159049528484,2.0,0.6890534372216158,0,,0,0,BUY,1.863636363636364,2,0,3,Industrial Machinery
EG,2026-08-14,2.0,0.636311395376293,1.0,0,0,3.0,2.0,3.0,49.78392906761839,2.0,0.706721404775038,0,,0,0,BUY,2.070588235294118,4,0,5,Insurance
EGAN,2026-08-14,3.0,0.566505290144185,3.0,0,0,4.0,3.0,4.0,64.41595160758108,5.0,0.16910228585183326,0,,0,0,SELL,3.647058823529412,0,2,5,Technology & Software
EGBN,2026-08-14,1.0,0.8529133858267717,1.0,0,0,2.0,4.0,4.0,60.559446227145784,1.0,0.9760303397273783,0,,0,0,STRONG BUY,1.7058823529411764,4,1,5,Banks & Financial Services
EGG,2026-08-14,,,4.0,0,0,5.0,,2.0,34.65699434895525,5.0,0.1363636351321355,0,,0,0,STRONG SELL,4.795454545454546,0,3,3,Business & Research Services
EGHA,2026-08-14,,,1.0,0,0,3.0,,4.0,58.12294250588944,1.0,0.9472220235398835,0,,0,0,STRONG BUY,1.6818181818181817,2,0,3,Investment & Holding Companies
EGHT,2026-08-14,2.0,0.6007058111903771,2.0,0,0,4.0,2.0,3.0,52.116944993347765,3.0,0.41880334042781464,0,,0,0,HOLD,2.588235294117647,3,1,5,Technology & Software
EGO,2026-08-14,,,2.0,0,0,3.0,,4.0,68.94405369497157,2.0,0.6449264841740464,0,,0,0,BUY,2.3409090909090913,2,0,3,Mining & Minerals
EGP,2026-08-14,4.0,0.27465676163689995,2.0,0,0,2.0,,2.0,42.04428142232951,2.0,0.6995395032230262,0,,0,0,HOLD,2.742857142857143,3,1,4,Investment & Holding Companies
EGY,2026-08-14,2.0,0.608179961613501,1.0,0,0,2.0,4.0,4.0,60.448904488280576,2.0,0.7524405085364881,0,,0,0,BUY,2.2470588235294118,4,1,5,Oil & Gas
EH,2026-08-14,,,5.0,0,0,5.0,,4.0,55.12321180707161,5.0,0.07083904414682242,0,,0,0,STRONG SELL,5.0,0,3,3,Aerospace & Defense
EHC,2026-08-14,3.0,0.492176386913229,1.0,1,0,3.0,1.0,4.0,68.34047780132018,1.0,0.9128716960129598,0,,0,0,BUY,1.964705882352941,3,0,5,Healthcare Services
EHGO,2026-08-14,,,5.0,0,0,5.0,,2.0,44.313184011979,5.0,0.04408178969486088,0,,0,0,STRONG SELL,5.0,0,3,3,Services
EHI,2026-08-14,,,5.0,0,0,4.0,,3.0,53.29211474392067,3.0,0.5304480012017713,0,,0,0,SELL,3.750000000000001,0,2,3,Other
EHLD,2026-08-14,2.0,0.6781102362204724,1.0,0,0,2.0,,4.0,64.45061467236617,1.0,0.863242451598281,0,,0,0,STRONG BUY,1.5857142857142859,4,0,4,Transportation & Logistics
EHTH,2026-08-14,1.0,0.9764445566391092,5.0,0,0,5.0,4.0,2.0,38.06152803480037,5.0,0.0022522500753112233,1,2.0,0,0,HOLD,3.3,1,4,5,Insurance
EIC,2026-08-14,,,4.0,0,0,4.0,,3.0,53.27285690871905,4.0,0.30087588876173216,0,,0,0,SELL,4.0,0,3,3,Other
EIG,2026-08-14,2.0,0.662718629357891,2.0,0,0,2.0,2.0,3.0,45.23496092877299,1.0,0.8084001341192895,1,1.0,0,0,STRONG BUY,1.464705882352941,5,0,5,Insurance
EIKN,2026-08-14,2.0,0.7499212598425197,,0,0,5.0,,4.0,61.25720581723238,4.0,0.3405063720529504,0,,0,0,HOLD,3.39344262295082,1,2,3,Pharmaceuticals & Biotech
EIM,2026-08-14,,,5.0,0,0,3.0,,4.0,55.23155418274944,2.0,0.7901492758350861,0,,0,0,HOLD,2.9545454545454546,1,1,3,Other
EIX,2026-08-14,2.0,0.6777766061518087,3.0,0,0,3.0,3.0,3.0,45.520135260256026,2.0,0.7032208345050033,0,,0,0,BUY,2.4588235294117644,2,0,5,Utilities
EJH,2026-08-14,1.0,0.9823622047244095,4.0,0,0,5.0,,4.0,60.95496339788407,5.0,0.017903551973830274,0,,0,0,HOLD,3.3857142857142852,1,3,4,Services
EL,2026-08-14,,,3.0,0,0,4.0,1.0,3.0,53.50520843966284,4.0,0.369244864078126,0,,0,0,HOLD,3.084745762711864,1,2,4,Chemicals
ELA,2026-08-14,4.0,0.4072261005906536,4.0,0,0,1.0,2.0,1.0,22.71102640511522,3.0,0.4143118049606411,0,,0,0,HOLD,2.8823529411764706,2,2,5,Retail
ELAN,2026-08-14,3.0,0.5383963214298866,2.0,0,0,3.0,3.0,3.0,45.98083049329384,2.0,0.6659641567177363,0,,0,0,HOLD,2.658823529411765,2,0,5,Pharmaceuticals & Biotech
ELC,2026-08-14,,,5.0,0,0,4.0,,2.0,30.919100560863896,5.0,0.008523626016073592,0,,0,0,STRONG SELL,4.659090909090909,0,3,3,Utilities
ELDN,2026-08-14,5.0,0.2078740157480315,3.0,0,0,1.0,5.0,3.0,45.22688443910816,2.0,0.7239056798487382,0,,0,0,HOLD,3.376470588235294,2,2,5,Pharmaceuticals & Biotech
ELE,2026-08-14,,,2.0,0,0,3.0,,5.0,75.93705068749817,2.0,0.7329742179484307,0,,0,0,BUY,2.3409090909090913,2,0,3,Mining & Minerals
ELF,2026-08-14,4.0,0.3048563653846111,2.0,0,0,3.0,3.0,4.0,62.64460517186286,3.0,0.43120497841965616,1,1.0,0,0,HOLD,2.9000000000000004,1,1,5,Chemicals
ELLO,2026-08-14,,,3.0,0,0,4.0,,4.0,55.03205555469455,4.0,0.2686914964635321,0,,0,0,SELL,3.795454545454546,0,2,3,Utilities
ELMD,2026-08-14,5.0,0.23879110129166412,1.0,0,0,1.0,1.0,3.0,48.72880291796328,1.0,0.8140978833446674,0,,0,0,BUY,2.223529411764706,4,1,5,Medical Devices & Instruments
ELME,2026-08-14,2.0,0.6400570203286227,5.0,0,0,5.0,3.0,3.0,49.67246583038994,5.0,0.14754096972390282,0,,0,0,SELL,3.7294117647058824,1,3,5,Investment & Holding Companies
ELMT,2026-08-14,,,,0,0,,,4.0,67.12332134028085,2.0,0.6497326754102788,0,,0,0,,,1,0,1,Industrial Machinery
ELOX,2026-08-14,2.0,0.5896062992125984,,0,0,,5.0,4.0,66.64210230937812,,,0,,0,0,,,1,1,2,Pharmaceuticals & Biotech
ELPC,2026-08-14,,,4.0,0,0,3.0,,1.0,29.55738706751994,3.0,0.4681099898424348,0,,0,0,HOLD,3.2045454545454555,0,1,3,Utilities
ELPW,2026-08-14,,,3.0,0,0,5.0,,5.0,75.91451716761983,5.0,0.0007431544043352562,0,,0,0,STRONG SELL,4.590909090909092,0,2,3,Industrial Machinery
ELS,2026-08-14,5.0,0.21795651757181297,1.0,0,0,3.0,3.0,3.0,54.25343015442795,1.0,0.8065473940327026,0,,0,0,HOLD,2.929411764705882,2,1,5,Investment & Holding Companies
ELTK,2026-08-14,2.0,0.7001574803149606,5.0,0,0,4.0,,3.0,46.85583084060613,4.0,0.22978957177264706,0,,0,0,HOLD,3.385714285714286,1,3,4,Semiconductors & Chips
ELTX,2026-08-14,5.0,0.12282828282828283,5.0,0,0,5.0,3.0,2.0,40.77597554816708,5.0,0.02729527816653634,0,,0,0,STRONG SELL,4.647058823529412,0,4,5,Pharmaceuticals & Biotech
ELV,2026-08-14,2.0,0.6924525039832635,2.0,0,0,2.0,3.0,4.0,55.83864420892259,1.0,0.8222305432942715,1,1.0,0,0,STRONG BUY,1.6411764705882352,4,0,5,Insurance
ELVA,2026-08-14,,,4.0,0,0,2.0,,2.0,44.11244222205549,3.0,0.4632627264004063,0,,0,0,HOLD,2.8636363636363646,1,1,3,Industrial Machinery
ELVN,2026-08-14,4.0,0.25480314960629924,1.0,0,0,1.0,3.0,4.0,62.853062383255605,1.0,0.950184883571345,0,,0,0,BUY,2.2705882352941176,3,1,5,Pharmaceuticals & Biotech
ELVR,2026-08-14,,,3.0,0,0,2.0,,4.0,57.94577631942231,3.0,0.5654140490581919,0,,0,0,HOLD,2.6590909090909096,1,0,3,Mining & Minerals
ELWT,2026-08-14,,,,0,0,1.0,3.0,4.0,56.47983068818503,1.0,0.8856382236700936,0,,0,0,STRONG BUY,1.5999999999999999,2,0,3,Telecom & Media
EMA,2026-08-14,2.0,0.7474015748031496,2.0,0,0,3.0,,2.0,42.736533324679264,2.0,0.6820837313461161,0,,0,0,BUY,2.2142857142857144,3,0,4,Utilities
EMAT,2026-08-14,,,,0,0,5.0,3.0,2.0,34.950915537204224,5.0,0.045997609348138964,0,,0,0,STRONG SELL,4.4,0,2,3,Industrial Machinery
EMBC,2026-08-14,1.0,0.9431859540216468,3.0,0,0,5.0,2.0,5.0,73.91500155634289,5.0,0.18467422480816786,0,,0,0,HOLD,3.0352941176470583,2,2,5,Medical Devices & Instruments
EMBJ,2026-08-14,,,2.0,0,0,3.0,,4.0,68.97529330887505,1.0,0.8374293236918723,0,,0,0,BUY,1.8863636363636362,2,0,3,Aerospace & Defense
EMD,2026-08-14,,,5.0,0,0,3.0,,2.0,44.343922882756694,1.0,0.8272685433667648,0,,0,0,BUY,2.5,1,1,3,Other
EME,2026-08-14,4.0,0.3330309979420506,2.0,0,0,2.0,2.0,4.0,59.410426540078795,2.0,0.7049994874728778,0,,0,0,HOLD,2.6117647058823534,4,1,5,Construction & Materials
EMF,2026-08-14,,,3.0,0,0,2.0,,4.0,55.87560689835948,2.0,0.793406292945232,0,,0,0,BUY,2.2045454545454546,2,0,3,Other
EMIS,2026-08-14,,,1.0,0,0,3.0,,5.0,86.39371090284912,1.0,1.0,0,,0,0,STRONG BUY,1.6818181818181817,2,0,3,Investment & Holding Companies
EML,2026-08-14,2.0,0.7384113918699241,1.0,0,0,2.0,2.0,4.0,55.405261607571255,2.0,0.6627232755119078,1,7.0,0,0,STRONG BUY,1.5941176470588236,5,0,5,Industrial Machinery
EMN,2026-08-14,3.0,0.512380036991588,1.0,0,0,3.0,3.0,4.0,60.965706701514925,2.0,0.7841362154238256,0,,0,0,HOLD,2.552941176470588,2,0,5,Chemicals
EMO,2026-08-14,,,1.0,0,0,2.0,,4.0,65.40237326816101,1.0,1.0,0,,0,0,STRONG BUY,1.340909090909091,3,0,3,Other
EMP,2026-08-14,,,,0,0,4.0,,2.0,32.666427205945496,5.0,0.028816627457878035,0,,0,0,,,0,2,2,Utilities
EMPD,2026-08-14,3.0,0.49369338053604866,5.0,0,0,5.0,4.0,2.0,42.03278073429798,5.0,0.047496803997596836,1,2.0,0,0,SELL,3.9117647058823533,0,4,5,Banks & Financial Services
EMR,2026-08-14,4.0,0.29251531304124323,1.0,0,0,2.0,2.0,4.0,67.44180252178487,1.0,0.9840670026208888,0,,0,0,BUY,2.270588235294118,4,1,5,Industrial Machinery
ENB,2026-08-14,3.0,0.5180269536569881,4.0,0,0,3.0,2.0,2.0,31.32105339066095,3.0,0.4895829521541109,0,,0,0,HOLD,2.929411764705882,1,1,5,Transportation & Logistics
ENGN,2026-08-14,1.0,0.9414168321941377,4.0,0,0,5.0,5.0,2.0,39.45270858013609,5.0,0.02423112674753819,0,,0,0,SELL,3.6705882352941175,1,4,5,Pharmaceuticals & Biotech
ENGS,2026-08-14,5.0,0.03937007874015748,1.0,0,0,2.0,,4.0,57.096893262943716,5.0,0.19084627506443452,0,,0,0,SELL,3.8428571428571425,2,2,4,Construction & Materials
ENHA,2026-08-14,,,,0,0,,3.0,2.0,30.65349725788421,5.0,0.0,0,,0,0,,,0,1,2,Hospitality & Leisure
ENIC,2026-08-14,,,1.0,0,0,2.0,,4.0,55.546725787976115,1.0,0.9069552272221547,0,,0,0,STRONG BUY,1.340909090909091,3,0,3,Utilities
ENJ,2026-08-14,,,5.0,0,0,4.0,,3.0,46.40932845743118,5.0,0.14806748552693413,0,,0,0,STRONG SELL,4.659090909090909,0,3,3,Utilities
ENLT,2026-08-14,,,3.0,0,0,1.0,,3.0,49.231564109672256,2.0,0.7325058267331688,0,,0,0,BUY,1.863636363636364,2,0,3,Utilities
ENLV,2026-08-14,1.0,0.9596850393700788,5.0,0,0,5.0,,1.0,13.727278007787902,5.0,0.0,0,,0,0,SELL,3.5142857142857147,1,3,4,Pharmaceuticals & Biotech
ENO,2026-08-14,,,5.0,0,0,4.0,,2.0,39.195204989385594,5.0,0.02573066853694969,0,,0,0,STRONG SELL,4.659090909090909,0,3,3,Utilities
ENOV,2026-08-14,1.0,0.7932450300252311,2.0,0,0,3.0,3.0,3.0,48.392282619673814,3.0,0.45331318552529076,1,1.0,0,0,BUY,1.9823529411764704,2,0,5,Medical Devices & Instruments
ENPH,2026-08-14,4.0,0.32788814552760626,3.0,0,0,3.0,2.0,3.0,47.60388504495965,4.0,0.3107552130445638,0,,0,0,HOLD,3.364705882352941,1,2,5,Semiconductors & Chips
ENR,2026-08-14,1.0,0.9374110953058321,1.0,1,0,4.0,3.0,4.0,61.306957571278545,3.0,0.5542717764566092,1,1.0,0,0,BUY,2.0529411764705885,2,1,5,Industrial Machinery
ENRD,2026-08-14,,,,0,0,,,2.0,33.43711554610397,,,0,,0,0,,,0,0,0,Technology & Software
ENS,2026-08-14,5.0,0.24647662780822643,3.0,0,0,2.0,2.0,4.0,56.33593670325804,2.0,0.7285858558749819,0,,0,0,HOLD,3.023529411764706,3,1,5,Industrial Machinery
ENSG,2026-08-14,4.0,0.39996492488865765,3.0,0,0,4.0,3.0,4.0,60.10314760322802,3.0,0.5040748346044207,0,,0,0,HOLD,3.482352941176471,0,2,5,Healthcare Services
ENTA,2026-08-14,4.0,0.3090511119643011,4.0,0,0,3.0,4.0,3.0,47.75350266757004,2.0,0.6188016097391424,0,,0,0,HOLD,3.352941176470588,1,3,5,Pharmaceuticals & Biotech
ENTG,2026-08-14,5.0,0.1338266166466849,2.0,0,0,1.0,3.0,4.0,60.94323439299263,1.0,0.8083079554486505,0,,0,0,HOLD,2.6823529411764704,3,1,5,"Rubber, Plastics & Leather"
ENTX,2026-08-14,5.0,0.14574460102220035,1.0,1,0,1.0,4.0,4.0,59.408205721508544,2.0,0.647260292987032,1,3.0,0,0,HOLD,2.6882352941176473,3,2,5,Pharmaceuticals & Biotech
ENVA,2026-08-14,4.0,0.41724650115249046,1.0,0,0,1.0,2.0,4.0,67.96200587051423,1.0,1.0,0,,0,0,BUY,2.0941176470588236,4,1,5,Banks & Financial Services
ENVB,2026-08-14,1.0,0.9367576268197954,3.0,0,0,5.0,3.0,3.0,52.62620922689623,5.0,0.016429013741394796,0,,0,0,HOLD,3.211764705882353,1,2,5,Pharmaceuticals & Biotech
ENVX,2026-08-14,5.0,0.1959971032091183,5.0,0,0,5.0,3.0,2.0,44.08181858508715,5.0,0.07465823722820313,0,,0,0,STRONG SELL,4.647058823529412,0,4,5,Industrial Machinery
EOD,2026-08-14,,,1.0,0,0,2.0,,4.0,67.55215596581131,1.0,1.0,1,1.0,0,0,STRONG BUY,1.040909090909091,3,0,3,Other
EOG,2026-08-14,2.0,0.6851588430535799,1.0,0,0,2.0,4.0,3.0,53.52840598144081,1.0,0.8768852248304023,0,,0,0,BUY,2.0117647058823533,4,1,5,Oil & Gas
EOI,2026-08-14,,,2.0,0,0,3.0,,4.0,59.295841155673386,1.0,0.9741038733804163,0,,0,0,BUY,1.8863636363636362,2,0,3,Other
EOLS,2026-08-14,2.0,0.602020202020202,2.0,0,0,1.0,4.0,5.0,72.05347877193196,1.0,0.9579544509984266,0,,0,0,BUY,1.9411764705882353,4,1,5,Pharmaceuticals & Biotech
EOS,2026-08-14,,,4.0,0,0,3.0,,4.0,55.7615543666794,2.0,0.7759821099787593,0,,0,0,HOLD,2.7500000000000004,1,1,3,Other
EOSE,2026-08-14,5.0,0.18909090909090906,5.0,0,0,5.0,2.0,3.0,45.63276378728077,5.0,0.054828651245634547,1,3.0,0,0,SELL,4.170588235294118,1,4,5,Industrial Machinery
EOT,2026-08-14,,,2.0,0,0,3.0,,3.0,53.115642983034604,1.0,0.8957646087859046,0,,0,0,BUY,1.8863636363636362,2,0,3,Other
EP,2026-08-14,5.0,0.2271541457706377,4.0,0,0,4.0,4.0,4.0,57.33569656887869,5.0,0.11041007019960901,0,,0,0,STRONG SELL,4.541176470588235,0,5,5,Oil & Gas
EPAC,2026-08-14,3.0,0.5125651967757231,3.0,0,0,4.0,3.0,4.0,55.371208594204944,4.0,0.37347887397503526,0,,0,0,HOLD,3.411764705882353,0,2,5,Industrial Machinery
EPAM,2026-08-14,2.0,0.6893036424707205,3.0,0,0,5.0,2.0,3.0,54.25699484927853,5.0,0.16827187854691938,0,,0,0,HOLD,3.3411764705882354,2,2,5,Technology & Software
EPC,2026-08-14,2.0,0.7334525700531285,1.0,0,0,2.0,3.0,4.0,56.4860015321225,1.0,0.9112854304014465,0,,0,0,BUY,1.835294117647059,4,0,5,Chemicals
EPD,2026-08-14,,,1.0,0,0,2.0,3.0,4.0,62.95896881627943,1.0,0.9709687276098959,1,1.0,0,0,STRONG BUY,1.4627118644067798,3,0,4,Utilities
EPM,2026-08-14,3.0,0.48610985188889366,5.0,0,0,4.0,3.0,3.0,51.5364489782333,4.0,0.3770964072400016,0,,0,0,SELL,3.623529411764706,0,3,5,Oil & Gas
EPR,2026-08-14,2.0,0.590801327643433,1.0,0,0,3.0,1.0,3.0,51.168345516137975,1.0,0.8438843716192891,0,,0,0,STRONG BUY,1.6588235294117646,4,0,5,Investment & Holding Companies
EPRT,2026-08-14,4.0,0.42152767179384615,3.0,0,0,3.0,2.0,3.0,49.381000249021874,3.0,0.5012922648453747,0,,0,0,HOLD,3.129411764705882,1,1,5,Investment & Holding Companies
EPRX,2026-08-14,4.0,0.2862992125984252,3.0,0,0,3.0,,3.0,54.89804205495638,3.0,0.4154228371814413,0,,0,0,HOLD,3.3714285714285714,0,1,4,Pharmaceuticals & Biotech
EPSM,2026-08-14,3.0,0.5669291338582677,3.0,0,0,5.0,,4.0,57.15192885399579,5.0,0.003140061826913439,0,,0,0,SELL,4.000000000000001,0,2,4,Wholesale Trade
EPSN,2026-08-14,2.0,0.6790551181102362,1.0,0,0,3.0,4.0,3.0,49.24850920745194,2.0,0.6296894244883497,1,1.0,0,0,BUY,2.1235294117647063,3,1,5,Oil & Gas
EQ,2026-08-14,3.0,0.42898876285830023,3.0,0,0,1.0,4.0,3.0,49.08259936890171,2.0,0.6440677431012614,0,,0,0,HOLD,2.588235294117647,2,1,5,Pharmaceuticals & Biotech
EQBK,2026-08-14,5.0,0.2238027501185396,1.0,0,0,2.0,3.0,4.0,62.99676754456517,1.0,0.9932857714874237,1,1.0,0,0,BUY,2.4529411764705884,3,1,5,Banks & Financial Services
EQH,2026-08-14,2.0,0.6981818181818182,1.0,0,0,3.0,3.0,4.0,67.26907601295439,1.0,0.9933883218495567,0,,0,0,BUY,2.011764705882353,3,0,5,Insurance
EQIX,2026-08-14,5.0,0.16634239324612166,2.0,0,0,2.0,3.0,4.0,62.59204188279524,1.0,0.9651684580336862,0,,0,0,HOLD,2.8588235294117648,3,1,5,Investment & Holding Companies
EQNR,2026-08-14,,,1.0,0,0,1.0,,4.0,60.1024676789763,1.0,0.9402077545526158,0,,0,0,STRONG BUY,1.0,3,0,3,Oil & Gas
EQPT,2026-08-14,2.0,0.6218946395831239,,0,0,5.0,3.0,4.0,55.45841307170998,4.0,0.24852382690899172,0,,0,0,HOLD,3.315789473684211,1,2,4,Services
EQR,2026-08-14,4.0,0.37297222302381183,3.0,0,0,3.0,1.0,2.0,44.60141511175957,2.0,0.6892825120500069,0,,0,0,HOLD,2.7176470588235295,2,1,5,Investment & Holding Companies
EQS,2026-08-14,1.0,0.7896062992125984,5.0,0,0,5.0,,3.0,47.87771690964362,5.0,0.06861115222727647,0,,0,0,SELL,3.5142857142857147,1,3,4,Other
EQT,2026-08-14,2.0,0.6595542911332385,3.0,0,0,4.0,1.0,4.0,60.74539085320113,4.0,0.3068733833032125,0,,0,0,HOLD,2.7529411764705882,2,2,5,Oil & Gas
EQX,2026-08-14,,,3.0,0,0,3.0,,4.0,65.36693854122944,4.0,0.3635049452783909,0,,0,0,HOLD,3.454545454545455,0,1,3,Mining & Minerals
ERAS,2026-08-14,5.0,0.0737007874015748,1.0,0,0,1.0,3.0,3.0,52.05224064234073,1.0,0.8056083519073292,0,,0,0,HOLD,2.5764705882352934,3,1,5,Pharmaceuticals & Biotech
ERC,2026-08-14,,,2.0,0,0,3.0,,4.0,64.57467897064745,1.0,1.0,1,1.0,0,0,STRONG BUY,1.5863636363636362,2,0,3,Other
ERH,2026-08-14,,,5.0,0,0,3.0,,2.0,42.078763621860276,3.0,0.406686249770255,1,1.0,0,0,HOLD,3.10909090909091,0,1,3,Other
ERIC,2026-08-14,,,5.0,0,1,3.0,,3.0,50.297125128636736,3.0,0.45575920903636213,0,,0,0,HOLD,3.4090909090909096,0,1,3,Industrial Machinery
ERIE,2026-08-14,,,3.0,0,0,4.0,3.0,4.0,59.89251515318844,4.0,0.323431100351675,0,,0,0,SELL,3.593220338983051,0,2,4,Insurance
ERII,2026-08-14,3.0,0.4663783036915491,5.0,0,0,5.0,3.0,3.0,48.13260407489382,5.0,0.060635278301005936,0,,0,0,SELL,4.03529411764706,0,3,5,Industrial Machinery
ERNA,2026-08-14,3.0,0.4340302072259166,5.0,0,0,5.0,2.0,2.0,43.825480429979415,5.0,0.02264409901392704,1,1.0,0,0,SELL,3.5588235294117654,1,3,5,Pharmaceuticals & Biotech
ERO,2026-08-14,,,1.0,0,0,2.0,,4.0,64.50777673624854,1.0,0.8271352747940431,0,,0,0,STRONG BUY,1.340909090909091,3,0,3,Mining & Minerals
EROC,2026-08-14,,,,0,0,,,4.0,66.73386575663164,,,0,,0,0,,,0,0,0,Industrial Machinery
EROK,2026-08-14,,,,0,0,,,4.0,63.798804264370766,1.0,0.8583618025158772,0,,0,0,,,1,0,1,Investment & Holding Companies
ES,2026-08-14,2.0,0.5908808882572989,1.0,0,0,3.0,3.0,3.0,48.27858800029778,1.0,0.8017328184634278,0,,0,0,BUY,2.011764705882353,3,0,5,Utilities
ESAB,2026-08-14,3.0,0.5384615222685071,5.0,0,0,5.0,3.0,2.0,43.506181212938124,5.0,0.038611214041096145,0,,0,0,SELL,4.03529411764706,0,3,5,Industrial Machinery
ESCA,2026-08-14,2.0,0.6469659932504672,1.0,0,0,1.0,1.0,3.0,48.651711932612805,2.0,0.7795587409768351,0,,0,0,STRONG BUY,1.5411764705882354,5,0,5,Misc Manufacturing
ESE,2026-08-14,4.0,0.40919867235656704,3.0,0,0,2.0,4.0,2.0,43.755379527194165,2.0,0.7117423494402069,0,,0,0,HOLD,3.0705882352941174,2,2,5,Industrial Machinery
ESEA,2026-08-14,2.0,0.7392125984251968,1.0,0,0,2.0,,3.0,49.848729993230336,1.0,0.8010728661730041,0,,0,0,STRONG BUY,1.5857142857142859,4,0,4,Transportation & Logistics
ESI,2026-08-14,5.0,0.1806543385490754,3.0,0,0,2.0,3.0,3.0,50.517261228341916,2.0,0.6086243971895094,0,,0,0,HOLD,3.2,2,1,5,Chemicals
ESLT,2026-08-14,5.0,0.13921259842519684,2.0,0,0,2.0,,3.0,45.76116662275467,3.0,0.5947740393696083,0,,0,0,HOLD,3.400000000000001,2,1,4,Aerospace & Defense
ESNT,2026-08-14,2.0,0.5989370208161755,1.0,0,0,3.0,2.0,4.0,65.21740029004326,1.0,1.0,0,,0,0,BUY,1.835294117647059,4,0,5,Insurance
ESOA,2026-08-14,3.0,0.5259461102961785,4.0,0,0,3.0,5.0,2.0,31.876683804582427,3.0,0.4326404121953766,1,1.0,0,0,HOLD,3.158823529411765,0,2,5,Construction & Materials
ESP,2026-08-14,4.0,0.37911075469461153,2.0,0,0,2.0,3.0,4.0,60.67078201913118,2.0,0.7827204085614364,0,,0,0,HOLD,2.7882352941176474,3,1,5,Semiconductors & Chips
ESQ,2026-08-14,4.0,0.37691022168030935,1.0,0,0,2.0,3.0,3.0,53.54034139379457,1.0,0.8800808584946224,0,,0,0,BUY,2.447058823529412,3,1,5,Banks & Financial Services
ESRT,2026-08-14,3.0,0.5794215267899478,5.0,0,0,5.0,,2.0,36.44279529081478,5.0,0.037541491614110495,0,,0,0,STRONG SELL,4.257142857142858,0,3,4,Investment & Holding Companies
ESS,2026-08-14,5.0,0.2165533032812127,2.0,0,0,2.0,3.0,3.0,50.01449293177143,1.0,0.829367859708821,0,,0,0,HOLD,2.8588235294117648,3,1,5,Investment & Holding Companies
ESTA,2026-08-14,5.0,0.09761511818124667,2.0,0,0,2.0,3.0,2.0,40.04880797454581,2.0,0.7248767228812879,0,,0,0,HOLD,3.094117647058824,3,1,5,Medical Devices & Instruments
ESTC,2026-08-14,4.0,0.27164222379741054,2.0,0,0,2.0,2.0,5.0,85.35689859167054,1.0,0.8477623487679841,0,,0,0,BUY,2.376470588235294,4,1,5,Technology & Software
ETB,2026-08-14,,,1.0,0,0,3.0,,3.0,52.77022463138921,1.0,0.9273506780360128,0,,0,0,STRONG BUY,1.6818181818181817,2,0,3,Other
ETD,2026-08-14,2.0,0.7431760198790353,2.0,0,0,4.0,4.0,3.0,51.22827042982164,3.0,0.41238471249761055,0,,0,0,HOLD,2.941176470588236,2,2,5,Wood & Furniture
ETG,2026-08-14,,,1.0,0,0,2.0,,5.0,71.4203889034271,1.0,1.0,0,,0,0,STRONG BUY,1.340909090909091,3,0,3,Other
ETJ,2026-08-14,,,3.0,0,0,3.0,,3.0,54.07028230227098,1.0,0.9116951046410323,0,,0,0,BUY,2.090909090909091,1,0,3,Other
ETN,2026-08-14,5.0,0.21051118434568164,1.0,0,0,2.0,2.0,4.0,61.16763511517371,1.0,0.942423108194376,0,,0,0,HOLD,2.5764705882352943,4,1,5,Industrial Machinery
ETO,2026-08-14,,,1.0,0,0,2.0,,4.0,68.70856849092692,1.0,1.0,0,,0,0,STRONG BUY,1.340909090909091,3,0,3,Other
ETON,2026-08-14,5.0,0.07594909050513246,1.0,0,0,1.0,3.0,5.0,75.66839443078726,1.0,1.0,0,,0,0,HOLD,2.5764705882352934,3,1,5,Pharmaceuticals & Biotech
ETOR,2026-08-14,,,4.0,0,0,4.0,,1.0,24.10517579864161,5.0,0.163387503504896,0,,0,0,STRONG SELL,4.454545454545455,0,3,3,Investment & Brokerage
ETR,2026-08-14,4.0,0.3916548127074443,3.0,0,0,3.0,1.0,2.0,43.88436551829188,2.0,0.703742939948997,0,,0,0,HOLD,2.7176470588235295,2,1,5,Utilities
ETS,2026-08-14,3.0,0.5438182187567813,1.0,0,0,1.0,4.0,4.0,56.97537105542152,4.0,0.22113821456544075,0,,0,0,HOLD,2.847058823529412,2,2,5,Transportation & Logistics
ETSS,2026-08-14,,,,0,0,,,2.0,36.488572061648235,,,0,,0,0,,,0,0,0,Investment & Holding Companies
ETSY,2026-08-14,4.0,0.41704583449657556,1.0,0,0,2.0,3.0,3.0,47.661872336022554,1.0,0.8451202407449756,0,,0,0,BUY,2.447058823529412,3,1,5,Services
ETV,2026-08-14,,,2.0,0,0,3.0,,4.0,56.21190367879477,1.0,0.9538376836456848,0,,0,0,BUY,1.8863636363636362,2,0,3,Other
ETW,2026-08-14,,,1.0,0,0,3.0,,4.0,64.77103156812679,1.0,0.9856304971941603,0,,0,0,STRONG BUY,1.6818181818181817,2,0,3,Other
ETX,2026-08-14,,,5.0,0,0,3.0,,3.0,46.064720280910684,3.0,0.4520341726510077,0,,0,0,HOLD,3.4090909090909096,0,1,3,Other
ETY,2026-08-14,,,4.0,0,0,3.0,,4.0,56.67744728342748,1.0,0.8404926159805558,0,,0,0,BUY,2.2954545454545454,1,1,3,Other
EU,2026-08-14,3.0,0.5541993415850631,5.0,0,0,5.0,3.0,3.0,48.23666413752301,5.0,0.049833914937326806,0,,0,0,SELL,4.03529411764706,0,3,5,Mining & Minerals
EUDA,2026-08-14,3.0,0.49292929292929294,4.0,0,0,5.0,4.0,2.0,44.930524135155366,5.0,0.12282877723575551,0,,0,0,SELL,4.105882352941177,0,4,5,Healthcare Services
EURK,2026-08-14,,,1.0,0,0,3.0,4.0,3.0,50.554799218685446,2.0,0.6052628606970273,0,,0,0,HOLD,2.610169491525424,2,1,4,Transportation & Logistics
EVAC,2026-08-14,,,1.0,0,0,3.0,,4.0,57.77053451829149,1.0,0.8947369741930788,0,,0,0,STRONG BUY,1.6818181818181817,2,0,3,Investment & Holding Companies
EVAX,2026-08-14,,,4.0,0,0,3.0,,4.0,63.5936631182313,5.0,0.08907363087498964,0,,0,0,SELL,4.113636363636364,0,2,3,Pharmaceuticals & Biotech
EVC,2026-08-14,,,3.0,0,0,1.0,2.0,2.0,35.490121486618435,2.0,0.6137826262131533,0,,0,0,BUY,1.898305084745763,3,0,4,Telecom & Media
EVCM,2026-08-14,4.0,0.40140602699486616,4.0,0,0,4.0,2.0,2.0,41.03488073228866,3.0,0.4022346170287166,0,,0,0,HOLD,3.411764705882353,1,3,5,Technology & Software
EVER,2026-08-14,1.0,0.8942626837363681,1.0,0,0,2.0,2.0,3.0,48.56684292251198,2.0,0.7463234804287102,0,,0,0,STRONG BUY,1.5882352941176472,5,0,5,Technology & Software
EVEX,2026-08-14,5.0,0.02425196850393701,4.0,0,0,4.0,4.0,3.0,54.59041819339279,5.0,0.19097221388630994,0,,0,0,STRONG SELL,4.541176470588235,0,5,5,Aerospace & Defense
EVF,2026-08-14,,,3.0,0,0,4.0,,4.0,58.37667142141517,3.0,0.5920291289201572,0,,0,0,HOLD,3.3409090909090917,0,1,3,Other
EVG,2026-08-14,,,4.0,0,0,3.0,,4.0,59.22628493666504,1.0,0.8487080931027119,0,,0,0,BUY,2.2954545454545454,1,1,3,Other
EVGO,2026-08-14,1.0,0.8004040404040405,5.0,0,0,5.0,3.0,3.0,49.45574267824553,5.0,0.06406685283016612,0,,0,0,HOLD,3.423529411764706,1,3,5,Services
EVH,2026-08-14,1.0,0.8483861140759734,3.0,0,0,3.0,3.0,4.0,56.96322242759978,4.0,0.3209718478257688,0,,0,0,HOLD,2.623529411764706,1,1,5,Business & Research Services
EVI,2026-08-14,4.0,0.301090564248459,4.0,0,0,5.0,3.0,4.0,62.278139073366205,5.0,0.12152092459682497,0,,0,0,SELL,4.235294117647059,0,4,5,Services
EVLV,2026-08-14,5.0,0.19691389698000206,5.0,0,0,4.0,3.0,3.0,50.135591394630474,4.0,0.233160638403401,0,,0,0,SELL,4.23529411764706,0,4,5,Computer Hardware
EVMN,2026-08-14,4.0,0.3320493873232299,,0,0,5.0,4.0,4.0,57.88669158502218,5.0,0.17543857284587067,0,,0,0,STRONG SELL,4.4605263157894735,0,4,4,Pharmaceuticals & Biotech
EVN,2026-08-14,,,2.0,0,0,3.0,,4.0,61.86615586840989,2.0,0.7802813320271311,0,,0,0,BUY,2.3409090909090913,2,0,3,Other
EVO,2026-08-14,,,5.0,0,0,5.0,,2.0,38.87889298298546,5.0,0.022321459219542147,0,,0,0,STRONG SELL,5.0,0,3,3,Pharmaceuticals & Biotech
EVOX,2026-08-14,,,,0,0,3.0,,4.0,69.81190845911195,1.0,1.0,0,,0,0,,,1,0,2,Investment & Holding Companies
EVR,2026-08-14,3.0,0.5059269796111902,4.0,0,0,4.0,1.0,2.0,41.51360335922767,4.0,0.356521387311855,1,1.0,0,0,HOLD,2.864705882352941,1,3,5,Investment & Brokerage
EVRG,2026-08-14,3.0,0.4770033191085823,3.0,0,0,3.0,4.0,3.0,49.580785015317524,2.0,0.7861635295203716,0,,0,0,HOLD,2.9411764705882355,1,1,5,Utilities
EVT,2026-08-14,,,1.0,0,0,2.0,,5.0,73.51568622764904,1.0,0.9901666746274898,0,,0,0,STRONG BUY,1.340909090909091,3,0,3,Other
EVTC,2026-08-14,3.0,0.5120603326564067,1.0,1,0,3.0,1.0,4.0,57.76919852233132,2.0,0.6349948040239375,0,,0,0,BUY,2.2,3,0,5,Technology & Software
EVV,2026-08-14,,,5.0,0,0,4.0,,3.0,47.57760413473662,3.0,0.481202826677051,0,,0,0,SELL,3.750000000000001,0,2,3,Other
EW,2026-08-14,5.0,0.2307301529878031,2.0,0,0,2.0,2.0,4.0,58.85998959084741,1.0,0.8411006646682821,0,,0,0,HOLD,2.682352941176471,4,1,5,Medical Devices & Instruments
EWAV,2026-08-14,,,,0,0,,,,,,,0,,0,0,,,0,0,0,
EWBC,2026-08-14,2.0,0.7411095305832148,1.0,0,0,2.0,,4.0,67.44291505376395,1.0,1.0,0,,0,0,STRONG BUY,1.5857142857142859,4,0,4,Banks & Financial Services
EWTX,2026-08-14,5.0,0.11307086614173228,1.0,0,0,1.0,5.0,4.0,57.18174358581151,1.0,0.8793650659093566,0,,0,0,HOLD,2.929411764705882,3,2,5,Pharmaceuticals & Biotech
EXC,2026-08-14,3.0,0.5646907424434333,4.0,1,0,3.0,4.0,3.0,49.279279082763615,3.0,0.5176175213675214,0,,0,0,HOLD,3.282352941176471,0,2,5,Utilities
EXE,2026-08-14,5.0,0.23630307664999795,3.0,0,0,4.0,1.0,4.0,56.34430175557573,4.0,0.22670765674629867,1,2.0,0,0,HOLD,3.370588235294118,1,3,5,Oil & Gas
EXEL,2026-08-14,4.0,0.2939386815803462,2.0,0,0,2.0,1.0,2.0,41.44307567753213,2.0,0.7402483408770558,0,,0,0,BUY,2.4352941176470586,4,1,5,Pharmaceuticals & Biotech
EXFY,2026-08-14,1.0,0.8658007757926797,1.0,0,0,2.0,4.0,4.0,62.09759067968593,2.0,0.7992794188329564,1,1.0,0,0,STRONG BUY,1.6411764705882355,4,1,5,Technology & Software
EXG,2026-08-14,,,1.0,0,0,3.0,,4.0,63.0502246695842,1.0,0.9678743938203216,0,,0,0,STRONG BUY,1.6818181818181817,2,0,3,Other
EXK,2026-08-14,,,2.0,0,0,3.0,,5.0,70.47852906310226,2.0,0.6072644653099342,0,,0,0,BUY,2.3409090909090913,2,0,3,Mining & Minerals
EXLS,2026-08-14,4.0,0.356128716607602,2.0,0,0,3.0,1.0,4.0,63.90650065559079,3.0,0.4855768827031763,0,,0,0,HOLD,2.847058823529412,2,1,5,Services
EXOD,2026-08-14,,,4.0,0,0,5.0,4.0,5.0,74.1247740344322,5.0,0.11440058841983887,0,,0,0,STRONG SELL,4.593220338983051,0,4,4,Banks & Financial Services
EXOZ,2026-08-14,5.0,0.02915591024142378,5.0,0,0,5.0,5.0,3.0,51.290632621299764,5.0,0.11735537913106003,0,,0,0,STRONG SELL,5.0,0,5,5,Pharmaceuticals & Biotech
EXP,2026-08-14,4.0,0.4204685678031355,4.0,1,0,4.0,3.0,3.0,46.66064603002997,3.0,0.5222824958326711,0,,0,0,SELL,3.5882352941176476,0,3,5,Construction & Materials
EXPD,2026-08-14,4.0,0.3153635882878317,1.0,0,0,2.0,1.0,4.0,66.16820090365107,1.0,0.9876147496019941,0,,0,0,BUY,2.0941176470588236,4,1,5,Transportation & Logistics
EXPE,2026-08-14,4.0,0.2592816293080752,1.0,1,0,1.0,2.0,5.0,73.59575993322949,1.0,1.0,0,,0,0,BUY,2.0941176470588236,4,1,5,Transportation & Logistics
EXPO,2026-08-14,4.0,0.31958274063537223,2.0,0,0,3.0,2.0,4.0,58.40514702120375,3.0,0.5344338987839652,1,2.0,0,0,HOLD,2.723529411764706,2,1,5,Business & Research Services
EXR,2026-08-14,4.0,0.2749175437086902,1.0,0,0,3.0,1.0,3.0,50.2312951447541,1.0,0.8374455412949127,0,,0,0,BUY,2.2705882352941176,3,1,5,Investment & Holding Companies
EXTR,2026-08-14,5.0,0.23883635681605894,3.0,0,0,2.0,2.0,2.0,36.15154099731007,3.0,0.5343014743700377,0,,0,0,HOLD,3.2588235294117647,2,1,5,Computer Hardware
EXYN,2026-08-14,,,,0,0,,,2.0,42.72928314492226,5.0,0.18700787743408115,0,,0,0,,,0,1,1,Technology & Software
EYE,2026-08-14,2.0,0.6041375373336432,4.0,0,0,5.0,1.0,2.0,38.737173932746806,4.0,0.27532095529328376,0,,0,0,HOLD,3.035294117647059,2,3,5,Medical Devices & Instruments
EYPT,2026-08-14,5.0,0.1342855796653139,3.0,0,0,2.0,4.0,4.0,62.19762985600895,3.0,0.4874999523162842,1,1.0,0,0,HOLD,3.3117647058823536,1,2,5,Medical Devices & Instruments
EZGO,2026-08-14,1.0,0.9675590551181104,5.0,0,0,5.0,,2.0,32.61350286823887,5.0,0.0001767329324348306,0,,0,0,SELL,3.5142857142857147,1,3,4,Transportation Equipment
EZPW,2026-08-14,3.0,0.5315315315315315,3.0,0,0,1.0,3.0,3.0,46.9884877868442,2.0,0.6953046832172188,0,,0,0,BUY,2.411764705882353,2,0,5,Retail
EZRA,2026-08-14,1.0,0.9516096470418445,5.0,0,0,5.0,3.0,3.0,48.695422467513744,5.0,0.016702398742483252,1,1.0,0,0,HOLD,3.1235294117647063,1,3,5,Insurance
F,2026-08-14,,,1.0,0,0,3.0,2.0,3.0,53.635514151997036,3.0,0.5275085005432187,1,1.0,0,0,BUY,2.1406779661016957,2,0,4,Automobiles
FA,2026-08-14,3.0,0.463195950057037,1.0,0,0,1.0,3.0,3.0,53.493034963860914,1.0,0.83256422260555,1,1.0,0,0,STRONG BUY,1.664705882352941,3,0,5,Technology & Software
FABC,2026-08-14,5.0,0.21716354324681655,5.0,0,1,4.0,4.0,3.0,51.02404616573851,5.0,0.1981132003326524,0,,0,0,STRONG SELL,4.647058823529412,0,5,5,Telecom & Media
FAC,2026-08-14,5.0,0.19118110236220473,5.0,0,1,5.0,3.0,2.0,35.47119878347581,5.0,0.02837288697915965,0,,0,0,STRONG SELL,4.647058823529412,0,4,5,Industrial Machinery
FACT,2026-08-14,,,1.0,0,0,3.0,3.0,4.0,60.22134180292935,1.0,0.97499946355896,0,,0,0,BUY,2.016949152542373,2,0,4,Aerospace & Defense
FAF,2026-08-14,2.0,0.7176805499824661,1.0,0,0,3.0,1.0,3.0,53.07517764900693,2.0,0.7673043213782426,1,1.0,0,0,STRONG BUY,1.5941176470588236,4,0,5,Insurance
FANG,2026-08-14,3.0,0.48507860033679473,1.0,0,0,2.0,3.0,4.0,57.95584207062183,1.0,0.8750354759006705,0,,0,0,BUY,2.1411764705882352,3,0,5,Oil & Gas
FAST,2026-08-14,5.0,0.17099544767453553,1.0,0,0,3.0,2.0,4.0,63.199735263305904,1.0,0.9018980297110428,0,,0,0,HOLD,2.7529411764705882,3,1,5,Retail
FATE,2026-08-14,4.0,0.3542005337706768,1.0,0,0,1.0,5.0,3.0,49.09289294884724,2.0,0.7500000068986861,0,,0,0,HOLD,2.8588235294117643,3,2,5,Pharmaceuticals & Biotech
FATN,2026-08-14,4.0,0.39152182941990654,1.0,0,0,2.0,3.0,3.0,54.37132952966914,2.0,0.6424730889045221,1,1.0,0,0,BUY,2.3823529411764706,3,1,5,Technology & Software
FAX,2026-08-14,,,3.0,0,0,4.0,,3.0,53.01422262933745,3.0,0.5248150653910885,0,,0,0,HOLD,3.3409090909090917,0,1,3,Other
FBIN,2026-08-14,2.0,0.5929212911300067,2.0,1,0,4.0,3.0,2.0,44.59037893206933,3.0,0.4812909144654489,0,,0,0,HOLD,2.7647058823529416,2,1,5,Wood & Furniture
FBIO,2026-08-14,1.0,0.7792397413194592,3.0,0,0,3.0,3.0,3.0,47.585872259845694,3.0,0.40082644546677626,0,,0,0,BUY,2.3882352941176475,1,0,5,Pharmaceuticals & Biotech
FBIZ,2026-08-14,2.0,0.6649182445566736,1.0,0,0,2.0,2.0,4.0,66.01167048552779,1.0,0.970023772983058,0,,0,0,STRONG BUY,1.6588235294117648,5,0,5,Banks & Financial Services
FBK,2026-08-14,3.0,0.5610921485760141,1.0,1,0,3.0,2.0,4.0,65.92237419424458,1.0,0.9774968292115382,0,,0,0,BUY,2.1411764705882352,3,0,5,Banks & Financial Services
FBLA,2026-08-14,3.0,0.5330038372227518,1.0,0,0,2.0,1.0,4.0,58.42014884308157,1.0,0.9547511751554467,1,1.0,0,0,STRONG BUY,1.488235294117647,4,0,5,Banks & Financial Services
FBLG,2026-08-14,,,4.0,0,0,5.0,4.0,4.0,62.17450039394773,5.0,0.036716693358946874,1,4.0,0,0,STRONG SELL,4.293220338983051,0,4,4,Pharmaceuticals & Biotech
FBNC,2026-08-14,4.0,0.3759940827904183,1.0,0,0,2.0,2.0,4.0,62.954485391445466,1.0,1.0,0,,0,0,BUY,2.270588235294118,4,1,5,Banks & Financial Services
FBP,2026-08-14,3.0,0.47002259601932106,1.0,0,0,2.0,1.0,5.0,72.03905618187923,1.0,1.0,0,,0,0,BUY,1.7882352941176471,4,0,5,Banks & Financial Services
FBRT,2026-08-14,2.0,0.5922090138877847,4.0,0,0,4.0,1.0,4.0,55.28588897173024,5.0,0.18822346992318056,1,2.0,0,0,HOLD,2.794117647058824,2,3,5,Investment & Holding Companies
FBRX,2026-08-14,5.0,0.07656314637064894,1.0,0,0,1.0,5.0,5.0,84.338458516065,1.0,0.9977504271332287,0,,0,0,HOLD,2.929411764705882,3,2,5,Pharmaceuticals & Biotech
FBYD,2026-08-14,1.0,0.8548070000403691,4.0,0,0,1.0,,2.0,38.579950812807496,4.0,0.352471142001618,0,,0,0,BUY,2.242857142857143,2,2,4,Hospitality & Leisure
FC,2026-08-14,5.0,0.09435751541014699,3.0,0,0,3.0,3.0,2.0,40.74011393522663,2.0,0.6216988214667811,0,,0,0,HOLD,3.376470588235295,1,1,5,Business & Research Services
FCAP,2026-08-14,2.0,0.6569645894169628,2.0,0,0,1.0,1.0,3.0,54.01614919383717,1.0,0.8698065392656953,0,,0,0,STRONG BUY,1.411764705882353,5,0,5,Banks & Financial Services
FCBC,2026-08-14,3.0,0.5734498671143383,1.0,0,0,2.0,2.0,5.0,70.4619590233481,1.0,1.0,0,,0,0,BUY,1.9647058823529413,4,0,5,Banks & Financial Services
FCBM,2026-08-14,,,,0,0,,,3.0,51.845983970997224,,,0,,0,0,,,0,0,0,Banks & Financial Services
FCCO,2026-08-14,2.0,0.6713379799990283,1.0,0,0,2.0,3.0,4.0,59.34586883683677,1.0,0.9493373200850183,0,,0,0,BUY,1.835294117647059,4,0,5,Banks & Financial Services
FCEL,2026-08-14,4.0,0.38809253134763644,2.0,0,0,1.0,3.0,3.0,52.67792464014443,3.0,0.5749455210916573,0,,0,0,HOLD,2.8470588235294123,2,1,5,Industrial Machinery
FCF,2026-08-14,2.0,0.6676526637813369,1.0,0,0,2.0,1.0,4.0,62.76568765341223,1.0,0.9732014743938217,0,,0,0,STRONG BUY,1.4823529411764707,5,0,5,Banks & Financial Services
FCFS,2026-08-14,4.0,0.31307177858524643,3.0,0,0,2.0,2.0,3.0,54.29407885925497,1.0,0.8162414115287943,0,,0,0,BUY,2.482352941176471,3,1,5,Retail
FCHL,2026-08-14,1.0,0.9766929133858269,5.0,0,0,5.0,,2.0,40.00883073537888,5.0,4.939779951956617e-05,0,,0,0,SELL,3.5142857142857147,1,3,4,Hospitality & Leisure
FCN,2026-08-14,3.0,0.5431894635346016,4.0,0,0,4.0,3.0,2.0,42.84620834011351,4.0,0.2455503111313558,0,,0,0,SELL,3.5176470588235293,0,3,5,Business & Research Services
FCNCA,2026-08-14,2.0,0.761972498814604,1.0,0,0,2.0,2.0,4.0,65.29236254562704,1.0,1.0,1,2.0,0,0,STRONG BUY,1.3588235294117648,5,0,5,Banks & Financial Services
FCPT,2026-08-14,5.0,0.16906509844925183,1.0,0,0,3.0,2.0,3.0,50.142295038708184,2.0,0.7493178997530262,1,1.0,0,0,HOLD,2.6882352941176473,3,1,5,Investment & Holding Companies
FCRS,2026-08-14,,,,0,0,3.0,,3.0,48.13204721596835,2.0,0.7499974455127878,0,,0,0,,,1,0,2,Investment & Holding Companies
FCUV,2026-08-14,5.0,0.2508281637757429,3.0,0,0,5.0,4.0,3.0,51.36999795091172,5.0,0.019802492029280076,0,,0,0,STRONG SELL,4.6117647058823525,0,4,5,Medical Devices & Instruments
FCX,2026-08-14,3.0,0.4779516358463726,1.0,0,0,2.0,,3.0,53.27166057532011,1.0,0.8617813684884378,0,,0,0,BUY,1.9571428571428575,3,0,4,Mining & Minerals
FDBC,2026-08-14,2.0,0.7207899625503066,1.0,0,0,2.0,2.0,4.0,65.86437196150563,1.0,1.0,1,1.0,0,0,STRONG BUY,1.3588235294117648,5,0,5,Banks & Financial Services
FDMM,2026-08-14,,,,0,0,,,,,,,0,,0,0,,,0,0,0,Investment & Holding Companies
FDMT,2026-08-14,3.0,0.4635428290047621,2.0,0,0,1.0,4.0,4.0,64.11291237184307,1.0,0.8449719888151057,0,,0,0,BUY,2.2470588235294118,3,1,5,Pharmaceuticals & Biotech
FDS,2026-08-14,4.0,0.34384645851776324,1.0,1,0,3.0,2.0,4.0,59.85878691618561,3.0,0.493981267251787,0,,0,0,HOLD,2.917647058823529,2,1,5,Technology & Software
FDSB,2026-08-14,3.0,0.4793768616857292,1.0,0,0,2.0,2.0,5.0,76.34449425927093,1.0,1.0,1,1.0,0,0,STRONG BUY,1.6647058823529413,4,0,5,Banks & Financial Services
FDUS,2026-08-14,1.0,0.8042837304439889,1.0,1,0,3.0,5.0,3.0,46.94616395382552,2.0,0.74790095387326,0,,0,0,BUY,2.2941176470588234,3,1,5,Other
FDX,2026-08-14,2.0,0.6116642958748222,2.0,0,0,2.0,3.0,4.0,63.536738388788095,1.0,0.9709541659158372,0,,0,0,BUY,1.9411764705882353,4,0,5,Airlines
FDXF,2026-08-14,3.0,0.4531950298211335,,0,0,,3.0,4.0,59.35553056886393,,,0,,0,0,,,0,0,2,Airlines
FE,2026-08-14,3.0,0.523996729074587,3.0,1,0,3.0,2.0,3.0,48.52604573591304,2.0,0.6427095266579125,0,,0,0,HOLD,2.588235294117647,2,0,5,Utilities
FEAM,2026-08-14,1.0,0.8081889763779527,4.0,0,0,5.0,2.0,4.0,55.81499584440767,5.0,0.09356726345938632,0,,0,0,HOLD,3.141176470588235,2,3,5,Mining & Minerals
FEDU,2026-08-14,1.0,0.9272440944881891,5.0,0,0,4.0,,4.0,55.78155076070575,4.0,0.2588495754936082,0,,0,0,HOLD,3.014285714285715,1,3,4,Services
FEIM,2026-08-14,5.0,0.13321226589141233,1.0,0,0,1.0,4.0,4.0,62.27888450937264,1.0,0.9788280687023402,0,,0,0,HOLD,2.7529411764705882,3,2,5,Medical Devices & Instruments
FELE,2026-08-14,4.0,0.41894857226783205,1.0,0,0,3.0,3.0,3.0,48.990060666494415,1.0,0.8035101329510639,1,1.0,0,0,BUY,2.3235294117647056,2,1,5,Industrial Machinery
FEMY,2026-08-14,5.0,0.0699942964584052,5.0,0,0,5.0,4.0,2.0,30.210838257300296,5.0,0.0,0,,0,0,STRONG SELL,4.823529411764706,0,5,5,Medical Devices & Instruments
FENC,2026-08-14,5.0,0.16457013213802604,1.0,0,0,2.0,4.0,4.0,58.41554834598524,1.0,0.8487875173414661,0,,0,0,HOLD,2.929411764705882,3,2,5,Pharmaceuticals & Biotech
FENG,2026-08-14,,,5.0,0,0,4.0,,3.0,50.34383537666492,5.0,0.06358381821535715,0,,0,0,STRONG SELL,4.659090909090909,0,3,3,Telecom & Media
FER,2026-08-14,,,5.0,0,0,3.0,,2.0,44.2117244603267,3.0,0.5476284393849993,0,,0,0,HOLD,3.4090909090909096,0,1,3,Construction & Materials
FERA,2026-08-14,,,1.0,0,0,3.0,,5.0,70.61965056694243,1.0,0.9189196155402567,0,,0,0,STRONG BUY,1.6818181818181817,2,0,3,Investment & Holding Companies
FERG,2026-08-14,4.0,0.4120436225699384,2.0,0,0,3.0,3.0,3.0,52.667919538614946,2.0,0.626902441508605,0,,0,0,HOLD,2.9647058823529413,2,1,5,Wholesale Trade
FET,2026-08-14,,,1.0,0,0,1.0,3.0,5.0,82.28894270830779,1.0,1.0,0,,0,0,STRONG BUY,1.5084745762711864,3,0,4,Industrial Machinery
FF,2026-08-14,3.0,0.5558068767294791,1.0,0,0,1.0,4.0,4.0,60.580055978994075,2.0,0.7688040402030277,0,,0,0,BUY,2.376470588235294,3,1,5,Chemicals
FFA,2026-08-14,,,1.0,0,0,2.0,,5.0,72.02732189515102,1.0,0.9908399660697415,0,,0,0,STRONG BUY,1.340909090909091,3,0,3,Other
FFAI,2026-08-14,5.0,0.014545454545454545,1.0,1,0,1.0,4.0,3.0,52.409497698402625,4.0,0.3564078586247102,0,,0,0,HOLD,3.458823529411765,2,3,5,Automobiles
FFBC,2026-08-14,1.0,0.7908961593172119,1.0,0,0,2.0,3.0,4.0,55.72090987716765,1.0,0.8671026177200922,0,,0,0,STRONG BUY,1.5294117647058825,4,0,5,Banks & Financial Services
FFIN,2026-08-14,3.0,0.5533428165007113,1.0,0,0,3.0,,4.0,56.01693529441627,2.0,0.7939754105308022,1,6.0,0,0,BUY,2.157142857142858,2,0,4,Banks & Financial Services
FFIV,2026-08-14,4.0,0.26613317023197763,2.0,0,0,2.0,1.0,3.0,48.18094578875308,1.0,0.8646210402846893,0,,0,0,BUY,2.1999999999999997,4,1,5,Computer Hardware
FG,2026-08-14,1.0,0.8238747395310584,3.0,0,0,4.0,3.0,2.0,42.105134561853404,3.0,0.5146367969072875,1,2.0,0,0,BUY,2.264705882352941,1,1,5,Insurance
FGBI,2026-08-14,1.0,0.8963779527559055,3.0,0,0,4.0,4.0,2.0,30.421060966426793,2.0,0.619193631437274,0,,0,0,HOLD,2.5058823529411764,2,2,5,Banks & Financial Services
FGI,2026-08-14,1.0,0.8325484601886983,2.0,0,0,1.0,3.0,5.0,74.1084081547096,2.0,0.7926156263624863,0,,0,0,STRONG BUY,1.6941176470588235,4,0,5,Industrial Machinery
FGII,2026-08-14,,,,0,0,,,5.0,82.31710760907268,1.0,1.0,0,,0,0,,,1,0,1,Investment & Holding Companies
FGNX,2026-08-14,3.0,0.5480179652807116,3.0,0,0,5.0,4.0,3.0,53.71230521178912,5.0,0.02911443662122045,0,,0,0,SELL,4.000000000000001,0,3,5,Banks & Financial Services
FHB,2026-08-14,2.0,0.6001206534503406,3.0,0,0,3.0,1.0,2.0,43.720225452847494,2.0,0.6754726760110559,0,,0,0,BUY,2.1058823529411765,3,0,5,Banks & Financial Services
FHI,2026-08-14,1.0,0.8032242769084874,1.0,0,0,2.0,1.0,4.0,67.1384609473539,1.0,0.9762338366812315,0,,0,0,STRONG BUY,1.1764705882352942,5,0,5,Investment & Brokerage
FHN,2026-08-14,2.0,0.7558084400189663,1.0,0,0,3.0,2.0,4.0,59.2657488608661,1.0,1.0,0,,0,0,BUY,1.835294117647059,4,0,5,Banks & Financial Services
FHTX,2026-08-14,5.0,0.19151515151515153,2.0,0,0,2.0,4.0,4.0,64.10091227836192,1.0,0.8666667877681726,0,,0,0,HOLD,3.035294117647059,3,2,5,Pharmaceuticals & Biotech
FIBK,2026-08-14,2.0,0.7479336184431236,1.0,0,0,2.0,1.0,4.0,61.513753075272255,1.0,0.9529637675133246,0,,0,0,STRONG BUY,1.4823529411764707,5,0,5,Banks & Financial Services
FICO,2026-08-14,5.0,0.20255648288682782,5.0,0,0,4.0,2.0,2.0,44.04365789838896,5.0,0.1707202668360621,0,,0,0,STRONG SELL,4.294117647058823,1,4,5,Services
FIEE,2026-08-14,4.0,0.2575352262808046,3.0,0,0,3.0,2.0,5.0,70.21663487165986,3.0,0.5588235437342962,0,,0,0,HOLD,3.129411764705882,1,1,5,Industrial Machinery
FIG,2026-08-14,,,3.0,0,0,4.0,4.0,3.0,54.78226150599211,5.0,0.1371045093587791,1,1.0,0,0,SELL,3.8864406779661023,0,3,4,Technology & Software
FIGR,2026-08-14,5.0,0.11806543385490754,4.0,0,0,4.0,2.0,4.0,57.503226952440045,5.0,0.13306122347296706,0,,0,0,SELL,4.188235294117646,1,4,5,Banks & Financial Services
FIGS,2026-08-14,1.0,0.8726888222325841,2.0,0,0,1.0,2.0,5.0,78.04844008324294,2.0,0.7696681416979153,0,,0,0,STRONG BUY,1.5176470588235296,5,0,5,Apparel & Textiles
FIGX,2026-08-14,,,1.0,0,0,3.0,,4.0,65.04893405480526,1.0,0.9714279486215334,0,,0,0,STRONG BUY,1.6818181818181817,2,0,3,Investment & Holding Companies
FINS,2026-08-14,,,5.0,0,0,3.0,,4.0,57.087219017338164,1.0,0.831869393683632,1,1.0,0,0,BUY,2.2,1,1,3,Other
FINV,2026-08-14,,,5.0,0,0,5.0,,2.0,34.03177567395434,5.0,0.007866131441511942,0,,0,0,STRONG SELL,5.0,0,3,3,Banks & Financial Services
FINW,2026-08-14,1.0,0.7991389194565053,5.0,0,0,5.0,5.0,3.0,47.83215548546782,5.0,0.0946372818658081,0,,0,0,SELL,3.776470588235294,1,4,5,Banks & Financial Services
FIP,2026-08-14,2.0,0.7317171717171717,4.0,0,0,4.0,4.0,4.0,56.73581717025101,4.0,0.37481901816387797,0,,0,0,HOLD,3.388235294117647,1,4,5,Railroads
FIRY,2026-08-14,5.0,0.06667896187941927,1.0,0,0,2.0,4.0,3.0,50.79654113023958,2.0,0.7099311842386984,0,,0,0,HOLD,3.164705882352941,3,2,5,Technology & Software
FIS,2026-08-14,5.0,0.14319582740635373,3.0,0,0,4.0,2.0,3.0,50.902915867325596,5.0,0.16357099470365905,1,1.0,0,0,SELL,3.7823529411764705,1,3,5,Services
FISI,2026-08-14,1.0,0.7782539927768678,1.0,0,0,2.0,2.0,4.0,59.52059773495029,1.0,0.9470265799846804,1,1.0,0,0,STRONG BUY,1.0529411764705885,5,0,5,Banks & Financial Services
FISN,2026-08-14,5.0,0.2346456692913386,,0,0,,4.0,2.0,31.151890485741248,,,0,,0,0,,,0,2,2,Utilities
FISV,2026-08-14,1.0,0.9065908013276436,3.0,0,0,5.0,2.0,3.0,54.83115255610181,5.0,0.07767721512796662,0,,0,0,HOLD,3.0352941176470583,2,2,5,Services
FITB,2026-08-14,2.0,0.6251929236750101,1.0,0,0,2.0,1.0,4.0,59.3975109207389,1.0,0.9344586686983879,0,,0,0,STRONG BUY,1.4823529411764707,5,0,5,Banks & Financial Services
FIVE,2026-08-14,4.0,0.3267807757730508,1.0,0,0,2.0,2.0,5.0,74.44777686305096,1.0,0.9720334075250124,0,,0,0,BUY,2.270588235294118,4,1,5,Retail
FIVN,2026-08-14,4.0,0.4099044283342278,1.0,0,0,1.0,2.0,4.0,64.18635097386303,1.0,0.9290848322782977,0,,0,0,BUY,2.0941176470588236,4,1,5,Technology & Software
FIX,2026-08-14,5.0,0.15634503253363197,3.0,0,0,1.0,2.0,3.0,52.91839343386238,2.0,0.7891020677768691,0,,0,0,HOLD,2.847058823529412,3,1,5,Construction & Materials
FIZZ,2026-08-14,2.0,0.6747273589378853,5.0,0,0,4.0,3.0,3.0,49.80276019328168,4.0,0.23102682578752554,0,,0,0,HOLD,3.3176470588235296,1,3,5,Food & Beverage
FJET,2026-08-14,5.0,0.1458267716535433,,0,0,4.0,3.0,3.0,52.08477572448022,5.0,0.028856419889110644,0,,0,0,STRONG SELL,4.407894736842104,0,3,4,Airlines
FKWL,2026-08-14,1.0,0.8271630209302063,5.0,0,0,5.0,2.0,3.0,54.13209092078139,5.0,0.062283763001031715,0,,0,0,HOLD,3.2470588235294118,2,3,5,Industrial Machinery
FLC,2026-08-14,,,4.0,0,0,3.0,,3.0,54.902829578601626,2.0,0.6160255388332821,0,,0,0,HOLD,2.7500000000000004,1,1,3,Other
FLEX,2026-08-14,4.0,0.3384989768140405,3.0,0,0,1.0,2.0,3.0,51.44573072153441,2.0,0.6824091152736865,0,,0,0,HOLD,2.5411764705882356,3,1,5,Semiconductors & Chips
FLG,2026-08-14,3.0,0.4789691052225697,3.0,0,0,3.0,4.0,3.0,47.21665660732716,2.0,0.7620270085428844,0,,0,0,HOLD,2.9411764705882355,1,1,5,Banks & Financial Services
FLGT,2026-08-14,1.0,0.7832467445274548,5.0,0,0,4.0,4.0,3.0,45.073441381596744,4.0,0.27960137085368997,0,,0,0,HOLD,3.1882352941176473,1,4,5,Healthcare Services
FLL,2026-08-14,1.0,0.9301010101010101,4.0,0,0,4.0,4.0,2.0,40.55452445305647,5.0,0.04878044525545535,0,,0,0,HOLD,3.317647058823529,1,4,5,Hospitality & Leisure
FLNC,2026-08-14,2.0,0.725802115530687,5.0,0,1,3.0,4.0,2.0,41.51879822657043,4.0,0.2507849473360672,0,,0,0,HOLD,3.3176470588235296,1,3,5,Industrial Machinery
FLNG,2026-08-14,3.0,0.47433070866141736,1.0,0,0,2.0,,3.0,52.70766140670889,1.0,0.835693449331797,0,,0,0,BUY,1.9571428571428575,3,0,4,Transportation & Logistics
FLNT,2026-08-14,3.0,0.4627428157164391,1.0,0,0,1.0,3.0,4.0,62.877838756559505,1.0,0.931372472938322,1,2.0,0,0,STRONG BUY,1.664705882352941,3,0,5,Services
FLO,2026-08-14,3.0,0.5851114272166904,5.0,0,0,5.0,4.0,3.0,48.3382132822897,5.0,0.07451287546150173,0,,0,0,SELL,4.211764705882353,0,4,5,Food & Beverage
FLOC,2026-08-14,3.0,0.575154101469891,2.0,0,0,2.0,1.0,4.0,67.43189224048425,2.0,0.6887836386959468,0,,0,0,BUY,2.1294117647058823,4,0,5,Industrial Machinery
FLR,2026-08-14,2.0,0.6370118070735787,1.0,0,0,2.0,4.0,3.0,52.64105238932696,2.0,0.7334483964983844,0,,0,0,BUY,2.2470588235294118,4,1,5,Construction & Materials
FLS,2026-08-14,4.0,0.346135609293504,2.0,0,0,3.0,2.0,4.0,64.95854098754182,2.0,0.7520235608134155,0,,0,0,HOLD,2.7882352941176474,3,1,5,Industrial Machinery
FLUT,2026-08-14,,,5.0,0,0,5.0,,3.0,49.8832571474954,5.0,0.041763047077441315,0,,0,0,STRONG SELL,5.0,0,3,3,Technology & Software
FLWS,2026-08-14,,,1.0,0,0,3.0,4.0,3.0,53.986888242963275,3.0,0.4075471263544649,0,,0,0,HOLD,2.9491525423728815,1,1,4,Retail
FLX,2026-08-14,,,5.0,0,0,5.0,,2.0,39.9836038580058,5.0,0.022624414863037044,0,,0,0,STRONG SELL,5.0,0,3,3,Transportation & Logistics
FLXS,2026-08-14,2.0,0.6105304551051789,1.0,0,0,1.0,2.0,3.0,49.97103154849163,1.0,0.9073258900830816,0,,0,0,STRONG BUY,1.4823529411764707,5,0,5,Wood & Furniture
FLY,2026-08-14,5.0,0.11636363636363636,4.0,0,1,3.0,3.0,4.0,58.37157666406631,4.0,0.23530809488639523,0,,0,0,SELL,3.9529411764705884,0,3,5,Aerospace & Defense
FLYE,2026-08-14,1.0,0.9617409760509182,5.0,0,0,5.0,4.0,3.0,45.54552977370342,5.0,0.0006726134747432175,0,,0,0,SELL,3.5999999999999996,1,4,5,Automobiles
FLYW,2026-08-14,4.0,0.3570851658586975,1.0,0,0,1.0,1.0,4.0,62.429397236719744,1.0,1.0,1,1.0,0,0,STRONG BUY,1.6176470588235292,4,1,5,Services
FLYX,2026-08-14,1.0,0.9563636363636364,5.0,0,0,5.0,3.0,2.0,43.308926186272814,5.0,0.02291325456090156,1,1.0,0,0,HOLD,3.1235294117647063,1,3,5,Airlines
FLZH,2026-08-14,1.0,0.9725252525252526,5.0,0,0,5.0,3.0,2.0,37.561659925539736,5.0,0.003987470835784251,0,,0,0,HOLD,3.423529411764706,1,3,5,Hospitality & Leisure
FMAC,2026-08-14,5.0,0.010393700787401575,,0,0,,,3.0,52.26385383112572,,,0,,0,0,,,0,1,1,Investment & Holding Companies
FMAO,2026-08-14,2.0,0.7041904531836864,1.0,0,0,2.0,2.0,4.0,65.54221726296839,1.0,0.9829438533015231,0,,0,0,STRONG BUY,1.6588235294117648,5,0,5,Banks & Financial Services
FMBH,2026-08-14,2.0,0.7128254943722093,1.0,0,0,2.0,2.0,4.0,61.72372537159041,1.0,0.9687488954518656,1,1.0,0,0,STRONG BUY,1.3588235294117648,5,0,5,Banks & Financial Services
FMC,2026-08-14,,,5.0,0,0,5.0,4.0,2.0,40.99568655156366,5.0,0.00478084421241356,1,1.0,0,0,STRONG SELL,4.445762711864407,0,4,4,Chemicals
FMN,2026-08-14,,,3.0,0,0,3.0,,3.0,51.65699124094913,1.0,0.8060345298525238,0,,0,0,BUY,2.090909090909091,1,0,3,Other
FMNB,2026-08-14,2.0,0.6110353100027086,1.0,0,0,2.0,1.0,5.0,70.27623289449897,1.0,0.9834265795214843,1,4.0,0,0,STRONG BUY,1.1823529411764706,5,0,5,Banks & Financial Services
FMS,2026-08-14,,,2.0,1,0,3.0,,3.0,45.25203786040692,2.0,0.6285819897736938,0,,0,0,BUY,2.3409090909090913,2,0,3,Healthcare Services
FMST,2026-08-14,,,5.0,0,0,5.0,,2.0,37.3066144251025,5.0,0.0,0,,0,0,STRONG SELL,5.0,0,3,3,Mining & Minerals
FMX,2026-08-14,,,3.0,0,0,2.0,,2.0,39.37348136130071,2.0,0.7273611452252882,0,,0,0,BUY,2.2045454545454546,2,0,3,Food & Beverage
FMY,2026-08-14,,,4.0,0,0,3.0,,4.0,56.3633947226825,2.0,0.70612286058433,0,,0,0,HOLD,2.7500000000000004,1,1,3,Other
FN,2026-08-14,5.0,0.20290539514401537,3.0,0,1,2.0,3.0,4.0,59.09275193287802,2.0,0.6245446302794755,0,,0,0,HOLD,3.2,2,1,5,Industrial Machinery
FNB,2026-08-14,1.0,0.8036984352773826,1.0,0,0,2.0,2.0,4.0,60.56053908321307,1.0,0.9980603844530361,0,,0,0,STRONG BUY,1.3529411764705885,5,0,5,Banks & Financial Services
FND,2026-08-14,3.0,0.5291429032384118,3.0,0,0,4.0,2.0,3.0,52.34332142435202,4.0,0.32132962165076995,0,,0,0,HOLD,3.235294117647059,1,2,5,Retail
FNF,2026-08-14,3.0,0.44256630786873224,3.0,0,0,4.0,2.0,3.0,47.86805832796352,3.0,0.4858041021317643,0,,0,0,HOLD,3.0,1,1,5,Insurance
FNGD,2026-08-14,,,5.0,0,0,5.0,,2.0,36.02392824093147,5.0,0.012554403260206272,0,,0,0,STRONG SELL,5.0,0,3,3,Banks & Financial Services
FNGO,2026-08-14,,,1.0,0,0,2.0,,4.0,61.91271868634128,1.0,0.9431551084289259,0,,0,0,STRONG BUY,1.340909090909091,3,0,3,Banks & Financial Services
FNKO,2026-08-14,,,1.0,0,0,1.0,4.0,4.0,56.87763238172001,1.0,0.9432432300074413,0,,0,0,BUY,1.7627118644067798,3,1,4,Misc Manufacturing
FNLC,2026-08-14,2.0,0.6980441816980116,1.0,0,0,2.0,2.0,4.0,60.6160606740119,1.0,0.9967902341818938,0,,0,0,STRONG BUY,1.6588235294117648,5,0,5,Banks & Financial Services
FNRN,2026-08-14,2.0,0.6927862413151931,2.0,0,0,2.0,3.0,3.0,45.542749993478196,1.0,0.840522468017985,1,2.0,0,0,STRONG BUY,1.6411764705882352,4,0,5,Banks & Financial Services
FNUC,2026-08-14,,,4.0,0,0,5.0,,3.0,54.907728902061685,5.0,0.0718685862282872,0,,0,0,STRONG SELL,4.795454545454546,0,3,3,Mining & Minerals
FNV,2026-08-14,,,2.0,0,0,3.0,,4.0,61.11891156143152,3.0,0.5743313466089922,0,,0,0,HOLD,2.795454545454546,1,0,3,Mining & Minerals
FNWB,2026-08-14,3.0,0.47764824953561935,1.0,0,0,2.0,4.0,4.0,55.64637784436201,1.0,0.8733205676430571,0,,0,0,BUY,2.3176470588235296,3,1,5,Banks & Financial Services
FNWD,2026-08-14,2.0,0.6703123607417807,1.0,1,0,2.0,3.0,5.0,76.4998484682691,1.0,1.0,1,3.0,0,0,STRONG BUY,1.535294117647059,4,0,5,Banks & Financial Services
FOA,2026-08-14,1.0,0.9287066479866299,3.0,0,0,4.0,2.0,2.0,42.056021935827516,3.0,0.45102694001915783,1,2.0,0,0,BUY,2.0882352941176476,2,1,5,Banks & Financial Services
FOCL,2026-08-14,4.0,0.27468343081050073,2.0,0,0,2.0,4.0,2.0,32.78092837544122,2.0,0.6833667569256953,0,,0,0,HOLD,2.9647058823529413,3,2,5,Medical Devices & Instruments
FOF,2026-08-14,,,2.0,0,0,3.0,,4.0,58.526932776075085,2.0,0.7064511932975184,0,,0,0,BUY,2.3409090909090913,2,0,3,Other
FOFO,2026-08-14,3.0,0.48566929133858266,5.0,0,0,5.0,,3.0,49.31802072748842,5.0,0.016442795734139464,0,,0,0,STRONG SELL,4.257142857142858,0,3,4,Business & Research Services
FOIL,2026-08-14,,,,0,0,,,,,,,0,,0,0,,,0,0,0,
FOR,2026-08-14,1.0,0.8177494149422792,2.0,0,0,3.0,5.0,3.0,52.1893169113562,2.0,0.7142858062356788,0,,0,0,BUY,2.4,3,1,5,Real Estate & REITs
FORM,2026-08-14,5.0,0.13892379336877986,2.0,0,0,1.0,3.0,4.0,59.5237777701812,2.0,0.7855088717060309,0,,0,0,HOLD,2.9176470588235293,3,1,5,Semiconductors & Chips
FORR,2026-08-14,2.0,0.690942794642562,1.0,0,0,2.0,3.0,4.0,59.595225236608094,1.0,0.9121037905533194,0,,0,0,BUY,1.835294117647059,4,0,5,Business & Research Services
FORTY,2026-08-14,,,5.0,0,0,3.0,,3.0,50.22522818816907,5.0,0.12311453760855445,0,,0,0,STRONG SELL,4.318181818181818,0,2,3,Technology & Software
FOSL,2026-08-14,2.0,0.6175441588458134,1.0,0,0,1.0,5.0,4.0,64.30494204216019,1.0,0.8790697772416501,1,1.0,0,0,STRONG BUY,1.7117647058823533,4,1,5,Medical Devices & Instruments
FOUR,2026-08-14,2.0,0.6091808589362192,4.0,0,0,5.0,3.0,3.0,46.06720094376243,5.0,0.17423968269360493,1,1.0,0,0,HOLD,3.3235294117647056,1,3,5,Services
FOX,2026-08-14,2.0,0.6737790422000949,2.0,0,0,2.0,,5.0,74.54226589131181,2.0,0.7397494824545202,0,,0,0,BUY,2.0,4,0,4,Telecom & Media
FOXA,2026-08-14,2.0,0.6135609293504031,2.0,0,0,2.0,,5.0,75.41854798788513,2.0,0.7514340961273318,1,1.0,0,0,STRONG BUY,1.7,4,0,4,Telecom & Media
FOXF,2026-08-14,1.0,0.8481389695581292,1.0,1,0,4.0,3.0,4.0,61.77841008094753,3.0,0.45629373612177465,0,,0,0,BUY,2.3529411764705883,2,1,5,Transportation Equipment
FOXX,2026-08-14,1.0,0.9284848484848485,5.0,0,0,5.0,2.0,2.0,44.59519034177186,5.0,0.16748060122883526,0,,0,0,HOLD,3.2470588235294118,2,3,5,Computer Hardware
FPH,2026-08-14,,,4.0,0,0,4.0,3.0,3.0,47.8846010384009,4.0,0.2528089195350569,0,,0,0,SELL,3.745762711864407,0,3,4,Real Estate & REITs
FPI,2026-08-14,4.0,0.3472414534643433,4.0,0,0,4.0,2.0,4.0,58.29264411450241,4.0,0.24181474127017705,1,1.0,0,0,HOLD,3.3470588235294114,1,4,5,Investment & Holding Companies
FPS,2026-08-14,,,,0,0,2.0,,3.0,49.78339413828617,4.0,0.31922450802563096,0,,0,0,,,1,1,2,Industrial Machinery
FR,2026-08-14,4.0,0.2993674828930723,2.0,0,0,2.0,2.0,2.0,38.7891495336001,2.0,0.7269410443914719,0,,0,0,HOLD,2.6117647058823534,4,1,5,Investment & Holding Companies
FRA,2026-08-14,,,4.0,0,0,4.0,,4.0,63.08368368675669,3.0,0.47529429185633754,0,,0,0,SELL,3.545454545454546,0,2,3,Other
FRAF,2026-08-14,2.0,0.6457709012838027,1.0,0,0,1.0,2.0,4.0,58.64631173085536,1.0,0.9952352193235022,1,2.0,0,0,STRONG BUY,1.1823529411764706,5,0,5,Banks & Financial Services
FRBA,2026-08-14,,,1.0,0,0,2.0,,4.0,67.08768824835552,1.0,1.0,0,,0,0,STRONG BUY,1.340909090909091,3,0,3,
FRBT,2026-08-14,,,,0,0,,,3.0,49.382924166426484,,,0,,0,0,,,0,0,0,Banks & Financial Services
FRD,2026-08-14,5.0,0.16642958748221906,1.0,0,0,1.0,4.0,5.0,74.32067968543663,1.0,1.0,1,2.0,0,0,BUY,2.4529411764705884,3,2,5,Metals
FRGT,2026-08-14,1.0,0.9216141583978255,5.0,0,0,5.0,4.0,2.0,31.662768869630042,5.0,0.0,0,,0,0,SELL,3.5999999999999996,1,4,5,Transportation & Logistics
FRHC,2026-08-14,4.0,0.27046156781315833,2.0,0,0,3.0,2.0,3.0,45.13047145556811,3.0,0.5431592365644631,1,1.0,0,0,HOLD,2.723529411764706,2,1,5,Investment & Brokerage
FRME,2026-08-14,1.0,0.7887662948612154,1.0,0,0,3.0,1.0,4.0,56.062980253260925,1.0,0.8635806441518722,0,,0,0,STRONG BUY,1.352941176470588,4,0,5,Banks & Financial Services
FRMI,2026-08-14,4.0,0.3184251968503937,5.0,0,0,5.0,,3.0,47.925027514211365,5.0,0.0576992421951486,0,,0,0,STRONG SELL,4.628571428571429,0,4,4,Investment & Holding Companies
FRMM,2026-08-14,3.0,0.5281329784554101,2.0,0,0,3.0,5.0,3.0,54.66803772305995,5.0,0.057865701477910314,0,,0,0,SELL,3.7176470588235295,1,2,5,Banks & Financial Services
FRNM,2026-08-14,,,3.0,0,0,4.0,5.0,3.0,52.86492692436687,4.0,0.3729217658604985,0,,0,0,SELL,4.101694915254237,0,3,4,Healthcare Services
FRO,2026-08-14,4.0,0.2774803149606299,1.0,0,0,1.0,,4.0,61.47517531163752,1.0,0.9350361534747706,0,,0,0,BUY,2.1142857142857143,3,1,4,Transportation & Logistics
FROG,2026-08-14,5.0,0.11297242203964386,2.0,0,0,1.0,3.0,4.0,63.51648856981879,1.0,0.9695343275191364,0,,0,0,HOLD,2.6823529411764704,3,1,5,Technology & Software
FRPH,2026-08-14,3.0,0.4549360687843612,4.0,0,0,4.0,3.0,2.0,41.782868501427565,4.0,0.2581818320534446,1,1.0,0,0,HOLD,3.2176470588235295,0,3,5,Real Estate & REITs
FRPT,2026-08-14,4.0,0.4200654406941941,2.0,0,0,3.0,1.0,5.0,70.99060408885578,2.0,0.6657046008991915,1,1.0,0,0,BUY,2.3117647058823536,3,1,5,Food & Beverage
FRSH,2026-08-14,3.0,0.5168785518247065,1.0,1,0,2.0,1.0,4.0,67.28747848691336,1.0,0.8152326669360449,1,1.0,0,0,STRONG BUY,1.488235294117647,4,0,5,Technology & Software
FRST,2026-08-14,1.0,0.82294544535253,1.0,0,0,2.0,2.0,4.0,64.96160265930303,1.0,0.9986410932318123,1,2.0,0,0,STRONG BUY,1.0529411764705885,5,0,5,Banks & Financial Services
FRSX,2026-08-14,5.0,0.03653543307086614,5.0,0,0,5.0,,2.0,42.23163494714025,5.0,0.01430613895820215,0,,0,0,STRONG SELL,5.0,0,4,4,Technology & Software
FRT,2026-08-14,4.0,0.3308536418254707,3.0,0,0,2.0,3.0,2.0,39.303478231628496,2.0,0.7656179477348252,0,,0,0,HOLD,2.8941176470588235,2,1,5,Investment & Holding Companies
FRTT,2026-08-14,,,,0,0,,,2.0,36.97081738303234,,,0,,0,0,,,0,0,0,Chemicals
FRVO,2026-08-14,,,,0,0,,,2.0,40.21043954753044,5.0,0.10542880791236041,0,,0,0,,,0,1,1,Utilities
FSBC,2026-08-14,3.0,0.54315372853417,2.0,0,0,2.0,2.0,3.0,48.49939151452404,1.0,0.8620999552818241,0,,0,0,BUY,2.070588235294118,4,0,5,Banks & Financial Services
FSBW,2026-08-14,3.0,0.5075064886742825,1.0,0,0,3.0,2.0,3.0,53.62961298975291,1.0,0.8272565358043014,0,,0,0,BUY,2.1411764705882352,3,0,5,Banks & Financial Services
FSCO,2026-08-14,,,3.0,0,0,4.0,,4.0,67.74748129729053,4.0,0.34521121438339564,1,2.0,0,0,HOLD,3.495454545454546,0,2,3,Other
FSEA,2026-08-14,2.0,0.6948031496062992,1.0,0,0,2.0,3.0,4.0,69.54320041693389,1.0,0.9966638106815963,0,,0,0,BUY,1.835294117647059,4,0,5,Banks & Financial Services
FSHP,2026-08-14,5.0,0.19582740635372214,1.0,0,0,3.0,3.0,3.0,52.68499155879946,2.0,0.7287241759590772,0,,0,0,HOLD,3.164705882352942,2,1,5,Investment & Holding Companies
FSI,2026-08-14,3.0,0.5324376808164868,5.0,0,0,4.0,3.0,2.0,35.77453578314426,5.0,0.022047223399713822,0,,0,0,SELL,3.858823529411765,0,3,5,Chemicals
FSK,2026-08-14,2.0,0.677818199974966,3.0,0,0,4.0,2.0,4.0,64.47349981191033,3.0,0.513843646928122,1,2.0,0,0,BUY,2.394117647058824,2,1,5,Other
FSLR,2026-08-14,3.0,0.4511201108270577,4.0,0,0,3.0,2.0,3.0,48.58652903565488,4.0,0.3293053220824604,0,,0,0,HOLD,3.164705882352941,1,2,5,Semiconductors & Chips
FSLY,2026-08-14,4.0,0.25543307086614175,1.0,0,0,1.0,3.0,5.0,73.37231653554046,1.0,0.8657390118714698,0,,0,0,BUY,2.2705882352941176,3,1,5,Technology & Software
FSM,2026-08-14,,,2.0,0,0,3.0,,4.0,69.2780078422472,3.0,0.5557206890573241,0,,0,0,HOLD,2.795454545454546,1,0,3,Mining & Minerals
FSS,2026-08-14,4.0,0.32543661906563215,1.0,0,0,3.0,2.0,3.0,53.8482643837578,2.0,0.7259341690891473,1,1.0,0,0,BUY,2.3823529411764706,3,1,5,Automobiles
FSSL,2026-08-14,,,,0,0,4.0,,4.0,63.27669615418199,4.0,0.34200009461150244,1,4.0,0,0,,,0,2,2,Other
FSTR,2026-08-14,4.0,0.4058190550726217,3.0,0,0,2.0,1.0,2.0,36.56423587248607,2.0,0.7184764892957566,0,,0,0,HOLD,2.5411764705882356,3,1,5,Wholesale Trade
FSUN,2026-08-14,1.0,0.8721508863720268,1.0,1,0,3.0,2.0,5.0,70.22320441909459,1.0,0.9741992106564434,1,1.0,0,0,STRONG BUY,1.2294117647058824,4,0,5,Banks & Financial Services
FSV,2026-08-14,,,4.0,0,0,4.0,,3.0,47.56031489891644,5.0,0.18929446596707805,0,,0,0,STRONG SELL,4.454545454545455,0,3,3,Real Estate & REITs
FT,2026-08-14,,,5.0,0,0,3.0,,3.0,45.680995343453546,2.0,0.654009296611447,0,,0,0,HOLD,2.9545454545454546,1,1,3,Other
FTAI,2026-08-14,5.0,0.12747450732427926,4.0,0,0,3.0,4.0,3.0,47.6207965976178,3.0,0.4576022436874892,0,,0,0,SELL,3.894117647058824,0,3,5,Services
FTCI,2026-08-14,1.0,0.8945454545454545,5.0,0,0,5.0,3.0,1.0,29.883963555792008,5.0,0.0,0,,0,0,HOLD,3.423529411764706,1,3,5,Semiconductors & Chips
FTDR,2026-08-14,4.0,0.27659549924380594,1.0,0,0,1.0,1.0,4.0,64.27795136785437,1.0,0.8955188051853554,0,,0,0,BUY,1.9176470588235293,4,1,5,Services
FTEK,2026-08-14,2.0,0.6678782985160044,4.0,1,0,4.0,2.0,3.0,45.7527208323944,5.0,0.1065573706418013,1,1.0,0,0,HOLD,2.9705882352941178,2,3,5,Industrial Machinery
FTF,2026-08-14,,,4.0,0,0,3.0,,4.0,62.36431813028062,1.0,0.9569729504452933,0,,0,0,BUY,2.2954545454545454,1,1,3,Other
FTH,2026-08-14,4.0,0.2538582677165354,1.0,0,0,1.0,4.0,4.0,63.55077002580663,1.0,0.8667131990522621,0,,0,0,BUY,2.4470588235294115,3,2,5,Pharmaceuticals & Biotech
FTHA,2026-08-14,,,,0,0,,,4.0,56.36225689157336,,,0,,0,0,,,0,0,0,Investment & Holding Companies
FTHY,2026-08-14,,,4.0,0,0,3.0,,3.0,50.71834423286871,1.0,0.890621626160599,0,,0,0,BUY,2.2954545454545454,1,1,3,Other
FTI,2026-08-14,4.0,0.2841913801614829,1.0,0,0,1.0,1.0,4.0,66.74365126095371,1.0,1.0,0,,0,0,BUY,1.9176470588235293,4,1,5,Industrial Machinery
FTK,2026-08-14,5.0,0.21500444180906095,1.0,0,0,1.0,3.0,4.0,64.52832672146754,1.0,0.8923686863747231,0,,0,0,HOLD,2.5764705882352934,3,1,5,Chemicals
FTLF,2026-08-14,3.0,0.45343081930653084,4.0,0,0,5.0,3.0,4.0,55.377428155377295,5.0,0.1616161664813504,0,,0,0,SELL,3.9294117647058826,0,3,5,Pharmaceuticals & Biotech
FTNT,2026-08-14,5.0,0.08719123650000618,1.0,0,0,1.0,2.0,3.0,51.88984504371673,1.0,0.9110251485563627,1,1.0,0,0,BUY,2.1,4,1,5,Computer Hardware
FTRA,2026-08-14,,,,0,0,,,1.0,8.9122587852398,,,0,,0,0,,,0,0,0,Investment & Holding Companies
FTRE,2026-08-14,3.0,0.5854119775341057,2.0,0,0,1.0,4.0,2.0,44.40828060415733,2.0,0.7463376463503044,0,,0,0,BUY,2.482352941176471,3,1,5,Healthcare Services
FTS,2026-08-14,2.0,0.7137007874015748,2.0,0,0,3.0,,3.0,47.98186764953764,1.0,0.8000698410815269,1,1.0,0,0,STRONG BUY,1.6285714285714286,3,0,4,Utilities
FTV,2026-08-14,4.0,0.3563377989376471,2.0,0,0,2.0,2.0,3.0,52.3502660266117,1.0,0.8569546638883624,0,,0,0,BUY,2.376470588235294,4,1,5,Medical Devices & Instruments
FTW,2026-08-14,,,3.0,0,0,3.0,,2.0,30.11254185543214,4.0,0.3120466824361956,0,,0,0,HOLD,3.454545454545455,0,1,3,Oil & Gas
FUBO,2026-08-14,4.0,0.3877016136479712,4.0,0,0,5.0,4.0,4.0,56.483976588948195,5.0,0.0441775556241832,0,,0,0,STRONG SELL,4.411764705882353,0,5,5,Hospitality & Leisure
FUFU,2026-08-14,2.0,0.6267716535433071,5.0,0,0,5.0,,4.0,55.27718102897609,5.0,0.06397308262295434,0,,0,0,SELL,3.8857142857142857,1,3,4,Banks & Financial Services
FUL,2026-08-14,2.0,0.6250212592028225,3.0,0,0,4.0,2.0,4.0,64.45402110316485,2.0,0.7690132008401457,0,,0,0,BUY,2.4588235294117644,3,1,5,Chemicals
FULC,2026-08-14,1.0,0.8075590551181102,3.0,0,0,5.0,4.0,3.0,48.25249076172594,5.0,0.05235601135712908,0,,0,0,HOLD,3.388235294117647,1,3,5,Pharmaceuticals & Biotech
FULT,2026-08-14,1.0,0.8236130867709816,1.0,0,0,2.0,,4.0,56.58959880493365,1.0,0.9378294119042127,0,,0,0,STRONG BUY,1.2142857142857144,4,0,4,Banks & Financial Services
FUN,2026-08-14,3.0,0.4388924800638548,4.0,0,0,4.0,3.0,2.0,41.015957342581494,4.0,0.25664987303996273,0,,0,0,SELL,3.5176470588235293,0,3,5,Hospitality & Leisure
FUND,2026-08-14,,,1.0,0,0,2.0,,5.0,76.51109424724493,1.0,0.9864732859222267,1,1.0,0,0,STRONG BUY,1.040909090909091,3,0,3,Other
FUSB,2026-08-14,2.0,0.656235182550972,2.0,0,0,2.0,2.0,3.0,48.720195375904915,1.0,0.9185317729970016,1,1.0,0,0,STRONG BUY,1.464705882352941,5,0,5,Banks & Financial Services
FUTU,2026-08-14,1.0,0.9952755905511812,3.0,0,0,5.0,,3.0,52.12382653957992,5.0,0.14575328562068554,0,,0,0,HOLD,3.257142857142857,1,2,4,Investment & Brokerage
FVAV,2026-08-14,,,,0,0,,,3.0,50.20071833518981,2.0,0.6818156202993667,0,,0,0,,,1,0,1,Investment & Holding Companies
FVCB,2026-08-14,3.0,0.43134013859472836,1.0,0,0,2.0,1.0,4.0,61.944592864834064,1.0,0.9652665375609621,0,,0,0,BUY,1.7882352941176471,4,0,5,Banks & Financial Services
FVN,2026-08-14,,,2.0,0,0,3.0,2.0,4.0,56.43595045876146,1.0,0.9030100697138946,0,,0,0,BUY,1.9152542372881356,3,0,4,Technology & Software
FVR,2026-08-14,3.0,0.5280021868502718,2.0,0,0,2.0,4.0,2.0,42.64455503056339,2.0,0.7884930572500802,0,,0,0,HOLD,2.658823529411765,3,1,5,Investment & Holding Companies
FVRR,2026-08-14,1.0,0.8462992125984252,5.0,0,0,5.0,,2.0,40.981160646349856,5.0,0.019433668907368837,0,,0,0,SELL,3.5142857142857147,1,3,4,Services
FWAC,2026-08-14,,,,0,0,,,,,,,0,,0,0,,,0,0,0,Investment & Holding Companies
FWDI,2026-08-14,3.0,0.5409281706794228,4.0,0,0,5.0,3.0,3.0,51.185959716797406,5.0,0.020304576036498885,0,,0,0,SELL,3.9294117647058826,0,3,5,Banks & Financial Services
FWONA,2026-08-14,,,1.0,0,0,2.0,1.0,4.0,64.7076130228034,1.0,0.8380336695451596,0,,0,0,STRONG BUY,1.2542372881355932,4,0,4,Telecom & Media
FWONK,2026-08-14,,,1.0,0,0,3.0,1.0,4.0,64.50470322961583,1.0,0.8353771942657354,0,,0,0,STRONG BUY,1.5084745762711864,3,0,4,Telecom & Media
FWRD,2026-08-14,1.0,0.9353535353535354,3.0,0,0,5.0,3.0,4.0,65.08784199487758,3.0,0.45415772927418635,1,1.0,0,0,BUY,2.4411764705882355,1,1,5,Transportation & Logistics
FWRG,2026-08-14,2.0,0.684514474342902,3.0,0,0,4.0,2.0,3.0,52.93955539724937,4.0,0.2880795242239055,0,,0,0,HOLD,2.929411764705882,2,2,5,Retail
FXAC,2026-08-14,,,,0,0,,,4.0,63.37159462156847,,,0,,0,0,,,0,0,0,Investment & Holding Companies
FXHO,2026-08-14,1.0,0.9505511811023623,4.0,0,0,5.0,,3.0,48.893037409785656,5.0,0.0008842775734704642,0,,0,0,HOLD,3.3857142857142852,1,3,4,Industrial Machinery
FXNC,2026-08-14,2.0,0.6258074164900115,1.0,0,0,2.0,2.0,4.0,60.16706759814017,1.0,0.9554799096292473,1,1.0,0,0,STRONG BUY,1.3588235294117648,5,0,5,Banks & Financial Services
G,2026-08-14,2.0,0.634019183589484,3.0,0,0,4.0,2.0,3.0,53.99315156685985,4.0,0.31048826913418065,0,,0,0,HOLD,2.929411764705882,2,2,5,Business & Research Services
GAB,2026-08-14,,,3.0,0,0,3.0,,4.0,60.94569460798578,2.0,0.7817813173293621,0,,0,0,HOLD,2.545454545454546,1,0,3,Other
GABC,2026-08-14,3.0,0.5212748858250774,1.0,0,0,2.0,1.0,4.0,68.08452002580054,1.0,1.0,1,5.0,0,0,STRONG BUY,1.488235294117647,4,0,5,Banks & Financial Services
GAIA,2026-08-14,,,5.0,0,0,5.0,3.0,2.0,33.24809896152915,5.0,0.0495049486252832,1,3.0,0,0,SELL,4.191525423728814,0,3,4,Hospitality & Leisure
GAIN,2026-08-14,2.0,0.7197246698208021,1.0,0,0,2.0,3.0,3.0,50.541393703581136,1.0,0.8740127171749146,0,,0,0,BUY,1.835294117647059,4,0,5,Other
GALT,2026-08-14,,,5.0,0,0,3.0,3.0,3.0,49.752103607197775,4.0,0.306997751653753,0,,0,0,SELL,3.6440677966101696,0,2,4,Pharmaceuticals & Biotech
GAM,2026-08-14,,,1.0,0,0,2.0,,5.0,77.20319782681653,1.0,1.0,1,2.0,0,0,STRONG BUY,1.040909090909091,3,0,3,Other
GANX,2026-08-14,5.0,0.08833012329324567,3.0,0,0,2.0,3.0,4.0,64.67699003453083,4.0,0.2196969519086221,0,,0,0,SELL,3.6705882352941175,1,2,5,Pharmaceuticals & Biotech
GAP,2026-08-14,2.0,0.7085993833397143,4.0,0,0,4.0,2.0,3.0,52.95229973079331,4.0,0.21826784608413333,0,,0,0,HOLD,3.0352941176470583,2,3,5,Retail
GASS,2026-08-14,1.0,0.9130708661417323,1.0,0,0,2.0,,4.0,64.56709724948527,2.0,0.7748183342843137,0,,0,0,STRONG BUY,1.5000000000000002,4,0,4,Transportation & Logistics
GATX,2026-08-14,3.0,0.4602513941465088,1.0,1,0,3.0,3.0,3.0,53.025170351997055,2.0,0.6093108969424516,0,,0,0,HOLD,2.552941176470588,2,0,5,Transportation & Logistics
GAU,2026-08-14,,,4.0,0,0,4.0,,4.0,61.7278860720427,5.0,0.1999999484500343,0,,0,0,STRONG SELL,4.454545454545455,0,3,3,Mining & Minerals
GBAB,2026-08-14,,,5.0,0,0,4.0,,4.0,60.32645374481635,3.0,0.5080170008079323,0,,0,0,SELL,3.750000000000001,0,2,3,Other
GBCI,2026-08-14,4.0,0.37656273730225526,3.0,0,0,3.0,2.0,3.0,49.988341060200185,2.0,0.6981118080015448,1,1.0,0,0,HOLD,2.5941176470588236,2,1,5,Banks & Financial Services
GBDC,2026-08-14,1.0,0.8244121744794196,2.0,0,0,3.0,4.0,4.0,57.13602646796966,1.0,0.9052701984444722,0,,0,0,BUY,1.9882352941176469,3,1,5,Other
GBFH,2026-08-14,2.0,0.727361201510688,5.0,0,0,5.0,4.0,2.0,31.968696965695514,5.0,0.04949120017051435,0,,0,0,SELL,3.905882352941177,1,4,5,Banks & Financial Services
GBLI,2026-08-14,2.0,0.696538643907065,3.0,0,0,4.0,2.0,3.0,47.52104229189943,3.0,0.5581395451992918,0,,0,0,HOLD,2.6941176470588237,2,1,5,Insurance
GBTG,2026-08-14,3.0,0.4483412784019815,1.0,0,0,2.0,2.0,5.0,70.70585012151734,1.0,0.9889867431930714,0,,0,0,BUY,1.9647058823529413,4,0,5,Transportation & Logistics
GBX,2026-08-14,1.0,0.8575404606897536,4.0,0,0,4.0,1.0,2.0,36.909871225626226,4.0,0.29501417452115436,0,,0,0,HOLD,2.552941176470588,2,3,5,Transportation Equipment
GCBC,2026-08-14,3.0,0.5081817032710252,1.0,0,0,1.0,2.0,4.0,63.53110435172591,1.0,0.9850230581691428,1,4.0,0,0,STRONG BUY,1.488235294117647,4,0,5,Banks & Financial Services
GCGR,2026-08-14,,,,0,0,,,1.0,24.080105673430324,,,0,,0,0,,,0,0,0,Investment & Holding Companies
GCMG,2026-08-14,1.0,0.8948166434097832,1.0,0,0,2.0,1.0,4.0,63.49248184871834,1.0,0.9596291547897597,0,,0,0,STRONG BUY,1.1764705882352942,5,0,5,Investment & Brokerage
GCO,2026-08-14,1.0,0.8025769717187032,2.0,0,0,2.0,2.0,2.0,41.44871919820191,2.0,0.6374577550295873,0,,0,0,STRONG BUY,1.6941176470588235,5,0,5,Retail
GCT,2026-08-14,1.0,0.835370349206654,2.0,0,0,1.0,3.0,5.0,73.57065853568318,1.0,0.9503775226675119,0,,0,0,STRONG BUY,1.4588235294117646,4,0,5,Retail
GCTS,2026-08-14,5.0,0.0795959595959596,3.0,0,0,1.0,5.0,2.0,42.876256231754,4.0,0.35766423929289576,0,,0,0,SELL,3.847058823529412,1,3,5,Semiconductors & Chips
GCV,2026-08-14,,,2.0,0,0,2.0,,4.0,63.76490061269602,1.0,1.0,0,,0,0,STRONG BUY,1.5454545454545454,3,0,3,Other
GD,2026-08-14,4.0,0.4225246931780412,1.0,0,0,2.0,1.0,4.0,65.63434838023018,1.0,0.997836610212131,0,,0,0,BUY,2.0941176470588236,4,1,5,Transportation Equipment
GDC,2026-08-14,3.0,0.5210901368375616,5.0,0,0,5.0,3.0,2.0,30.851709157739677,5.0,0.00016453862386650106,0,,0,0,SELL,4.03529411764706,0,3,5,Wholesale Trade
GDDY,2026-08-14,4.0,0.3098434909431861,3.0,0,0,4.0,3.0,3.0,53.530804385256836,4.0,0.26958998384187527,0,,0,0,SELL,3.717647058823529,0,3,5,Technology & Software
GDEV,2026-08-14,,,5.0,0,0,4.0,,3.0,47.30976407007851,5.0,0.018571424734488324,0,,0,0,STRONG SELL,4.659090909090909,0,3,3,Technology & Software
GDHG,2026-08-14,,,5.0,0,0,5.0,,3.0,47.37284027039846,5.0,0.03971632651943152,0,,0,0,STRONG SELL,5.0,0,3,3,Hospitality & Leisure
GDL,2026-08-14,,,5.0,0,0,3.0,,3.0,46.70509656923145,1.0,0.8596846881488888,0,,0,0,BUY,2.5,1,1,3,Other
GDO,2026-08-14,,,5.0,0,0,4.0,,2.0,43.04677249452563,4.0,0.23120551613082463,0,,0,0,SELL,4.204545454545455,0,3,3,Other
GDOT,2026-08-14,1.0,0.8634282283125934,1.0,0,0,3.0,4.0,4.0,57.61627670674593,2.0,0.6355931843809978,0,,0,0,BUY,2.1176470588235294,3,1,5,Banks & Financial Services
GDRX,2026-08-14,5.0,0.22712185870080606,1.0,0,0,2.0,2.0,4.0,66.1552860247013,3.0,0.5723077177013881,0,,0,0,HOLD,3.0470588235294116,3,1,5,Technology & Software
GDS,2026-08-14,,,3.0,0,0,4.0,,4.0,58.74612830259173,4.0,0.291351318359375,0,,0,0,SELL,3.795454545454546,0,2,3,Technology & Software
GDV,2026-08-14,,,1.0,0,0,3.0,,5.0,70.49540308514028,1.0,0.9782414444026232,1,1.0,0,0,STRONG BUY,1.3818181818181816,2,0,3,Other
GDYN,2026-08-14,2.0,0.6058749164407157,2.0,0,0,3.0,2.0,5.0,71.13321737853742,3.0,0.5237112911490772,0,,0,0,BUY,2.4117647058823533,3,0,5,Technology & Software
GE,2026-08-14,5.0,0.14691200126086643,1.0,0,0,2.0,3.0,4.0,55.30113761063763,1.0,0.8899117495915593,0,,0,0,HOLD,2.7529411764705882,3,1,5,Industrial Machinery
GECC,2026-08-14,1.0,0.8674015748031496,4.0,0,0,4.0,,4.0,57.02665066255493,4.0,0.21423677347422837,0,,0,0,HOLD,2.885714285714286,1,3,4,Other
GEF,2026-08-14,,,1.0,0,0,2.0,2.0,4.0,66.6507805992538,1.0,0.9204940158098808,0,,0,0,STRONG BUY,1.5084745762711866,4,0,4,Industrial Machinery
GEF.B,2026-08-14,,,1.0,0,0,1.0,2.0,5.0,72.38004261410535,1.0,0.9805238251831147,0,,0,0,STRONG BUY,1.254237288135593,4,0,4,Industrial Machinery
GEG,2026-08-14,3.0,0.5595228234527095,5.0,0,0,3.0,4.0,3.0,47.756867986627995,4.0,0.27343761787051596,0,,0,0,SELL,3.623529411764706,0,3,5,Technology & Software
GEHC,2026-08-14,3.0,0.5149064926295419,2.0,0,0,4.0,4.0,4.0,67.06767094073987,3.0,0.49818367802097585,0,,0,0,HOLD,3.247058823529412,1,2,5,Medical Devices & Instruments
GEMI,2026-08-14,,,5.0,0,0,5.0,3.0,2.0,42.88441120348654,5.0,0.0006988113442790729,0,,0,0,STRONG SELL,4.491525423728814,0,3,4,Banks & Financial Services
GEN,2026-08-14,4.0,0.34627356639970863,1.0,0,0,3.0,2.0,4.0,57.60094128694388,1.0,0.8031680520156017,0,,0,0,BUY,2.447058823529412,3,1,5,Technology & Software
GENB,2026-08-14,4.0,0.27716535433070866,,0,0,,,4.0,60.92725124737948,2.0,0.7145162002353115,1,6.0,0,0,,,1,1,2,Pharmaceuticals & Biotech
GENC,2026-08-14,2.0,0.6477003319108582,1.0,0,0,2.0,2.0,5.0,75.50033414734128,1.0,0.9914090653466852,0,,0,0,STRONG BUY,1.6588235294117648,5,0,5,Industrial Machinery
GENI,2026-08-14,1.0,0.9836220472440946,2.0,0,0,3.0,,4.0,67.250092463004,3.0,0.4631360316869429,0,,0,0,BUY,2.1285714285714286,2,0,4,Hospitality & Leisure
GENK,2026-08-14,,,5.0,0,0,4.0,4.0,3.0,48.38060766014149,4.0,0.24226798739085284,0,,0,0,SELL,4.152542372881356,0,4,4,Retail
GEO,2026-08-14,3.0,0.5387166061330388,1.0,0,0,1.0,1.0,4.0,55.81421982186646,1.0,0.9713358197292473,0,,0,0,STRONG BUY,1.6117647058823528,4,0,5,Construction & Materials
GEOS,2026-08-14,1.0,0.8382807783949151,5.0,0,0,5.0,5.0,2.0,36.2380668430252,5.0,0.019767943211173884,0,,0,0,SELL,3.776470588235294,1,4,5,Medical Devices & Instruments
GERN,2026-08-14,5.0,0.15480412489580625,2.0,0,0,4.0,5.0,3.0,51.142772155229494,3.0,0.4545454299154359,0,,0,0,SELL,4.035294117647059,1,3,5,Pharmaceuticals & Biotech
GEV,2026-08-14,5.0,0.14388299810087976,2.0,0,0,1.0,2.0,4.0,56.59880454015732,1.0,0.8222526143995739,0,,0,0,HOLD,2.5058823529411764,4,1,5,Industrial Machinery
GEVO,2026-08-14,3.0,0.5622467895475391,3.0,0,0,4.0,3.0,4.0,57.99535055274604,4.0,0.21014498700316397,0,,0,0,HOLD,3.411764705882353,0,2,5,Chemicals
GF,2026-08-14,,,2.0,0,0,4.0,,4.0,56.02064093826017,2.0,0.7474356298300227,1,1.0,0,0,BUY,2.3818181818181823,2,1,3,Other
GFF,2026-08-14,4.0,0.2609320541329338,1.0,0,0,2.0,2.0,4.0,62.010211551581506,1.0,0.9252970062367352,1,1.0,0,0,BUY,1.970588235294118,4,1,5,Industrial Machinery
GFI,2026-08-14,,,3.0,0,0,3.0,,4.0,64.92058268344425,4.0,0.3758402689250703,0,,0,0,HOLD,3.454545454545455,0,1,3,Mining & Minerals
GFL,2026-08-14,,,2.0,0,0,4.0,,4.0,62.41394850224008,3.0,0.47956466841137174,0,,0,0,HOLD,3.136363636363637,1,1,3,Utilities
GFR,2026-08-14,,,1.0,0,0,2.0,,4.0,61.884377087151016,1.0,0.9426523836560046,0,,0,0,STRONG BUY,1.340909090909091,3,0,3,Oil & Gas
GFS,2026-08-14,,,3.0,0,0,2.0,,3.0,46.46975011113031,4.0,0.3943842482144817,0,,0,0,HOLD,3.113636363636364,1,1,3,Semiconductors & Chips
GFUZ,2026-08-14,,,5.0,0,0,5.0,,3.0,45.37331525104472,5.0,0.19914652255829707,0,,0,0,STRONG SELL,5.0,0,3,3,Utilities
GGAL,2026-08-14,,,4.0,0,0,4.0,,2.0,34.94972965680681,3.0,0.5402690099443238,0,,0,0,SELL,3.545454545454546,0,2,3,Banks & Financial Services
GGB,2026-08-14,,,1.0,0,0,2.0,,3.0,47.86955092661125,1.0,0.8251155283532826,0,,0,0,STRONG BUY,1.340909090909091,3,0,3,Metals
GGG,2026-08-14,4.0,0.282196956607638,3.0,0,0,4.0,2.0,4.0,60.267414605517146,3.0,0.4258586128702163,0,,0,0,HOLD,3.3058823529411767,1,2,5,Industrial Machinery
GGN,2026-08-14,,,2.0,0,0,3.0,,5.0,71.14216544421303,2.0,0.7463423262804856,1,1.0,0,0,BUY,2.0409090909090915,2,0,3,Other
GGR,2026-08-14,,,5.0,0,1,5.0,,1.0,27.727159855860577,5.0,0.011363625588003294,0,,0,0,STRONG SELL,5.0,0,3,3,Automobiles
GGT,2026-08-14,,,2.0,0,0,2.0,,4.0,57.613480676159874,1.0,0.9326586478639569,1,2.0,0,0,STRONG BUY,1.2454545454545454,3,0,3,Other
GGZ,2026-08-14,,,1.0,0,0,3.0,,4.0,64.08792274994508,1.0,0.9817018021979775,0,,0,0,STRONG BUY,1.6818181818181817,2,0,3,Other
GH,2026-08-14,5.0,0.13656565656565656,1.0,0,0,1.0,3.0,3.0,51.26440656338746,1.0,0.8830833146567322,0,,0,0,HOLD,2.5764705882352934,3,1,5,Healthcare Services
GHC,2026-08-14,2.0,0.6154575628259839,1.0,0,0,3.0,2.0,3.0,52.79637965620274,1.0,0.8525102809963566,0,,0,0,BUY,1.835294117647059,4,0,5,Services
GHG,2026-08-14,,,5.0,0,0,5.0,,2.0,43.355973246488304,5.0,0.01734603727332271,0,,0,0,STRONG SELL,5.0,0,3,3,Hospitality & Leisure
GHM,2026-08-14,5.0,0.22157323707936086,2.0,0,0,1.0,4.0,4.0,59.05665161825943,1.0,0.87172771130851,0,,0,0,HOLD,2.8588235294117648,3,2,5,Industrial Machinery
GHRS,2026-08-14,,,1.0,0,0,1.0,,4.0,56.40124948336338,1.0,0.9385026935689863,0,,0,0,STRONG BUY,1.0,3,0,3,Pharmaceuticals & Biotech
GHXI,2026-08-14,,,,0,0,,,,,,,0,,0,0,,,0,0,0,Investment & Holding Companies
GHY,2026-08-14,,,5.0,0,0,4.0,,3.0,47.126995518750334,3.0,0.5439221157384859,0,,0,0,SELL,3.750000000000001,0,2,3,Other
GIB,2026-08-14,,,3.0,0,0,4.0,,4.0,57.355471434181034,4.0,0.34129229221020924,0,,0,0,SELL,3.795454545454546,0,2,3,Business & Research Services
GIBO,2026-08-14,,,3.0,0,0,5.0,,3.0,52.42548960888278,5.0,0.1473548347719254,0,,0,0,STRONG SELL,4.590909090909092,0,2,3,Technology & Software
GIC,2026-08-14,3.0,0.4947126504080358,1.0,0,0,2.0,1.0,4.0,67.86809721370022,1.0,0.9384108447884819,0,,0,0,BUY,1.7882352941176471,4,0,5,Wholesale Trade
GIGM,2026-08-14,1.0,0.9281889763779527,4.0,0,0,4.0,,4.0,56.4122742989399,4.0,0.3000001083720673,0,,0,0,HOLD,2.885714285714286,1,3,4,Technology & Software
GIII,2026-08-14,3.0,0.48838311996206735,2.0,0,0,2.0,2.0,2.0,40.752075464648826,2.0,0.7574016076569144,0,,0,0,BUY,2.3058823529411767,4,0,5,Apparel & Textiles
GIL,2026-08-14,,,3.0,0,0,4.0,,4.0,56.708870688635585,4.0,0.31868423443020305,0,,0,0,SELL,3.795454545454546,0,2,3,Apparel & Textiles
GILD,2026-08-14,5.0,0.23415564892820812,2.0,0,0,3.0,1.0,4.0,62.160773611965006,2.0,0.6575739984491683,0,,0,0,HOLD,2.91764705882353,3,1,5,Pharmaceuticals & Biotech
GILT,2026-08-14,3.0,0.5766929133858267,5.0,0,0,3.0,,3.0,47.99701014421319,4.0,0.23879382199385857,0,,0,0,SELL,3.5428571428571436,0,2,4,Industrial Machinery
GIS,2026-08-14,,,3.0,0,0,4.0,3.0,4.0,65.92782309407532,3.0,0.4594115090028389,0,,0,0,HOLD,3.2542372881355934,0,1,4,Food & Beverage
GITS,2026-08-14,5.0,0.25068634739529416,2.0,0,0,4.0,4.0,3.0,45.12239618063628,4.0,0.33569288544132886,0,,0,0,SELL,4.094117647058824,1,4,5,Technology & Software
GIW,2026-08-14,,,1.0,0,0,3.0,,5.0,75.41584159664889,1.0,1.0,0,,0,0,STRONG BUY,1.6818181818181817,2,0,3,Investment & Holding Companies
GIX,2026-08-14,,,,0,0,,,4.0,65.73697499944636,1.0,1.0,0,,0,0,,,1,0,1,Investment & Holding Companies
GJH,2026-08-14,,,5.0,0,0,3.0,,4.0,55.28833548014573,2.0,0.7642428433354009,0,,0,0,HOLD,2.9545454545454546,1,1,3,Banks & Financial Services
GJO,2026-08-14,,,3.0,0,0,3.0,,4.0,69.55033485706093,1.0,1.0,0,,0,0,BUY,2.090909090909091,1,0,3,Banks & Financial Services
GJP,2026-08-14,,,2.0,0,0,3.0,,4.0,67.33882316842949,1.0,0.9787267135348876,0,,0,0,BUY,1.8863636363636362,2,0,3,Banks & Financial Services
GJR,2026-08-14,,,3.0,1,0,3.0,,2.0,43.74565159284791,2.0,0.6685238676671819,0,,0,0,HOLD,2.545454545454546,1,0,3,Banks & Financial Services
GJS,2026-08-14,,,1.0,0,0,3.0,,3.0,54.60829209178301,1.0,0.9008075597952722,0,,0,0,STRONG BUY,1.6818181818181817,2,0,3,Banks & Financial Services
GJT,2026-08-14,,,1.0,0,0,3.0,,3.0,51.42704297763635,1.0,0.9122420712136603,0,,0,0,STRONG BUY,1.6818181818181817,2,0,3,Banks & Financial Services
GKOS,2026-08-14,5.0,0.1025471279943538,1.0,0,0,1.0,4.0,5.0,74.1490473447113,1.0,0.9571354049375305,0,,0,0,HOLD,2.7529411764705882,3,2,5,Medical Devices & Instruments
GL,2026-08-14,3.0,0.49906375518001844,1.0,0,0,2.0,1.0,3.0,52.56926690719284,1.0,0.9110675777848846,0,,0,0,BUY,1.7882352941176471,4,0,5,Insurance
GLAD,2026-08-14,1.0,0.8265025687873804,3.0,0,0,3.0,5.0,4.0,56.406770658998134,3.0,0.42828003563822736,0,,0,0,HOLD,2.7411764705882353,1,1,5,Other
GLAS,2026-08-14,,,3.0,0,0,2.0,,2.0,40.101104260208885,3.0,0.495708926555548,0,,0,0,HOLD,2.6590909090909096,1,0,3,Pharmaceuticals & Biotech
GLBE,2026-08-14,5.0,0.16031496062992126,1.0,1,0,2.0,,4.0,64.83673768226484,1.0,1.0,0,,0,0,HOLD,2.7,3,1,4,Technology & Software
GLBS,2026-08-14,,,1.0,0,0,1.0,,4.0,65.00473321813858,1.0,0.9704797333653337,1,1.0,0,0,STRONG BUY,1.0,3,0,3,Transportation & Logistics
GLDG,2026-08-14,,,3.0,0,0,3.0,,4.0,69.42668304898874,5.0,0.19259252947217706,0,,0,0,SELL,3.9090909090909096,0,1,3,Mining & Minerals
GLED,2026-08-14,5.0,0.021732283464566928,,0,0,,,3.0,45.06017757756719,2.0,0.7272743035988313,0,,0,0,,,1,1,2,Investment & Holding Companies
GLIBA,2026-08-14,,,3.0,0,0,5.0,2.0,5.0,72.03210695914022,4.0,0.3375315180947807,0,,0,0,SELL,3.593220338983051,1,2,4,Telecom & Media
GLIBK,2026-08-14,,,3.0,0,0,5.0,2.0,5.0,73.09610861889516,4.0,0.338949457341364,1,1.0,0,0,HOLD,3.293220338983051,1,2,4,Telecom & Media
GLND,2026-08-14,5.0,0.11653543307086613,,0,0,,,2.0,31.151965476240193,5.0,0.013468010663772676,0,,0,0,,,0,2,2,Oil & Gas
GLNG,2026-08-14,4.0,0.4003149606299213,2.0,0,0,2.0,,4.0,65.78813876306725,2.0,0.792736600606218,0,,0,0,HOLD,2.742857142857143,3,1,4,Transportation & Logistics
GLO,2026-08-14,,,2.0,0,0,3.0,,4.0,59.09033324674621,1.0,0.9455501871609254,0,,0,0,BUY,1.8863636363636362,2,0,3,Other
GLOB,2026-08-14,,,3.0,0,0,5.0,,3.0,54.28804852224312,5.0,0.1915062693436518,0,,0,0,STRONG SELL,4.590909090909092,0,2,3,Technology & Software
GLOO,2026-08-14,1.0,0.9955951607341427,,0,0,5.0,2.0,3.0,47.542646688529395,5.0,0.08091602675544234,0,,0,0,HOLD,3.0394736842105257,2,2,4,Technology & Software
GLPI,2026-08-14,4.0,0.4010486628964223,5.0,0,1,4.0,1.0,2.0,44.33693420550685,3.0,0.43887592022287936,0,,0,0,HOLD,3.3411764705882354,1,3,5,Investment & Holding Companies
GLQ,2026-08-14,,,3.0,0,0,3.0,,3.0,52.46359840622108,1.0,0.8770084743816458,0,,0,0,BUY,2.090909090909091,1,0,3,Other
GLRE,2026-08-14,1.0,0.8474241795178701,2.0,0,0,2.0,1.0,2.0,43.075666657572924,3.0,0.540425576814,0,,0,0,BUY,1.7529411764705882,4,0,5,Insurance
GLSI,2026-08-14,5.0,0.012283464566929133,5.0,0,1,3.0,5.0,3.0,53.36642060549403,4.0,0.3480458789501853,0,,0,0,STRONG SELL,4.411764705882353,0,4,5,Pharmaceuticals & Biotech
GLU,2026-08-14,,,2.0,0,0,3.0,,4.0,60.20492488924262,2.0,0.6462280977953228,0,,0,0,BUY,2.3409090909090913,2,0,3,Other
GLUE,2026-08-14,4.0,0.42078740157480315,4.0,0,0,2.0,3.0,2.0,30.764655718847266,3.0,0.5319656645389097,0,,0,0,HOLD,3.235294117647059,1,2,5,Pharmaceuticals & Biotech
GLV,2026-08-14,,,3.0,0,0,3.0,,3.0,47.01895744329663,1.0,0.811329829657928,0,,0,0,BUY,2.090909090909091,1,0,3,Other
GLW,2026-08-14,5.0,0.0862968231389284,3.0,0,0,1.0,1.0,3.0,51.89133629666371,3.0,0.5324902949399047,0,,0,0,HOLD,2.905882352941177,2,1,5,Metals
GLXG,2026-08-14,1.0,0.9754330708661417,5.0,0,0,5.0,,3.0,47.311969715355886,5.0,0.04312447914440283,0,,0,0,SELL,3.5142857142857147,1,3,4,Business & Research Services
GLXY,2026-08-14,1.0,0.9904981229790031,5.0,0,1,4.0,5.0,3.0,47.41585313558159,5.0,0.18524210645761383,0,,0,0,SELL,3.5999999999999996,1,4,5,Investment & Brokerage
GM,2026-08-14,2.0,0.7323455942384292,1.0,0,0,2.0,2.0,4.0,55.90292149733642,1.0,0.900028034975117,0,,0,0,STRONG BUY,1.6588235294117648,5,0,5,Automobiles
GMAB,2026-08-14,,,2.0,0,0,2.0,,5.0,73.3661140776226,2.0,0.7249191382982006,0,,0,0,BUY,2.0,3,0,3,Pharmaceuticals & Biotech
GME,2026-08-14,3.0,0.570898676088732,5.0,0,0,4.0,2.0,1.0,29.082902596920647,5.0,0.013114637911213438,0,,0,0,SELL,3.6823529411764704,1,3,5,Retail
GMED,2026-08-14,3.0,0.522627796610651,2.0,0,0,3.0,1.0,4.0,62.70163372909428,2.0,0.7382550851046865,0,,0,0,BUY,2.3058823529411763,3,0,5,Medical Devices & Instruments
GMEX,2026-08-14,3.0,0.4478740157480315,5.0,0,0,5.0,,1.0,27.39966078114159,5.0,2.406821211020429e-06,0,,0,0,STRONG SELL,4.257142857142858,0,3,4,Misc Manufacturing
GMM,2026-08-14,2.0,0.6746456692913386,5.0,0,0,5.0,,2.0,36.88339633262566,5.0,0.008733245754104488,0,,0,0,SELL,3.8857142857142857,1,3,4,Technology & Software
GMRS,2026-08-14,1.0,0.9379527559055119,,0,0,,,3.0,52.155261689709455,3.0,0.5290698791938568,0,,0,0,,,1,0,2,Transportation & Logistics
GMTL,2026-08-14,,,,0,0,,,4.0,55.63679656193472,4.0,0.320140697589762,0,,0,0,,,0,1,1,Mining & Minerals
GNE,2026-08-14,2.0,0.6666666666666666,1.0,1,0,4.0,1.0,4.0,55.509393775095724,3.0,0.5416170616697266,0,,0,0,BUY,2.3058823529411767,3,1,5,Utilities
GNK,2026-08-14,3.0,0.5665916640786228,1.0,0,0,2.0,4.0,4.0,58.13412343631551,1.0,0.9638520603190404,0,,0,0,BUY,2.3176470588235296,3,1,5,Transportation & Logistics
GNL,2026-08-14,3.0,0.5645373529168819,4.0,0,0,3.0,,2.0,44.0473355990703,2.0,0.7042429108436999,0,,0,0,HOLD,2.8428571428571434,1,1,4,Investment & Holding Companies
GNLN,2026-08-14,,,5.0,0,0,5.0,4.0,2.0,38.856892835773785,5.0,0.007931471876038862,0,,0,0,STRONG SELL,4.745762711864407,0,4,4,Wholesale Trade
GNLX,2026-08-14,5.0,0.12382247272628863,5.0,0,0,4.0,4.0,3.0,46.88964388675791,5.0,0.07407408596675827,0,,0,0,STRONG SELL,4.647058823529412,0,5,5,Pharmaceuticals & Biotech
GNPX,2026-08-14,3.0,0.47622047244094495,5.0,0,0,5.0,3.0,1.0,28.576253004769427,5.0,0.00014133366070058506,0,,0,0,SELL,4.03529411764706,0,3,5,Pharmaceuticals & Biotech
GNRC,2026-08-14,5.0,0.09957325746799432,3.0,0,0,3.0,3.0,3.0,50.089788399727134,3.0,0.5210152725922952,0,,0,0,SELL,3.611764705882353,0,1,5,Industrial Machinery
GNSS,2026-08-14,5.0,0.0415748031496063,5.0,0,0,4.0,4.0,3.0,51.155971215706224,5.0,0.1326530699132144,1,1.0,0,0,STRONG SELL,4.347058823529412,0,5,5,Industrial Machinery
GNT,2026-08-14,,,1.0,0,0,2.0,,4.0,64.88653288523957,1.0,0.9184230946190841,0,,0,0,STRONG BUY,1.340909090909091,3,0,3,Other
GNTA,2026-08-14,2.0,0.6494488188976378,4.0,0,0,3.0,,2.0,41.50382247851092,5.0,0.12811387745609193,0,,0,0,HOLD,3.3285714285714287,1,2,4,Pharmaceuticals & Biotech
GNTX,2026-08-14,3.0,0.5704782084253841,3.0,0,0,4.0,2.0,3.0,49.735863685624345,3.0,0.42354184340732226,0,,0,0,HOLD,3.0,1,1,5,Automobiles
GNW,2026-08-14,1.0,0.8500345852731053,1.0,0,0,2.0,2.0,4.0,66.28202449909583,1.0,1.0,0,,0,0,STRONG BUY,1.3529411764705885,5,0,5,Insurance
GO,2026-08-14,1.0,0.7933867139406114,1.0,1,0,4.0,3.0,5.0,73.58063812631269,3.0,0.41491843046398885,1,6.0,0,0,BUY,2.0529411764705885,2,1,5,Retail
GOAI,2026-08-14,3.0,0.42899718261559666,,0,0,5.0,3.0,2.0,32.16772382478668,5.0,0.023064267947921054,0,,0,0,SELL,3.921052631578948,0,2,4,Technology & Software
GOF,2026-08-14,,,5.0,0,0,4.0,,2.0,44.63464279268878,5.0,0.17315503301550714,1,1.0,0,0,STRONG SELL,4.359090909090909,0,3,3,Other
GOGO,2026-08-14,3.0,0.569965317367077,4.0,0,0,5.0,3.0,2.0,33.07296615702582,5.0,0.005257618545365377,1,1.0,0,0,SELL,3.629411764705883,0,3,5,Telecom & Media
GOLD,2026-08-14,2.0,0.6968706693783471,1.0,0,0,3.0,3.0,4.0,58.84772963151016,3.0,0.5259603141310873,0,,0,0,BUY,2.4823529411764707,2,0,5,Wholesale Trade
GOLF,2026-08-14,4.0,0.370791844476055,4.0,0,0,3.0,3.0,1.0,27.154611614466916,4.0,0.37070010502890827,0,,0,0,SELL,3.647058823529412,0,3,5,Misc Manufacturing
GOOD,2026-08-14,4.0,0.3083154996632833,1.0,0,0,3.0,4.0,3.0,54.32096998666559,1.0,0.9100696794127298,1,1.0,0,0,BUY,2.5,2,2,5,Real Estate & REITs
GOOG,2026-08-14,5.0,0.21676843105813556,3.0,0,0,2.0,3.0,3.0,46.274717697494985,2.0,0.7225626427686387,0,,0,0,HOLD,3.2,2,1,5,Technology & Software
GOOGL,2026-08-14,5.0,0.21556804873083582,3.0,0,0,2.0,3.0,3.0,47.04248810050253,2.0,0.7226312389391075,0,,1,0,HOLD,3.2,2,1,5,Technology & Software
GOOS,2026-08-14,,,5.0,0,0,5.0,,2.0,39.9714918388786,5.0,0.026033699604597615,0,,0,0,STRONG SELL,5.0,0,3,3,Apparel & Textiles
GORO,2026-08-14,,,5.0,0,1,5.0,,3.0,46.851874927183026,5.0,0.17523363626974767,0,,0,0,STRONG SELL,5.0,0,3,3,Mining & Minerals
GOTU,2026-08-14,1.0,0.9568503937007874,4.0,0,0,5.0,,2.0,42.92600653773365,5.0,0.10156249381543618,0,,0,0,HOLD,3.3857142857142852,1,3,4,Services
GP,2026-08-14,,,1.0,1,0,3.0,,5.0,71.40503532991426,4.0,0.3291925629101105,0,,0,0,HOLD,3.045454545454546,1,1,3,Automobiles
GPAC,2026-08-14,,,,0,0,3.0,,4.0,58.58601282546118,1.0,0.9310392454766085,0,,0,0,,,1,0,2,Investment & Holding Companies
GPAT,2026-08-14,,,1.0,0,0,3.0,4.0,5.0,70.90092014147065,1.0,1.0,0,,0,0,BUY,2.2711864406779663,2,1,4,Investment & Holding Companies
GPC,2026-08-14,3.0,0.4582021941379184,1.0,1,0,4.0,2.0,4.0,64.49381599683272,2.0,0.7942821112992106,0,,0,0,HOLD,2.552941176470588,3,1,5,Wholesale Trade
GPCR,2026-08-14,5.0,0.14236220472440944,2.0,0,0,3.0,4.0,4.0,62.09597468902734,3.0,0.4780759703091256,0,,0,0,SELL,3.6823529411764713,1,2,5,Pharmaceuticals & Biotech
GPGI,2026-08-14,3.0,0.5799646888552351,5.0,0,0,5.0,4.0,2.0,37.536078571960836,5.0,0.0870743000899079,1,3.0,0,0,SELL,3.9117647058823533,0,4,5,Banks & Financial Services
GPI,2026-08-14,1.0,0.8662873399715505,5.0,0,0,5.0,2.0,2.0,34.681924354666705,5.0,0.004215985128941229,0,,0,0,HOLD,3.2470588235294118,2,3,5,Retail
GPK,2026-08-14,1.0,0.8368438748386342,3.0,0,0,4.0,2.0,3.0,51.22573213597033,5.0,0.19192250051791387,1,2.0,0,0,HOLD,2.5588235294117645,2,2,5,Paper
GPMT,2026-08-14,1.0,0.967244094488189,5.0,0,0,5.0,2.0,2.0,35.3305182481742,5.0,0.0,0,,0,0,HOLD,3.2470588235294118,2,3,5,Investment & Holding Companies
GPN,2026-08-14,2.0,0.619331835742027,1.0,1,0,2.0,3.0,4.0,67.50265237413197,1.0,0.945396558813941,1,1.0,0,0,STRONG BUY,1.535294117647059,4,0,5,Services
GPOR,2026-08-14,2.0,0.6205394249804579,4.0,0,0,4.0,2.0,4.0,61.4591175523452,4.0,0.2744121092731857,0,,0,0,HOLD,3.0352941176470583,2,3,5,Oil & Gas
GPRE,2026-08-14,3.0,0.5138207431367394,2.0,0,0,2.0,3.0,3.0,46.03208910348737,2.0,0.6864772181491867,1,1.0,0,0,BUY,2.1823529411764713,3,0,5,Chemicals
GPRK,2026-08-14,,,3.0,0,0,2.0,,3.0,47.264163219540265,2.0,0.605453232140264,0,,0,0,BUY,2.2045454545454546,2,0,3,Oil & Gas
GRAB,2026-08-14,,,4.0,0,0,4.0,,3.0,50.22261481609331,5.0,0.11006286903336855,0,,0,0,STRONG SELL,4.454545454545455,0,3,3,Services
GRAL,2026-08-14,3.0,0.4480462256022118,3.0,0,0,3.0,3.0,3.0,48.024306166478375,3.0,0.43064749237392913,0,,0,0,HOLD,3.0000000000000004,0,0,5,Healthcare Services
GRAN,2026-08-14,,,5.0,0,0,5.0,,3.0,50.64505471726829,5.0,0.12087914103284766,0,,0,0,STRONG SELL,5.0,0,3,3,Banks & Financial Services
GRBK,2026-08-14,2.0,0.6708876030667046,3.0,0,0,4.0,3.0,3.0,45.214434959589134,3.0,0.47594421660851866,0,,0,0,HOLD,2.8705882352941177,1,1,5,Construction & Materials
GRC,2026-08-14,5.0,0.24928967918315328,3.0,0,0,1.0,2.0,3.0,47.44132787011875,2.0,0.7853925934958369,0,,0,0,HOLD,2.847058823529412,3,1,5,Industrial Machinery
GRCE,2026-08-14,1.0,0.9100996245958005,5.0,0,0,5.0,4.0,2.0,44.68294226661492,5.0,0.029411812829583474,0,,0,0,SELL,3.5999999999999996,1,4,5,Pharmaceuticals & Biotech
GRDN,2026-08-14,,,3.0,0,0,2.0,2.0,2.0,43.011325692140495,2.0,0.7355533300043471,0,,0,0,BUY,2.152542372881356,3,0,4,Retail
GRDX,2026-08-14,5.0,0.025454545454545455,2.0,0,0,1.0,3.0,4.0,62.09560752783812,3.0,0.47082494241076145,0,,0,0,HOLD,3.1529411764705886,2,1,5,Utilities
GRF,2026-08-14,,,2.0,0,0,3.0,,3.0,54.07335245050078,3.0,0.5245335436432138,0,,0,0,HOLD,2.795454545454546,1,0,3,Other
GRFS,2026-08-14,,,3.0,0,0,4.0,,3.0,50.3992297179447,4.0,0.21985899038616427,0,,0,0,SELL,3.795454545454546,0,2,3,Pharmaceuticals & Biotech
GRI,2026-08-14,1.0,0.9540157480314959,5.0,0,0,5.0,4.0,3.0,49.92223965546427,5.0,0.004684975243128458,0,,0,0,SELL,3.5999999999999996,1,4,5,Pharmaceuticals & Biotech
GRMN,2026-08-14,5.0,0.22165974134351565,1.0,0,0,2.0,2.0,5.0,73.68661403495484,1.0,0.9769450565802013,0,,0,0,HOLD,2.5764705882352943,4,1,5,Medical Devices & Instruments
GRND,2026-08-14,4.0,0.2818724608741284,1.0,0,0,2.0,2.0,3.0,50.10564017036843,2.0,0.7614338357511158,0,,0,0,HOLD,2.5058823529411764,4,1,5,Technology & Software
GRNQ,2026-08-14,5.0,0.1338460892267396,5.0,0,0,5.0,4.0,1.0,29.15013555305839,5.0,0.0,0,,0,0,STRONG SELL,4.823529411764706,0,5,5,Business & Research Services
GRNT,2026-08-14,4.0,0.38027501185395923,2.0,0,0,3.0,2.0,4.0,61.47420252927328,3.0,0.5561873977168929,1,5.0,0,0,HOLD,2.723529411764706,2,1,5,Oil & Gas
GRO,2026-08-14,,,4.0,0,0,3.0,,3.0,52.27743227215858,4.0,0.297071132628858,0,,0,0,SELL,3.659090909090909,0,2,3,Mining & Minerals
GROV,2026-08-14,,,5.0,0,0,5.0,4.0,2.0,34.984116006681575,5.0,0.0,0,,0,0,STRONG SELL,4.745762711864407,0,4,4,Retail
GROW,2026-08-14,,,1.0,0,0,3.0,5.0,4.0,68.5022079737319,2.0,0.729650564020612,0,,0,0,HOLD,2.8644067796610173,2,1,4,Investment & Brokerage
GROY,2026-08-14,,,3.0,0,0,4.0,,4.0,67.72504901842973,4.0,0.23048331256107815,0,,0,0,SELL,3.795454545454546,0,2,3,Mining & Minerals
GRPN,2026-08-14,2.0,0.6113131313131314,2.0,0,0,3.0,4.0,2.0,36.52384323175294,2.0,0.6004046627873619,0,,0,0,HOLD,2.5294117647058827,3,1,5,Services
GRRR,2026-08-14,,,2.0,0,0,3.0,,4.0,64.94409258576299,3.0,0.5603413479692047,0,,0,0,HOLD,2.795454545454546,1,0,3,Technology & Software
GRSD,2026-08-14,,,4.0,0,0,5.0,,4.0,65.09080913973202,5.0,0.07110091677273718,0,,0,0,STRONG SELL,4.795454545454546,0,3,3,Hospitality & Leisure
GRVY,2026-08-14,,,1.0,0,0,3.0,,4.0,68.42150979504339,1.0,0.8495367064111851,0,,0,0,STRONG BUY,1.6818181818181817,2,0,3,Technology & Software
GRWG,2026-08-14,1.0,0.7703597657776526,1.0,0,0,2.0,3.0,4.0,66.96693778264688,2.0,0.6293103147063351,0,,0,0,BUY,1.7647058823529411,4,0,5,Retail
GRX,2026-08-14,,,1.0,1,0,3.0,,4.0,69.19849987187703,1.0,0.993077181569169,0,,0,0,STRONG BUY,1.6818181818181817,2,0,3,Other
GS,2026-08-14,3.0,0.47391597147809894,3.0,0,0,2.0,3.0,3.0,48.774797107715784,2.0,0.7498047611837173,0,,0,0,HOLD,2.588235294117647,2,0,5,Investment & Brokerage
GSAT,2026-08-14,5.0,0.06353276165957973,1.0,0,0,1.0,3.0,3.0,54.871802623966644,1.0,0.9657200317983317,0,,0,0,HOLD,2.5764705882352934,3,1,5,Telecom & Media
GSBC,2026-08-14,2.0,0.6837813108344781,1.0,0,0,2.0,1.0,4.0,62.57501955324696,1.0,0.9843144381698982,0,,0,0,STRONG BUY,1.4823529411764707,5,0,5,Banks & Financial Services
GSBD,2026-08-14,1.0,0.8487899410368996,3.0,0,0,3.0,1.0,4.0,66.06236609176965,1.0,0.9499630177514804,0,,0,0,STRONG BUY,1.564705882352941,3,0,5,Other
GSHD,2026-08-14,5.0,0.1327643432906591,2.0,0,0,3.0,3.0,4.0,60.15120527178293,3.0,0.5791001923473933,1,1.0,0,0,HOLD,3.2058823529411766,1,1,5,Insurance
GSHR,2026-08-14,,,1.0,0,0,3.0,,5.0,76.98203151971911,1.0,1.0,0,,0,0,STRONG BUY,1.6818181818181817,2,0,3,Investment & Holding Companies
GSIT,2026-08-14,4.0,0.3066847903424196,4.0,0,1,2.0,4.0,4.0,57.95605759633763,3.0,0.4095427484860124,0,,0,0,HOLD,3.411764705882353,1,3,5,Semiconductors & Chips
GSIW,2026-08-14,5.0,0.1058267716535433,5.0,0,1,5.0,,2.0,38.30465572100712,4.0,0.21859572843362707,0,,0,0,STRONG SELL,4.714285714285714,0,4,4,Investment & Brokerage
GSK,2026-08-14,,,5.0,0,1,3.0,,2.0,39.059074755950526,3.0,0.5242780364223935,0,,0,0,HOLD,3.4090909090909096,0,1,3,Pharmaceuticals & Biotech
GSL,2026-08-14,,,1.0,0,0,2.0,,3.0,52.62968995902344,1.0,0.8749820771883015,0,,0,0,STRONG BUY,1.340909090909091,3,0,3,Transportation & Logistics
GSM,2026-08-14,,,2.0,0,0,4.0,,4.0,67.9382179027611,3.0,0.5296792401458242,1,2.0,0,0,HOLD,2.8363636363636373,1,1,3,Mining & Minerals
GSRF,2026-08-14,,,1.0,0,0,3.0,3.0,4.0,68.6221093978351,1.0,1.0,0,,0,0,BUY,2.016949152542373,2,0,4,Investment & Holding Companies
GSRV,2026-08-14,,,,0,0,,,2.0,30.681013955236025,,,0,,0,0,,,0,0,0,Investment & Holding Companies
GT,2026-08-14,1.0,0.9277380868036992,4.0,0,0,5.0,3.0,2.0,37.936637826336934,5.0,0.10685488018793536,0,,0,0,HOLD,3.317647058823529,1,3,5,"Rubber, Plastics & Leather"
GTE,2026-08-14,2.0,0.6378938346472958,1.0,0,0,1.0,4.0,4.0,62.374076130279136,1.0,0.9442622670176449,1,2.0,0,0,STRONG BUY,1.535294117647059,4,1,5,Oil & Gas
GTEN,2026-08-14,,,1.0,0,0,3.0,4.0,5.0,74.9357037631066,1.0,0.9821424313949885,0,,0,0,BUY,2.2711864406779663,2,1,4,Investment & Holding Companies
GTERA,2026-08-14,,,1.0,0,0,3.0,4.0,5.0,79.80977685530564,1.0,1.0,0,,0,0,BUY,2.2711864406779663,2,1,4,Investment & Holding Companies
GTES,2026-08-14,3.0,0.5197843298247984,1.0,0,0,3.0,2.0,3.0,51.486290818847365,2.0,0.7636363518139537,0,,0,0,BUY,2.376470588235294,3,0,5,Industrial Machinery
GTIM,2026-08-14,1.0,0.9083375251868115,1.0,0,0,3.0,3.0,4.0,65.1352416103552,3.0,0.46666663134539477,0,,0,0,BUY,2.1764705882352944,2,0,5,Retail
GTLB,2026-08-14,,,1.0,1,0,2.0,3.0,5.0,71.36709015607906,2.0,0.733712784308493,0,,0,0,BUY,2.1016949152542375,3,0,4,Technology & Software
GTM,2026-08-14,2.0,0.7156177387395943,3.0,0,0,5.0,2.0,4.0,60.968428589549845,5.0,0.15015644510188417,0,,0,0,HOLD,3.3411764705882354,2,2,5,Technology & Software
GTN,2026-08-14,1.0,0.9595175305300311,2.0,0,0,3.0,3.0,4.0,67.19636425558971,2.0,0.6577181066873914,0,,0,0,BUY,2.0470588235294116,3,0,5,Telecom & Media
GTN.A,2026-08-14,1.0,0.9554273510256783,5.0,0,0,5.0,3.0,2.0,35.63602786087726,5.0,0.017449948357600525,0,,0,0,HOLD,3.423529411764706,1,3,5,Telecom & Media
GTX,2026-08-14,2.0,0.6333347651362916,3.0,0,0,1.0,1.0,2.0,39.66456380673875,2.0,0.6972301074330944,0,,0,0,BUY,1.7529411764705882,4,0,5,Automobiles
GTY,2026-08-14,4.0,0.4044353973197212,2.0,0,0,3.0,2.0,2.0,43.01055167683232,2.0,0.7182830112863317,0,,0,0,HOLD,2.7882352941176474,3,1,5,Real Estate & REITs
GUAC,2026-08-14,,,,0,0,,,1.0,16.254520754631116,,,0,,0,0,,,0,0,0,Investment & Holding Companies
GUG,2026-08-14,,,4.0,0,0,3.0,,2.0,39.66034122458356,3.0,0.5081311196616806,0,,0,0,HOLD,3.2045454545454555,0,1,3,Other
GURE,2026-08-14,1.0,0.9196252430386539,5.0,0,0,5.0,4.0,2.0,41.1536737350066,5.0,0.06834530800767467,0,,0,0,SELL,3.5999999999999996,1,4,5,Chemicals
GUT,2026-08-14,,,2.0,0,0,3.0,,3.0,53.68126486433695,2.0,0.6999971246448488,0,,0,0,BUY,2.3409090909090913,2,0,3,Other
GVA,2026-08-14,4.0,0.4001494672502184,3.0,0,0,3.0,2.0,3.0,50.34316832939456,3.0,0.46568585567544646,0,,0,0,HOLD,3.129411764705882,1,1,5,Construction & Materials
GVH,2026-08-14,1.0,0.9631496062992126,4.0,0,0,4.0,,2.0,32.153131028134624,5.0,0.023529412589683663,0,,0,0,HOLD,3.1714285714285713,1,3,4,Transportation & Logistics
GWAV,2026-08-14,1.0,0.9720605445636084,3.0,0,0,4.0,4.0,4.0,56.19125418273647,5.0,0.08487697555040845,0,,0,0,HOLD,3.211764705882353,1,3,5,Wholesale Trade
GWRE,2026-08-14,5.0,0.12840625543926898,2.0,0,0,3.0,1.0,4.0,64.07679093638811,3.0,0.45794329278509177,0,,0,0,HOLD,3.1529411764705886,2,1,5,Technology & Software
GWRS,2026-08-14,5.0,0.10621147463252727,2.0,0,0,4.0,3.0,5.0,70.98381051111708,3.0,0.4937639350053895,1,1.0,0,0,HOLD,3.3823529411764715,1,2,5,Utilities
GWW,2026-08-14,4.0,0.25699383594120434,3.0,0,0,2.0,3.0,3.0,47.89724200026226,1.0,0.8424251852920605,0,,0,0,HOLD,2.6588235294117646,2,1,5,Wholesale Trade
GXO,2026-08-14,2.0,0.6109142580909107,4.0,0,0,4.0,1.0,3.0,45.15188186400643,5.0,0.15246646743565048,0,,0,0,HOLD,3.0941176470588236,2,3,5,Transportation & Logistics
GYGY,2026-08-14,,,,0,0,,,,,,,0,,0,0,,,0,0,0,Technology & Software
GYRE,2026-08-14,5.0,0.2092230735697606,4.0,0,0,4.0,4.0,4.0,58.49740918962393,4.0,0.33836855133555466,0,,0,0,STRONG SELL,4.305882352941177,0,5,5,Pharmaceuticals & Biotech
GYRO,2026-08-14,,,5.0,0,0,5.0,,1.0,22.57133630141577,5.0,0.007434937648219478,0,,0,0,STRONG SELL,5.0,0,3,3,Real Estate & REITs
H,2026-08-14,,,3.0,0,0,2.0,4.0,3.0,49.07263330979777,2.0,0.6850812128606663,0,,0,0,HOLD,2.6610169491525424,2,1,4,Hospitality & Leisure
HACQ,2026-08-14,,,,0,0,,,4.0,63.14255000221912,1.0,0.9130416754777768,0,,0,0,,,1,0,1,Investment & Holding Companies
HAE,2026-08-14,4.0,0.32706623973391824,1.0,0,0,1.0,2.0,5.0,70.81186549516148,1.0,0.9876346849376144,0,,0,0,BUY,2.0941176470588236,4,1,5,Medical Devices & Instruments
HAFC,2026-08-14,2.0,0.6085666251522717,1.0,0,0,2.0,1.0,4.0,57.06235870982172,1.0,0.9471184178809359,0,,0,0,STRONG BUY,1.4823529411764707,5,0,5,Banks & Financial Services
HAFN,2026-08-14,,,1.0,0,0,2.0,,4.0,57.79677133189904,2.0,0.6846053184538643,0,,0,0,BUY,1.7954545454545454,3,0,3,Transportation & Logistics
HAL,2026-08-14,3.0,0.43401574803149606,3.0,0,0,2.0,2.0,4.0,55.589262767457875,2.0,0.6222136691894291,0,,0,0,BUY,2.4117647058823533,3,0,5,Oil & Gas
HALO,2026-08-14,5.0,0.13733297560813812,1.0,0,0,2.0,3.0,5.0,73.38869433666575,1.0,0.8925042442987561,0,,0,0,HOLD,2.7529411764705882,3,1,5,Pharmaceuticals & Biotech
HAO,2026-08-14,,,4.0,0,0,5.0,,5.0,74.57407277308818,5.0,0.01872446865928165,0,,0,0,STRONG SELL,4.795454545454546,0,3,3,Services
HAPN,2026-08-14,3.0,0.4873603644868798,1.0,0,0,2.0,4.0,3.0,51.83443029996139,2.0,0.7566585746748906,0,,0,0,HOLD,2.552941176470588,3,1,5,Banks & Financial Services
HAS,2026-08-14,,,2.0,0,0,3.0,3.0,4.0,65.84264738056105,2.0,0.7818410091481374,0,,0,0,HOLD,2.508474576271186,2,0,4,Misc Manufacturing
HASI,2026-08-14,5.0,0.2259935228444954,1.0,0,0,2.0,4.0,5.0,70.002102638765,1.0,0.959054543774914,0,,0,0,HOLD,2.929411764705882,3,2,5,Investment & Holding Companies
HAVA,2026-08-14,,,,0,0,3.0,3.0,4.0,59.72703689733593,1.0,0.9310328951911727,0,,0,0,BUY,2.1999999999999997,1,0,3,Investment & Holding Companies
HAWK,2026-08-14,,,,0,0,,,3.0,50.588714041407165,4.0,0.3101045508431932,0,,0,0,,,0,1,1,Technology & Software
HAYW,2026-08-14,3.0,0.49561310156275584,5.0,0,0,4.0,2.0,3.0,47.46077409615046,3.0,0.4917258034988804,0,,0,0,HOLD,3.2117647058823526,1,2,5,Industrial Machinery
HBAN,2026-08-14,3.0,0.5019633367823232,1.0,0,0,3.0,2.0,4.0,57.01618283732709,2.0,0.7608862372426505,1,3.0,0,0,BUY,2.0764705882352943,3,0,5,Banks & Financial Services
HBB,2026-08-14,2.0,0.6410621147463252,1.0,0,0,1.0,4.0,5.0,84.59778433914457,1.0,1.0,0,,0,0,BUY,1.835294117647059,4,1,5,Industrial Machinery
HBCP,2026-08-14,2.0,0.723240402116559,1.0,0,0,2.0,1.0,4.0,59.067054229066045,1.0,0.9753836886973946,1,1.0,0,0,STRONG BUY,1.1823529411764706,5,0,5,Banks & Financial Services
HBIO,2026-08-14,3.0,0.5815073882320053,1.0,0,0,2.0,3.0,4.0,61.087702474558995,2.0,0.6963415019218572,1,3.0,0,0,BUY,2.0764705882352943,3,0,5,Medical Devices & Instruments
HBM,2026-08-14,,,1.0,0,0,2.0,,4.0,60.231500684875286,2.0,0.7542985800224077,0,,0,0,BUY,1.7954545454545454,3,0,3,Mining & Minerals
HBNB,2026-08-14,,,4.0,0,0,3.0,,3.0,45.1754326038853,3.0,0.4271482041068506,0,,0,0,HOLD,3.2045454545454555,0,1,3,Hospitality & Leisure
HBNC,2026-08-14,2.0,0.632755905511811,1.0,0,0,2.0,3.0,4.0,57.25020013398799,1.0,0.9629618765581199,0,,0,0,BUY,1.835294117647059,4,0,5,Banks & Financial Services
HBT,2026-08-14,2.0,0.5958746045127683,1.0,0,0,2.0,1.0,5.0,74.93066090643059,1.0,0.9979600015043855,1,1.0,0,0,STRONG BUY,1.1823529411764706,5,0,5,Banks & Financial Services
HCA,2026-08-14,2.0,0.7162655821540036,3.0,0,0,4.0,2.0,3.0,52.05753270170902,4.0,0.2413712551346707,0,,0,0,HOLD,2.929411764705882,2,2,5,Healthcare Services
HCAC,2026-08-14,,,,0,0,3.0,,4.0,64.69615343538291,1.0,0.9999999999999889,0,,0,0,,,1,0,2,Investment & Holding Companies
HCAI,2026-08-14,5.0,0.08409448818897637,5.0,0,0,5.0,,2.0,36.350338259736624,5.0,0.02089135654706842,0,,0,0,STRONG SELL,5.0,0,4,4,Misc Manufacturing
HCAT,2026-08-14,2.0,0.7608971587661411,3.0,1,0,4.0,3.0,2.0,43.13020582976108,4.0,0.31700074656253896,0,,0,0,HOLD,3.1058823529411765,1,2,5,Technology & Software
HCC,2026-08-14,4.0,0.38964909387490665,3.0,0,1,2.0,3.0,4.0,69.84692847929534,2.0,0.7830428280111624,0,,0,0,HOLD,2.8941176470588235,2,1,5,Coal Mining
HCHL,2026-08-14,,,3.0,0,0,1.0,,4.0,64.5039492693215,2.0,0.7609254857947264,0,,0,0,BUY,1.863636363636364,2,0,3,Retail
HCI,2026-08-14,3.0,0.5618757652327236,1.0,1,0,2.0,1.0,4.0,56.4329832805281,2.0,0.635449641887743,0,,0,0,BUY,2.0235294117647062,4,0,5,Insurance
HCIC,2026-08-14,,,,0,0,,,5.0,71.98580573679862,1.0,1.0,0,,0,0,,,1,0,1,Investment & Holding Companies
HCKT,2026-08-14,3.0,0.47083926031294454,4.0,0,0,5.0,2.0,3.0,47.85774602809387,5.0,0.13473729816111746,0,,0,0,SELL,3.7529411764705882,1,3,5,Business & Research Services
HCM,2026-08-14,,,3.0,0,0,4.0,,4.0,60.44862351781495,4.0,0.27833751756910596,0,,0,0,SELL,3.795454545454546,0,2,3,Pharmaceuticals & Biotech
HCMA,2026-08-14,,,2.0,0,0,3.0,,4.0,66.58203622043345,1.0,0.918030992820872,0,,0,0,BUY,1.8863636363636362,2,0,3,Investment & Holding Companies
HCSG,2026-08-14,3.0,0.5608396034577868,3.0,0,0,3.0,1.0,2.0,40.14421081533847,2.0,0.6384839968985656,0,,0,0,BUY,2.411764705882353,2,0,5,Healthcare Services
HCTI,2026-08-14,1.0,0.9580283352743435,5.0,0,0,5.0,4.0,2.0,41.74777964414838,5.0,0.0007970469924911708,0,,0,0,SELL,3.5999999999999996,1,4,5,Technology & Software
HCWB,2026-08-14,,,5.0,0,0,5.0,4.0,2.0,32.035447505316924,5.0,0.031061661483671434,0,,0,0,STRONG SELL,4.745762711864407,0,4,4,Pharmaceuticals & Biotech
HD,2026-08-14,4.0,0.31002330231446995,3.0,0,0,4.0,3.0,3.0,47.867965854427005,4.0,0.3645633924248213,0,,0,0,SELL,3.717647058823529,0,3,5,Retail
HDB,2026-08-14,1.0,0.9829921259842519,5.0,0,0,5.0,,2.0,39.77248435180332,5.0,0.024464876199902605,0,,0,0,SELL,3.5142857142857147,1,3,4,Banks & Financial Services
HDL,2026-08-14,,,3.0,0,0,5.0,,4.0,60.259865979500375,4.0,0.212766003017489,0,,0,0,SELL,4.136363636363637,0,2,3,Retail
HDRN,2026-08-14,5.0,0.1795275590551181,5.0,0,0,5.0,4.0,3.0,48.14048016688681,5.0,0.040975604616127835,0,,0,0,STRONG SELL,4.823529411764706,0,5,5,Utilities
HDSN,2026-08-14,2.0,0.757076028884981,4.0,0,0,5.0,3.0,2.0,43.19187832212069,5.0,0.14821428723481253,0,,0,0,SELL,3.6235294117647054,1,3,5,Wholesale Trade
HE,2026-08-14,2.0,0.7567340348896406,5.0,0,0,4.0,3.0,1.0,27.058039862807163,5.0,0.13570262614808762,0,,0,0,SELL,3.552941176470589,1,3,5,Utilities
HEI,2026-08-14,4.0,0.2879979582084945,1.0,0,0,2.0,2.0,4.0,65.36033805046583,1.0,1.0,0,,0,0,BUY,2.270588235294118,4,1,5,Aerospace & Defense
HEI.A,2026-08-14,4.0,0.3639797374680136,1.0,0,0,3.0,2.0,4.0,69.55264679457636,1.0,0.9866221950002213,1,1.0,0,0,BUY,2.147058823529412,3,1,5,Aerospace & Defense
HELE,2026-08-14,1.0,0.8599253165553321,1.0,0,0,2.0,4.0,4.0,59.14295725433096,1.0,1.0,0,,0,0,STRONG BUY,1.7058823529411764,4,1,5,Industrial Machinery
HELP,2026-08-14,,,1.0,1,0,1.0,,5.0,73.79665231185007,1.0,1.0,0,,0,0,STRONG BUY,1.0,3,0,3,Pharmaceuticals & Biotech
HEPS,2026-08-14,,,3.0,0,0,3.0,,2.0,44.9439813745529,3.0,0.5495495069782547,0,,0,0,HOLD,3.0000000000000004,0,0,3,Retail
HEQ,2026-08-14,,,1.0,0,0,3.0,,4.0,58.79456059772568,1.0,0.9753722603941434,0,,0,0,STRONG BUY,1.6818181818181817,2,0,3,Other
HERE,2026-08-14,1.0,0.9691338582677166,5.0,0,0,5.0,,2.0,42.67467927948953,5.0,0.03146509907112636,0,,0,0,SELL,3.5142857142857147,1,3,4,Retail
HERZ,2026-08-14,,,5.0,0,0,3.0,,3.0,50.311947917934745,3.0,0.4596084205155259,1,2.0,0,0,HOLD,3.10909090909091,0,1,3,Other
HESM,2026-08-14,,,1.0,0,0,3.0,1.0,4.0,60.244810715992024,1.0,0.9921399228984171,0,,0,0,STRONG BUY,1.5084745762711864,3,0,4,Oil & Gas
HFBL,2026-08-14,3.0,0.43188922510246525,1.0,0,0,1.0,1.0,4.0,69.68807831575097,1.0,0.9973689825134937,0,,0,0,STRONG BUY,1.6117647058823528,4,0,5,Banks & Financial Services
HFFG,2026-08-14,1.0,0.9449174235682809,4.0,0,0,3.0,3.0,4.0,65.04587070992329,5.0,0.18695654495001218,1,4.0,0,0,HOLD,2.6647058823529415,1,2,5,Wholesale Trade
HFRO,2026-08-14,,,2.0,0,0,2.0,,3.0,45.324049381116254,1.0,0.8144606889787083,0,,0,0,STRONG BUY,1.5454545454545454,3,0,3,Other
HFWA,2026-08-14,2.0,0.7375938072941683,1.0,0,0,2.0,1.0,3.0,52.36576866674418,1.0,0.8755915443149969,0,,0,0,STRONG BUY,1.4823529411764707,5,0,5,Banks & Financial Services
HG,2026-08-14,2.0,0.7359394560874845,1.0,0,0,2.0,,4.0,56.14780706129258,1.0,0.9029652125883936,0,,0,0,STRONG BUY,1.5857142857142859,4,0,4,Insurance
HGBL,2026-08-14,1.0,0.8556536686585108,5.0,0,0,5.0,2.0,2.0,39.74255901274096,5.0,0.07368426204057683,0,,0,0,HOLD,3.2470588235294118,2,3,5,Services
HGLB,2026-08-14,,,4.0,0,0,4.0,,4.0,58.07133739256725,5.0,0.14768052564451475,0,,0,0,STRONG SELL,4.454545454545455,0,3,3,Other
HGTY,2026-08-14,5.0,0.16066620516126665,1.0,1,0,3.0,3.0,4.0,60.12742282651823,2.0,0.7951808419451281,1,1.0,0,0,HOLD,2.864705882352942,2,1,5,Insurance
HGV,2026-08-14,3.0,0.5065720080967124,3.0,0,0,3.0,1.0,3.0,45.15132170640059,3.0,0.5050847552601883,0,,0,0,HOLD,2.6470588235294117,1,0,5,Hospitality & Leisure
HHH,2026-08-14,2.0,0.6066809836903496,5.0,0,0,4.0,3.0,3.0,47.20682540240372,5.0,0.17553182567102155,1,1.0,0,0,HOLD,3.252941176470589,1,3,5,Investment & Holding Companies
HHS,2026-08-14,1.0,0.7653411355764154,2.0,0,0,2.0,4.0,5.0,86.63049912392174,1.0,1.0,0,,0,0,BUY,1.8117647058823527,4,1,5,Services
HIFS,2026-08-14,,,1.0,1,0,3.0,,4.0,60.29571406487531,2.0,0.7225366174994593,0,,0,0,BUY,2.1363636363636367,2,0,3,
HIG,2026-08-14,1.0,0.8705547652916075,1.0,1,0,3.0,1.0,3.0,45.39595942925421,2.0,0.6929531617558011,0,,0,0,STRONG BUY,1.588235294117647,4,0,5,Insurance
HIHO,2026-08-14,1.0,0.7766929133858268,2.0,0,0,3.0,,4.0,55.72138536405824,4.0,0.3818594860825038,0,,0,0,BUY,2.414285714285714,2,1,4,Industrial Machinery
HII,2026-08-14,3.0,0.5705515931805983,3.0,0,0,3.0,1.0,4.0,63.8097809080493,4.0,0.3496974575170466,0,,0,0,HOLD,2.882352941176471,1,1,5,Transportation Equipment
HIMS,2026-08-14,5.0,0.15742057847321006,4.0,1,0,3.0,3.0,2.0,42.72866002624097,4.0,0.2825456004218309,0,,0,0,SELL,3.9529411764705884,0,3,5,Healthcare Services
HIMX,2026-08-14,,,2.0,0,0,1.0,,4.0,57.5398399266656,3.0,0.49641084721480744,0,,0,0,BUY,2.113636363636364,2,0,3,Semiconductors & Chips
HIND,2026-08-14,5.0,0.15240942557468162,4.0,0,0,5.0,4.0,3.0,52.25196450654953,5.0,0.021029737080762702,0,,0,0,STRONG SELL,4.7176470588235295,0,5,5,Pharmaceuticals & Biotech
HIO,2026-08-14,,,5.0,0,0,4.0,,3.0,50.66550635727173,2.0,0.699325478481254,0,,0,0,HOLD,3.295454545454546,1,2,3,Other
HIPO,2026-08-14,3.0,0.5777172232746207,2.0,0,0,3.0,2.0,4.0,63.52675065681206,2.0,0.6504361812990542,1,1.0,0,0,BUY,2.1823529411764713,3,0,5,Insurance
HIT,2026-08-14,5.0,0.1763869132290185,4.0,0,0,5.0,2.0,2.0,40.67244831997747,5.0,0.04786501354086587,0,,0,0,STRONG SELL,4.364705882352941,1,4,5,Insurance
HITI,2026-08-14,,,4.0,0,0,4.0,,4.0,62.56908386575798,5.0,0.15544038442462124,0,,0,0,STRONG SELL,4.454545454545455,0,3,3,Retail
HIVE,2026-08-14,,,4.0,0,0,2.0,3.0,2.0,42.602209128525,5.0,0.18042227453702406,0,,0,0,SELL,3.5762711864406778,1,2,4,Banks & Financial Services
HIW,2026-08-14,3.0,0.5087175304388177,1.0,0,0,2.0,,3.0,46.67721328517739,2.0,0.7968222760623032,0,,0,0,BUY,2.2428571428571433,3,0,4,Investment & Holding Companies
HIX,2026-08-14,,,5.0,0,0,3.0,,3.0,53.21384880020793,2.0,0.7876835860151743,0,,0,0,HOLD,2.9545454545454546,1,1,3,Other
HKD,2026-08-14,,,1.0,0,0,3.0,,4.0,65.03973560582284,4.0,0.2976190357927297,0,,0,0,HOLD,3.045454545454546,1,1,3,Banks & Financial Services
HKIT,2026-08-14,2.0,0.6995275590551181,5.0,0,0,5.0,,2.0,34.66649744759465,5.0,2.3136611776913203e-05,0,,0,0,SELL,3.8857142857142857,1,3,4,Technology & Software
HL,2026-08-14,4.0,0.30910019194670146,3.0,0,0,3.0,1.0,4.0,65.3566895664311,3.0,0.44896230870046555,0,,0,0,HOLD,2.952941176470588,1,1,5,Mining & Minerals
HLF,2026-08-14,1.0,0.9411602451996807,4.0,0,0,3.0,3.0,3.0,50.92051483948476,4.0,0.3751023969797343,0,,0,0,HOLD,2.7294117647058824,1,2,5,Wholesale Trade
HLI,2026-08-14,3.0,0.5339023233760076,5.0,0,0,5.0,3.0,3.0,45.27828195529658,5.0,0.06350970511316464,0,,0,0,SELL,4.03529411764706,0,3,5,Investment & Brokerage
HLIO,2026-08-14,4.0,0.38846976342831735,3.0,0,0,2.0,1.0,3.0,51.65326898841867,2.0,0.7546223669314073,0,,0,0,HOLD,2.5411764705882356,3,1,5,Industrial Machinery
HLIT,2026-08-14,4.0,0.32748630600846845,2.0,0,0,1.0,3.0,4.0,62.76405832472373,2.0,0.6179640253506038,0,,0,0,HOLD,2.6117647058823534,3,1,5,Industrial Machinery
HLLY,2026-08-14,1.0,0.7963410656808873,3.0,0,0,4.0,2.0,4.0,62.31691929967898,4.0,0.3694581332858532,0,,0,0,HOLD,2.6235294117647063,2,2,5,Automobiles
HLMN,2026-08-14,2.0,0.620877015776379,2.0,0,0,4.0,1.0,3.0,54.484346481820566,3.0,0.44864863053649856,0,,0,0,BUY,2.4117647058823533,3,1,5,Industrial Machinery
HLN,2026-08-14,,,3.0,0,0,4.0,,3.0,45.99331861246085,3.0,0.4347551760673863,0,,0,0,HOLD,3.3409090909090917,0,1,3,Chemicals
HLNE,2026-08-14,4.0,0.4144144144144144,3.0,0,0,4.0,2.0,4.0,67.48321647253525,4.0,0.373838353401335,1,5.0,0,0,HOLD,3.2411764705882353,1,3,5,Investment & Brokerage
HLP,2026-08-14,2.0,0.5952755905511811,2.0,0,0,2.0,,4.0,61.25004329611347,2.0,0.6565183132239786,0,,0,0,BUY,2.0,4,0,4,Industrial Machinery
HLT,2026-08-14,4.0,0.261579561650395,3.0,0,0,3.0,2.0,3.0,53.44393725617043,2.0,0.7548371405513427,0,,0,0,HOLD,2.8941176470588235,2,1,5,Hospitality & Leisure
HLX,2026-08-14,5.0,0.17970602181128498,1.0,0,0,1.0,3.0,4.0,64.20836822626575,1.0,0.9752577575008937,0,,0,0,HOLD,2.5764705882352934,3,1,5,Oil & Gas
HLXC,2026-08-14,,,,0,0,3.0,,5.0,74.55668531516616,1.0,1.0,0,,0,0,,,1,0,2,Investment & Holding Companies
HMC,2026-08-14,,,1.0,1,0,4.0,,4.0,66.0182843262317,2.0,0.7121479820635331,0,,0,0,BUY,2.477272727272728,2,1,3,Automobiles
HMH,2026-08-14,1.0,0.9874015748031496,,0,0,,,3.0,53.0833412550937,3.0,0.4830394800418116,0,,0,0,,,1,0,2,Industrial Machinery
HMN,2026-08-14,1.0,0.7743006164058795,1.0,0,0,2.0,1.0,3.0,53.59263083167483,1.0,0.8724461555021137,1,2.0,0,0,STRONG BUY,1.0,5,0,5,Insurance
HMR,2026-08-14,5.0,0.16094488188976377,2.0,0,0,3.0,,4.0,66.0415160641522,2.0,0.7331786286229529,0,,0,0,HOLD,3.3285714285714296,2,1,4,Transportation & Logistics
HMY,2026-08-14,,,2.0,0,0,3.0,,4.0,67.03181895232505,3.0,0.5364098555539271,0,,0,0,HOLD,2.795454545454546,1,0,3,Mining & Minerals
HNGE,2026-08-14,1.0,0.9955951607341427,1.0,0,0,1.0,3.0,4.0,62.10565932001754,1.0,0.949006591879021,0,,0,0,STRONG BUY,1.3529411764705885,4,0,5,Technology & Software
HNI,2026-08-14,3.0,0.555977451882044,1.0,1,0,3.0,3.0,5.0,70.69948464605027,1.0,0.880006743446066,0,,0,0,BUY,2.3176470588235296,2,0,5,Wood & Furniture
HNNA,2026-08-14,2.0,0.7355847013547677,2.0,0,0,3.0,2.0,3.0,54.4932558510006,3.0,0.4313014506360129,0,,0,0,BUY,2.4117647058823533,3,0,5,Investment & Brokerage
HNRG,2026-08-14,3.0,0.4821224582722184,5.0,0,0,4.0,1.0,3.0,54.20229935377452,4.0,0.243323454172646,0,,0,0,HOLD,3.270588235294118,1,3,5,Utilities
HNST,2026-08-14,3.0,0.4941936606744561,1.0,0,0,2.0,3.0,4.0,62.655698167572446,1.0,0.8154762318683033,0,,0,0,BUY,2.1411764705882352,3,0,5,Retail
HNVR,2026-08-14,2.0,0.7013502159153052,1.0,0,0,2.0,2.0,5.0,74.54434146167554,1.0,1.0,0,,0,0,STRONG BUY,1.6588235294117648,5,0,5,Banks & Financial Services
HOFT,2026-08-14,1.0,0.8025196850393701,3.0,0,0,2.0,3.0,3.0,49.616491825493505,2.0,0.6649725714303047,0,,0,0,BUY,1.9764705882352942,3,0,5,Wood & Furniture
HOG,2026-08-14,1.0,0.7900874131498968,1.0,0,0,2.0,1.0,4.0,60.994887275567294,1.0,0.8252183753720819,1,3.0,0,0,STRONG BUY,1.0,5,0,5,Transportation Equipment
HOLO,2026-08-14,2.0,0.7594685584940585,4.0,0,0,5.0,4.0,4.0,60.1044580791386,5.0,0.06730768404151578,0,,0,0,SELL,3.8000000000000003,1,4,5,Technology & Software
HOMB,2026-08-14,2.0,0.6850119371367975,1.0,0,0,3.0,2.0,4.0,66.23952476636222,1.0,0.9844827302712711,0,,0,0,BUY,1.835294117647059,4,0,5,Banks & Financial Services
HON,2026-08-14,4.0,0.4153101162751792,1.0,0,0,3.0,2.0,3.0,46.96590308813098,2.0,0.6098414148257333,0,,0,0,HOLD,2.6823529411764704,3,1,5,Aerospace & Defense
HONA,2026-08-14,,,,0,0,,,3.0,54.90552145442224,,,0,,0,0,,,0,0,0,Aerospace & Defense
HOOD,2026-08-14,1.0,0.8848304086327544,4.0,1,0,3.0,3.0,3.0,48.760177677127146,4.0,0.3482244310857703,0,,0,0,HOLD,2.7294117647058824,1,2,5,Investment & Brokerage
HOPE,2026-08-14,2.0,0.7317191387507206,1.0,0,0,2.0,2.0,4.0,67.78022960673198,1.0,0.989945256891792,0,,0,0,STRONG BUY,1.6588235294117648,5,0,5,Banks & Financial Services
HOUR,2026-08-14,3.0,0.4554684905451019,4.0,0,0,3.0,2.0,3.0,53.58578435966642,5.0,0.15214448101870504,0,,0,0,HOLD,3.4,1,2,5,Retail
HOV,2026-08-14,2.0,0.611190137505927,1.0,0,0,4.0,,3.0,51.82824123274692,2.0,0.643674463772243,0,,0,0,BUY,2.3000000000000003,3,1,4,Construction & Materials
HOVR,2026-08-14,,,2.0,0,0,2.0,4.0,3.0,54.23818025393222,4.0,0.28413283029066655,0,,0,0,HOLD,3.186440677966102,2,2,4,Aerospace & Defense
HP,2026-08-14,2.0,0.6612882240181996,1.0,0,0,1.0,3.0,5.0,77.51383597820978,1.0,1.0,0,,0,0,STRONG BUY,1.6588235294117646,4,0,5,Oil & Gas
HPE,2026-08-14,3.0,0.4538821800745883,1.0,0,0,1.0,3.0,4.0,69.90715730044772,1.0,0.9723225427268012,0,,0,0,BUY,1.964705882352941,3,0,5,Computer Hardware
HPF,2026-08-14,,,5.0,0,0,3.0,,3.0,53.03450995489347,1.0,0.9328328582569078,0,,0,0,BUY,2.5,1,1,3,Other
HPK,2026-08-14,2.0,0.7247369130119388,2.0,0,0,2.0,3.0,3.0,52.05783579952217,1.0,0.8027210100989459,0,,0,0,BUY,1.9411764705882353,4,0,5,Oil & Gas
HPP,2026-08-14,1.0,0.8632448900165003,3.0,0,0,3.0,,3.0,46.908133360967376,3.0,0.5250312659567383,1,1.0,0,0,BUY,1.9571428571428575,1,0,4,Real Estate & REITs
HPQ,2026-08-14,1.0,0.8568375127461323,1.0,0,0,2.0,3.0,4.0,63.31704920766178,1.0,0.9125387416805881,0,,0,0,STRONG BUY,1.5294117647058825,4,0,5,Computer Hardware
HQ,2026-08-14,,,,0,0,,,3.0,53.34799533400385,4.0,0.28809048573749263,1,1.0,0,0,,,0,1,1,Technology & Software
HQH,2026-08-14,,,1.0,0,0,2.0,,5.0,72.03957885132724,1.0,0.9707449056542944,0,,0,0,STRONG BUY,1.340909090909091,3,0,3,Other
HQI,2026-08-14,4.0,0.29804064752393755,1.0,0,0,1.0,2.0,4.0,65.87437617333786,1.0,0.9126895927214882,0,,0,0,BUY,2.0941176470588236,4,1,5,Services
HQL,2026-08-14,,,1.0,0,0,1.0,,4.0,69.38646279208456,1.0,0.9847799799921018,0,,0,0,STRONG BUY,1.0,3,0,3,Other
HQY,2026-08-14,4.0,0.27407728492513067,1.0,0,0,2.0,1.0,4.0,61.59452385687598,1.0,0.9386540367401448,0,,0,0,BUY,2.0941176470588236,4,1,5,Services
HR,2026-08-14,4.0,0.3432740625061525,2.0,0,0,2.0,2.0,2.0,31.12136670241418,3.0,0.5756491990953427,1,2.0,0,0,HOLD,2.5470588235294125,3,1,5,Investment & Holding Companies
HRB,2026-08-14,1.0,0.8103366524419156,1.0,1,0,2.0,1.0,5.0,77.56708550929332,1.0,0.9901968391789295,0,,0,0,STRONG BUY,1.1764705882352942,5,0,5,Services
HRI,2026-08-14,4.0,0.28822477697552723,1.0,0,0,3.0,4.0,4.0,65.2908171300815,1.0,0.9341571375242081,1,1.0,0,0,BUY,2.5,2,2,5,Services
HRL,2026-08-14,4.0,0.3831199620673305,2.0,0,0,3.0,2.0,3.0,45.595880113363,2.0,0.6075456009738398,0,,0,0,HOLD,2.7882352941176474,3,1,5,Food & Beverage
HRMY,2026-08-14,3.0,0.5344849204711689,1.0,0,0,3.0,3.0,4.0,56.025987535922056,1.0,0.8364134427228116,0,,0,0,BUY,2.3176470588235296,2,0,5,Pharmaceuticals & Biotech
HROW,2026-08-14,5.0,0.15363769994543322,5.0,0,0,4.0,2.0,3.0,49.008484386933105,3.0,0.42685287975983244,0,,0,0,SELL,3.823529411764706,1,3,5,Pharmaceuticals & Biotech
HRTG,2026-08-14,2.0,0.6748483783292026,1.0,1,0,1.0,2.0,4.0,68.08815322947311,1.0,0.9127704112592401,0,,0,0,STRONG BUY,1.4823529411764707,5,0,5,Insurance
HRZN,2026-08-14,1.0,0.8431496062992127,3.0,0,0,4.0,3.0,4.0,66.8893775119765,3.0,0.5542751762564044,0,,0,0,HOLD,2.564705882352941,1,1,5,Other
HSAI,2026-08-14,,,3.0,0,0,5.0,,4.0,55.39679454146215,4.0,0.23749993255263374,0,,0,0,SELL,4.136363636363637,0,2,3,Industrial Machinery
HSBC,2026-08-14,,,1.0,0,0,1.0,,4.0,56.214391747372105,1.0,0.9125469774975226,1,1.0,0,0,STRONG BUY,1.0,3,0,3,Banks & Financial Services
HSCS,2026-08-14,5.0,0.028128357265348784,5.0,0,0,5.0,4.0,2.0,42.89461553252099,5.0,0.1857142767938628,0,,0,0,STRONG SELL,4.823529411764706,0,5,5,Banks & Financial Services
HSDT,2026-08-14,3.0,0.5119644738936611,3.0,0,0,5.0,3.0,3.0,48.98827052357211,5.0,0.01881015232653259,0,,0,0,SELL,3.8235294117647065,0,2,5,Banks & Financial Services
HSHP,2026-08-14,4.0,0.26047244094488187,1.0,0,0,1.0,,4.0,58.119636725020015,1.0,0.9989377922692023,0,,0,0,BUY,2.1142857142857143,3,1,4,Transportation & Logistics
HSIC,2026-08-14,3.0,0.5427703930514263,1.0,0,0,2.0,3.0,4.0,63.00303003805305,1.0,0.9662138191697915,0,,0,0,BUY,2.1411764705882352,3,0,5,Wholesale Trade
HSLV,2026-08-14,,,,0,0,,,4.0,60.015077715552984,3.0,0.447876445033096,0,,0,0,,,0,0,1,Mining & Minerals
HST,2026-08-14,3.0,0.4859408673284157,2.0,0,0,2.0,1.0,2.0,40.480799369715164,2.0,0.7603334813514105,0,,0,0,BUY,2.1294117647058823,4,0,5,Investment & Holding Companies
HSTM,2026-08-14,3.0,0.43644672491918796,1.0,0,0,2.0,2.0,3.0,54.895242906306436,1.0,0.9138439672891902,0,,0,0,BUY,1.9647058823529413,4,0,5,Technology & Software
HSY,2026-08-14,4.0,0.2918655493415145,3.0,0,0,4.0,3.0,4.0,58.995106058061396,4.0,0.3359209637582539,0,,0,0,SELL,3.717647058823529,0,3,5,Food & Beverage
HTB,2026-08-14,3.0,0.4343960050096578,1.0,0,0,2.0,2.0,3.0,51.26306218740805,1.0,0.8738621400274585,0,,0,0,BUY,1.9647058823529413,4,0,5,Banks & Financial Services
HTCO,2026-08-14,5.0,0.02204724409448819,5.0,0,0,5.0,,2.0,38.736091036641895,5.0,0.011774602224816227,0,,0,0,STRONG SELL,5.0,0,4,4,Transportation & Logistics
HTCR,2026-08-14,1.0,0.8959651253592991,5.0,0,0,5.0,3.0,3.0,48.47212992176911,5.0,0.025173101442934748,0,,0,0,HOLD,3.423529411764706,1,3,5,Technology & Software
HTD,2026-08-14,,,2.0,0,0,3.0,,3.0,49.168675748446944,1.0,0.8446889893014179,0,,0,0,BUY,1.8863636363636362,2,0,3,Other
HTFL,2026-08-14,5.0,0.11395805570486982,2.0,1,0,2.0,3.0,5.0,83.71612125276509,1.0,1.0,0,,0,0,HOLD,2.8588235294117648,3,1,5,Medical Devices & Instruments
HTGC,2026-08-14,2.0,0.712587079207492,2.0,0,0,3.0,4.0,4.0,57.64668340096477,2.0,0.7271353984601953,1,11.0,0,0,BUY,2.229411764705883,3,1,5,Other
HTH,2026-08-14,2.0,0.7450287232865591,1.0,0,0,3.0,3.0,4.0,57.24883138446161,1.0,0.9798122148502706,0,,0,0,BUY,2.011764705882353,3,0,5,Banks & Financial Services
HTHT,2026-08-14,5.0,0.12125984251968502,5.0,0,0,3.0,,3.0,48.76297075918657,3.0,0.44844161111429726,0,,0,0,SELL,4.0,0,2,4,Hospitality & Leisure
HTLD,2026-08-14,2.0,0.6877603711098055,3.0,0,0,2.0,3.0,2.0,43.38517686602858,2.0,0.6278378600040877,0,,0,0,BUY,2.2823529411764705,3,0,5,Transportation & Logistics
HTLM,2026-08-14,5.0,0.20346456692913387,5.0,0,0,5.0,,3.0,48.13412754929042,5.0,0.14728683085890193,0,,0,0,STRONG SELL,5.0,0,4,4,Retail
HTO,2026-08-14,3.0,0.5366747084568875,1.0,0,0,2.0,3.0,4.0,61.315824846709546,1.0,0.9479913222671524,0,,0,0,BUY,2.1411764705882352,3,0,5,Utilities
HTOO,2026-08-14,,,5.0,0,0,5.0,,2.0,36.10105449107241,5.0,0.0,0,,0,0,STRONG SELL,5.0,0,3,3,Industrial Machinery
HTT,2026-08-14,,,5.0,0,0,4.0,,3.0,48.638340235592615,5.0,0.1915584184363828,0,,0,0,STRONG SELL,4.659090909090909,0,3,3,Banks & Financial Services
HTZ,2026-08-14,1.0,0.9761616161616161,5.0,0,0,5.0,3.0,3.0,49.930937817606825,5.0,0.11587301977757818,0,,0,0,HOLD,3.423529411764706,1,3,5,Services
HUBB,2026-08-14,4.0,0.2678085376358984,2.0,0,0,3.0,2.0,4.0,55.98339182384367,2.0,0.7062694460422239,0,,0,0,HOLD,2.7882352941176474,3,1,5,Industrial Machinery
HUBG,2026-08-14,3.0,0.4618302513039355,3.0,0,0,3.0,2.0,2.0,37.185822796231356,4.0,0.386666131512866,0,,0,0,HOLD,3.058823529411765,1,1,5,Transportation & Logistics
HUBS,2026-08-14,4.0,0.2560654633653431,3.0,0,0,4.0,3.0,3.0,51.25824784464746,5.0,0.15271202727018257,0,,0,0,SELL,3.9529411764705884,0,3,5,Technology & Software
HUHU,2026-08-14,5.0,0.07244094488188976,5.0,0,0,4.0,,2.0,39.5616125060497,5.0,0.05694442476019395,0,,0,0,STRONG SELL,4.785714285714286,0,4,4,Metals
HUIZ,2026-08-14,1.0,0.9952755905511812,4.0,0,0,5.0,,3.0,48.58904989589802,5.0,0.057142876605597706,0,,0,0,HOLD,3.3857142857142852,1,3,4,Insurance
HUM,2026-08-14,5.0,0.23850165955429115,1.0,0,0,1.0,3.0,3.0,54.770898250373165,1.0,0.9175170173631507,1,1.0,0,0,BUY,2.2764705882352936,3,1,5,Insurance
HUN,2026-08-14,1.0,0.897156919993407,5.0,0,1,4.0,4.0,2.0,40.94922226500983,4.0,0.3517328682077436,0,,0,0,HOLD,3.1882352941176473,1,4,5,Chemicals
HURA,2026-08-14,5.0,0.1826771653543307,2.0,0,0,2.0,5.0,4.0,63.534670457962235,2.0,0.722419939242716,0,,0,0,HOLD,3.447058823529412,3,2,5,Pharmaceuticals & Biotech
HURC,2026-08-14,1.0,0.8203896081363085,2.0,0,0,2.0,3.0,4.0,58.63943674068175,1.0,0.9074074891696146,1,1.0,0,0,STRONG BUY,1.3352941176470587,4,0,5,Medical Devices & Instruments
HURN,2026-08-14,4.0,0.41820768136557607,2.0,0,0,2.0,4.0,4.0,63.153307783814796,2.0,0.6467196881079149,0,,0,0,HOLD,2.9647058823529413,3,2,5,Business & Research Services
HUT,2026-08-14,5.0,0.1340551559207122,3.0,0,0,1.0,5.0,2.0,41.16309874810972,3.0,0.5738468395165793,0,,0,0,SELL,3.6117647058823534,1,2,5,Banks & Financial Services
HUYA,2026-08-14,,,4.0,0,0,5.0,,2.0,38.627765519039606,5.0,0.04564956182167252,0,,0,0,STRONG SELL,4.795454545454546,0,3,3,Technology & Software
HVII,2026-08-14,,,1.0,0,0,3.0,3.0,4.0,66.42428996396744,3.0,0.5064942785696858,0,,0,0,HOLD,2.6949152542372885,1,0,4,Utilities
HVMC,2026-08-14,,,1.0,0,0,3.0,,4.0,67.32101420565382,1.0,0.9642849844347109,0,,0,0,STRONG BUY,1.6818181818181817,2,0,3,Investment & Holding Companies
HVT,2026-08-14,,,1.0,0,0,2.0,2.0,4.0,66.55277767578042,1.0,0.9698597423880452,0,,0,0,STRONG BUY,1.5084745762711866,4,0,4,Retail
HVT.A,2026-08-14,,,1.0,0,0,2.0,2.0,5.0,73.09901410851668,2.0,0.7354817963753154,0,,0,0,BUY,1.8474576271186443,4,0,4,Retail
HWBK,2026-08-14,2.0,0.66999519330586,1.0,0,0,2.0,1.0,4.0,57.295897605732414,1.0,0.9641075467857705,0,,0,0,STRONG BUY,1.4823529411764707,5,0,5,Banks & Financial Services
HWC,2026-08-14,2.0,0.6614401707296818,1.0,0,0,2.0,1.0,4.0,67.03488584220213,1.0,1.0,0,,0,0,STRONG BUY,1.4823529411764707,5,0,5,Banks & Financial Services
HWH,2026-08-14,5.0,0.20377724178873483,2.0,0,0,2.0,4.0,5.0,70.82170302758736,5.0,0.16856059868442835,0,,0,0,SELL,3.976470588235294,2,3,5,Wholesale Trade
HWKN,2026-08-14,4.0,0.3616199267269326,5.0,0,1,4.0,3.0,2.0,41.59338518003501,5.0,0.17753308965203274,0,,0,0,SELL,4.1647058823529415,0,4,5,Wholesale Trade
HWM,2026-08-14,5.0,0.11112479791634712,1.0,0,0,2.0,1.0,4.0,58.91033427935846,1.0,0.9825985678292708,0,,0,0,BUY,2.4,4,1,5,Metals
HXL,2026-08-14,4.0,0.2848415479379995,1.0,0,0,2.0,2.0,3.0,54.180119932197215,1.0,0.8792823584046835,0,,0,0,BUY,2.270588235294118,4,1,5,Chemicals
HY,2026-08-14,,,3.0,0,0,4.0,4.0,3.0,49.36328113046792,3.0,0.5929832286005982,0,,0,0,SELL,3.5084745762711873,0,2,4,Industrial Machinery
HYFM,2026-08-14,1.0,0.9818181818181818,2.0,0,0,4.0,4.0,3.0,54.43989709089396,4.0,0.22627736993392977,0,,0,0,HOLD,2.870588235294118,2,3,5,Wholesale Trade
HYFT,2026-08-14,,,5.0,0,0,4.0,,3.0,51.50572547587853,5.0,0.17889907052847884,0,,0,0,STRONG SELL,4.659090909090909,0,3,3,Pharmaceuticals & Biotech
HYI,2026-08-14,,,5.0,0,0,4.0,,4.0,57.71608337806944,3.0,0.48636159513309013,0,,0,0,SELL,3.750000000000001,0,2,3,Other
HYLN,2026-08-14,5.0,0.1730099549159174,3.0,0,0,1.0,4.0,3.0,49.75855145773975,4.0,0.3850836854603759,0,,0,0,SELL,3.670588235294118,1,3,5,Automobiles
HYMC,2026-08-14,5.0,0.1209448818897638,4.0,0,0,3.0,4.0,4.0,62.9123489434689,3.0,0.44981767178769566,1,2.0,0,0,SELL,3.594117647058824,0,3,5,Mining & Minerals
HYNE,2026-08-14,2.0,0.6418519485707274,,0,0,2.0,,4.0,59.99894605933401,1.0,0.9546927563964075,0,,0,0,STRONG BUY,1.6721311475409837,3,0,3,Banks & Financial Services
HYPD,2026-08-14,3.0,0.5387913455466657,5.0,0,0,5.0,3.0,3.0,48.09632887158132,5.0,0.030063301077725573,0,,0,0,SELL,4.03529411764706,0,3,5,Pharmaceuticals & Biotech
HYT,2026-08-14,,,5.0,0,0,4.0,,2.0,41.453443228125856,3.0,0.4200710869279038,0,,0,0,SELL,3.750000000000001,0,2,3,Other
HZO,2026-08-14,1.0,0.7834052816811459,1.0,0,0,1.0,3.0,5.0,82.01694133039847,1.0,0.985820217724193,0,,0,0,STRONG BUY,1.3529411764705885,4,0,5,Retail
IACO,2026-08-14,,,,0,0,,,5.0,76.74180124330363,1.0,1.0,0,,0,0,,,1,0,1,Investment & Holding Companies
IACQ,2026-08-14,,,,0,0,,,4.0,59.14430062549805,,,0,,0,0,,,0,0,0,Investment & Holding Companies
IAE,2026-08-14,,,2.0,0,0,2.0,,4.0,62.2458025286298,1.0,0.8951056837412538,0,,0,0,STRONG BUY,1.5454545454545454,3,0,3,Other
IAF,2026-08-14,,,2.0,0,0,3.0,,4.0,63.13937845899205,2.0,0.7614752404596927,0,,0,0,BUY,2.3409090909090913,2,0,3,Other
IAG,2026-08-14,,,3.0,0,0,3.0,,4.0,67.14577848530945,2.0,0.6225165209294197,0,,0,0,HOLD,2.545454545454546,1,0,3,Mining & Minerals
IART,2026-08-14,,,1.0,0,0,1.0,3.0,3.0,53.935590878634976,1.0,0.8621004453266826,0,,0,0,STRONG BUY,1.5084745762711864,3,0,4,Medical Devices & Instruments
IAUX,2026-08-14,5.0,0.19624663209818985,2.0,0,0,3.0,3.0,4.0,62.40057529284383,2.0,0.7148817844587303,1,3.0,0,0,HOLD,2.9705882352941186,2,1,5,Mining & Minerals
IBAC,2026-08-14,,,1.0,0,0,3.0,3.0,5.0,76.77319451764716,1.0,0.810345394574579,0,,0,0,BUY,2.016949152542373,2,0,4,Investment & Holding Companies
IBCP,2026-08-14,3.0,0.452023325090187,1.0,0,0,3.0,1.0,4.0,61.4596890692226,1.0,0.9794170385611805,1,1.0,0,0,STRONG BUY,1.664705882352941,3,0,5,Banks & Financial Services
IBEX,2026-08-14,2.0,0.5872125151699433,1.0,1,0,2.0,1.0,4.0,55.066315279191905,2.0,0.604487306534026,0,,0,0,STRONG BUY,1.7176470588235293,5,0,5,Technology & Software
IBIO,2026-08-14,3.0,0.49669352549325746,5.0,0,0,3.0,3.0,3.0,47.32586425149435,4.0,0.3138075161459386,1,3.0,0,0,HOLD,3.1470588235294126,0,2,5,Pharmaceuticals & Biotech
IBKR,2026-08-14,5.0,0.2266477003319109,2.0,0,0,2.0,,3.0,53.70068488647371,1.0,0.8571397575921421,1,1.0,0,0,HOLD,2.528571428571429,3,1,4,Investment & Brokerage
IBM,2026-08-14,4.0,0.34013737725209375,5.0,0,0,4.0,2.0,3.0,48.61609102399305,4.0,0.244863879726847,1,2.0,0,0,HOLD,3.452941176470588,1,4,5,Computer Hardware
IBN,2026-08-14,,,1.0,1,0,4.0,,3.0,52.72648581082958,3.0,0.5890514758206153,0,,0,0,HOLD,2.9318181818181825,1,1,3,Banks & Financial Services
IBOC,2026-08-14,1.0,0.8501659554291133,3.0,0,0,3.0,,2.0,43.37028526805369,2.0,0.7038406219650403,0,,0,0,BUY,1.9714285714285713,2,0,4,Banks & Financial Services
IBP,2026-08-14,4.0,0.3399389680210786,3.0,0,0,4.0,1.0,3.0,54.50829859078026,4.0,0.30893391161262207,0,,0,0,HOLD,3.364705882352941,1,3,5,Construction & Materials
IBRX,2026-08-14,5.0,0.07434343434343435,3.0,0,0,1.0,3.0,3.0,50.51984664123537,3.0,0.5841170378597237,0,,0,0,HOLD,3.2588235294117647,1,1,5,Pharmaceuticals & Biotech
IBTA,2026-08-14,1.0,0.8605472358324141,2.0,0,0,1.0,3.0,4.0,63.670787071606064,1.0,1.0,0,,0,0,STRONG BUY,1.4588235294117646,4,0,5,Services
ICCC,2026-08-14,4.0,0.406207237167299,2.0,0,0,1.0,2.0,2.0,36.43379248579173,2.0,0.7667597764432997,0,,0,0,BUY,2.4352941176470586,4,1,5,Pharmaceuticals & Biotech
ICCM,2026-08-14,5.0,0.043464566929133856,5.0,0,0,5.0,,2.0,42.19292716663434,5.0,0.0265117619688042,0,,0,0,STRONG SELL,5.0,0,4,4,Medical Devices & Instruments
ICE,2026-08-14,4.0,0.34720480915416213,2.0,0,0,4.0,1.0,4.0,66.59658103979135,3.0,0.5537345760721702,0,,0,0,HOLD,3.0235294117647062,2,2,5,Investment & Brokerage
ICFI,2026-08-14,2.0,0.6813493914903177,2.0,0,0,3.0,2.0,4.0,60.41839160479576,2.0,0.7113963929742014,1,1.0,0,0,BUY,1.8764705882352943,4,0,5,Business & Research Services
ICHR,2026-08-14,3.0,0.42930024345816803,3.0,0,0,1.0,4.0,3.0,45.058677564499305,3.0,0.5794145033056299,0,,0,0,HOLD,2.823529411764706,1,1,5,Semiconductors & Chips
ICL,2026-08-14,,,2.0,0,1,4.0,,4.0,63.61247123810877,3.0,0.4063601752476353,0,,0,0,HOLD,3.136363636363637,1,1,3,Chemicals
ICLR,2026-08-14,2.0,0.6683464566929134,1.0,0,0,2.0,,3.0,48.47535764826768,2.0,0.6762454781985884,0,,0,0,BUY,1.8714285714285717,4,0,4,Business & Research Services
ICON,2026-08-14,1.0,0.9807874015748032,3.0,0,0,5.0,,3.0,52.23659068732875,5.0,0.0211466135640063,0,,0,0,HOLD,3.257142857142857,1,2,4,Transportation & Logistics
ICU,2026-08-14,4.0,0.2923371265012413,4.0,0,0,3.0,3.0,2.0,40.67589435525065,5.0,0.09519137081002142,0,,0,0,SELL,3.882352941176471,0,3,5,Medical Devices & Instruments
ICUI,2026-08-14,3.0,0.4566419837181182,1.0,0,0,1.0,2.0,4.0,68.32907076083956,1.0,0.9782548593817254,0,,0,0,BUY,1.7882352941176471,4,0,5,Medical Devices & Instruments
IDA,2026-08-14,3.0,0.4518729255571361,3.0,0,0,3.0,2.0,3.0,46.72271721809668,2.0,0.6678454282535536,0,,0,0,HOLD,2.588235294117647,2,0,5,Utilities
IDAC,2026-08-14,,,,0,0,,,1.0,16.121878991327748,,,0,,0,0,,,0,0,0,Investment & Holding Companies
IDAI,2026-08-14,3.0,0.4744244667269371,3.0,0,0,4.0,3.0,3.0,47.586977498666066,4.0,0.3431953042542129,0,,0,0,HOLD,3.411764705882353,0,2,5,Technology & Software
IDCC,2026-08-14,5.0,0.21143966314698492,2.0,0,0,3.0,2.0,5.0,70.75740467547271,2.0,0.6510792409928361,0,,0,0,HOLD,3.094117647058824,3,1,5,Investment & Holding Companies
IDE,2026-08-14,,,3.0,0,0,3.0,,3.0,54.64087934522156,1.0,0.8609803271590132,0,,0,0,BUY,2.090909090909091,1,0,3,Other
IDN,2026-08-14,3.0,0.43224522157288836,5.0,0,0,5.0,3.0,1.0,23.014253441217534,5.0,0.0,0,,0,0,SELL,4.03529411764706,0,3,5,Technology & Software
IDR,2026-08-14,4.0,0.26480057048786404,5.0,0,0,3.0,2.0,3.0,50.172846061922776,4.0,0.2835460289152476,0,,0,0,SELL,3.5764705882352943,1,3,5,Mining & Minerals
IDT,2026-08-14,3.0,0.4997629208155524,1.0,0,0,2.0,1.0,4.0,61.60580247020867,1.0,0.9339864981087777,0,,0,0,BUY,1.7882352941176471,4,0,5,Telecom & Media
IDXX,2026-08-14,5.0,0.1345471341248102,4.0,0,0,4.0,1.0,2.0,42.97181963543015,5.0,0.10206468751238539,0,,0,0,SELL,4.011764705882353,1,4,5,Pharmaceuticals & Biotech
IDYA,2026-08-14,4.0,0.28787086538486056,1.0,0,0,2.0,4.0,3.0,51.95008345948226,2.0,0.7540888231814176,1,1.0,0,0,HOLD,2.5588235294117645,3,2,5,Pharmaceuticals & Biotech
IE,2026-08-14,4.0,0.2893659774656144,4.0,0,0,4.0,3.0,3.0,54.84538995520408,5.0,0.196790531560659,0,,0,0,SELL,4.0588235294117645,0,4,5,Mining & Minerals
IEAG,2026-08-14,,,,0,0,,,5.0,73.95786881426581,1.0,0.9629621780471609,0,,0,0,,,1,0,1,Investment & Holding Companies
IESC,2026-08-14,5.0,0.21363732354612192,1.0,0,0,1.0,2.0,4.0,57.40175620997885,1.0,0.9397758960380407,0,,0,0,BUY,2.4,4,1,5,Construction & Materials
IEX,2026-08-14,4.0,0.2574679943100996,1.0,0,0,2.0,1.0,4.0,64.40311348343796,1.0,0.981094364040165,0,,0,0,BUY,2.0941176470588236,4,1,5,Industrial Machinery
IFBD,2026-08-14,1.0,0.9152755905511812,3.0,0,0,3.0,,3.0,48.81004760480733,3.0,0.5581394295789648,0,,0,0,BUY,2.2571428571428576,1,0,4,Technology & Software
IFF,2026-08-14,2.0,0.5952184167967739,1.0,0,0,3.0,2.0,4.0,59.060766539495546,1.0,0.8683191744657948,1,3.0,0,0,STRONG BUY,1.535294117647059,4,0,5,Chemicals
IFN,2026-08-14,,,3.0,0,0,4.0,,4.0,61.433747355326396,4.0,0.3816692749582383,0,,0,0,SELL,3.795454545454546,0,2,3,Other
IFRX,2026-08-14,,,2.0,0,0,1.0,,4.0,62.228055378468106,2.0,0.6344647311539531,0,,0,0,STRONG BUY,1.6590909090909092,3,0,3,Pharmaceuticals & Biotech
IFS,2026-08-14,,,2.0,0,0,2.0,,2.0,36.192716453491,2.0,0.7488167822010643,0,,0,0,BUY,2.0,3,0,3,Banks & Financial Services
IGA,2026-08-14,,,1.0,0,0,3.0,,5.0,76.88296288262491,1.0,1.0,0,,0,0,STRONG BUY,1.6818181818181817,2,0,3,Other
IGAC,2026-08-14,,,,0,0,3.0,,5.0,84.6180689995856,1.0,0.9999999999999931,0,,0,0,,,1,0,2,Investment & Holding Companies
IGD,2026-08-14,,,1.0,0,0,2.0,,5.0,76.65432012610296,1.0,1.0,0,,0,0,STRONG BUY,1.340909090909091,3,0,3,Other
IGI,2026-08-14,,,5.0,0,0,4.0,,4.0,56.566818109211894,3.0,0.5585316262711071,0,,0,0,SELL,3.750000000000001,0,2,3,Other
IGIC,2026-08-14,3.0,0.5870866141732284,1.0,0,0,2.0,,3.0,49.2266240495633,1.0,0.8043813835884238,0,,0,0,BUY,1.9571428571428575,3,0,4,Insurance
IGR,2026-08-14,,,2.0,0,0,3.0,,4.0,58.134785935928896,1.0,0.9678921556119194,0,,0,0,BUY,1.8863636363636362,2,0,3,Other
IH,2026-08-14,1.0,0.9483464566929133,5.0,0,0,5.0,,3.0,48.617992827596986,5.0,0.04352946548728525,0,,0,0,SELL,3.5142857142857147,1,3,4,Services
IHD,2026-08-14,,,2.0,0,0,2.0,,4.0,63.40232645797109,1.0,0.8975075445526273,0,,0,0,STRONG BUY,1.5454545454545454,3,0,3,Other
IHG,2026-08-14,,,3.0,0,0,2.0,,3.0,50.55960887244636,2.0,0.7575642011166707,0,,0,0,BUY,2.2045454545454546,2,0,3,Hospitality & Leisure
IHRT,2026-08-14,1.0,0.9878787878787879,5.0,0,1,3.0,3.0,2.0,31.322832398109483,4.0,0.20094565938969577,1,1.0,0,0,HOLD,2.535294117647059,1,2,5,Telecom & Media
IHS,2026-08-14,,,1.0,0,0,3.0,,4.0,57.99545817648388,1.0,0.8393575681532497,0,,0,0,STRONG BUY,1.6818181818181817,2,0,3,Telecom & Media
IHT,2026-08-14,4.0,0.39841954807879565,2.0,0,0,3.0,4.0,2.0,44.53783547208693,4.0,0.25760179121263593,0,,0,0,SELL,3.6117647058823534,1,3,5,Investment & Holding Companies
IIF,2026-08-14,,,3.0,0,0,4.0,,4.0,55.816670528135305,3.0,0.5497709176901245,0,,0,0,HOLD,3.3409090909090917,0,1,3,Other
III,2026-08-14,3.0,0.5524964780024795,2.0,0,0,3.0,2.0,5.0,73.77383895230848,2.0,0.6409229348880037,0,,0,0,BUY,2.482352941176471,3,0,5,Business & Research Services
IIIN,2026-08-14,2.0,0.6601780997123549,2.0,0,0,4.0,2.0,4.0,60.07261158462114,3.0,0.597951807986189,0,,0,0,HOLD,2.588235294117647,3,1,5,Metals
IIIV,2026-08-14,3.0,0.48316737790422,5.0,0,0,5.0,3.0,1.0,28.107519049493987,5.0,0.0,0,,0,0,SELL,4.03529411764706,0,3,5,Technology & Software
IIM,2026-08-14,,,2.0,0,0,3.0,,4.0,61.65776697316871,1.0,0.9373264588273146,0,,0,0,BUY,1.8863636363636362,2,0,3,Other
IIPR,2026-08-14,2.0,0.6084823169210433,3.0,0,0,2.0,3.0,2.0,32.9536316344704,2.0,0.6476541468298057,0,,0,0,BUY,2.2823529411764705,3,0,5,Real Estate & REITs
IKT,2026-08-14,3.0,0.5111811023622047,1.0,0,0,1.0,4.0,4.0,61.71813570263437,1.0,0.9433962837068468,0,,0,0,BUY,2.1411764705882352,3,1,5,Pharmaceuticals & Biotech
ILAG,2026-08-14,2.0,0.6551181102362205,5.0,0,0,3.0,,2.0,43.35989993441976,5.0,0.16641455373450073,0,,0,0,HOLD,3.4571428571428573,1,2,4,Wood & Furniture
ILLR,2026-08-14,5.0,0.23353535353535354,5.0,0,0,5.0,4.0,2.0,40.20106917153038,5.0,0.055708394142504884,0,,0,0,STRONG SELL,4.823529411764706,0,5,5,Investment & Brokerage
ILLU,2026-08-14,,,,0,0,,,2.0,33.24697277229892,2.0,0.6428566562897946,0,,0,0,,,1,0,1,Investment & Holding Companies
ILMN,2026-08-14,5.0,0.20497513619755606,1.0,0,0,1.0,1.0,3.0,50.06869148970614,1.0,0.875460070519406,0,,0,0,BUY,2.223529411764706,4,1,5,Medical Devices & Instruments
ILPT,2026-08-14,2.0,0.6831496062992126,1.0,0,0,1.0,3.0,3.0,52.56546474042145,1.0,0.9230487191522317,0,,0,0,STRONG BUY,1.6588235294117646,4,0,5,Investment & Holding Companies
IMA,2026-08-14,4.0,0.29628760906623636,4.0,0,0,5.0,4.0,3.0,52.14127321210957,5.0,0.12597656159050527,0,,0,0,STRONG SELL,4.411764705882353,0,5,5,Pharmaceuticals & Biotech
IMAX,2026-08-14,5.0,0.18942163738312265,1.0,0,0,1.0,1.0,5.0,70.18667023467422,1.0,0.9864092537245827,0,,0,0,BUY,2.223529411764706,4,1,5,Medical Devices & Instruments
IMC,2026-08-14,,,,0,0,,,,,,,0,,0,0,,,0,0,0,Mining & Minerals
IMCR,2026-08-14,4.0,0.32622806435765533,2.0,0,0,3.0,4.0,4.0,55.07582245850981,3.0,0.5167000855658908,0,,0,0,HOLD,3.376470588235294,1,2,5,Pharmaceuticals & Biotech
IMDX,2026-08-14,5.0,0.10545454545454545,5.0,0,1,3.0,4.0,2.0,43.03027545419492,4.0,0.3157895149616691,0,,0,0,SELL,4.235294117647059,0,4,5,Pharmaceuticals & Biotech
IMKTA,2026-08-14,,,3.0,0,0,3.0,2.0,3.0,45.30368592565889,2.0,0.7471045028333093,0,,0,0,BUY,2.406779661016949,2,0,4,Retail
IMMR,2026-08-14,1.0,0.7919793613529063,1.0,0,0,2.0,3.0,4.0,57.13530894260637,1.0,0.9001848692766776,0,,0,0,STRONG BUY,1.5294117647058825,4,0,5,Computer Hardware
IMMX,2026-08-14,5.0,0.22995807314548827,2.0,0,0,1.0,3.0,4.0,60.18486212450333,1.0,0.8956262279385799,0,,0,0,HOLD,2.6823529411764704,3,1,5,Pharmaceuticals & Biotech
IMNM,2026-08-14,5.0,0.12745021516061975,1.0,0,0,1.0,4.0,4.0,66.54807534138547,1.0,0.9584211048326994,1,2.0,0,0,BUY,2.4529411764705884,3,2,5,Pharmaceuticals & Biotech
IMNN,2026-08-14,4.0,0.3703911901734642,5.0,0,0,5.0,3.0,3.0,46.460402991252025,5.0,0.02750490924472506,0,,0,0,STRONG SELL,4.341176470588236,0,4,5,Pharmaceuticals & Biotech
IMO,2026-08-14,3.0,0.5459155277042647,1.0,0,0,2.0,3.0,4.0,66.67006734768258,1.0,0.923233731390394,0,,0,0,BUY,2.1411764705882352,3,0,5,Oil & Gas
IMOS,2026-08-14,,,3.0,0,0,1.0,,3.0,52.22070180174901,2.0,0.7137703939815839,0,,0,0,BUY,1.863636363636364,2,0,3,Semiconductors & Chips
IMPP,2026-08-14,1.0,0.9338582677165356,3.0,0,0,1.0,,3.0,53.556843618051666,3.0,0.5384615384615384,0,,0,0,BUY,1.8285714285714287,2,0,4,Transportation & Logistics
IMRN,2026-08-14,,,3.0,0,0,3.0,,3.0,48.4046141830664,4.0,0.2424242763589363,0,,0,0,HOLD,3.454545454545455,0,1,3,Pharmaceuticals & Biotech
IMRX,2026-08-14,,,4.0,0,0,2.0,3.0,4.0,61.449305762597504,4.0,0.3247588254351369,0,,0,0,HOLD,3.2372881355932206,1,2,4,Pharmaceuticals & Biotech
IMSR,2026-08-14,4.0,0.3112653872208327,5.0,0,0,5.0,4.0,3.0,53.44388693589101,5.0,0.05628475394948458,0,,0,0,STRONG SELL,4.517647058823529,0,5,5,Industrial Machinery
IMTX,2026-08-14,,,5.0,0,0,3.0,,3.0,49.3517245587635,2.0,0.6415928612270188,0,,0,0,HOLD,2.9545454545454546,1,1,3,Pharmaceuticals & Biotech
IMUX,2026-08-14,3.0,0.5716535433070866,1.0,0,0,1.0,4.0,4.0,62.74603997068406,1.0,0.9547037929529865,0,,0,0,BUY,2.1411764705882352,3,1,5,Pharmaceuticals & Biotech
IMVT,2026-08-14,5.0,0.10173228346456693,1.0,0,0,1.0,4.0,4.0,64.04061538797217,1.0,0.972053070218076,0,,0,0,HOLD,2.7529411764705882,3,2,5,Pharmaceuticals & Biotech
IMXI,2026-08-14,3.0,0.5794079484890181,4.0,0,0,4.0,2.0,4.0,64.77613907164148,2.0,0.7058824262725476,0,,0,0,HOLD,2.8705882352941177,2,2,5,Services
INAB,2026-08-14,1.0,0.895748031496063,5.0,0,0,5.0,2.0,3.0,46.27567487887768,5.0,0.08588960173527777,0,,0,0,HOLD,3.2470588235294118,2,3,5,Pharmaceuticals & Biotech
INAC,2026-08-14,,,1.0,0,0,3.0,3.0,5.0,70.86945368138234,1.0,1.0,0,,0,0,BUY,2.016949152542373,2,0,4,Investment & Holding Companies
INBK,2026-08-14,,,1.0,0,0,2.0,3.0,4.0,59.721220596388356,1.0,0.9313542688326651,1,1.0,0,0,STRONG BUY,1.4627118644067798,3,0,4,Banks & Financial Services
INBS,2026-08-14,2.0,0.754783430170518,4.0,0,0,5.0,4.0,4.0,68.52775218112984,5.0,0.07072464227225714,0,,0,0,SELL,3.8000000000000003,1,4,5,Medical Devices & Instruments
INBX,2026-08-14,5.0,0.021414141414141413,3.0,0,0,1.0,4.0,3.0,48.48516750720945,3.0,0.5500673574637231,0,,0,0,HOLD,3.4352941176470595,1,2,5,Pharmaceuticals & Biotech
INCY,2026-08-14,4.0,0.353708222791583,1.0,0,0,2.0,2.0,3.0,54.24815998070532,2.0,0.7975970325805409,0,,0,0,HOLD,2.5058823529411764,4,1,5,Business & Research Services
INDB,2026-08-14,2.0,0.6913949831148731,1.0,0,0,3.0,3.0,4.0,57.984524534459425,1.0,0.9494086065117849,0,,0,0,BUY,2.011764705882353,3,0,5,Banks & Financial Services
INDI,2026-08-14,,,2.0,0,0,3.0,4.0,4.0,65.03510299383953,2.0,0.6376404543293801,0,,0,0,HOLD,2.7627118644067794,2,1,4,Semiconductors & Chips
INDO,2026-08-14,3.0,0.4803149606299213,3.0,0,0,4.0,,4.0,56.775031311246934,5.0,0.11529412635882469,0,,0,0,SELL,3.785714285714286,0,2,4,Oil & Gas
INDP,2026-08-14,5.0,0.009763779527559056,4.0,0,0,5.0,5.0,1.0,28.907026198092296,5.0,0.007363780825696565,0,,0,0,STRONG SELL,4.894117647058824,0,5,5,Pharmaceuticals & Biotech
INDV,2026-08-14,3.0,0.4599336178283547,3.0,0,0,2.0,4.0,3.0,48.99639564257119,1.0,0.8540370975329356,1,2.0,0,0,BUY,2.2294117647058824,2,1,5,Pharmaceuticals & Biotech
INFQ,2026-08-14,1.0,0.9363779527559056,,0,0,,3.0,4.0,60.72228065200284,4.0,0.36618436558801737,0,,0,0,BUY,2.4754098360655736,1,1,3,Technology & Software
INFU,2026-08-14,4.0,0.4157428531170829,1.0,0,0,2.0,1.0,4.0,65.70218665754618,1.0,0.9566076278901788,1,1.0,0,0,BUY,1.7941176470588236,4,1,5,Medical Devices & Instruments
INFY,2026-08-14,,,3.0,0,0,4.0,,3.0,51.82086481174351,5.0,0.1720034504811461,0,,0,0,STRONG SELL,4.250000000000001,0,2,3,Technology & Software
ING,2026-08-14,,,1.0,0,0,2.0,,5.0,70.27910502276447,1.0,1.0,0,,0,0,STRONG BUY,1.340909090909091,3,0,3,Banks & Financial Services
INGM,2026-08-14,2.0,0.7413970757611752,2.0,0,0,1.0,3.0,3.0,49.923419518695255,2.0,0.7585622437876779,0,,0,0,BUY,2.0,4,0,5,Wholesale Trade
INGN,2026-08-14,1.0,0.8365802645390958,5.0,0,0,4.0,3.0,2.0,33.67500983719495,5.0,0.04761900707166608,0,,0,0,HOLD,3.2470588235294118,1,3,5,Medical Devices & Instruments
INGR,2026-08-14,2.0,0.712642121491884,3.0,0,0,4.0,1.0,4.0,60.44972724968685,4.0,0.3557060088483557,0,,0,0,HOLD,2.7529411764705882,2,2,5,Food & Beverage
INHD,2026-08-14,4.0,0.3859782554511222,5.0,0,0,5.0,4.0,1.0,24.000255555396407,5.0,0.0016001036689565617,0,,0,0,STRONG SELL,4.517647058823529,0,5,5,Retail
INIO,2026-08-14,5.0,0.009448818897637795,,0,0,,,3.0,46.80454347702272,,,0,,0,0,,,0,1,1,Industrial Machinery
INKT,2026-08-14,,,5.0,0,0,4.0,2.0,3.0,52.745792138156524,4.0,0.3501292573894677,0,,0,0,SELL,3.6440677966101696,1,3,4,Pharmaceuticals & Biotech
INLF,2026-08-14,5.0,0.24850393700787402,5.0,0,0,5.0,,1.0,23.904613444011716,5.0,0.0006032889756922237,0,,0,0,STRONG SELL,5.0,0,4,4,Industrial Machinery
INLX,2026-08-14,3.0,0.5435716342738605,5.0,0,0,5.0,3.0,3.0,46.019329857864776,5.0,0.01646088973758781,0,,0,0,SELL,4.03529411764706,0,3,5,Technology & Software
INM,2026-08-14,1.0,0.8114552313925925,3.0,0,0,3.0,3.0,3.0,46.839179281880135,3.0,0.46341463729815024,0,,0,0,BUY,2.3882352941176475,1,0,5,Pharmaceuticals & Biotech
INMB,2026-08-14,5.0,0.21903279406657775,1.0,0,0,3.0,4.0,4.0,66.98448655086776,2.0,0.7446809194198447,0,,0,0,HOLD,3.341176470588236,2,2,5,Pharmaceuticals & Biotech
INMD,2026-08-14,2.0,0.6466141732283465,1.0,1,0,3.0,,3.0,52.1078822043254,2.0,0.6191707284291751,0,,0,0,BUY,2.0857142857142863,3,0,4,Medical Devices & Instruments
INN,2026-08-14,1.0,0.810279768642932,2.0,0,0,2.0,4.0,2.0,31.94552916723937,2.0,0.6677100912776681,0,,0,0,BUY,2.0470588235294116,4,1,5,Investment & Holding Companies
INNV,2026-08-14,4.0,0.39374011385132845,1.0,0,0,1.0,2.0,3.0,45.587178222795046,1.0,0.8271889319278393,0,,0,0,BUY,2.0941176470588236,4,1,5,Healthcare Services
INO,2026-08-14,5.0,0.038092009031026317,4.0,0,0,5.0,5.0,4.0,62.61397297590037,5.0,0.19457015136748843,0,,0,0,STRONG SELL,4.894117647058824,0,5,5,Pharmaceuticals & Biotech
INOD,2026-08-14,5.0,0.15036068147883488,3.0,0,0,1.0,2.0,3.0,47.150704468504784,4.0,0.33773690946415225,0,,0,0,HOLD,3.317647058823529,2,2,5,Technology & Software
INR,2026-08-14,2.0,0.6799431009957326,3.0,0,0,4.0,1.0,4.0,61.59472380397473,4.0,0.35865506976490086,0,,0,0,HOLD,2.7529411764705882,2,2,5,Oil & Gas
INSE,2026-08-14,1.0,0.8492929292929293,5.0,0,0,5.0,3.0,2.0,35.64515767412021,5.0,0.029649506653421476,1,3.0,0,0,HOLD,3.1235294117647063,1,3,5,Technology & Software
INSG,2026-08-14,1.0,0.8731313131313131,5.0,0,0,5.0,3.0,1.0,26.199729486275388,5.0,0.0,0,,0,0,HOLD,3.423529411764706,1,3,5,Industrial Machinery
INSM,2026-08-14,5.0,0.05940079530944608,3.0,0,0,4.0,4.0,4.0,59.745361998418346,4.0,0.2665439546737523,0,,0,0,SELL,4.2,0,4,5,Pharmaceuticals & Biotech
INSP,2026-08-14,2.0,0.5980376088100963,3.0,0,0,4.0,2.0,4.0,57.09652774634087,5.0,0.1640369271774923,0,,0,0,HOLD,3.164705882352941,2,2,5,Medical Devices & Instruments
INSW,2026-08-14,3.0,0.4502455351678597,1.0,0,0,1.0,3.0,4.0,62.45711719500832,1.0,1.0,0,,0,0,BUY,1.964705882352941,3,0,5,Transportation & Logistics
INTA,2026-08-14,5.0,0.2047786689717259,2.0,0,0,2.0,3.0,5.0,75.22247838484307,2.0,0.7350158471061783,0,,0,0,HOLD,3.094117647058824,3,1,5,Technology & Software
INTC,2026-08-14,5.0,0.21340315469639237,3.0,0,0,1.0,2.0,3.0,51.252062459095725,2.0,0.6726839097216051,0,,0,0,HOLD,2.847058823529412,3,1,5,Semiconductors & Chips
INTG,2026-08-14,2.0,0.7584176548945374,3.0,0,0,1.0,2.0,3.0,53.623219641849445,2.0,0.6332878726863183,0,,0,0,BUY,1.9294117647058826,4,0,5,Real Estate & REITs
INTJ,2026-08-14,1.0,0.977007874015748,5.0,0,0,5.0,,3.0,46.98803785356625,5.0,0.07352940084588269,0,,0,0,SELL,3.5142857142857147,1,3,4,Business & Research Services
INTR,2026-08-14,,,5.0,0,0,5.0,,2.0,41.175178923284186,5.0,0.027819837978421885,0,,0,0,STRONG SELL,5.0,0,3,3,Banks & Financial Services
INTS,2026-08-14,2.0,0.6910236220472441,4.0,0,0,5.0,2.0,2.0,36.84759232195362,5.0,0.011575903629944763,0,,0,0,HOLD,3.4470588235294115,2,3,5,Pharmaceuticals & Biotech
INTT,2026-08-14,3.0,0.5801574803149606,3.0,0,0,1.0,4.0,3.0,49.08331869644936,3.0,0.5959016861822048,0,,0,0,HOLD,2.823529411764706,1,1,5,Medical Devices & Instruments
INTU,2026-08-14,4.0,0.3128253218148777,3.0,0,0,5.0,1.0,4.0,63.97921073591454,4.0,0.20143958309238233,0,,0,0,SELL,3.541176470588235,1,3,5,Technology & Software
INV,2026-08-14,3.0,0.5158018128822375,5.0,0,1,5.0,3.0,1.0,25.538557074050345,5.0,0.0,0,,0,0,SELL,4.03529411764706,0,3,5,Investment & Holding Companies
INVA,2026-08-14,2.0,0.6121628037341865,4.0,0,0,4.0,3.0,3.0,48.48689810687678,3.0,0.5970938758232842,0,,0,0,HOLD,2.9764705882352938,1,2,5,Pharmaceuticals & Biotech
INVE,2026-08-14,2.0,0.71061285613624,5.0,0,0,4.0,4.0,2.0,43.48722591608829,5.0,0.05376347577718476,0,,0,0,SELL,3.7294117647058824,1,4,5,Computer Hardware
INVH,2026-08-14,4.0,0.40319627290347315,1.0,0,0,3.0,1.0,4.0,55.29446731660056,1.0,0.9554756014018083,0,,0,0,BUY,2.2705882352941176,3,1,5,Real Estate & REITs
INVX,2026-08-14,3.0,0.515284662598951,1.0,0,0,1.0,1.0,4.0,64.76019996031759,1.0,0.9749840004140133,0,,0,0,STRONG BUY,1.6117647058823528,4,0,5,Industrial Machinery
IOND,2026-08-14,,,,0,0,,,,,,,0,,0,0,,,0,0,0,Banks & Financial Services
IONQ,2026-08-14,5.0,0.1489708498994441,2.0,0,0,2.0,4.0,4.0,59.27898516407701,4.0,0.3544144057825041,1,1.0,0,0,HOLD,3.441176470588236,2,3,5,Technology & Software
IONR,2026-08-14,,,5.0,0,0,4.0,,2.0,37.05912500561846,5.0,0.06170212204718578,1,1.0,0,0,STRONG SELL,4.359090909090909,0,3,3,Mining & Minerals
IONS,2026-08-14,5.0,0.12771540510238824,5.0,0,0,3.0,3.0,3.0,46.291664325012235,4.0,0.3451209014843339,0,,0,0,SELL,4.058823529411765,0,3,5,Pharmaceuticals & Biotech
IOR,2026-08-14,1.0,0.8074710415811667,1.0,0,0,3.0,3.0,2.0,34.12552237383446,3.0,0.5714288309317397,0,,0,0,BUY,2.1764705882352944,2,0,5,Investment & Holding Companies
IOSP,2026-08-14,3.0,0.5490753911806543,1.0,0,0,3.0,3.0,5.0,73.55452329466996,1.0,0.9958400048241027,0,,0,0,BUY,2.3176470588235296,2,0,5,Chemicals
IOT,2026-08-14,,,1.0,0,0,2.0,1.0,4.0,56.84616774422069,2.0,0.7410586557422378,0,,0,0,STRONG BUY,1.5932203389830508,4,0,4,Technology & Software
IOTR,2026-08-14,2.0,0.6588976377952755,4.0,0,0,4.0,,2.0,40.92368946427322,4.0,0.29177722774969667,0,,0,0,HOLD,3.257142857142857,1,3,4,Telecom & Media
IOVA,2026-08-14,5.0,0.23951964997112213,1.0,0,0,1.0,4.0,5.0,73.01726622782871,1.0,1.0,0,,0,0,HOLD,2.7529411764705882,3,2,5,Pharmaceuticals & Biotech
IP,2026-08-14,2.0,0.6394510750069163,1.0,1,0,4.0,3.0,3.0,53.55652498063126,2.0,0.6193178260809025,1,1.0,0,0,BUY,2.1235294117647063,3,1,5,Paper
IPAR,2026-08-14,4.0,0.39912748521360125,1.0,0,0,3.0,2.0,2.0,42.37642983612241,2.0,0.7272685010375475,0,,0,0,HOLD,2.6823529411764704,3,1,5,Chemicals
IPCX,2026-08-14,,,5.0,0,1,5.0,3.0,1.0,25.270988257412526,5.0,0.020911142840110416,0,,0,0,STRONG SELL,4.491525423728814,0,3,4,Investment & Holding Companies
IPEX,2026-08-14,,,2.0,0,0,3.0,4.0,3.0,45.849206934333935,2.0,0.660378410961862,0,,0,0,HOLD,2.7627118644067794,2,1,4,Investment & Holding Companies
IPFX,2026-08-14,,,,0,0,,,3.0,47.0785974365618,,,0,,0,0,,,0,0,0,Investment & Holding Companies
IPGP,2026-08-14,3.0,0.4355266568006624,5.0,0,1,4.0,2.0,2.0,42.06241489955188,5.0,0.172397054392083,0,,0,0,SELL,3.6823529411764704,1,3,5,Semiconductors & Chips
IPHA,2026-08-14,,,1.0,0,0,3.0,,4.0,58.73180045836238,2.0,0.7399267504834526,0,,0,0,BUY,2.1363636363636367,2,0,3,Pharmaceuticals & Biotech
IPI,2026-08-14,2.0,0.6653935112083114,1.0,0,0,2.0,2.0,4.0,57.494772079949115,3.0,0.5092368912484179,0,,0,0,BUY,2.129411764705883,4,0,5,Mining & Minerals
IPM,2026-08-14,1.0,0.7812680591531843,2.0,0,1,3.0,2.0,4.0,55.564844935147555,4.0,0.39999997490330874,0,,0,0,BUY,2.3411764705882354,3,1,5,Technology & Software
IPSC,2026-08-14,3.0,0.5448595782745985,3.0,0,0,2.0,3.0,2.0,40.232878700565244,3.0,0.5878787563523649,0,,0,0,HOLD,2.823529411764706,1,0,5,Pharmaceuticals & Biotech
IPST,2026-08-14,1.0,0.9752912457304869,5.0,0,0,5.0,3.0,2.0,44.12664963672783,5.0,0.0007287296300400323,0,,0,0,HOLD,3.423529411764706,1,3,5,Food & Beverage
IPVV,2026-08-14,,,,0,0,,,1.0,17.954753564436743,,,0,,0,0,,,0,0,0,Investment & Holding Companies
IPW,2026-08-14,1.0,0.9649078709960459,4.0,0,0,5.0,3.0,4.0,69.0703518839986,5.0,0.013121947694608895,0,,0,0,HOLD,3.317647058823529,1,3,5,Retail
IPWR,2026-08-14,4.0,0.33385826771653543,2.0,0,0,2.0,5.0,4.0,63.75015588592556,3.0,0.4041204551172847,1,1.0,0,0,HOLD,3.076470588235295,2,2,5,Semiconductors & Chips
IPX,2026-08-14,,,5.0,0,0,5.0,,3.0,45.61844542457096,5.0,0.08329151138954126,1,4.0,0,0,STRONG SELL,4.700000000000001,0,3,3,Mining & Minerals
IQ,2026-08-14,,,3.0,0,0,5.0,,4.0,64.00589239267624,4.0,0.21268453365653456,0,,0,0,SELL,4.136363636363637,0,2,3,Hospitality & Leisure
IQI,2026-08-14,,,2.0,0,0,3.0,,4.0,68.63873867220201,1.0,0.9938224361342414,0,,0,0,BUY,1.8863636363636362,2,0,3,Other
IQMX,2026-08-14,,,4.0,0,0,4.0,,3.0,45.82044916173585,5.0,0.1654526588557338,0,,0,0,STRONG SELL,4.454545454545455,0,3,3,Technology & Software
IQST,2026-08-14,1.0,0.9572300138572565,4.0,0,0,5.0,2.0,3.0,54.30618518702217,5.0,0.043196939991906415,0,,0,0,HOLD,3.141176470588235,2,3,5,Telecom & Media
IQV,2026-08-14,4.0,0.3493250074717091,1.0,1,0,2.0,3.0,4.0,60.447337283088714,1.0,0.8800880678947335,0,,0,0,BUY,2.447058823529412,3,1,5,Business & Research Services
IR,2026-08-14,4.0,0.33718095152315436,2.0,0,0,4.0,3.0,3.0,48.18984937639528,3.0,0.49054100323122124,0,,0,0,HOLD,3.376470588235295,1,2,5,Industrial Machinery
IRAB,2026-08-14,,,,0,0,,,3.0,46.39406150864195,3.0,0.4400024414062429,0,,0,0,,,0,0,1,Investment & Holding Companies
IRD,2026-08-14,5.0,0.13777777777777778,3.0,0,0,2.0,4.0,3.0,47.90070538832247,3.0,0.538793079417717,0,,0,0,SELL,3.6117647058823534,1,2,5,Pharmaceuticals & Biotech
IRDM,2026-08-14,5.0,0.1897104176274537,2.0,0,0,1.0,1.0,4.0,57.97525105176269,1.0,0.8625195770664829,0,,0,0,BUY,2.329411764705882,4,1,5,Telecom & Media
IREN,2026-08-14,5.0,0.06685633001422475,5.0,0,1,2.0,1.0,3.0,54.86175677980208,3.0,0.4391470184088891,0,,0,0,HOLD,3.2941176470588234,2,2,5,Banks & Financial Services
IRHO,2026-08-14,,,,0,0,3.0,4.0,3.0,49.68695748805688,2.0,0.7727300312979548,0,,0,0,HOLD,2.9,1,1,3,Services
IRM,2026-08-14,5.0,0.2404632564330492,2.0,0,0,2.0,4.0,4.0,59.837901267247574,1.0,0.9344396201898499,0,,0,0,HOLD,3.035294117647059,3,2,5,Investment & Holding Companies
IRMD,2026-08-14,5.0,0.14802221417925376,5.0,0,1,3.0,3.0,2.0,34.62723630905103,3.0,0.5169925645190547,0,,0,0,SELL,3.823529411764706,0,2,5,Medical Devices & Instruments
IRON,2026-08-14,4.0,0.26110236220472444,2.0,0,0,2.0,4.0,4.0,55.53995078106201,3.0,0.5998426537337499,0,,0,0,HOLD,3.2,2,2,5,Pharmaceuticals & Biotech
IRS,2026-08-14,,,4.0,0,0,4.0,,2.0,42.377269808306856,3.0,0.4752474967059791,0,,0,0,SELL,3.545454545454546,0,2,3,Real Estate & REITs
IRT,2026-08-14,3.0,0.4655653791999178,1.0,0,0,3.0,1.0,4.0,55.27415652830653,1.0,0.8801771768190781,0,,0,0,BUY,1.964705882352941,3,0,5,Investment & Holding Companies
IRTC,2026-08-14,5.0,0.1735862280623492,3.0,0,0,4.0,2.0,4.0,57.967364268716864,4.0,0.2818431486841301,0,,0,0,SELL,3.847058823529412,1,3,5,Medical Devices & Instruments
IRWD,2026-08-14,3.0,0.488325574660808,1.0,0,0,2.0,3.0,4.0,55.0679940853502,2.0,0.7522935895203001,0,,0,0,BUY,2.376470588235294,3,0,5,Pharmaceuticals & Biotech
ISBA,2026-08-14,2.0,0.6814437033269051,4.0,0,0,3.0,1.0,4.0,58.23345289883939,3.0,0.4334712512050569,1,5.0,0,0,BUY,2.147058823529412,2,1,5,Banks & Financial Services
ISD,2026-08-14,,,5.0,0,0,4.0,,2.0,39.24598978976895,5.0,0.11084645419195552,0,,0,0,STRONG SELL,4.659090909090909,0,3,3,Other
ISNR,2026-08-14,,,,0,0,,,,,,,0,,0,0,,,0,0,0,Investment & Holding Companies
ISOU,2026-08-14,,,4.0,0,1,3.0,,3.0,52.42047293731156,3.0,0.5266558516816136,0,,0,0,HOLD,3.2045454545454555,0,1,3,Mining & Minerals
ISPC,2026-08-14,2.0,0.6339325922371266,5.0,0,0,5.0,4.0,3.0,49.50564489148122,5.0,0.005513981322322308,0,,0,0,SELL,3.905882352941177,1,4,5,Business & Research Services
ISPR,2026-08-14,1.0,0.8096969696969697,4.0,0,0,5.0,4.0,3.0,46.37985414980067,5.0,0.17441857402681904,1,1.0,0,0,HOLD,3.1941176470588233,1,4,5,Food & Beverage
ISRG,2026-08-14,5.0,0.16885750934529936,4.0,0,0,4.0,1.0,4.0,55.87231477560677,4.0,0.23958142839776447,0,,0,0,SELL,3.776470588235294,1,4,5,Medical Devices & Instruments
ISSC,2026-08-14,4.0,0.41488857278330965,2.0,0,0,2.0,2.0,5.0,71.57022371626749,2.0,0.6600719629610731,0,,0,0,HOLD,2.6117647058823534,4,1,5,Technology & Software
ISTR,2026-08-14,2.0,0.7651299475604362,1.0,0,0,2.0,1.0,4.0,63.102616385525195,1.0,1.0,1,1.0,0,0,STRONG BUY,1.1823529411764706,5,0,5,Banks & Financial Services
IT,2026-08-14,3.0,0.5870080606922712,2.0,0,0,3.0,3.0,4.0,61.70994007066836,3.0,0.40011560992617584,0,,0,0,HOLD,2.894117647058824,1,0,5,Business & Research Services
ITG,2026-08-14,,,,0,0,,,2.0,32.11677117987813,,,0,,0,0,,,0,0,0,Construction & Materials
ITGR,2026-08-14,3.0,0.4528359569446438,1.0,0,0,2.0,3.0,5.0,82.71374664686087,1.0,0.987091672373008,0,,0,0,BUY,2.1411764705882352,3,0,5,Medical Devices & Instruments
ITHA,2026-08-14,,,,0,0,3.0,,4.0,55.76685866428916,2.0,0.7391291728344384,0,,0,0,,,1,0,2,Investment & Holding Companies
ITIC,2026-08-14,4.0,0.41652330326292797,1.0,0,0,3.0,2.0,3.0,54.98163921870047,1.0,0.8983849204469354,1,1.0,0,0,BUY,2.147058823529412,3,1,5,Insurance
ITRG,2026-08-14,,,4.0,0,0,3.0,,5.0,71.86070034137059,4.0,0.37414967586223086,0,,0,0,SELL,3.659090909090909,0,2,3,Mining & Minerals
ITRI,2026-08-14,3.0,0.5226752781209953,2.0,0,0,3.0,2.0,4.0,60.910074974616336,4.0,0.39128993463906403,0,,0,0,HOLD,2.9529411764705884,2,1,5,Medical Devices & Instruments
ITRN,2026-08-14,5.0,0.21637795275590552,3.0,0,0,2.0,,2.0,41.09458828662013,2.0,0.6448832755135667,0,,0,0,HOLD,3.242857142857143,2,1,4,Wholesale Trade
ITT,2026-08-14,4.0,0.3093531406268423,1.0,0,0,2.0,3.0,5.0,71.5877322168719,1.0,0.9680359629488686,0,,0,0,BUY,2.447058823529412,3,1,5,Industrial Machinery
ITW,2026-08-14,4.0,0.34446363227668203,1.0,0,0,3.0,3.0,4.0,58.00768820668872,1.0,0.892813446053739,0,,0,0,HOLD,2.6235294117647054,2,1,5,Industrial Machinery
IVA,2026-08-14,,,3.0,0,0,4.0,,3.0,52.97492618936456,4.0,0.3181817689217813,0,,0,0,SELL,3.795454545454546,0,2,3,Pharmaceuticals & Biotech
IVR,2026-08-14,1.0,0.8752541488898763,5.0,0,0,3.0,2.0,3.0,45.24669139674249,3.0,0.5992056632018095,1,1.0,0,0,BUY,2.1235294117647063,2,1,5,Investment & Holding Companies
IVT,2026-08-14,3.0,0.44504646933933173,3.0,0,0,2.0,2.0,2.0,40.39915397113286,2.0,0.6937042370337202,0,,0,0,BUY,2.4117647058823533,3,0,5,Investment & Holding Companies
IVZ,2026-08-14,2.0,0.643465098863526,1.0,0,0,2.0,1.0,4.0,66.33147277594406,1.0,1.0,0,,0,0,STRONG BUY,1.4823529411764707,5,0,5,Investment & Brokerage
IX,2026-08-14,,,1.0,0,0,2.0,,3.0,51.66469419811799,1.0,0.9327091054848488,0,,0,0,STRONG BUY,1.340909090909091,3,0,3,Banks & Financial Services
IXHL,2026-08-14,3.0,0.4807115383892382,5.0,0,0,5.0,5.0,4.0,55.41480492529068,5.0,0.03660396762947129,0,,0,0,STRONG SELL,4.3882352941176475,0,4,5,Pharmaceuticals & Biotech
IZEA,2026-08-14,2.0,0.6805060784267573,5.0,0,0,4.0,2.0,2.0,34.300543902300475,5.0,0.0,0,,0,0,HOLD,3.376470588235294,2,3,5,Services
J,2026-08-14,5.0,0.21412025556320913,2.0,0,0,3.0,2.0,4.0,63.77671316147265,2.0,0.671661649409148,0,,0,0,HOLD,3.094117647058824,3,1,5,Construction & Materials
JAB,2026-08-14,,,,0,0,,,,,,,0,,0,0,,,0,0,0,Investment & Holding Companies
JACK,2026-08-14,2.0,0.7482828282828283,2.0,0,0,4.0,3.0,3.0,53.522119106427205,3.0,0.5403683154830097,0,,0,0,HOLD,2.7647058823529416,2,1,5,Retail
JACS,2026-08-14,,,1.0,0,0,3.0,4.0,5.0,73.18555695976313,1.0,1.0,0,,0,0,BUY,2.2711864406779663,2,1,4,Investment & Holding Companies
JAGU,2026-08-14,,,,0,0,5.0,4.0,2.0,43.82602354199316,5.0,0.03658537885486977,1,1.0,0,0,STRONG SELL,4.4,0,3,3,Mining & Minerals
JAKK,2026-08-14,2.0,0.7250527415470381,1.0,0,0,1.0,3.0,4.0,59.11087148903319,1.0,0.92357687922662,0,,0,0,STRONG BUY,1.6588235294117646,4,0,5,Misc Manufacturing
JAN,2026-08-14,,,,0,0,,,4.0,56.26100126049979,1.0,0.8860224747838041,1,6.0,0,0,,,1,0,1,Investment & Holding Companies
JANX,2026-08-14,2.0,0.7568503937007874,3.0,0,0,3.0,5.0,3.0,54.12356530846444,5.0,0.174645403112529,0,,0,0,SELL,3.5176470588235293,1,2,5,Pharmaceuticals & Biotech
JATT,2026-08-14,,,,0,0,,,4.0,60.86719482843522,2.0,0.7986111456045379,0,,0,0,,,1,0,1,Investment & Holding Companies
JAZZ,2026-08-14,4.0,0.3945664155724541,1.0,0,0,1.0,3.0,2.0,44.45683011679772,1.0,0.8850638926934979,0,,0,0,BUY,2.2705882352941176,3,1,5,Pharmaceuticals & Biotech
JBDI,2026-08-14,5.0,0.18330708661417322,3.0,0,0,4.0,,4.0,55.65887070259548,5.0,0.13970210686513454,0,,0,0,STRONG SELL,4.5285714285714285,0,3,4,Industrial Machinery
JBGS,2026-08-14,1.0,0.7889713797597168,5.0,0,0,5.0,2.0,2.0,30.841042547576208,5.0,0.03510164329874615,0,,0,0,HOLD,3.2470588235294118,2,3,5,Investment & Holding Companies
JBHT,2026-08-14,5.0,0.17745128937004073,3.0,0,0,1.0,1.0,3.0,53.19525008051032,1.0,0.8918860655068943,1,1.0,0,0,BUY,2.135294117647059,3,1,5,Transportation & Logistics
JBI,2026-08-14,2.0,0.7282598514582868,5.0,0,0,5.0,3.0,2.0,44.45959530213778,5.0,0.06346490004086242,0,,0,0,SELL,3.7294117647058824,1,3,5,Industrial Machinery
JBIO,2026-08-14,4.0,0.33228346456692914,1.0,0,0,1.0,3.0,5.0,70.11054922988578,1.0,0.8934262323550961,0,,0,0,BUY,2.2705882352941176,3,1,5,Pharmaceuticals & Biotech
JBK,2026-08-14,,,3.0,0,0,3.0,,3.0,45.68328730815165,4.0,0.3881805259943155,0,,0,0,HOLD,3.454545454545455,0,1,3,Banks & Financial Services
JBL,2026-08-14,4.0,0.31583418552304154,2.0,0,0,1.0,3.0,4.0,61.21913237376124,1.0,0.8834116076565285,0,,0,0,BUY,2.376470588235294,3,1,5,Semiconductors & Chips
JBLU,2026-08-14,1.0,0.7960926289314675,1.0,0,0,3.0,4.0,3.0,47.47511698235664,2.0,0.6666666666666666,0,,0,0,BUY,2.1176470588235294,3,1,5,Airlines
JBS,2026-08-14,,,3.0,0,0,4.0,,4.0,57.0324516724707,4.0,0.3758488407985736,0,,0,0,SELL,3.795454545454546,0,2,3,Food & Beverage
JBSS,2026-08-14,2.0,0.6344238975817923,1.0,0,0,2.0,4.0,4.0,59.83075190490755,1.0,0.8833208629447258,0,,0,0,BUY,2.0117647058823533,4,1,5,Food & Beverage
JBTM,2026-08-14,2.0,0.6391614813179503,5.0,0,0,4.0,4.0,2.0,36.532559773516084,5.0,0.09115831705594571,0,,0,0,SELL,3.7294117647058824,1,4,5,Industrial Machinery
JCAP,2026-08-14,3.0,0.53577115454391,2.0,0,0,2.0,1.0,5.0,83.24016438676432,1.0,1.0,0,,0,0,BUY,1.8941176470588235,4,0,5,Banks & Financial Services
JCE,2026-08-14,,,1.0,0,0,2.0,,4.0,68.37413445949079,1.0,1.0,0,,0,0,STRONG BUY,1.340909090909091,3,0,3,Other
JCI,2026-08-14,4.0,0.34708392603129445,1.0,0,0,2.0,3.0,4.0,60.93253143548519,1.0,0.978396365762478,0,,0,0,BUY,2.447058823529412,3,1,5,Industrial Machinery
JCSE,2026-08-14,1.0,0.9952755905511812,1.0,0,0,1.0,,4.0,57.22932138761871,2.0,0.7422324096551087,0,,0,0,STRONG BUY,1.2857142857142858,4,0,4,Misc Manufacturing
JCTC,2026-08-14,1.0,0.9036378248668386,1.0,0,0,3.0,5.0,4.0,59.57577664236405,3.0,0.5689655269864905,0,,0,0,HOLD,2.5294117647058822,2,1,5,Retail
JD,2026-08-14,,,4.0,0,0,3.0,,2.0,37.80362019731186,3.0,0.43602673192708935,0,,0,0,HOLD,3.2045454545454555,0,1,3,Retail
JDZG,2026-08-14,1.0,0.8481889763779528,5.0,0,0,5.0,,1.0,9.15263766621068,5.0,0.0010950941483961773,0,,0,0,SELL,3.5142857142857147,1,3,4,Services
JEF,2026-08-14,2.0,0.6544854971584977,3.0,0,0,3.0,3.0,3.0,49.05873258195419,3.0,0.5867299173224889,0,,0,0,HOLD,2.6941176470588237,1,0,5,Investment & Brokerage
JELD,2026-08-14,1.0,0.9822222222222222,3.0,0,0,5.0,4.0,5.0,71.47569411464065,5.0,0.16795864306484382,0,,0,0,HOLD,3.388235294117647,1,3,5,Wood & Furniture
JEM,2026-08-14,3.0,0.573228346456693,5.0,0,0,5.0,,2.0,38.47654537275265,5.0,0.0008037687391265887,0,,0,0,STRONG SELL,4.257142857142858,0,3,4,Retail
JENA,2026-08-14,,,1.0,0,0,3.0,,4.0,59.87716656349833,1.0,0.9062507450587702,0,,0,0,STRONG BUY,1.6818181818181817,2,0,3,Investment & Holding Companies
JFB,2026-08-14,,,4.0,0,0,4.0,5.0,4.0,55.25240936077432,5.0,0.14491227041064264,0,,0,0,STRONG SELL,4.593220338983051,0,4,4,Construction & Materials
JFIN,2026-08-14,1.0,0.9688188976377953,5.0,0,0,5.0,,2.0,39.01215480444779,5.0,0.010752678205863267,0,,0,0,SELL,3.5142857142857147,1,3,4,Banks & Financial Services
JFR,2026-08-14,,,4.0,0,0,3.0,,3.0,50.87065897198037,1.0,0.9064594144105096,0,,0,0,BUY,2.2954545454545454,1,1,3,Other
JFU,2026-08-14,1.0,0.9644094488188976,5.0,0,0,4.0,,3.0,45.95624618254769,5.0,0.060560174616963246,0,,0,0,HOLD,3.3,1,3,4,Banks & Financial Services
JG,2026-08-14,,,3.0,0,0,5.0,,4.0,65.57421532110865,4.0,0.2939393856199215,0,,0,0,SELL,4.136363636363637,0,2,3,Technology & Software
JGH,2026-08-14,,,5.0,0,0,3.0,,3.0,50.29280846352883,1.0,0.8012149164660861,0,,0,0,BUY,2.5,1,1,3,Other
JHI,2026-08-14,,,3.0,0,0,3.0,,4.0,65.05595151386851,1.0,1.0,0,,0,0,BUY,2.090909090909091,1,0,3,Other
JHS,2026-08-14,,,4.0,0,0,4.0,,4.0,56.41348962951247,3.0,0.40542887574311187,0,,0,0,SELL,3.545454545454546,0,2,3,Other
JHX,2026-08-14,4.0,0.3583512925127919,1.0,0,0,3.0,4.0,5.0,73.73503747442561,1.0,0.9972203606757981,0,,0,0,HOLD,2.8,2,2,5,Construction & Materials
JILL,2026-08-14,2.0,0.6908099791134429,1.0,1,0,2.0,2.0,4.0,63.64979104512375,1.0,0.9629175551080852,0,,0,0,STRONG BUY,1.6588235294117648,5,0,5,Apparel & Textiles
JJSF,2026-08-14,3.0,0.5597541661765998,2.0,0,0,4.0,2.0,4.0,66.3936309483704,3.0,0.4756952395127313,0,,0,0,HOLD,2.8941176470588235,2,1,5,Food & Beverage
JKHY,2026-08-14,3.0,0.4461830251303935,3.0,0,0,4.0,1.0,3.0,52.82331483061471,3.0,0.44200447223356704,0,,0,0,HOLD,2.823529411764706,1,1,5,Technology & Software
JKS,2026-08-14,1.0,0.9577952755905511,5.0,0,0,5.0,,4.0,55.06510134102179,5.0,0.15911423952203002,0,,0,0,SELL,3.5142857142857147,1,3,4,Semiconductors & Chips
JL,2026-08-14,3.0,0.5776377952755906,4.0,0,0,3.0,,1.0,23.157793398365484,4.0,0.29139077741322716,0,,0,0,HOLD,3.4142857142857146,0,2,4,Retail
JLHL,2026-08-14,3.0,0.5137007874015748,4.0,0,0,1.0,,2.0,44.511613433841454,5.0,0.09916168085820685,0,,0,0,HOLD,3.271428571428572,1,2,4,Business & Research Services
JLL,2026-08-14,2.0,0.6136335756357237,1.0,1,0,2.0,1.0,4.0,68.28296630936373,1.0,1.0,0,,0,0,STRONG BUY,1.4823529411764707,5,0,5,Real Estate & REITs
JLS,2026-08-14,,,5.0,0,0,4.0,,2.0,42.26547376983833,5.0,0.16628015468956386,1,1.0,0,0,STRONG SELL,4.359090909090909,0,3,3,Other
JMIA,2026-08-14,,,5.0,0,0,5.0,,3.0,49.98128152049194,5.0,0.06060605411914239,0,,0,0,STRONG SELL,5.0,0,3,3,Retail
JMKE,2026-08-14,,,,0,0,,,,,,,0,,0,0,,,0,0,0,Retail
JMM,2026-08-14,,,5.0,0,0,4.0,,3.0,48.88223858353978,4.0,0.2820129252370174,0,,0,0,SELL,4.204545454545455,0,3,3,Other
JMSB,2026-08-14,2.0,0.6870554765291608,1.0,0,0,2.0,1.0,4.0,57.54480449924887,1.0,0.9043831939162698,0,,0,0,STRONG BUY,1.4823529411764707,5,0,5,Banks & Financial Services
JNJ,2026-08-14,3.0,0.4656235182550972,1.0,0,0,2.0,4.0,4.0,55.23216944278362,1.0,0.9288071393727223,0,,0,0,BUY,2.3176470588235296,3,1,5,Pharmaceuticals & Biotech
JOBY,2026-08-14,5.0,0.17135255255656084,5.0,0,0,5.0,4.0,3.0,48.663587969855456,5.0,0.09829721519340527,0,,0,0,STRONG SELL,4.823529411764706,0,5,5,Aerospace & Defense
JOE,2026-08-14,5.0,0.25180460330090504,2.0,0,1,3.0,1.0,4.0,68.75083213259687,1.0,0.8439644865313394,0,,0,0,HOLD,2.682352941176471,3,1,5,Real Estate & REITs
JOF,2026-08-14,,,1.0,0,0,2.0,,5.0,72.72258476957026,1.0,1.0,0,,0,0,STRONG BUY,1.340909090909091,3,0,3,Other
JOUT,2026-08-14,,,1.0,1,0,3.0,4.0,4.0,57.08321548714621,2.0,0.7087131050129524,0,,0,0,HOLD,2.610169491525424,2,1,4,Misc Manufacturing
JOYY,2026-08-14,,,1.0,0,0,2.0,,3.0,53.387417025022216,1.0,0.9360881302932416,0,,0,0,STRONG BUY,1.340909090909091,3,0,3,Technology & Software
JPM,2026-08-14,4.0,0.41388104016115357,1.0,0,0,2.0,4.0,4.0,65.30791157176552,1.0,0.9724842643164212,0,,0,0,HOLD,2.623529411764706,3,2,5,Banks & Financial Services
JQC,2026-08-14,,,5.0,0,0,4.0,,4.0,55.95133844318301,2.0,0.6535955637315731,0,,0,0,HOLD,3.295454545454546,1,2,3,Other
JRI,2026-08-14,,,5.0,0,0,3.0,,2.0,44.680067151751636,2.0,0.7572666702332989,0,,0,0,HOLD,2.9545454545454546,1,1,3,Other
JRS,2026-08-14,,,1.0,0,0,2.0,,3.0,49.07933236724983,1.0,0.8054179688647719,1,1.0,0,0,STRONG BUY,1.040909090909091,3,0,3,Other
JRSH,2026-08-14,1.0,0.7903874473292487,1.0,0,0,1.0,2.0,4.0,67.69086371878745,1.0,0.9505351424852757,0,,0,0,STRONG BUY,1.176470588235294,5,0,5,Apparel & Textiles
JRVR,2026-08-14,1.0,0.9371179748752962,4.0,0,0,5.0,3.0,2.0,38.70723908575828,5.0,0.1065875670246645,0,,0,0,HOLD,3.317647058823529,1,3,5,Insurance
JTAI,2026-08-14,1.0,0.9734048264483033,3.0,0,0,5.0,4.0,3.0,49.19273992562772,5.0,0.018009217754337514,0,,0,0,HOLD,3.388235294117647,1,3,5,Airlines
JUNS,2026-08-14,5.0,0.0048484848484848485,1.0,1,0,1.0,5.0,5.0,77.88912146630143,1.0,0.8716866066472565,0,,0,0,HOLD,2.929411764705882,3,2,5,Pharmaceuticals & Biotech
JVA,2026-08-14,1.0,0.8861092968526687,5.0,0,0,3.0,4.0,3.0,52.92040485108809,4.0,0.2736532841848387,0,,0,0,HOLD,3.0117647058823525,1,3,5,Food & Beverage
JWEL,2026-08-14,1.0,0.8822047244094489,3.0,0,0,1.0,,4.0,61.700579769948185,2.0,0.6390321000208014,0,,0,0,STRONG BUY,1.5428571428571431,3,0,4,Retail
JXG,2026-08-14,,,3.0,0,0,3.0,,2.0,39.20562068850159,4.0,0.2840557080866468,0,,0,0,HOLD,3.454545454545455,0,1,3,Wholesale Trade
JXN,2026-08-14,2.0,0.7456137284746772,1.0,0,0,2.0,1.0,4.0,68.37756562806122,1.0,1.0,0,,0,0,STRONG BUY,1.4823529411764707,5,0,5,Insurance
JYD,2026-08-14,1.0,0.975748031496063,3.0,0,0,5.0,,3.0,54.068561617241436,5.0,0.03692728606813068,0,,0,0,HOLD,3.257142857142857,1,2,4,Transportation & Logistics
JYNT,2026-08-14,4.0,0.40062126190520897,5.0,0,1,4.0,2.0,3.0,46.800167829281285,4.0,0.24223592182832976,1,1.0,0,0,HOLD,3.452941176470588,1,4,5,Investment & Holding Companies
JZ,2026-08-14,5.0,0.19023622047244093,5.0,0,0,5.0,,2.0,39.168547139821996,5.0,0.0,0,,0,0,STRONG SELL,5.0,0,4,4,Services
JZXN,2026-08-14,1.0,0.9662992125984252,3.0,0,0,5.0,,3.0,49.16936029881774,5.0,0.00844409595441774,0,,0,0,HOLD,3.257142857142857,1,2,4,Retail
KAI,2026-08-14,5.0,0.24513987671882412,1.0,0,0,4.0,3.0,4.0,60.23423806821945,1.0,0.8768749451011094,0,,0,0,HOLD,3.105882352941176,2,2,5,Industrial Machinery
KALU,2026-08-14,3.0,0.5344892722873634,2.0,0,0,1.0,2.0,4.0,55.258680379568325,1.0,0.8933893100213336,0,,0,0,BUY,1.8941176470588235,4,0,5,Metals
KARD,2026-08-14,4.0,0.3807874015748032,,0,0,,,3.0,46.24299891903144,,,0,,0,0,,,0,1,1,Pharmaceuticals & Biotech
KARO,2026-08-14,,,1.0,0,0,2.0,,3.0,53.86034318672881,1.0,0.8563378333943762,0,,0,0,STRONG BUY,1.340909090909091,3,0,3,Technology & Software
KAZR,2026-08-14,,,5.0,0,0,3.0,,3.0,45.781629221260346,4.0,0.39359270247094535,0,,0,0,SELL,3.863636363636364,0,2,3,Construction & Materials
KB,2026-08-14,,,1.0,0,0,2.0,,3.0,53.973765213151964,1.0,0.9127068372068377,0,,0,0,STRONG BUY,1.340909090909091,3,0,3,Banks & Financial Services
KBDC,2026-08-14,1.0,0.8497257746424217,5.0,0,0,3.0,4.0,3.0,45.65816028111543,3.0,0.5185264883556878,1,2.0,0,0,BUY,2.4764705882352946,1,2,5,Other
KBH,2026-08-14,1.0,0.8971076339497392,4.0,0,0,4.0,4.0,3.0,48.48464286228795,3.0,0.5108942409338084,0,,0,0,HOLD,2.847058823529412,1,3,5,Construction & Materials
KBON,2026-08-14,,,,0,0,3.0,,3.0,52.38326327252584,2.0,0.6153880012324623,0,,0,0,,,1,0,2,Investment & Holding Companies
KBR,2026-08-14,2.0,0.627587300100404,3.0,0,0,4.0,1.0,4.0,59.041508843128874,3.0,0.4050798533500107,0,,0,0,HOLD,2.51764705882353,2,1,5,Construction & Materials
KC,2026-08-14,4.0,0.2651968503937008,3.0,0,0,4.0,,4.0,55.77074287564784,4.0,0.3250260007490751,0,,0,0,SELL,3.8714285714285714,0,3,4,Technology & Software
KCHV,2026-08-14,,,1.0,0,0,3.0,,4.0,65.345205976751,1.0,1.0,0,,0,0,STRONG BUY,1.6818181818181817,2,0,3,Investment & Holding Companies
KD,2026-08-14,2.0,0.6951161688003793,3.0,0,0,4.0,,3.0,50.95459665254163,5.0,0.11441241733905995,0,,0,0,HOLD,3.4142857142857146,1,2,4,Technology & Software
KDK,2026-08-14,5.0,0.04404040404040404,5.0,0,0,5.0,4.0,2.0,40.83961392399672,5.0,0.020289835442116842,0,,0,0,STRONG SELL,4.823529411764706,0,5,5,Technology & Software
KDP,2026-08-14,3.0,0.5409449926242303,2.0,0,0,3.0,2.0,4.0,56.70572804701687,2.0,0.7206743824914458,0,,0,0,BUY,2.482352941176471,3,0,5,Food & Beverage
KE,2026-08-14,2.0,0.7355593228633791,3.0,0,0,3.0,3.0,3.0,53.84578100877757,4.0,0.3066667272174059,0,,0,0,HOLD,2.929411764705882,1,1,5,Semiconductors & Chips
KEEL,2026-08-14,5.0,0.20301977996195134,3.0,0,0,1.0,4.0,2.0,41.70784317760859,3.0,0.41988951076769465,0,,0,0,HOLD,3.4352941176470595,1,2,5,Banks & Financial Services
KELYA,2026-08-14,,,1.0,0,0,2.0,3.0,4.0,63.114402077610364,1.0,0.9700865012290034,0,,0,0,BUY,1.7627118644067798,3,0,4,Services
KELYB,2026-08-14,,,1.0,0,0,1.0,3.0,4.0,61.499754781147246,3.0,0.5319835413928536,1,3.0,0,0,BUY,1.886440677966102,2,0,4,Services
KEN,2026-08-14,,,5.0,0,1,3.0,,3.0,47.90792806533487,3.0,0.47746073365070607,0,,0,0,HOLD,3.4090909090909096,0,1,3,Utilities
KEP,2026-08-14,,,5.0,0,0,5.0,,3.0,45.073019983590065,5.0,0.037688504423083774,0,,0,0,STRONG SELL,5.0,0,3,3,Utilities
KEQU,2026-08-14,1.0,0.7755078065150317,5.0,0,0,4.0,3.0,3.0,49.37733974391814,5.0,0.10691691038791498,0,,0,0,HOLD,3.2470588235294118,1,3,5,Medical Devices & Instruments
KEX,2026-08-14,3.0,0.505452821242295,3.0,0,0,2.0,1.0,3.0,52.61412494311067,1.0,0.8076816996409018,0,,0,0,BUY,2.0,3,0,5,Transportation & Logistics
KEY,2026-08-14,2.0,0.7017543859649122,2.0,0,0,2.0,1.0,4.0,58.42093772122766,1.0,0.9119013141312352,0,,0,0,STRONG BUY,1.588235294117647,5,0,5,Banks & Financial Services
KEYS,2026-08-14,5.0,0.11522048364153628,2.0,0,0,1.0,3.0,4.0,63.778574701305324,1.0,0.9277568827380218,0,,0,0,HOLD,2.6823529411764704,3,1,5,Medical Devices & Instruments
KEYY,2026-08-14,,,,0,0,,,3.0,45.687590850055905,,,0,,0,0,,,0,0,0,Investment & Holding Companies
KF,2026-08-14,,,3.0,0,0,1.0,,3.0,54.980716105240326,2.0,0.7066600466049153,0,,0,0,BUY,1.863636363636364,2,0,3,Other
KFFB,2026-08-14,5.0,0.023233760075865337,1.0,0,0,2.0,,4.0,64.42067177595152,1.0,0.9799197917695984,0,,0,0,HOLD,2.7,3,1,4,Banks & Financial Services
KFII,2026-08-14,,,1.0,0,0,3.0,3.0,4.0,56.87437121529291,1.0,0.9782603737988369,0,,0,0,BUY,2.016949152542373,2,0,4,Investment & Holding Companies
KFRC,2026-08-14,5.0,0.24494096971377405,1.0,0,0,1.0,4.0,4.0,55.42961284894404,1.0,0.9355476750418349,0,,0,0,HOLD,2.7529411764705882,3,2,5,Services
KFY,2026-08-14,2.0,0.588758259274282,1.0,0,0,2.0,1.0,4.0,64.30290390205533,1.0,0.9756349618517499,0,,0,0,STRONG BUY,1.4823529411764707,5,0,5,Services
KG,2026-08-14,1.0,0.7957894516450459,5.0,0,0,5.0,4.0,2.0,34.835399606406796,5.0,0.007282650978370194,0,,0,0,SELL,3.5999999999999996,1,4,5,Insurance
KGC,2026-08-14,,,3.0,0,0,3.0,,4.0,63.28434468460355,3.0,0.4490357510270825,0,,0,0,HOLD,3.0000000000000004,0,0,3,Mining & Minerals
KGEI,2026-08-14,,,1.0,0,0,2.0,,4.0,63.77806123164287,2.0,0.7660256263302152,0,,0,0,BUY,1.7954545454545454,3,0,3,Oil & Gas
KGS,2026-08-14,5.0,0.25011903432008586,3.0,0,0,1.0,2.0,4.0,56.80713898320046,2.0,0.7532243798738972,1,3.0,0,0,HOLD,2.547058823529412,3,1,5,Utilities
KHC,2026-08-14,1.0,0.8302362204724409,1.0,0,0,3.0,2.0,3.0,51.203588782987936,2.0,0.6891376853480385,0,,0,0,BUY,1.7647058823529411,4,0,5,Food & Beverage
KIDS,2026-08-14,3.0,0.5284962109558237,1.0,0,0,2.0,3.0,5.0,77.97491113939145,1.0,0.9797491808930747,0,,0,0,BUY,2.1411764705882352,3,0,5,Medical Devices & Instruments
KIDZ,2026-08-14,,,4.0,0,0,5.0,3.0,5.0,80.2400296588038,5.0,0.003453499893164117,0,,0,0,STRONG SELL,4.338983050847458,0,3,4,Services
KIM,2026-08-14,3.0,0.43740669872528976,2.0,0,0,3.0,1.0,2.0,40.070467052432974,2.0,0.7260369499072021,0,,0,0,BUY,2.3058823529411763,3,0,5,Investment & Holding Companies
KINS,2026-08-14,2.0,0.6316675249111153,1.0,0,0,2.0,1.0,3.0,52.040943877273776,1.0,0.863448438821426,0,,0,0,STRONG BUY,1.4823529411764707,5,0,5,Insurance
KIO,2026-08-14,,,5.0,0,0,3.0,,3.0,53.68344811099902,2.0,0.7237885862614368,0,,0,0,HOLD,2.9545454545454546,1,1,3,Other
KKR,2026-08-14,4.0,0.34189883579194325,2.0,0,0,3.0,4.0,4.0,68.65251721900471,3.0,0.47062086015316024,1,5.0,0,0,HOLD,3.0764705882352943,1,2,5,Investment & Brokerage
KLAC,2026-08-14,5.0,0.091034361519895,3.0,0,0,1.0,3.0,3.0,49.08645554241031,3.0,0.549839577208082,0,,0,0,HOLD,3.2588235294117647,1,1,5,Medical Devices & Instruments
KLAR,2026-08-14,,,3.0,0,0,2.0,,4.0,62.19718036595024,4.0,0.2565492530154028,0,,0,0,HOLD,3.113636363636364,1,1,3,Banks & Financial Services
KLC,2026-08-14,1.0,0.9215711793664308,3.0,0,0,5.0,3.0,1.0,19.621594031262504,5.0,0.13058417449110793,1,2.0,0,0,HOLD,2.9117647058823533,1,2,5,Services
KLIC,2026-08-14,5.0,0.19943619791582137,3.0,0,0,1.0,1.0,3.0,51.33944213468795,2.0,0.6487582096657599,0,,0,0,HOLD,2.670588235294118,3,1,5,Semiconductors & Chips
KLRA,2026-08-14,3.0,0.5099212598425197,,0,0,,,2.0,43.57136940111179,5.0,0.1295897120171406,0,,0,0,,,0,1,2,Pharmaceuticals & Biotech
KLRS,2026-08-14,4.0,0.32110275119369025,5.0,0,0,3.0,4.0,3.0,50.259758303560275,4.0,0.20780712215183536,1,1.0,0,0,SELL,3.6294117647058823,0,4,5,Pharmaceuticals & Biotech
KLTR,2026-08-14,4.0,0.32071941417756245,2.0,0,0,3.0,2.0,4.0,58.161367022660976,2.0,0.6790123347773848,1,6.0,0,0,BUY,2.4882352941176475,3,1,5,Technology & Software
KLXE,2026-08-14,,,5.0,0,1,5.0,4.0,2.0,35.602235115119555,5.0,0.04044118130444238,0,,0,0,STRONG SELL,4.745762711864407,0,4,4,Oil & Gas
KMB,2026-08-14,4.0,0.32709625913057344,1.0,0,0,4.0,3.0,3.0,53.13333593174525,3.0,0.5244072494408095,0,,0,0,HOLD,3.270588235294118,1,2,5,Paper
KMDA,2026-08-14,,,4.0,0,0,4.0,,4.0,60.56545461665424,3.0,0.446382680024829,0,,0,0,SELL,3.545454545454546,0,2,3,Pharmaceuticals & Biotech
KMI,2026-08-14,4.0,0.42163430102988764,2.0,0,0,3.0,2.0,4.0,62.1804254421134,1.0,0.8716253911905036,0,,0,0,HOLD,2.552941176470588,3,1,5,Utilities
KMPR,2026-08-14,1.0,0.8741242215043631,4.0,0,0,5.0,2.0,3.0,46.32925858300365,5.0,0.15116049956953567,0,,0,0,HOLD,3.141176470588235,2,3,5,Insurance
KMRK,2026-08-14,4.0,0.3300787401574803,4.0,0,0,5.0,,3.0,54.859461471833,5.0,0.10179641616190992,0,,0,0,STRONG SELL,4.5,0,4,4,Misc Manufacturing
KMT,2026-08-14,1.0,0.9355144618302513,4.0,0,0,3.0,3.0,2.0,39.70582926412138,3.0,0.4851389659576141,0,,0,0,BUY,2.4941176470588236,1,1,5,Industrial Machinery
KMTS,2026-08-14,5.0,0.15797979797979797,1.0,1,0,2.0,3.0,4.0,64.15656322595453,1.0,0.9739542287514664,1,1.0,0,0,BUY,2.4529411764705884,3,1,5,Medical Devices & Instruments
KMX,2026-08-14,2.0,0.7496751153765302,1.0,0,0,2.0,2.0,4.0,63.51886072720053,1.0,0.9280920399066844,0,,0,0,STRONG BUY,1.6588235294117648,5,0,5,Retail
KN,2026-08-14,4.0,0.27505638383124625,2.0,0,0,1.0,1.0,3.0,52.63693229707942,1.0,0.8093332926432292,0,,0,0,BUY,2.023529411764706,4,1,5,Industrial Machinery
KNF,2026-08-14,3.0,0.5626409726131018,5.0,0,1,4.0,4.0,2.0,34.45894650746837,5.0,0.1900705360366731,0,,0,0,SELL,4.035294117647059,0,4,5,Mining & Minerals
KNSA,2026-08-14,5.0,0.07444286391654813,1.0,0,0,1.0,1.0,4.0,62.186427893762406,1.0,0.912907301417031,0,,0,0,BUY,2.223529411764706,4,1,5,Pharmaceuticals & Biotech
KNSL,2026-08-14,4.0,0.36213262088012144,2.0,0,0,4.0,2.0,4.0,62.94086982430161,3.0,0.4736915718194821,0,,0,0,HOLD,3.2,2,2,5,Insurance
KNTK,2026-08-14,3.0,0.5638085637910483,1.0,0,0,2.0,1.0,4.0,65.96772588009502,1.0,1.0,0,,0,0,BUY,1.7882352941176471,4,0,5,Utilities
KNX,2026-08-14,3.0,0.5306319691139284,3.0,0,0,2.0,3.0,3.0,51.06295845706111,2.0,0.7713870152056574,0,,0,0,HOLD,2.588235294117647,2,0,5,Transportation & Logistics
KO,2026-08-14,4.0,0.3736367946894263,1.0,0,0,2.0,2.0,4.0,61.88076169735551,1.0,0.9445989968712775,0,,0,0,BUY,2.270588235294118,4,1,5,Food & Beverage
KOD,2026-08-14,5.0,0.04692913385826772,1.0,0,0,1.0,5.0,3.0,49.76118697751551,1.0,0.8656637539537277,0,,0,0,HOLD,2.929411764705882,3,2,5,Pharmaceuticals & Biotech
KODK,2026-08-14,2.0,0.6768503556883874,2.0,0,0,1.0,2.0,4.0,65.54284184365427,3.0,0.485159804675312,0,,0,0,BUY,2.058823529411765,4,0,5,Medical Devices & Instruments
KOP,2026-08-14,2.0,0.6571349912370339,1.0,0,0,1.0,1.0,3.0,45.389921588410125,1.0,0.8016837222929584,0,,0,0,STRONG BUY,1.3058823529411767,5,0,5,Wood & Furniture
KOPN,2026-08-14,5.0,0.08870458478071781,2.0,0,0,1.0,4.0,4.0,66.12071645324156,1.0,0.8081896784277939,0,,0,0,HOLD,2.8588235294117648,3,2,5,Semiconductors & Chips
KOS,2026-08-14,,,1.0,0,0,1.0,4.0,3.0,52.874001123719744,2.0,0.6958333223644229,1,4.0,0,0,BUY,1.8016949152542374,3,1,4,Oil & Gas
KOSS,2026-08-14,2.0,0.7184251968503937,5.0,0,0,4.0,4.0,3.0,48.73269091431223,5.0,0.08305647208966185,0,,0,0,SELL,3.7294117647058824,1,4,5,Industrial Machinery
KOYN,2026-08-14,,,1.0,0,0,3.0,,4.0,56.62411790075451,1.0,0.9016400106311462,0,,0,0,STRONG BUY,1.6818181818181817,2,0,3,Investment & Holding Companies
KPET,2026-08-14,,,,0,0,,,2.0,35.37797241179631,,,0,,0,0,,,0,0,0,Investment & Holding Companies
KPLT,2026-08-14,1.0,0.9672727272727274,2.0,0,0,4.0,3.0,4.0,56.471285747101994,5.0,0.09383995599811702,0,,0,0,HOLD,2.929411764705882,2,2,5,Services
KPRX,2026-08-14,1.0,0.8768503937007874,2.0,0,0,3.0,4.0,3.0,48.32865283882901,2.0,0.6637167469412798,0,,0,0,BUY,2.223529411764706,3,1,5,Pharmaceuticals & Biotech
KPTI,2026-08-14,1.0,0.92,4.0,0,0,5.0,4.0,1.0,20.281453078800638,5.0,0.012557079101363916,0,,0,0,HOLD,3.494117647058823,1,4,5,Pharmaceuticals & Biotech
KR,2026-08-14,4.0,0.2631578947368421,5.0,0,0,4.0,2.0,3.0,45.25114298615047,5.0,0.058961572706740795,0,,0,0,SELL,3.9882352941176467,1,4,5,Retail
KRAQ,2026-08-14,,,,0,0,,,2.0,41.007017025521726,2.0,0.7222201618073253,0,,0,0,,,1,0,1,Investment & Holding Companies
KRC,2026-08-14,3.0,0.4991837789428165,2.0,0,0,3.0,2.0,2.0,39.15005348563603,2.0,0.6261832901058543,0,,0,0,BUY,2.482352941176471,3,0,5,Investment & Holding Companies
KREF,2026-08-14,1.0,0.91748031496063,2.0,0,0,3.0,3.0,4.0,56.8857920778712,2.0,0.6062013023004134,0,,0,0,BUY,2.0470588235294116,3,0,5,Investment & Holding Companies
KRG,2026-08-14,3.0,0.4482654241189868,3.0,0,0,2.0,1.0,2.0,32.18659939931112,2.0,0.6443663420442283,0,,0,0,BUY,2.235294117647059,3,0,5,Investment & Holding Companies
KRKR,2026-08-14,1.0,0.9952755905511812,3.0,0,0,5.0,,3.0,52.29968115293223,5.0,0.054394163665931465,0,,0,0,HOLD,3.257142857142857,1,2,4,Services
KRMD,2026-08-14,4.0,0.2596273775670702,5.0,0,0,5.0,3.0,2.0,34.08363361866054,5.0,0.03105594477100303,0,,0,0,STRONG SELL,4.341176470588236,0,4,5,Medical Devices & Instruments
KRMN,2026-08-14,5.0,0.09106235318004485,3.0,0,0,3.0,4.0,4.0,66.84555722924989,4.0,0.24371892097945397,0,,0,0,SELL,4.023529411764706,0,3,5,Aerospace & Defense
KRNT,2026-08-14,2.0,0.7348031496062992,1.0,0,0,2.0,,4.0,69.88415263373605,1.0,1.0,0,,0,0,STRONG BUY,1.5857142857142859,4,0,4,Industrial Machinery
KRNY,2026-08-14,2.0,0.7547823073810723,1.0,0,0,2.0,2.0,4.0,57.96066380703834,1.0,0.9796567430054139,0,,0,0,STRONG BUY,1.6588235294117648,5,0,5,Banks & Financial Services
KRO,2026-08-14,2.0,0.7613386361807382,1.0,0,0,2.0,3.0,4.0,66.06017736131606,1.0,0.9594547857371791,0,,0,0,BUY,1.835294117647059,4,0,5,Chemicals
KROS,2026-08-14,1.0,0.8406713131822335,5.0,0,0,5.0,1.0,2.0,44.34139869571598,5.0,0.01592628073741006,1,1.0,0,0,HOLD,2.770588235294117,2,3,5,Pharmaceuticals & Biotech
KRRO,2026-08-14,5.0,0.11272727272727273,3.0,0,0,3.0,4.0,4.0,60.56597803106776,5.0,0.1736110992539951,1,9.0,0,0,SELL,3.958823529411765,0,3,5,Pharmaceuticals & Biotech
KRSP,2026-08-14,,,,0,0,3.0,,2.0,44.58489766040123,4.0,0.3643408331127806,0,,0,0,,,0,1,2,Investment & Holding Companies
KRT,2026-08-14,4.0,0.3753827129268052,1.0,0,0,1.0,2.0,5.0,76.81649772707226,1.0,0.928666908025419,0,,0,0,BUY,2.0941176470588236,4,1,5,"Rubber, Plastics & Leather"
KRUS,2026-08-14,,,4.0,0,0,5.0,3.0,4.0,62.21777748711069,4.0,0.24271383885621928,0,,0,0,SELL,4.0,0,3,4,Retail
KRYS,2026-08-14,5.0,0.15279649181108082,3.0,0,0,1.0,2.0,3.0,47.47286116043462,1.0,0.8093813314801407,0,,0,0,HOLD,2.6117647058823525,3,1,5,Pharmaceuticals & Biotech
KSCP,2026-08-14,,,5.0,0,0,5.0,3.0,3.0,45.83441199168035,5.0,0.023255811190389688,0,,0,0,STRONG SELL,4.491525423728814,0,3,4,Industrial Machinery
KSPI,2026-08-14,,,1.0,0,0,2.0,,5.0,71.5048545659617,1.0,0.9747447144725992,0,,0,0,STRONG BUY,1.340909090909091,3,0,3,Services
KSS,2026-08-14,1.0,0.9184447605500237,1.0,1,0,3.0,2.0,3.0,54.524449397994886,2.0,0.6056444731581258,0,,0,0,BUY,1.7647058823529411,4,0,5,Retail
KT,2026-08-14,,,3.0,0,0,4.0,,4.0,62.559424810608434,4.0,0.2554945652359021,0,,0,0,SELL,3.795454545454546,0,2,3,Telecom & Media
KTB,2026-08-14,4.0,0.41423964966472354,1.0,0,0,2.0,3.0,4.0,55.37706725208342,1.0,0.8963196693879412,0,,0,0,BUY,2.447058823529412,3,1,5,Apparel & Textiles
KTCC,2026-08-14,1.0,0.9511684345573836,1.0,0,0,2.0,3.0,3.0,50.51644233721289,1.0,0.8423912085747753,0,,0,0,STRONG BUY,1.5294117647058825,4,0,5,Semiconductors & Chips
KTF,2026-08-14,,,5.0,0,0,3.0,,3.0,51.528878452143466,1.0,0.8241659733554898,0,,0,0,BUY,2.5,1,1,3,Other
KTN,2026-08-14,,,5.0,0,0,3.0,,3.0,45.36522959650985,1.0,0.8222285461712189,0,,0,0,BUY,2.5,1,1,3,Banks & Financial Services
KTOS,2026-08-14,5.0,0.24835412732112827,3.0,0,0,4.0,3.0,5.0,70.34065876018005,4.0,0.23836942338285544,0,,0,0,SELL,4.023529411764707,0,3,5,Aerospace & Defense
KTWO,2026-08-14,,,,0,0,,,4.0,58.83007085334896,1.0,0.9523844124231952,0,,0,0,,,1,0,1,Investment & Holding Companies
KULR,2026-08-14,3.0,0.4823586084732759,4.0,0,0,4.0,4.0,2.0,42.25203290897396,5.0,0.18023259118159,0,,0,0,SELL,3.929411764705882,0,4,5,Industrial Machinery
KURA,2026-08-14,5.0,0.1110619142343746,2.0,0,0,1.0,4.0,4.0,61.54511278931776,2.0,0.7689529629445053,0,,0,0,HOLD,3.094117647058824,3,2,5,Pharmaceuticals & Biotech
KUST,2026-08-14,3.0,0.547569864612705,5.0,0,0,5.0,4.0,3.0,48.290686747293265,5.0,0.009834049957054891,0,,0,0,SELL,4.211764705882353,0,4,5,Industrial Machinery
KVHI,2026-08-14,2.0,0.7007246976929646,3.0,0,0,2.0,3.0,2.0,40.29308843370096,3.0,0.423017117343333,0,,0,0,HOLD,2.51764705882353,2,0,5,Telecom & Media
KVUE,2026-08-14,3.0,0.4258981653476697,1.0,0,0,3.0,3.0,3.0,52.73310289785331,2.0,0.7702251720329791,0,,0,0,HOLD,2.552941176470588,2,0,5,Chemicals
KVYO,2026-08-14,,,3.0,0,0,4.0,3.0,3.0,54.184531207567126,4.0,0.2441457275656684,1,1.0,0,0,HOLD,3.293220338983051,0,2,4,Technology & Software
KWM,2026-08-14,,,5.0,0,0,5.0,,2.0,38.55147723558141,5.0,0.0029518617340979067,0,,0,0,STRONG SELL,5.0,0,3,3,Hospitality & Leisure
KWR,2026-08-14,3.0,0.5672962119938975,1.0,0,0,3.0,3.0,4.0,62.80656939788009,1.0,0.869127892832979,0,,0,0,BUY,2.3176470588235296,2,0,5,Oil & Gas
KWY,2026-08-14,4.0,0.28714154650183443,4.0,0,0,5.0,4.0,4.0,56.02236264465738,5.0,0.176861703645433,1,2.0,0,0,SELL,4.111764705882353,0,5,5,Insurance
KXIN,2026-08-14,5.0,0.10456692913385827,3.0,0,0,5.0,,3.0,47.430738073249955,5.0,0.0013523736970189038,0,,0,0,STRONG SELL,4.742857142857143,0,3,4,Retail
KYIV,2026-08-14,,,3.0,0,0,3.0,,2.0,42.15527096582652,3.0,0.5716373918402289,0,,0,0,HOLD,3.0000000000000004,0,0,3,Telecom & Media
KYMR,2026-08-14,5.0,0.12046482144124908,1.0,0,0,1.0,4.0,4.0,65.24344289300545,1.0,0.9750826457122458,0,,0,0,HOLD,2.7529411764705882,3,2,5,Pharmaceuticals & Biotech
KYN,2026-08-14,,,1.0,0,0,2.0,,4.0,60.51425435173359,1.0,0.9649216749779209,1,4.0,0,0,STRONG BUY,1.040909090909091,3,0,3,Other
KYNB,2026-08-14,3.0,0.5253193405732423,5.0,0,0,4.0,3.0,3.0,49.76855033649672,5.0,0.09882749182547793,0,,0,0,SELL,3.858823529411765,0,3,5,Pharmaceuticals & Biotech
KYTX,2026-08-14,4.0,0.38677165354330706,4.0,0,1,2.0,5.0,3.0,54.97401500175179,2.0,0.6125786282726586,0,,0,0,HOLD,3.3529411764705883,2,3,5,Pharmaceuticals & Biotech
KZIA,2026-08-14,,,2.0,0,0,1.0,,3.0,53.53343388818212,2.0,0.7947761423074203,0,,0,0,STRONG BUY,1.6590909090909092,3,0,3,Pharmaceuticals & Biotech
L,2026-08-14,2.0,0.748221906116643,2.0,0,0,3.0,1.0,2.0,42.074703076493044,2.0,0.7455687874422796,0,,0,0,BUY,2.0,4,0,5,Insurance
LABT,2026-08-14,,,,0,0,,,1.0,29.84978914303369,5.0,0.004961606109898992,0,,0,0,,,0,1,1,Pharmaceuticals & Biotech
LAC,2026-08-14,1.0,0.8239370078740158,5.0,0,0,4.0,4.0,4.0,55.268322205003784,5.0,0.09128066244763236,1,1.0,0,0,HOLD,3.1235294117647063,1,4,5,Mining & Minerals
LAD,2026-08-14,1.0,0.8074237790288714,1.0,0,0,2.0,4.0,4.0,60.47968600427235,2.0,0.7338530812354334,0,,0,0,BUY,1.9411764705882355,4,1,5,Retail
LADR,2026-08-14,3.0,0.5637743006164059,4.0,0,0,4.0,,4.0,55.57680487307996,3.0,0.47123900712285605,0,,0,0,HOLD,3.342857142857143,0,2,4,Investment & Holding Companies
LAES,2026-08-14,1.0,0.8418897637795275,4.0,0,0,4.0,,4.0,65.48397448919803,5.0,0.16546763422869085,0,,0,0,HOLD,3.1714285714285713,1,3,4,Semiconductors & Chips
LAFA,2026-08-14,,,,0,0,3.0,3.0,4.0,58.81911552192914,1.0,0.9629621780471609,0,,0,0,BUY,2.1999999999999997,1,0,3,Investment & Holding Companies
LAKE,2026-08-14,1.0,0.8228836746667599,1.0,1,0,3.0,4.0,4.0,55.83627922112003,3.0,0.44040150983732507,0,,0,0,BUY,2.3529411764705883,2,1,5,Medical Devices & Instruments
LAMR,2026-08-14,4.0,0.40113798008534857,2.0,0,0,2.0,1.0,3.0,45.14488164197021,1.0,0.8309110261110634,0,,0,0,BUY,2.1999999999999997,4,1,5,Investment & Holding Companies
LAND,2026-08-14,3.0,0.5368395807558883,5.0,0,0,4.0,3.0,3.0,45.84705069286219,5.0,0.06053890675062942,0,,0,0,SELL,3.858823529411765,0,3,5,Investment & Holding Companies
LANV,2026-08-14,,,5.0,0,0,5.0,,2.0,34.44970383448546,5.0,0.0,0,,0,0,STRONG SELL,5.0,0,3,3,Apparel & Textiles
LAR,2026-08-14,,,4.0,0,0,2.0,,3.0,50.64454527927107,3.0,0.4332953476624078,0,,0,0,HOLD,2.8636363636363646,1,1,3,Mining & Minerals
LARK,2026-08-14,1.0,0.7988136256535204,1.0,0,0,2.0,2.0,4.0,62.29166928229565,1.0,0.9930748071840785,0,,0,0,STRONG BUY,1.3529411764705885,5,0,5,Banks & Financial Services
LASE,2026-08-14,4.0,0.30666666666666664,5.0,0,0,3.0,4.0,4.0,62.869317425505784,5.0,0.14875613059571868,0,,0,0,SELL,4.1647058823529415,0,4,5,Industrial Machinery
LASR,2026-08-14,5.0,0.1871837156554946,4.0,0,0,2.0,2.0,2.0,39.80200929050754,3.0,0.4516019724423518,0,,0,0,HOLD,3.364705882352941,2,2,5,Semiconductors & Chips
LATA,2026-08-14,,,,0,0,3.0,,5.0,75.91837936342829,1.0,1.0,0,,0,0,,,1,0,2,Investment & Holding Companies
LAUR,2026-08-14,4.0,0.3879847433714347,1.0,0,0,2.0,3.0,3.0,51.5766387450339,1.0,0.8062755673841819,0,,0,0,BUY,2.447058823529412,3,1,5,Services
LAW,2026-08-14,3.0,0.5283662141410944,3.0,0,0,3.0,3.0,4.0,58.03996502556521,4.0,0.26666668992701636,1,4.0,0,0,HOLD,2.9352941176470595,0,1,5,Technology & Software
LAWR,2026-08-14,,,5.0,0,1,2.0,,4.0,67.51444284973678,1.0,1.0,0,,0,0,BUY,2.159090909090909,2,1,3,Technology & Software
LAZ,2026-08-14,3.0,0.5362731152204836,3.0,0,0,4.0,2.0,4.0,56.07847192582405,4.0,0.36543645533772723,0,,0,0,HOLD,3.235294117647059,1,2,5,Investment & Brokerage
LB,2026-08-14,5.0,0.2124231901525894,1.0,0,0,2.0,1.0,3.0,53.3638683344286,1.0,0.8430699903734518,0,,0,0,BUY,2.4,4,1,5,Investment & Holding Companies
LBGJ,2026-08-14,5.0,0.16661417322834646,5.0,0,0,5.0,,2.0,31.555877209125015,5.0,4.062875750652252e-06,0,,0,0,STRONG SELL,5.0,0,4,4,Industrial Machinery
LBRDA,2026-08-14,1.0,0.9535324798482693,3.0,0,0,5.0,4.0,4.0,59.13285174750394,4.0,0.20564623776397287,0,,0,0,HOLD,3.1529411764705886,1,3,5,Telecom & Media
LBRDK,2026-08-14,1.0,0.9521100047415838,3.0,0,0,5.0,4.0,4.0,59.22431975569074,4.0,0.20478948710227085,0,,0,0,HOLD,3.1529411764705886,1,3,5,Telecom & Media
LBRT,2026-08-14,3.0,0.4423897581792319,5.0,0,1,3.0,4.0,3.0,52.144678468073565,3.0,0.5057774430137945,1,1.0,0,0,HOLD,3.088235294117647,0,2,5,Oil & Gas
LBRX,2026-08-14,4.0,0.2935433070866142,1.0,0,0,1.0,4.0,5.0,72.04810649190023,1.0,0.987935693432434,0,,0,0,BUY,2.4470588235294115,3,2,5,Pharmaceuticals & Biotech
LBTYA,2026-08-14,,,5.0,0,0,4.0,3.0,3.0,47.453425922416486,4.0,0.23353312904526355,0,,0,0,SELL,3.8983050847457625,0,3,4,Telecom & Media
LBTYB,2026-08-14,,,5.0,0,1,4.0,3.0,2.0,43.32540759508761,4.0,0.21235527348726643,0,,0,0,SELL,3.8983050847457625,0,3,4,Telecom & Media
LBTYK,2026-08-14,,,5.0,0,0,4.0,3.0,3.0,47.847943595341185,4.0,0.20454549676834446,0,,0,0,SELL,3.8983050847457625,0,3,4,Telecom & Media
LCCC,2026-08-14,4.0,0.29492650545282123,1.0,0,0,3.0,3.0,4.0,63.756068463955096,1.0,0.9574458587223612,0,,0,0,HOLD,2.6235294117647054,2,1,5,Investment & Holding Companies
LCFY,2026-08-14,,,5.0,0,0,5.0,,3.0,52.573391329315534,5.0,0.10686275706021672,0,,0,0,STRONG SELL,5.0,0,3,3,Technology & Software
LCID,2026-08-14,2.0,0.6024242424242424,3.0,0,0,5.0,4.0,2.0,44.49228680403995,5.0,0.07940445951349738,0,,0,0,SELL,3.6941176470588237,1,3,5,Automobiles
LCII,2026-08-14,2.0,0.6934088686092705,3.0,0,0,4.0,1.0,3.0,52.24486068557597,4.0,0.3315955013282718,0,,0,0,HOLD,2.7529411764705882,2,2,5,Automobiles
LCLN,2026-08-14,5.0,0.05795275590551182,,0,0,,,4.0,67.39062935245889,,,0,,0,0,,,0,1,1,Investment & Brokerage
LCNB,2026-08-14,1.0,0.7864660484857522,1.0,0,0,2.0,1.0,4.0,55.28273638032143,1.0,0.8428920829617419,1,1.0,0,0,STRONG BUY,1.0,5,0,5,Banks & Financial Services
LCTX,2026-08-14,5.0,0.21707665792855005,5.0,0,0,4.0,4.0,2.0,40.58602751488371,5.0,0.053191562214817155,1,1.0,0,0,STRONG SELL,4.347058823529412,0,5,5,Pharmaceuticals & Biotech
LCUT,2026-08-14,1.0,0.8310613843741017,1.0,0,0,1.0,3.0,4.0,67.14626939523073,1.0,1.0,0,,0,0,STRONG BUY,1.3529411764705885,4,0,5,Industrial Machinery
LDOS,2026-08-14,3.0,0.5623727351590199,3.0,0,0,4.0,1.0,5.0,77.28465867808673,3.0,0.44767317542092244,0,,0,0,HOLD,2.823529411764706,1,1,5,Technology & Software
LE,2026-08-14,1.0,0.7803838756094164,3.0,0,0,4.0,2.0,3.0,52.34774658240264,4.0,0.2637968576745208,0,,0,0,HOLD,2.6235294117647063,2,2,5,Retail
LEA,2026-08-14,2.0,0.7022285443338074,4.0,0,0,3.0,3.0,2.0,40.84470542757605,3.0,0.5581094652753694,0,,0,0,HOLD,2.8,1,1,5,Automobiles
LECO,2026-08-14,4.0,0.26545342559267965,1.0,0,0,3.0,2.0,4.0,64.91681630851497,1.0,0.8706131382461012,0,,0,0,BUY,2.447058823529412,3,1,5,Industrial Machinery
LEDS,2026-08-14,3.0,0.5227960096454096,1.0,0,0,2.0,2.0,3.0,52.75303913748852,3.0,0.5156950797299027,0,,0,0,BUY,2.435294117647059,3,0,5,Semiconductors & Chips
LEE,2026-08-14,,,3.0,0,0,1.0,4.0,4.0,57.1362058281888,2.0,0.6136363104873772,1,2.0,0,0,BUY,2.106779661016949,2,1,4,Publishing & Media
LEG,2026-08-14,1.0,0.9577999051683264,5.0,0,0,4.0,1.0,2.0,40.729697751908525,4.0,0.30454066967378085,0,,0,0,HOLD,2.6588235294117646,2,3,5,Wood & Furniture
LEGH,2026-08-14,3.0,0.5322090772134843,1.0,0,0,2.0,4.0,4.0,68.9851321704011,1.0,1.0,0,,0,0,BUY,2.3176470588235296,3,1,5,Wood & Furniture
LEGN,2026-08-14,,,4.0,0,0,3.0,,2.0,40.47938373282898,5.0,0.1766382390806326,0,,0,0,SELL,4.113636363636364,0,2,3,Pharmaceuticals & Biotech
LEGO,2026-08-14,,,,0,0,,,5.0,75.75863147358828,1.0,1.0,1,1.0,0,0,,,1,0,1,Investment & Holding Companies
LEN,2026-08-14,1.0,0.9506875296348981,5.0,0,0,5.0,3.0,3.0,51.78193046743213,5.0,0.08684835082297422,0,,0,0,HOLD,3.423529411764706,1,3,5,Construction & Materials
LEN.B,2026-08-14,1.0,0.9540066382171646,5.0,0,0,5.0,3.0,3.0,52.18671775439613,5.0,0.10257524369331833,0,,0,0,HOLD,3.423529411764706,1,3,5,Construction & Materials
LENZ,2026-08-14,3.0,0.5822266095951985,5.0,0,0,5.0,4.0,2.0,37.85854364307187,5.0,0.0029246370392198837,1,3.0,0,0,SELL,3.9117647058823533,0,4,5,Pharmaceuticals & Biotech
LEO,2026-08-14,,,5.0,0,1,3.0,,3.0,52.55345551863282,2.0,0.7585297542247538,0,,0,0,HOLD,2.9545454545454546,1,1,3,Other
LEU,2026-08-14,5.0,0.18207681365576103,3.0,0,0,4.0,3.0,4.0,57.20233490896968,5.0,0.15045438120862117,0,,0,0,STRONG SELL,4.258823529411765,0,3,5,Mining & Minerals
LEVI,2026-08-14,2.0,0.6903745851114272,2.0,0,0,3.0,2.0,2.0,36.1847080542248,2.0,0.6200585240300893,0,,0,0,BUY,2.1764705882352944,4,0,5,Apparel & Textiles
LEXX,2026-08-14,5.0,0.028043723853241505,4.0,0,0,4.0,4.0,4.0,62.21149291379199,4.0,0.23571427373721474,0,,0,0,STRONG SELL,4.305882352941177,0,5,5,Pharmaceuticals & Biotech
LFAC,2026-08-14,,,,0,0,3.0,,5.0,71.24101348425283,1.0,1.0,0,,0,0,,,1,0,2,Investment & Holding Companies
LFCR,2026-08-14,,,5.0,0,0,5.0,4.0,3.0,50.52245448200736,4.0,0.20542631486123644,0,,0,0,STRONG SELL,4.406779661016949,0,4,4,Pharmaceuticals & Biotech
LFMD,2026-08-14,3.0,0.44129509982980364,4.0,0,0,3.0,3.0,2.0,40.116145686951015,5.0,0.1870669749773351,0,,0,0,SELL,3.576470588235294,0,2,5,Healthcare Services
LFS,2026-08-14,1.0,0.9804724409448818,3.0,0,0,3.0,,4.0,55.29255920243731,5.0,0.07636740283590905,0,,0,0,HOLD,2.8285714285714287,1,1,4,Services
LFST,2026-08-14,4.0,0.3975233165681318,1.0,0,0,1.0,1.0,4.0,68.69447864221733,1.0,1.0,0,,0,0,BUY,1.9176470588235293,4,1,5,Healthcare Services
LFTO,2026-08-14,,,,0,0,,,2.0,42.328487248323086,,,0,,0,0,,,0,0,0,Technology & Software
LFUS,2026-08-14,,,2.0,0,0,1.0,3.0,4.0,58.61755420240229,1.0,0.8763839023586276,0,,0,0,STRONG BUY,1.6610169491525424,3,0,4,Industrial Machinery
LFVN,2026-08-14,2.0,0.6941359588202892,3.0,0,0,3.0,1.0,3.0,51.18275716389467,4.0,0.2757847436895017,1,2.0,0,0,BUY,2.2764705882352945,2,1,5,Pharmaceuticals & Biotech
LFWD,2026-08-14,4.0,0.2687402936897742,2.0,0,0,3.0,3.0,3.0,49.50489071339197,3.0,0.5344568891409796,0,,0,0,HOLD,3.2,1,1,5,Medical Devices & Instruments
LGCL,2026-08-14,1.0,0.9382677165354331,5.0,0,0,5.0,,3.0,52.544213994641794,5.0,0.03161175486779123,0,,0,0,SELL,3.5142857142857147,1,3,4,Technology & Software
LGCY,2026-08-14,3.0,0.4989701232154142,3.0,0,0,4.0,3.0,2.0,36.5225949017558,3.0,0.4190938551279281,0,,0,0,HOLD,3.176470588235294,0,1,5,Services
LGI,2026-08-14,,,1.0,0,0,3.0,,4.0,64.65676341064386,1.0,0.922837719740833,0,,0,0,STRONG BUY,1.6818181818181817,2,0,3,Other
LGIH,2026-08-14,2.0,0.7298986262800302,1.0,0,0,4.0,4.0,3.0,53.52766444920085,2.0,0.7691844089888182,0,,0,0,HOLD,2.6,3,2,5,Construction & Materials
LGL,2026-08-14,4.0,0.41825617603418996,1.0,0,0,3.0,3.0,4.0,61.09117988624036,1.0,0.9244791796017019,0,,0,0,HOLD,2.6235294117647054,2,1,5,Semiconductors & Chips
LGN,2026-08-14,,,3.0,0,0,1.0,3.0,3.0,47.88764749611097,3.0,0.5052377951175185,0,,0,0,BUY,2.491525423728814,1,0,4,Construction & Materials
LGND,2026-08-14,5.0,0.17399637167940188,1.0,0,0,1.0,3.0,3.0,50.448831432733876,1.0,0.8366758769757011,0,,0,0,HOLD,2.5764705882352934,3,1,5,Pharmaceuticals & Biotech
LH,2026-08-14,3.0,0.46723341628584225,1.0,0,0,2.0,1.0,4.0,65.81553698574342,1.0,0.932094663623414,0,,0,0,BUY,1.7882352941176471,4,0,5,Healthcare Services
LHSW,2026-08-14,5.0,0.09196850393700787,3.0,0,0,5.0,,3.0,53.33703249963085,5.0,0.03307086816897554,0,,0,0,STRONG SELL,4.742857142857143,0,3,4,Technology & Software
LHX,2026-08-14,3.0,0.44026132077619945,5.0,0,0,4.0,1.0,3.0,51.70878693517723,4.0,0.23385391490526078,0,,0,0,HOLD,3.270588235294118,1,3,5,Medical Devices & Instruments
LI,2026-08-14,1.0,0.9433070866141732,5.0,0,0,5.0,,2.0,41.080169518128535,5.0,0.0347826375402425,0,,0,0,SELL,3.5142857142857147,1,3,4,Automobiles
LICN,2026-08-14,,,5.0,0,0,5.0,,3.0,50.60844293020722,5.0,0.06418485886726004,0,,0,0,STRONG SELL,5.0,0,3,3,Business & Research Services
LIDR,2026-08-14,3.0,0.452371465128553,5.0,0,0,5.0,3.0,3.0,52.793432929141694,5.0,0.12446350701666925,0,,0,0,SELL,4.03529411764706,0,3,5,Automobiles
LIEN,2026-08-14,1.0,0.8835091594156514,5.0,0,0,3.0,4.0,3.0,48.8316204221216,3.0,0.5509967892700488,0,,0,0,HOLD,2.7764705882352945,1,2,5,Other
LIF,2026-08-14,5.0,0.22984246604644806,4.0,0,0,4.0,2.0,3.0,45.368807863558374,5.0,0.18010716369636667,0,,0,0,SELL,4.188235294117646,1,4,5,Technology & Software
LIFE,2026-08-14,1.0,0.9114106383196132,,0,0,1.0,3.0,5.0,82.663484820935,1.0,0.9687375224419262,0,,0,0,STRONG BUY,1.3947368421052633,3,0,4,Insurance
LII,2026-08-14,2.0,0.5964912280701754,4.0,0,0,5.0,2.0,2.0,32.557354698048826,5.0,0.03205972070241924,0,,0,0,HOLD,3.4470588235294115,2,3,5,Industrial Machinery
LILA,2026-08-14,,,1.0,0,0,1.0,2.0,4.0,66.66815165917276,1.0,0.9802628235413698,0,,0,0,STRONG BUY,1.254237288135593,4,0,4,Telecom & Media
LILAK,2026-08-14,,,1.0,0,0,1.0,2.0,4.0,66.33881735081641,1.0,0.9818600106169391,0,,0,0,STRONG BUY,1.254237288135593,4,0,4,Telecom & Media
LILAP,2026-08-14,,,,0,0,,2.0,5.0,83.09086651791434,,,0,,0,0,,,1,0,1,Telecom & Media
LIME,2026-08-14,4.0,0.41385826771653544,,0,0,,,4.0,59.53922068149016,,,0,,0,0,,,0,1,1,Technology & Software
LIN,2026-08-14,5.0,0.23860908458759703,3.0,0,0,3.0,3.0,2.0,38.08599215499488,2.0,0.6000921332280091,0,,0,0,HOLD,3.376470588235295,1,1,5,Chemicals
LINC,2026-08-14,4.0,0.3873922860349152,4.0,0,0,2.0,2.0,1.0,24.70280179477497,4.0,0.3204857696589582,0,,0,0,HOLD,3.2941176470588234,2,3,5,Services
LIND,2026-08-14,,,1.0,0,0,1.0,2.0,4.0,67.07088089428599,1.0,0.960920637359229,0,,0,0,STRONG BUY,1.254237288135593,4,0,4,Transportation & Logistics
LINE,2026-08-14,2.0,0.6653615502842419,3.0,0,0,3.0,3.0,3.0,47.523135837286716,2.0,0.7925774506207932,1,1.0,0,0,BUY,2.1588235294117646,2,0,5,Investment & Holding Companies
LINK,2026-08-14,5.0,0.17795192978378932,1.0,0,0,2.0,4.0,4.0,67.89984802799714,3.0,0.44479727756942455,0,,0,0,HOLD,3.4000000000000004,2,2,5,Computer Hardware
LION,2026-08-14,2.0,0.6896969696969697,3.0,0,0,1.0,4.0,2.0,32.640415114839996,3.0,0.5795996240577579,0,,0,0,HOLD,2.51764705882353,2,1,5,Hospitality & Leisure
LITB,2026-08-14,,,3.0,0,0,1.0,,3.0,48.17697152479977,2.0,0.7199248515384967,0,,0,0,BUY,1.863636363636364,2,0,3,Retail
LITE,2026-08-14,5.0,0.06378300012035663,2.0,0,0,1.0,2.0,4.0,58.81045028266284,1.0,0.864726676220855,0,,0,0,HOLD,2.5058823529411764,4,1,5,Industrial Machinery
LIVE,2026-08-14,1.0,0.9630448000750175,4.0,0,0,5.0,2.0,3.0,53.195189345684575,5.0,0.11548009212746584,0,,0,0,HOLD,3.141176470588235,2,3,5,Retail
LIVN,2026-08-14,4.0,0.3903281938294476,2.0,0,0,2.0,3.0,4.0,55.87635560619341,1.0,0.9131591115632867,0,,0,0,HOLD,2.552941176470588,3,1,5,Medical Devices & Instruments
LKFN,2026-08-14,3.0,0.560483172451274,1.0,0,0,3.0,1.0,3.0,53.42894816431108,2.0,0.6809883279022693,1,1.0,0,0,BUY,1.9000000000000001,3,0,5,Banks & Financial Services
LKFT,2026-08-14,,,5.0,0,0,4.0,,3.0,46.18468029321665,5.0,0.12564999025665438,0,,0,0,STRONG SELL,4.659090909090909,0,3,3,Pharmaceuticals & Biotech
LKQ,2026-08-14,1.0,0.8285428869149106,4.0,0,0,4.0,3.0,3.0,53.2476978446838,4.0,0.2557504368075258,0,,0,0,HOLD,2.905882352941177,1,3,5,Wholesale Trade
LKSP,2026-08-14,,,,0,0,3.0,3.0,5.0,76.4931894487433,1.0,1.0,0,,0,0,BUY,2.1999999999999997,1,0,3,Investment & Holding Companies
LLY,2026-08-14,5.0,0.1725936462778568,1.0,0,0,2.0,2.0,3.0,50.189297753358325,1.0,0.9003484993055375,0,,0,0,HOLD,2.5764705882352943,4,1,5,Pharmaceuticals & Biotech
LLYVA,2026-08-14,,,1.0,0,0,2.0,4.0,4.0,63.49108080276844,1.0,1.0,0,,0,0,BUY,2.0169491525423733,3,1,4,Hospitality & Leisure
LLYVK,2026-08-14,,,1.0,0,0,2.0,4.0,4.0,63.75133146326584,1.0,1.0,0,,0,0,BUY,2.0169491525423733,3,1,4,Hospitality & Leisure
LMAT,2026-08-14,4.0,0.2710490981608356,5.0,0,1,4.0,2.0,2.0,34.91927213753377,5.0,0.08871229672822807,0,,0,0,SELL,3.9882352941176467,1,4,5,Medical Devices & Instruments
LMB,2026-08-14,2.0,0.6122923173359008,5.0,0,0,5.0,2.0,1.0,26.999823356232085,5.0,0.016403478701366637,0,,0,0,SELL,3.552941176470588,2,3,5,Construction & Materials
LMND,2026-08-14,5.0,0.22845987026516382,5.0,0,0,4.0,3.0,2.0,41.37746613485499,5.0,0.10693227217691262,1,1.0,0,0,SELL,4.170588235294118,0,4,5,Insurance
LMNR,2026-08-14,2.0,0.6286868686868687,2.0,0,0,4.0,4.0,4.0,57.48413028584036,3.0,0.4480243873445385,0,,0,0,HOLD,2.941176470588236,2,2,5,Agriculture
LMRI,2026-08-14,3.0,0.5351181102362205,,0,0,4.0,,4.0,62.712223085156424,3.0,0.4464285851857165,0,,0,0,HOLD,3.2459016393442623,0,1,3,Healthcare Services
LMT,2026-08-14,4.0,0.3246264872860718,2.0,0,0,3.0,2.0,4.0,67.57009345476061,2.0,0.7418741163008998,0,,0,0,HOLD,2.7882352941176474,3,1,5,Aerospace & Defense
LNAI,2026-08-14,,,5.0,0,0,5.0,5.0,2.0,41.00373642352364,5.0,0.03902337487890396,0,,0,0,STRONG SELL,5.0,0,4,4,Pharmaceuticals & Biotech
LNC,2026-08-14,1.0,0.8677264126420078,1.0,1,0,2.0,4.0,4.0,61.53603842218503,1.0,0.8986629703224795,1,1.0,0,0,STRONG BUY,1.4058823529411764,4,1,5,Insurance
LND,2026-08-14,,,4.0,0,0,4.0,,3.0,45.019785503489175,5.0,0.10227264414640312,0,,0,0,STRONG SELL,4.454545454545455,0,3,3,Agriculture
LNG,2026-08-14,4.0,0.33632397335924824,1.0,0,0,2.0,2.0,4.0,59.960280844330725,2.0,0.7785052152599626,0,,0,0,HOLD,2.5058823529411764,4,1,5,Utilities
LNKS,2026-08-14,,,5.0,0,0,5.0,,2.0,40.79353247369116,5.0,0.0005157888819004898,0,,0,0,STRONG SELL,5.0,0,3,3,Industrial Machinery
LNN,2026-08-14,2.0,0.6420104314841157,5.0,0,0,4.0,2.0,3.0,50.68226040491234,4.0,0.31949227473306363,0,,0,0,HOLD,3.1411764705882352,2,3,5,Industrial Machinery
LNSR,2026-08-14,4.0,0.3419513824828981,3.0,0,0,5.0,4.0,5.0,81.1468177946926,3.0,0.40430923031103566,0,,0,0,SELL,3.8352941176470594,0,3,5,Medical Devices & Instruments
LNT,2026-08-14,3.0,0.4269342231474696,3.0,0,0,3.0,3.0,2.0,44.704349634892054,3.0,0.5653639235367709,0,,0,0,HOLD,3.0000000000000004,0,0,5,Utilities
LNTH,2026-08-14,4.0,0.3107040752668635,3.0,0,0,1.0,3.0,3.0,45.41213949273648,1.0,0.835771737753524,0,,0,0,BUY,2.4823529411764707,2,1,5,Pharmaceuticals & Biotech
LNZA,2026-08-14,2.0,0.6914096030598341,4.0,0,0,5.0,3.0,3.0,53.15871946910058,5.0,0.031474334482350326,1,1.0,0,0,HOLD,3.3235294117647056,1,3,5,Chemicals
LOAN,2026-08-14,2.0,0.5968619441093709,5.0,0,0,4.0,3.0,3.0,45.19862481866817,5.0,0.16540165254616837,0,,0,0,SELL,3.552941176470589,1,3,5,Investment & Holding Companies
LOAR,2026-08-14,5.0,0.17393101117446447,2.0,0,0,2.0,3.0,4.0,63.03597904395041,1.0,0.8404974202348877,1,4.0,0,0,HOLD,2.558823529411765,3,1,5,Aerospace & Defense
LOB,2026-08-14,3.0,0.5675675675675675,1.0,0,0,3.0,,4.0,57.84030552975025,1.0,0.9660309693365038,0,,0,0,BUY,2.1714285714285717,2,0,4,Banks & Financial Services
LOCL,2026-08-14,1.0,0.8496969696969697,5.0,0,0,5.0,3.0,3.0,48.388721361322155,5.0,0.05577688694295418,0,,0,0,HOLD,3.423529411764706,1,3,5,Agriculture
LOCO,2026-08-14,2.0,0.6689747348111831,2.0,0,0,1.0,1.0,3.0,45.32676331466936,2.0,0.7960687062564898,0,,0,0,STRONG BUY,1.6470588235294117,5,0,5,Retail
LODE,2026-08-14,4.0,0.30860006689014374,3.0,0,0,2.0,3.0,3.0,50.03780296867658,3.0,0.47808767021638054,0,,0,0,HOLD,3.129411764705883,1,1,5,Chemicals
LOGI,2026-08-14,3.0,0.5177809388335705,2.0,0,0,3.0,2.0,3.0,48.22899886728261,3.0,0.4222765586934743,0,,0,0,HOLD,2.7176470588235295,2,0,5,Computer Hardware
LOMA,2026-08-14,,,5.0,0,1,4.0,,1.0,28.446890348270983,4.0,0.3856426634739539,0,,0,0,SELL,4.204545454545455,0,3,3,Construction & Materials
LONA,2026-08-14,2.0,0.6170078740157481,3.0,0,0,1.0,3.0,3.0,51.79932886721782,3.0,0.540222776184747,0,,0,0,BUY,2.3411764705882354,2,0,5,Pharmaceuticals & Biotech
LOPE,2026-08-14,4.0,0.35526451033250916,5.0,0,0,4.0,2.0,3.0,46.60339158345391,5.0,0.08922814701368777,0,,0,0,SELL,3.9882352941176467,1,4,5,Services
LOT,2026-08-14,,,5.0,0,0,4.0,,4.0,58.95349810357271,5.0,0.15443742628559015,0,,0,0,STRONG SELL,4.659090909090909,0,3,3,Automobiles
LOVE,2026-08-14,2.0,0.7047508867479352,1.0,0,0,3.0,2.0,3.0,50.98247138050038,2.0,0.6611166433354279,0,,0,0,BUY,2.070588235294118,4,0,5,Retail
LOW,2026-08-14,2.0,0.652144604222899,4.0,0,0,4.0,3.0,3.0,53.561115977448935,4.0,0.20099513458871013,0,,0,1,HOLD,3.211764705882353,1,3,5,Retail
LPA,2026-08-14,,,2.0,0,0,3.0,,4.0,55.72672188682846,4.0,0.20689652337472245,0,,0,0,HOLD,3.2500000000000004,1,1,3,Real Estate & REITs
LPAA,2026-08-14,,,3.0,0,0,3.0,4.0,2.0,42.070900945108136,3.0,0.42763119919489834,0,,0,0,HOLD,3.2542372881355934,0,1,4,Investment & Holding Companies
LPBB,2026-08-14,,,1.0,0,0,3.0,4.0,5.0,73.58518491920006,1.0,1.0,0,,0,0,BUY,2.2711864406779663,2,1,4,Industrial Machinery
LPCN,2026-08-14,3.0,0.5582095239546951,5.0,0,0,5.0,5.0,2.0,43.38788580787585,5.0,0.018240325616331203,0,,0,0,STRONG SELL,4.3882352941176475,0,4,5,Pharmaceuticals & Biotech
LPCV,2026-08-14,,,,0,0,3.0,,3.0,48.40310248715088,3.0,0.5204010009765625,0,,0,0,,,0,0,2,Investment & Holding Companies
LPG,2026-08-14,3.0,0.540187799318625,1.0,0,0,1.0,2.0,4.0,62.43049448121692,1.0,0.9980067760793055,0,,0,0,BUY,1.7882352941176471,4,0,5,Transportation & Logistics
LPL,2026-08-14,,,5.0,0,0,4.0,,3.0,53.409612914261785,4.0,0.23905723040801524,0,,0,0,SELL,4.204545454545455,0,3,3,Semiconductors & Chips
LPLA,2026-08-14,4.0,0.2935040303461356,2.0,0,0,3.0,4.0,5.0,70.30968592339646,1.0,0.8278990441982957,0,,0,0,HOLD,2.905882352941177,2,2,5,Investment & Brokerage
LPSN,2026-08-14,1.0,0.9624242424242424,3.0,0,0,4.0,3.0,5.0,74.57464479146333,5.0,0.08731197540405831,0,,0,0,HOLD,3.0352941176470583,1,2,5,Technology & Software
LPTH,2026-08-14,5.0,0.11884615923110502,2.0,0,0,1.0,4.0,4.0,63.398511409697754,2.0,0.7978290612814863,1,1.0,0,0,HOLD,2.7941176470588243,3,2,5,Semiconductors & Chips
LPX,2026-08-14,3.0,0.4529405345287723,5.0,0,0,5.0,3.0,3.0,48.3612364716522,4.0,0.21523878091473703,1,1.0,0,0,SELL,3.500000000000001,0,3,5,Wood & Furniture
LQDA,2026-08-14,5.0,0.061561229398991495,2.0,0,0,1.0,4.0,2.0,40.053992567585645,2.0,0.760364055357688,0,,0,0,HOLD,3.094117647058824,3,2,5,Pharmaceuticals & Biotech
LQDT,2026-08-14,4.0,0.2758493444774043,1.0,0,0,1.0,2.0,4.0,66.31468726801899,1.0,1.0,0,,0,0,BUY,2.0941176470588236,4,1,5,Services
LRCX,2026-08-14,5.0,0.09719500149874506,3.0,0,0,1.0,1.0,3.0,54.592224755336794,2.0,0.7002381294778101,0,,0,0,HOLD,2.670588235294118,3,1,5,Industrial Machinery
LRE,2026-08-14,,,3.0,0,0,3.0,,3.0,50.69919501879963,5.0,0.16822435320886325,0,,0,0,SELL,3.9090909090909096,0,1,3,Construction & Materials
LRMR,2026-08-14,4.0,0.3341732283464567,2.0,0,0,2.0,5.0,4.0,62.028431817879266,3.0,0.49363065498142233,1,4.0,0,0,HOLD,3.076470588235295,2,2,5,Pharmaceuticals & Biotech
LRN,2026-08-14,2.0,0.6192638319057633,3.0,0,0,4.0,2.0,3.0,48.0393912508282,4.0,0.20534976328643945,0,,0,0,HOLD,2.929411764705882,2,2,5,Services
LSAK,2026-08-14,2.0,0.6597725055742237,3.0,0,0,3.0,5.0,3.0,49.70319277493382,3.0,0.5890805920674017,1,1.0,0,0,HOLD,2.747058823529412,1,1,5,Banks & Financial Services
LSBK,2026-08-14,2.0,0.7613147978875869,1.0,0,0,2.0,1.0,4.0,55.67178407455384,1.0,0.8985223355210944,0,,0,0,STRONG BUY,1.4823529411764707,5,0,5,Banks & Financial Services
LSCC,2026-08-14,5.0,0.06504502816991026,3.0,0,0,1.0,2.0,3.0,50.28747951351833,2.0,0.7356983399097948,0,,0,0,HOLD,2.847058823529412,3,1,5,Semiconductors & Chips
LSE,2026-08-14,3.0,0.5307086614173229,2.0,0,0,3.0,,4.0,61.08063239812418,2.0,0.7518795853560445,0,,0,0,HOLD,2.585714285714286,2,0,4,Industrial Machinery
LSF,2026-08-14,3.0,0.5179352240978721,2.0,0,0,3.0,4.0,4.0,58.81742615387304,2.0,0.6241299519567196,0,,0,0,HOLD,2.835294117647059,2,1,5,Food & Beverage
LSPD,2026-08-14,,,2.0,0,0,3.0,,4.0,55.53558082413475,3.0,0.45364898011391425,0,,0,0,HOLD,2.795454545454546,1,0,3,Technology & Software
LSTA,2026-08-14,4.0,0.4199823368839549,5.0,0,0,5.0,5.0,1.0,24.480006189244747,5.0,0.024691364202279978,0,,0,0,STRONG SELL,4.694117647058824,0,5,5,Pharmaceuticals & Biotech
LSTR,2026-08-14,5.0,0.1503082029397819,3.0,0,0,1.0,3.0,3.0,49.704635722168945,2.0,0.6720442936417469,0,,0,0,HOLD,3.023529411764706,2,1,5,Transportation & Logistics
LTBR,2026-08-14,2.0,0.6718110236220473,5.0,0,0,5.0,4.0,3.0,47.453897759735625,5.0,0.060916180809404606,0,,0,0,SELL,3.905882352941177,1,4,5,Chemicals
LTC,2026-08-14,3.0,0.45317016783464215,1.0,0,0,3.0,2.0,3.0,54.04074807736707,2.0,0.7678368781750641,1,1.0,0,0,BUY,2.0764705882352943,3,0,5,Investment & Holding Companies
LTGO,2026-08-14,,,,0,0,,,,,,,0,,0,0,,,0,0,0,Pharmaceuticals & Biotech
LTGR,2026-08-14,,,,0,0,,,1.0,28.558816078123087,,,0,,0,0,,,0,0,0,Investment & Holding Companies
LTH,2026-08-14,4.0,0.4056495040472813,1.0,0,0,1.0,1.0,4.0,61.75510631220665,1.0,0.9791566826771909,0,,0,0,BUY,1.9176470588235293,4,1,5,Hospitality & Leisure
LTM,2026-08-14,,,4.0,0,0,3.0,,2.0,44.534324879239264,3.0,0.40228635461915596,0,,0,0,HOLD,3.2045454545454555,0,1,3,Airlines
LTRN,2026-08-14,5.0,0.14173228346456693,4.0,0,0,4.0,5.0,2.0,39.5098902276462,3.0,0.43714289791730127,0,,0,0,SELL,4.247058823529412,0,4,5,Pharmaceuticals & Biotech
LTRX,2026-08-14,3.0,0.44649762564667406,3.0,0,1,1.0,3.0,4.0,61.46702260485409,2.0,0.64388486972032,0,,0,0,BUY,2.411764705882353,2,0,5,Computer Hardware
LU,2026-08-14,,,3.0,0,0,5.0,,3.0,51.6509124339783,5.0,0.08517349351050214,0,,0,0,STRONG SELL,4.590909090909092,0,2,3,Banks & Financial Services
LUCK,2026-08-14,,,5.0,0,0,4.0,3.0,3.0,48.47286625264425,5.0,0.16779803736749763,1,1.0,0,0,SELL,3.9372881355932208,0,3,4,Hospitality & Leisure
LUD,2026-08-14,4.0,0.2784251968503937,5.0,0,0,4.0,,3.0,48.638015697841986,5.0,0.06606059799509635,0,,0,0,STRONG SELL,4.414285714285715,0,4,4,Metals
LULU,2026-08-14,2.0,0.6038747652776838,3.0,0,0,5.0,3.0,3.0,47.94447598548229,5.0,0.1278406714474774,1,1.0,0,0,HOLD,3.2176470588235295,1,2,5,Apparel & Textiles
LUMN,2026-08-14,1.0,0.8323232323232324,5.0,0,1,3.0,4.0,3.0,51.731994689471854,4.0,0.3204787039261643,0,,0,0,HOLD,3.0117647058823525,1,3,5,Telecom & Media
LUNG,2026-08-14,3.0,0.5619654388674514,2.0,0,0,1.0,4.0,5.0,73.3284293477428,1.0,0.8741259895517639,0,,0,0,BUY,2.2470588235294118,3,1,5,Medical Devices & Instruments
LUNR,2026-08-14,,,4.0,0,1,1.0,4.0,4.0,63.00207721783121,4.0,0.2911022542251508,0,,0,0,HOLD,3.2372881355932206,1,3,4,Medical Devices & Instruments
LUV,2026-08-14,5.0,0.1555239449976292,3.0,0,0,3.0,1.0,2.0,40.99810378630863,3.0,0.5979728486824651,0,,0,0,HOLD,3.2588235294117647,1,1,5,Airlines
LUXE,2026-08-14,,,4.0,0,0,4.0,,2.0,42.876368880503804,4.0,0.21369855139487928,0,,0,0,SELL,4.0,0,3,3,Retail
LVLU,2026-08-14,1.0,0.9543434343434344,1.0,1,0,1.0,2.0,3.0,52.673738051299516,3.0,0.5573954136267364,0,,0,0,STRONG BUY,1.647058823529412,4,0,5,Retail
LVO,2026-08-14,1.0,0.8181818181818182,4.0,0,0,5.0,3.0,2.0,39.17878637431152,5.0,0.06209152312855047,0,,0,0,HOLD,3.317647058823529,1,3,5,Retail
LVS,2026-08-14,4.0,0.30231607508120595,5.0,0,0,4.0,1.0,3.0,48.17314246119272,5.0,0.0728707428120944,0,,0,0,SELL,3.811764705882353,1,4,5,Hospitality & Leisure
LVWR,2026-08-14,5.0,0.13060995699206515,3.0,0,0,5.0,4.0,3.0,48.216324459655866,5.0,0.09924488352746673,0,,0,0,STRONG SELL,4.6117647058823525,0,4,5,Transportation Equipment
LW,2026-08-14,3.0,0.47762167369231484,1.0,1,0,3.0,2.0,4.0,63.1444093869709,3.0,0.5693712910766474,0,,0,0,HOLD,2.6117647058823525,2,0,5,Food & Beverage
LWAC,2026-08-14,,,1.0,0,0,3.0,,5.0,82.58791558324128,1.0,1.0,0,,0,0,STRONG BUY,1.6818181818181817,2,0,3,Investment & Holding Companies
LWAY,2026-08-14,4.0,0.4174294732351527,2.0,0,0,3.0,3.0,2.0,34.6592373399355,3.0,0.5006242339947619,0,,0,0,HOLD,3.2,1,1,5,Food & Beverage
LWLG,2026-08-14,5.0,0.04818208105459202,3.0,0,0,1.0,3.0,3.0,51.62626569756674,4.0,0.3413729398558663,0,,0,0,HOLD,3.494117647058824,1,2,5,"Rubber, Plastics & Leather"
LX,2026-08-14,,,5.0,0,0,5.0,,1.0,26.931252167915872,5.0,0.0,0,,0,0,STRONG SELL,5.0,0,3,3,Banks & Financial Services
LXEH,2026-08-14,2.0,0.6651968503937008,3.0,0,0,5.0,,4.0,67.33860182333584,5.0,0.02805102366905926,0,,0,0,SELL,3.628571428571429,1,2,4,Services
LXEO,2026-08-14,4.0,0.3288429574384806,4.0,0,0,4.0,3.0,4.0,55.03412780245651,5.0,0.10923077509953426,0,,0,0,SELL,4.0588235294117645,0,4,5,Pharmaceuticals & Biotech
LXFR,2026-08-14,3.0,0.5414232532495111,3.0,0,0,2.0,2.0,3.0,50.482278405558894,2.0,0.7568116860511265,0,,0,0,BUY,2.4117647058823533,3,0,5,Chemicals
LXP,2026-08-14,4.0,0.30706978674310204,1.0,0,0,1.0,1.0,4.0,67.79663983582185,1.0,0.974455325044245,0,,0,0,BUY,1.9176470588235293,4,1,5,Investment & Holding Companies
LXRX,2026-08-14,5.0,0.17634134794280484,1.0,0,0,1.0,4.0,3.0,49.53342253610057,2.0,0.7961782414200635,1,1.0,0,0,HOLD,2.6882352941176473,3,2,5,Pharmaceuticals & Biotech
LXU,2026-08-14,2.0,0.7077936914877275,5.0,0,1,2.0,1.0,2.0,42.92231730094848,4.0,0.2787418531693124,0,,0,0,HOLD,2.6117647058823525,3,2,5,Chemicals
LYB,2026-08-14,2.0,0.6638638772641902,1.0,0,0,2.0,3.0,4.0,58.4961095360397,3.0,0.5692585381363633,0,,0,0,BUY,2.3058823529411767,3,0,5,Chemicals
LYEL,2026-08-14,4.0,0.3477435027841698,3.0,0,0,4.0,4.0,3.0,51.00879007311715,5.0,0.12027123697010915,1,2.0,0,0,SELL,3.829411764705883,0,4,5,Pharmaceuticals & Biotech
LYFT,2026-08-14,1.0,0.993710905053739,2.0,0,0,2.0,4.0,4.0,63.14246200817317,3.0,0.4052013332878898,1,1.0,0,0,BUY,1.9823529411764709,3,1,5,Services
LYG,2026-08-14,,,1.0,0,0,2.0,,4.0,59.37744096382656,1.0,1.0,0,,0,0,STRONG BUY,1.340909090909091,3,0,3,Banks & Financial Services
LYTS,2026-08-14,3.0,0.4308334503375841,2.0,0,0,2.0,2.0,3.0,54.77033661402665,2.0,0.7984423002496687,0,,0,0,BUY,2.3058823529411767,4,0,5,Industrial Machinery
LYV,2026-08-14,4.0,0.2867407962124726,1.0,0,0,2.0,3.0,4.0,61.842752054695666,1.0,1.0,0,,0,0,BUY,2.447058823529412,3,1,5,Hospitality & Leisure
LZ,2026-08-14,4.0,0.37439004807869386,4.0,0,0,5.0,2.0,2.0,36.55060138277134,5.0,0.033043485472016916,0,,0,0,SELL,4.0588235294117645,1,4,5,Technology & Software
LZB,2026-08-14,2.0,0.680424116634943,1.0,0,0,3.0,3.0,4.0,57.80199400580377,1.0,0.9782985506485142,0,,0,0,BUY,2.011764705882353,3,0,5,Wood & Furniture
LZM,2026-08-14,,,4.0,0,0,4.0,,4.0,55.81272914267607,4.0,0.3074433896672471,0,,0,0,SELL,4.0,0,3,3,Mining & Minerals
LZMH,2026-08-14,,,5.0,0,0,5.0,,2.0,41.58570525107962,5.0,0.0012515632625655258,0,,0,0,STRONG SELL,5.0,0,3,3,Technology & Software
M,2026-08-14,1.0,0.809760341964336,2.0,0,0,2.0,2.0,2.0,42.6539851090927,2.0,0.7980935598710664,0,,0,0,STRONG BUY,1.6941176470588235,5,0,5,Retail
MA,2026-08-14,4.0,0.28686581318160265,1.0,1,0,3.0,,4.0,62.13504637060669,2.0,0.7914629647107275,0,,0,0,HOLD,2.8285714285714287,2,1,4,Services
MAA,2026-08-14,4.0,0.3344577332163781,3.0,0,0,3.0,2.0,3.0,49.445029208057484,2.0,0.6900153317048622,0,,0,0,HOLD,2.8941176470588235,2,1,5,Investment & Holding Companies
MAAS,2026-08-14,5.0,0.12440944881889765,1.0,0,0,1.0,,3.0,47.47914899674174,2.0,0.7508161069314858,0,,0,0,HOLD,2.771428571428572,3,1,4,Investment & Brokerage
MAC,2026-08-14,4.0,0.36648527622068194,2.0,0,0,1.0,4.0,3.0,46.98443789677828,1.0,0.831925408227635,0,,0,0,HOLD,2.552941176470588,3,2,5,Investment & Holding Companies
MACI,2026-08-14,,,1.0,0,0,3.0,4.0,3.0,53.29342365192929,1.0,0.8852782159170652,0,,0,0,BUY,2.2711864406779663,2,1,4,Services
MAGH,2026-08-14,,,3.0,0,0,2.0,,5.0,92.48878461351273,1.0,1.0,0,,0,0,BUY,1.7500000000000002,2,0,3,Construction & Materials
MAGN,2026-08-14,,,2.0,0,0,4.0,3.0,2.0,44.48879773775421,2.0,0.6191779980808938,0,,0,0,HOLD,2.7627118644067794,2,1,4,Paper
MAIA,2026-08-14,4.0,0.29385826771653545,4.0,0,0,4.0,5.0,4.0,55.26066143736784,4.0,0.25444924005226743,0,,0,0,SELL,4.176470588235294,0,5,5,Pharmaceuticals & Biotech
MAIN,2026-08-14,2.0,0.6037026765464409,2.0,0,0,3.0,5.0,4.0,66.9165733829291,2.0,0.7300007873705759,0,,0,0,HOLD,2.705882352941177,3,1,5,Other
MAIR,2026-08-14,1.0,0.9889763779527558,,0,0,,,2.0,41.846325871408794,5.0,0.15000007088119371,0,,0,0,,,1,1,2,Industrial Machinery
MAKO,2026-08-14,,,1.0,0,0,1.0,,5.0,75.3155861402517,1.0,1.0,0,,0,0,STRONG BUY,1.0,3,0,3,Mining & Minerals
MAMA,2026-08-14,5.0,0.2026214765782737,2.0,0,0,2.0,2.0,2.0,43.828558565540696,2.0,0.7316495875283181,0,,0,0,HOLD,2.9176470588235293,4,1,5,Food & Beverage
MAMK,2026-08-14,,,3.0,0,0,2.0,,5.0,80.75094617056777,1.0,0.9458762793158837,0,,0,0,BUY,1.7500000000000002,2,0,3,Apparel & Textiles
MAMO,2026-08-14,2.0,0.635036464089263,3.0,0,0,4.0,4.0,4.0,57.948497657562825,5.0,0.04438403805497257,0,,0,0,SELL,3.51764705882353,1,3,5,Transportation Equipment
MAN,2026-08-14,,,1.0,0,0,1.0,5.0,5.0,71.01408262697579,1.0,0.9767141027965531,0,,0,0,BUY,2.0169491525423733,3,1,4,Services
MANE,2026-08-14,5.0,0.21543307086614175,,0,0,1.0,4.0,3.0,52.84589877713861,1.0,0.8163088644653919,1,1.0,0,0,HOLD,2.6605263157894736,2,2,4,Pharmaceuticals & Biotech
MANH,2026-08-14,5.0,0.11161994994762715,1.0,1,0,3.0,2.0,4.0,65.28382568478153,2.0,0.7771457448322963,0,,0,0,HOLD,2.988235294117647,3,1,5,Technology & Software
MAR,2026-08-14,4.0,0.3700759137168308,3.0,0,0,3.0,1.0,3.0,45.03491999501039,2.0,0.684255064824837,0,,0,0,HOLD,2.7176470588235295,2,1,5,Hospitality & Leisure
MARA,2026-08-14,4.0,0.3066269450487372,4.0,0,0,3.0,5.0,2.0,34.251468875599215,5.0,0.15332090438988835,0,,0,0,SELL,4.235294117647059,0,4,5,Banks & Financial Services
MAS,2026-08-14,3.0,0.573313921521882,3.0,0,0,4.0,2.0,3.0,45.85321242491358,2.0,0.6547953925786659,0,,0,0,HOLD,2.7647058823529416,2,1,5,Industrial Machinery
MASK,2026-08-14,,,5.0,0,0,5.0,,2.0,42.570237508350594,5.0,0.0119098243940175,0,,0,0,STRONG SELL,5.0,0,3,3,Technology & Software
MASS,2026-08-14,4.0,0.3725626346644693,2.0,0,0,1.0,3.0,5.0,73.68644179168598,1.0,0.9800797932920213,0,,0,0,BUY,2.376470588235294,3,1,5,Medical Devices & Instruments
MAT,2026-08-14,1.0,0.8150782361308677,3.0,0,0,4.0,3.0,4.0,57.26957312530984,4.0,0.21734353642758614,0,,0,0,HOLD,2.8000000000000003,1,2,5,Misc Manufacturing
MATV,2026-08-14,1.0,0.7657413560055043,2.0,0,0,4.0,4.0,5.0,75.09338371828902,2.0,0.6650662597934014,0,,0,0,BUY,2.4,3,2,5,Paper
MATW,2026-08-14,,,3.0,0,0,4.0,2.0,2.0,32.221106640509646,4.0,0.2784349927030887,0,,0,0,HOLD,3.3389830508474576,1,2,4,Metals
MATX,2026-08-14,3.0,0.5391572502193052,1.0,0,0,1.0,3.0,4.0,60.6437350048689,1.0,0.9570527094877572,0,,0,0,BUY,1.964705882352941,3,0,5,Transportation & Logistics
MAX,2026-08-14,1.0,0.8987440103453816,1.0,0,0,1.0,2.0,3.0,52.87464734833121,1.0,0.8450703771311597,0,,0,0,STRONG BUY,1.176470588235294,5,0,5,Services
MAYS,2026-08-14,3.0,0.5041887368359452,3.0,0,1,3.0,1.0,5.0,75.76835108299798,4.0,0.23295447895348972,0,,0,0,HOLD,2.882352941176471,1,1,5,Real Estate & REITs
MAZE,2026-08-14,4.0,0.2935527865158643,4.0,0,0,3.0,4.0,2.0,44.96584161075758,4.0,0.3613521805039076,0,,0,0,SELL,3.823529411764706,0,4,5,Pharmaceuticals & Biotech
MB,2026-08-14,,,4.0,0,0,3.0,,3.0,51.7829395336752,5.0,0.19146611702747737,0,,0,0,SELL,4.113636363636364,0,2,3,Retail
MBAI,2026-08-14,5.0,0.06393700787401575,1.0,1,0,1.0,,4.0,66.76900580010597,1.0,0.9474668573161942,0,,0,0,BUY,2.4857142857142858,3,1,4,Medical Devices & Instruments
MBBC,2026-08-14,2.0,0.6145735372058028,1.0,0,0,2.0,2.0,4.0,55.9821573339357,1.0,0.9570976423022242,0,,0,0,STRONG BUY,1.6588235294117648,5,0,5,Banks & Financial Services
MBC,2026-08-14,2.0,0.7228111875040557,4.0,0,0,5.0,2.0,3.0,52.82868087349173,4.0,0.3366476679105299,0,,0,0,HOLD,3.211764705882353,2,3,5,Wood & Furniture
MBGL,2026-08-14,1.0,0.8913385826771654,,0,0,,,4.0,62.437031941860994,,,0,,0,0,,,1,0,1,Services
MBI,2026-08-14,,,5.0,0,0,4.0,2.0,2.0,36.11061431497499,5.0,0.0662460672217031,0,,0,0,SELL,3.9830508474576276,1,3,4,Insurance
MBIN,2026-08-14,2.0,0.753975932899533,1.0,0,0,2.0,5.0,4.0,63.49872770915069,1.0,0.9670966865154033,0,,0,0,BUY,2.1882352941176473,4,1,5,Banks & Financial Services
MBLY,2026-08-14,1.0,0.9269868508351207,4.0,0,0,4.0,3.0,3.0,53.51148120093423,4.0,0.2628062503899524,0,,0,0,HOLD,2.905882352941177,1,3,5,Technology & Software
MBOT,2026-08-14,2.0,0.6195275590551181,5.0,0,0,5.0,3.0,2.0,36.192123703854655,5.0,0.0,0,,0,0,SELL,3.7294117647058824,1,3,5,Medical Devices & Instruments
MBUU,2026-08-14,1.0,0.8874251866597844,2.0,0,0,4.0,2.0,4.0,58.15494265311165,4.0,0.3451157047100965,0,,0,0,HOLD,2.51764705882353,3,2,5,Transportation Equipment
MBVI,2026-08-14,,,1.0,0,0,3.0,,5.0,72.74365064014457,1.0,1.0,0,,0,0,STRONG BUY,1.6818181818181817,2,0,3,Investment & Holding Companies
MBWM,2026-08-14,2.0,0.6919464587140081,1.0,0,0,2.0,4.0,4.0,63.47663159408551,1.0,0.9788106398686375,0,,0,0,BUY,2.0117647058823533,4,1,5,Banks & Financial Services
MBX,2026-08-14,5.0,0.1530708661417323,1.0,0,0,1.0,3.0,4.0,62.56982716415524,1.0,0.9650562323671743,1,1.0,0,0,BUY,2.2764705882352936,3,1,5,Pharmaceuticals & Biotech
MC,2026-08-14,,,1.0,0,0,3.0,,3.0,53.50120313874203,2.0,0.7186840849858107,0,,0,0,BUY,2.1363636363636367,2,0,3,Investment & Brokerage
MCAH,2026-08-14,,,,0,0,,,4.0,60.749519823893166,,,0,,0,0,,,0,0,0,Investment & Holding Companies
MCB,2026-08-14,2.0,0.7230626918275606,3.0,0,0,3.0,2.0,3.0,50.49621472929287,1.0,0.806839449953449,1,1.0,0,0,STRONG BUY,1.7470588235294116,3,0,5,Banks & Financial Services
MCBS,2026-08-14,2.0,0.6006295408036036,1.0,0,0,2.0,4.0,4.0,56.73962374808,1.0,0.9582223203545035,0,,0,0,BUY,2.0117647058823533,4,1,5,Banks & Financial Services
MCD,2026-08-14,3.0,0.48079658605974396,5.0,0,0,4.0,3.0,3.0,50.91434789591712,5.0,0.1353931167898126,0,,0,0,SELL,3.858823529411765,0,3,5,Retail
MCFT,2026-08-14,3.0,0.5166192184725318,1.0,0,0,3.0,2.0,4.0,55.06455554080365,2.0,0.7640118386896947,0,,0,0,BUY,2.376470588235294,3,0,5,Transportation Equipment
MCGA,2026-08-14,,,1.0,0,0,4.0,,5.0,70.94752240325062,5.0,0.1523077464809397,0,,0,0,SELL,3.8409090909090917,1,2,3,Banks & Financial Services
MCHB,2026-08-14,2.0,0.6662578046294827,1.0,0,0,2.0,2.0,4.0,63.2997165656915,1.0,0.9835489255254706,0,,0,0,STRONG BUY,1.6588235294117648,5,0,5,Banks & Financial Services
MCHP,2026-08-14,5.0,0.17888804002721972,3.0,0,0,3.0,2.0,3.0,47.53229182307809,3.0,0.569288559432172,0,,0,0,HOLD,3.4352941176470586,1,1,5,Semiconductors & Chips
MCHX,2026-08-14,,,1.0,0,0,3.0,4.0,4.0,58.14223708892959,2.0,0.7391304873639005,0,,0,0,HOLD,2.610169491525424,2,1,4,Technology & Software
MCI,2026-08-14,,,5.0,0,0,4.0,,4.0,57.09512379042687,5.0,0.14278963395558944,0,,0,0,STRONG SELL,4.659090909090909,0,3,3,Other
MCK,2026-08-14,3.0,0.4845898530109056,2.0,0,0,3.0,3.0,4.0,55.46758172963155,2.0,0.6148968177680357,0,,0,0,HOLD,2.658823529411765,2,0,5,Wholesale Trade
MCN,2026-08-14,,,4.0,0,0,4.0,,4.0,63.34347139651737,2.0,0.7453261346556393,0,,0,0,HOLD,3.090909090909091,1,2,3,Other
MCO,2026-08-14,4.0,0.2773826458036984,1.0,1,0,3.0,1.0,3.0,53.36471928740785,3.0,0.5883013792062759,0,,0,0,HOLD,2.741176470588235,2,1,5,Services
MCRB,2026-08-14,3.0,0.47688760008375086,5.0,0,0,5.0,2.0,2.0,35.69212442837616,5.0,0.002484469768611947,0,,0,0,SELL,3.858823529411765,1,3,5,Pharmaceuticals & Biotech
MCRI,2026-08-14,4.0,0.35885181608505623,3.0,0,0,2.0,1.0,3.0,51.86430107093911,2.0,0.7852812557624776,0,,0,0,HOLD,2.5411764705882356,3,1,5,Hospitality & Leisure
MCRP,2026-08-14,,,5.0,0,0,5.0,,1.0,29.258018494634555,5.0,0.0718231993256311,0,,0,0,STRONG SELL,5.0,0,3,3,Automobiles
MCS,2026-08-14,,,1.0,0,0,1.0,2.0,4.0,67.70294254062699,1.0,0.9386304662122049,1,1.0,0,0,STRONG BUY,1.0,4,0,4,Hospitality & Leisure
MCTA,2026-08-14,,,3.0,0,0,3.0,,4.0,68.32219649803136,1.0,1.0,0,,0,0,BUY,2.090909090909091,1,0,3,Healthcare Services
MCY,2026-08-14,1.0,0.7765409939395784,2.0,0,0,2.0,1.0,3.0,46.42252239653393,1.0,0.8527975363014978,0,,0,0,STRONG BUY,1.2823529411764707,5,0,5,Insurance
MD,2026-08-14,3.0,0.5277670954110405,1.0,0,0,1.0,1.0,3.0,54.71013852650636,1.0,0.9341773150243952,0,,0,0,STRONG BUY,1.6117647058823528,4,0,5,Healthcare Services
MDA,2026-08-14,,,,0,0,,,4.0,55.26662750147603,3.0,0.4627043723704532,0,,0,0,,,0,0,1,Aerospace & Defense
MDAI,2026-08-14,3.0,0.4917171717171718,4.0,0,0,3.0,4.0,3.0,50.07823814561276,4.0,0.324324252485272,0,,0,0,SELL,3.51764705882353,0,3,5,Medical Devices & Instruments
MDB,2026-08-14,5.0,0.12803191937484734,1.0,0,0,1.0,3.0,5.0,75.18304367194267,1.0,0.9553597291234751,0,,0,0,HOLD,2.5764705882352934,3,1,5,Technology & Software
MDBH,2026-08-14,,,5.0,0,0,4.0,,2.0,41.96466455033025,5.0,0.12479738927124025,0,,0,0,STRONG SELL,4.659090909090909,0,3,3,Banks & Financial Services
MDGL,2026-08-14,5.0,0.1142916881457759,3.0,0,0,2.0,4.0,3.0,45.869394264861114,3.0,0.5910982829917991,0,,0,0,SELL,3.6117647058823534,1,2,5,Pharmaceuticals & Biotech
MDLN,2026-08-14,,,,0,0,5.0,1.0,2.0,43.292211924626564,5.0,0.15178586836572042,0,,0,0,SELL,3.8,1,2,3,Medical Devices & Instruments
MDLZ,2026-08-14,4.0,0.29682313892840206,1.0,0,0,3.0,3.0,4.0,59.24074757729707,1.0,0.9038104574798446,0,,0,0,HOLD,2.6235294117647054,2,1,5,Food & Beverage
MDRR,2026-08-14,2.0,0.7578443346529093,4.0,0,0,3.0,2.0,3.0,46.24161237021718,4.0,0.32827207390622587,1,2.0,0,0,HOLD,2.5588235294117645,2,2,5,Investment & Holding Companies
MDT,2026-08-14,3.0,0.4560642814899926,2.0,0,0,4.0,1.0,5.0,71.12456457950582,2.0,0.6117742809241757,0,,0,0,BUY,2.482352941176471,3,1,5,Medical Devices & Instruments
MDU,2026-08-14,3.0,0.4969179706021811,4.0,0,0,3.0,4.0,3.0,50.46463628698157,2.0,0.7192544131399183,1,1.0,0,0,HOLD,2.7470588235294118,1,2,5,Mining & Minerals
MDWD,2026-08-14,,,5.0,0,0,5.0,,2.0,36.12238762642178,5.0,0.004870240705198717,0,,0,0,STRONG SELL,5.0,0,3,3,Pharmaceuticals & Biotech
MDXG,2026-08-14,3.0,0.5576688600163543,3.0,0,0,5.0,3.0,3.0,53.85302962139951,4.0,0.24229980220070624,0,,0,0,SELL,3.5882352941176476,0,2,5,Medical Devices & Instruments
MEC,2026-08-14,2.0,0.6239080484811985,3.0,0,0,2.0,4.0,2.0,36.444979543235014,3.0,0.4615692355514049,0,,0,0,HOLD,2.6941176470588237,2,1,5,Industrial Machinery
MED,2026-08-14,1.0,0.8953952492172006,3.0,0,1,3.0,4.0,3.0,53.279703879147284,4.0,0.388671838984009,1,1.0,0,0,BUY,2.5,1,2,5,Food & Beverage
MEDP,2026-08-14,5.0,0.1633751702319285,1.0,1,0,2.0,1.0,3.0,54.67325155563525,1.0,0.8147201462887701,0,,0,0,BUY,2.4,4,1,5,Business & Research Services
MEDS,2026-08-14,5.0,0.25333333333333335,5.0,0,0,5.0,4.0,2.0,30.84367004468544,5.0,0.0017611832362771384,0,,0,0,STRONG SELL,4.823529411764706,0,5,5,Wholesale Trade
MEGI,2026-08-14,,,1.0,0,0,3.0,,3.0,54.656673078086115,1.0,0.9322158193824401,0,,0,0,STRONG BUY,1.6818181818181817,2,0,3,Other
MEGL,2026-08-14,1.0,0.9590551181102362,2.0,0,0,3.0,,3.0,54.129187482167836,4.0,0.37234042823017843,0,,0,0,BUY,2.414285714285714,2,1,4,Banks & Financial Services
MEI,2026-08-14,,,1.0,0,0,1.0,3.0,4.0,59.18070601066928,1.0,0.8456207956767606,0,,0,0,STRONG BUY,1.5084745762711864,3,0,4,Semiconductors & Chips
MELI,2026-08-14,5.0,0.21602490141220373,3.0,0,0,4.0,3.0,3.0,51.60912788864939,4.0,0.30883870374726624,1,1.0,0,0,SELL,3.723529411764707,0,3,5,Services
MENS,2026-08-14,,,4.0,0,0,3.0,,2.0,42.59637749680506,5.0,0.00872817829083287,0,,0,0,SELL,4.113636363636364,0,2,3,Pharmaceuticals & Biotech
MEOH,2026-08-14,,,1.0,0,0,2.0,,4.0,56.574247614845994,2.0,0.7097630164447996,0,,0,0,BUY,1.7954545454545454,3,0,3,Chemicals
MESH,2026-08-14,,,,0,0,3.0,,4.0,65.31147688809861,1.0,1.0,0,,0,0,,,1,0,2,Investment & Holding Companies
MESO,2026-08-14,,,3.0,0,0,4.0,,3.0,49.956524312955686,4.0,0.3360149132020528,0,,0,0,SELL,3.795454545454546,0,2,3,Pharmaceuticals & Biotech
MET,2026-08-14,4.0,0.34280260278503555,1.0,0,0,2.0,2.0,4.0,63.44856882173706,1.0,0.9309795960790767,0,,0,0,BUY,2.270588235294118,4,1,5,Insurance
META,2026-08-14,3.0,0.4329065908013277,5.0,0,0,4.0,4.0,3.0,47.626723794029516,4.0,0.25100568761482694,0,,0,0,SELL,3.8000000000000007,0,4,5,Technology & Software
METC,2026-08-14,2.0,0.6359055118110236,4.0,0,0,5.0,4.0,4.0,59.61027204629985,5.0,0.07338445584805421,0,,0,0,SELL,3.8000000000000003,1,4,5,Coal Mining
METCB,2026-08-14,1.0,0.8447244094488189,5.0,0,0,5.0,4.0,3.0,45.429206157349356,5.0,0.049986322307676884,0,,0,0,SELL,3.5999999999999996,1,4,5,Coal Mining
MEVO,2026-08-14,,,,0,0,,,4.0,62.325481692498116,1.0,0.8750029802350809,0,,0,0,,,1,0,1,Investment & Holding Companies
MF,2026-08-14,5.0,0.16913385826771654,3.0,0,0,5.0,,5.0,72.08151350464344,5.0,0.10700132100396301,0,,0,0,STRONG SELL,4.742857142857143,0,3,4,Technology & Software
MFA,2026-08-14,1.0,0.9162022670434506,5.0,0,0,3.0,2.0,3.0,48.01186769855999,3.0,0.5841151015030595,0,,0,0,BUY,2.423529411764706,2,1,5,Investment & Holding Companies
MFC,2026-08-14,,,1.0,0,0,2.0,,4.0,63.07355057431736,1.0,0.9797131937634016,0,,0,0,STRONG BUY,1.340909090909091,3,0,3,Insurance
MFG,2026-08-14,,,1.0,0,0,2.0,,4.0,59.53495139067183,1.0,0.9755102255303695,0,,0,0,STRONG BUY,1.340909090909091,3,0,3,Banks & Financial Services
MFI,2026-08-14,1.0,0.9722834645669292,5.0,0,0,5.0,,3.0,45.25744612503313,5.0,0.04804177740731945,0,,0,0,SELL,3.5142857142857147,1,3,4,Technology & Software
MFIC,2026-08-14,1.0,0.861732283464567,5.0,0,0,4.0,4.0,3.0,49.81447604748839,4.0,0.23118178601703487,0,,0,0,HOLD,3.1882352941176473,1,4,5,Other
MFIN,2026-08-14,1.0,0.8949704204840552,1.0,0,0,2.0,1.0,5.0,76.2322122144742,1.0,1.0,0,,0,0,STRONG BUY,1.1764705882352942,5,0,5,Banks & Financial Services
MFM,2026-08-14,,,3.0,0,0,3.0,,4.0,57.59928329151291,1.0,0.8613364487618528,0,,0,0,BUY,2.090909090909091,1,0,3,Other
MFP,2026-08-14,,,,0,0,,,1.0,7.363173565931277,,,0,,0,0,,,0,0,0,Industrial Machinery
MG,2026-08-14,3.0,0.5700059821812214,2.0,0,0,1.0,3.0,4.0,61.87345551821028,1.0,0.8849902262327356,0,,0,0,BUY,2.0705882352941174,3,0,5,Business & Research Services
MGA,2026-08-14,,,1.0,0,0,2.0,,4.0,57.60804457134153,1.0,0.9643367523972554,0,,0,0,STRONG BUY,1.340909090909091,3,0,3,Automobiles
MGEE,2026-08-14,3.0,0.49080341351559426,1.0,1,0,4.0,2.0,4.0,55.7886248619721,2.0,0.7097208542058185,1,1.0,0,0,BUY,2.2529411764705882,3,1,5,Utilities
MGF,2026-08-14,,,4.0,0,0,4.0,,3.0,54.60598588352525,4.0,0.27531770204274536,0,,0,0,SELL,4.0,0,3,3,Other
MGIH,2026-08-14,1.0,0.871496062992126,2.0,0,0,4.0,,3.0,48.44117727352289,5.0,0.19230766879501107,0,,0,0,HOLD,2.9142857142857146,2,2,4,Publishing & Media
MGLD,2026-08-14,3.0,0.5814759336615432,4.0,0,0,2.0,5.0,3.0,46.66342983742668,2.0,0.637096895914803,0,,0,0,HOLD,3.047058823529412,2,2,5,Banks & Financial Services
MGM,2026-08-14,3.0,0.4791601594860007,3.0,0,0,2.0,2.0,2.0,42.02164633912208,2.0,0.6700049885239118,1,1.0,0,0,BUY,2.1117647058823534,3,0,5,Hospitality & Leisure
MGNI,2026-08-14,4.0,0.3385151640425661,1.0,0,0,2.0,3.0,5.0,74.97508425857104,1.0,0.8831592141151263,0,,0,0,BUY,2.447058823529412,3,1,5,Technology & Software
MGNX,2026-08-14,4.0,0.3317559823219369,2.0,0,0,1.0,4.0,3.0,54.165671559245865,1.0,0.8186967912473503,0,,0,0,HOLD,2.552941176470588,3,2,5,Pharmaceuticals & Biotech
MGPI,2026-08-14,1.0,0.8467346726446853,3.0,0,0,5.0,4.0,3.0,50.842102581447655,5.0,0.14135874442669596,0,,0,0,HOLD,3.388235294117647,1,3,5,Wholesale Trade
MGRC,2026-08-14,3.0,0.47448145482694454,1.0,0,0,3.0,2.0,4.0,60.92992874741147,1.0,0.9458047195256157,0,,0,0,BUY,2.1411764705882352,3,0,5,Services
MGRT,2026-08-14,5.0,0.011023622047244094,1.0,0,0,1.0,,4.0,60.64973217861353,2.0,0.6973703403149323,0,,0,0,HOLD,2.771428571428572,3,1,4,Technology & Software
MGTX,2026-08-14,5.0,0.17939393939393938,1.0,0,0,1.0,4.0,4.0,63.01099304626299,1.0,0.8513690510679536,0,,0,0,HOLD,2.7529411764705882,3,2,5,Pharmaceuticals & Biotech
MGX,2026-08-14,1.0,0.7738930422101798,5.0,0,0,5.0,5.0,3.0,49.991388385298855,5.0,0.040723998497639254,0,,0,0,SELL,3.776470588235294,1,4,5,Pharmaceuticals & Biotech
MGY,2026-08-14,,,3.0,0,1,3.0,2.0,3.0,54.93322151307132,3.0,0.48661527244640335,0,,0,0,HOLD,2.745762711864407,1,0,4,Oil & Gas
MGYR,2026-08-14,1.0,0.7856764550585552,1.0,0,0,3.0,1.0,4.0,67.79887822283133,1.0,0.9601844940787446,0,,0,0,STRONG BUY,1.352941176470588,4,0,5,Banks & Financial Services
MH,2026-08-14,3.0,0.4589961211357133,3.0,0,0,4.0,2.0,4.0,69.4891873369298,3.0,0.44994378792169787,1,1.0,0,0,HOLD,2.7,1,1,5,Publishing & Media
MHD,2026-08-14,,,5.0,0,0,3.0,,3.0,53.906704923872006,1.0,0.815841668648402,0,,0,0,BUY,2.5,1,1,3,Other
MHF,2026-08-14,,,4.0,0,0,3.0,,3.0,47.83000314922726,3.0,0.5797639875954045,0,,0,0,HOLD,3.2045454545454555,0,1,3,Other
MHH,2026-08-14,5.0,0.04694167852062589,1.0,0,0,3.0,3.0,3.0,54.147069471741844,1.0,0.9189189089671892,1,1.0,0,0,HOLD,2.6294117647058823,2,1,5,Business & Research Services
MHK,2026-08-14,2.0,0.7051887944226706,1.0,1,0,3.0,3.0,5.0,72.6524589376269,1.0,1.0,0,,0,0,BUY,2.011764705882353,3,0,5,Apparel & Textiles
MHO,2026-08-14,1.0,0.871503082029398,1.0,0,0,3.0,4.0,3.0,53.21907443792867,2.0,0.7596557056626242,0,,0,0,BUY,2.1176470588235294,3,1,5,Construction & Materials
MI,2026-08-14,1.0,0.9316535433070866,3.0,0,0,1.0,,2.0,44.46084368546778,3.0,0.40307628045682775,0,,0,0,BUY,1.8285714285714287,2,0,4,Banks & Financial Services
MIAX,2026-08-14,4.0,0.38374116602821134,3.0,0,0,2.0,3.0,3.0,49.264308012464376,3.0,0.48965519156539755,1,2.0,0,0,HOLD,2.829411764705883,1,1,5,Investment & Brokerage
MICC,2026-08-14,,,,0,0,2.0,,4.0,62.191050082211696,1.0,0.9274537342455507,0,,0,0,,,2,0,2,Food & Beverage
MIDD,2026-08-14,,,4.0,0,0,4.0,3.0,2.0,31.47034811864178,3.0,0.5166192242344193,0,,0,0,HOLD,3.40677966101695,0,2,4,Industrial Machinery
MIMI,2026-08-14,5.0,0.15401574803149606,5.0,0,0,5.0,,3.0,47.55346373774759,5.0,0.0039652563940221494,0,,0,0,STRONG SELL,5.0,0,4,4,Services
MIN,2026-08-14,,,4.0,0,0,3.0,,4.0,65.6218779841347,2.0,0.7370834834944429,0,,0,0,HOLD,2.7500000000000004,1,1,3,Other
MIND,2026-08-14,2.0,0.7511490644827774,5.0,0,0,5.0,3.0,2.0,38.96481071997555,5.0,0.00623700036312984,0,,0,0,SELL,3.7294117647058824,1,3,5,Medical Devices & Instruments
MINE,2026-08-14,,,,0,0,5.0,,4.0,57.88869093929291,4.0,0.21774193936034406,0,,0,0,,,0,2,2,Mining & Minerals
MIR,2026-08-14,1.0,0.8174652322081394,5.0,0,0,5.0,1.0,3.0,49.38023453778833,5.0,0.08695656271156114,0,,0,0,HOLD,3.070588235294117,2,3,5,Medical Devices & Instruments
MIRM,2026-08-14,5.0,0.18505050505050505,3.0,0,0,3.0,3.0,2.0,41.304428146148176,3.0,0.5667751806966286,0,,0,0,SELL,3.611764705882353,0,1,5,Pharmaceuticals & Biotech
MIST,2026-08-14,5.0,0.16409448818897637,5.0,0,0,5.0,4.0,2.0,42.019028652093574,5.0,0.04639176841445505,0,,0,0,STRONG SELL,4.823529411764706,0,5,5,Pharmaceuticals & Biotech
MITK,2026-08-14,4.0,0.303896027267444,2.0,0,0,1.0,3.0,4.0,62.689164042500664,1.0,0.9382072150899998,0,,0,0,BUY,2.376470588235294,3,1,5,Computer Hardware
MITT,2026-08-14,1.0,0.9331451176085397,5.0,0,0,4.0,3.0,2.0,39.28520826393254,5.0,0.18917018442692268,0,,0,0,HOLD,3.2470588235294118,1,3,5,Investment & Holding Companies
MIY,2026-08-14,,,1.0,0,0,3.0,,4.0,64.18488031016648,1.0,0.9776532210924604,0,,0,0,STRONG BUY,1.6818181818181817,2,0,3,Other
MKC,2026-08-14,2.0,0.5926979611190137,3.0,0,0,4.0,3.0,4.0,65.61125474576521,4.0,0.3763390541528,0,,0,0,HOLD,3.1058823529411765,1,2,5,Food & Beverage
MKC.V,2026-08-14,2.0,0.5950687529634898,3.0,0,0,4.0,3.0,4.0,62.09574940951923,4.0,0.36018839279913556,0,,0,0,HOLD,3.1058823529411765,1,2,5,Food & Beverage
MKDW,2026-08-14,5.0,0.1294488188976378,1.0,0,0,1.0,,4.0,55.58362728396874,1.0,0.9691541869564635,0,,0,0,BUY,2.4857142857142858,3,1,4,Industrial Machinery
MKL,2026-08-14,2.0,0.6777462950185369,4.0,0,0,4.0,2.0,2.0,38.27341631255193,4.0,0.21762426011154334,0,,0,0,HOLD,3.0352941176470583,2,3,5,Insurance
MKLY,2026-08-14,,,1.0,0,0,3.0,,4.0,62.9406243982563,1.0,0.9736860597603763,0,,0,0,STRONG BUY,1.6818181818181817,2,0,3,Investment & Holding Companies
MKSI,2026-08-14,5.0,0.22840151117652602,3.0,0,0,1.0,2.0,3.0,47.70881558223748,2.0,0.6124689294393586,0,,0,0,HOLD,2.847058823529412,3,1,5,Medical Devices & Instruments
MKTW,2026-08-14,1.0,0.8516321805663848,1.0,0,0,2.0,3.0,3.0,47.44261951100858,2.0,0.7727821881639656,1,1.0,0,0,STRONG BUY,1.464705882352941,4,0,5,Technology & Software
MKTX,2026-08-14,4.0,0.2961687101318718,2.0,0,0,4.0,2.0,5.0,84.61636504567011,2.0,0.6408204131319636,0,,0,0,HOLD,2.9647058823529413,3,2,5,Investment & Brokerage
MKZR,2026-08-14,1.0,0.9666075900614561,5.0,0,0,5.0,,3.0,53.295114760097036,5.0,0.10498221002903065,1,1.0,0,0,HOLD,3.214285714285715,1,3,4,Investment & Holding Companies
MLAA,2026-08-14,,,,0,0,,,4.0,65.58847168522149,3.0,0.5294096197646109,0,,0,0,,,0,0,1,Investment & Holding Companies
MLAB,2026-08-14,4.0,0.3963470208049817,1.0,0,0,2.0,1.0,3.0,54.58795382198187,1.0,0.8673579314013762,1,3.0,0,0,BUY,1.7941176470588236,4,1,5,Medical Devices & Instruments
MLCI,2026-08-14,1.0,0.8613965988521635,5.0,0,0,5.0,4.0,3.0,51.36933608947622,5.0,0.08390514351137887,0,,0,0,SELL,3.5999999999999996,1,4,5,Investment & Brokerage
MLCO,2026-08-14,,,3.0,0,0,4.0,,3.0,53.82756573903323,5.0,0.08669351311119515,0,,0,0,STRONG SELL,4.250000000000001,0,2,3,Hospitality & Leisure
MLEC,2026-08-14,,,5.0,0,0,5.0,,3.0,49.67219389787405,5.0,0.11208790649861207,0,,0,0,STRONG SELL,5.0,0,3,3,Food & Beverage
MLGO,2026-08-14,1.0,0.8698100309068346,4.0,0,0,4.0,3.0,4.0,55.69619025596874,5.0,0.13140310562251573,0,,0,0,HOLD,3.141176470588235,1,3,5,Technology & Software
MLI,2026-08-14,3.0,0.42728041983150294,1.0,0,0,2.0,2.0,3.0,51.65229247953161,1.0,0.8294059958414658,0,,0,0,BUY,1.9647058823529413,4,0,5,Metals
MLKN,2026-08-14,1.0,0.7667376931463804,1.0,0,0,3.0,2.0,4.0,61.329184830312194,1.0,0.9402864277295452,0,,0,0,STRONG BUY,1.5294117647058825,4,0,5,Wood & Furniture
MLM,2026-08-14,4.0,0.36747803631207376,5.0,0,0,4.0,1.0,3.0,46.123341976200116,5.0,0.125847485618528,0,,0,0,SELL,3.811764705882353,1,4,5,Mining & Minerals
MLP,2026-08-14,5.0,0.14529549215633175,4.0,0,0,4.0,4.0,2.0,33.46891431982668,5.0,0.19304341855256454,1,1.0,0,0,SELL,4.241176470588235,0,5,5,Real Estate & REITs
MLPB,2026-08-14,,,1.0,0,0,2.0,,4.0,64.07590214271909,1.0,1.0,0,,0,0,STRONG BUY,1.340909090909091,3,0,3,Banks & Financial Services
MLR,2026-08-14,4.0,0.3755334281650071,1.0,0,0,2.0,1.0,5.0,73.58187117819438,1.0,1.0,0,,0,0,BUY,2.0941176470588236,4,1,5,Automobiles
MLTX,2026-08-14,3.0,0.5190551181102362,4.0,0,0,4.0,5.0,2.0,38.71462273909188,5.0,0.1834245062145878,0,,0,0,SELL,4.105882352941176,0,4,5,Pharmaceuticals & Biotech
MLYS,2026-08-14,4.0,0.2948031496062992,4.0,0,0,3.0,3.0,2.0,39.50681897541217,4.0,0.34668670723133566,1,1.0,0,0,HOLD,3.3470588235294123,0,3,5,Pharmaceuticals & Biotech
MMD,2026-08-14,,,4.0,0,0,3.0,,3.0,49.254289195873206,2.0,0.7338151836866953,0,,0,0,HOLD,2.7500000000000004,1,1,3,Other
MMED,2026-08-14,2.0,0.6036708539307938,,0,0,,4.0,4.0,68.804955048926,1.0,0.9444443320585887,0,,0,0,BUY,2.163934426229508,2,1,3,Medical Devices & Instruments
MMI,2026-08-14,3.0,0.5699396454136845,1.0,0,0,3.0,2.0,4.0,55.73252701429757,1.0,0.8676917393465313,0,,0,0,BUY,2.1411764705882352,3,0,5,Real Estate & REITs
MMM,2026-08-14,5.0,0.22422188981062588,1.0,1,0,3.0,3.0,4.0,66.8065029185196,1.0,0.9739067993265998,0,,0,0,HOLD,2.929411764705882,2,1,5,Medical Devices & Instruments
MMS,2026-08-14,2.0,0.731494405439865,4.0,0,0,5.0,1.0,2.0,41.66807942387688,5.0,0.034400996307016235,0,,0,0,HOLD,3.2705882352941176,2,3,5,Services
MMSI,2026-08-14,4.0,0.36300415363139316,2.0,0,0,3.0,2.0,5.0,81.27771483351538,1.0,0.9263766885432463,0,,0,0,HOLD,2.552941176470588,3,1,5,Medical Devices & Instruments
MMT,2026-08-14,,,4.0,0,0,4.0,,4.0,57.449035955647616,3.0,0.5068619287340674,0,,0,0,SELL,3.545454545454546,0,2,3,Other
MMTX,2026-08-14,,,,0,0,3.0,,4.0,61.990438431854756,1.0,1.0,0,,0,0,,,1,0,2,Technology & Software
MMU,2026-08-14,,,5.0,0,0,3.0,,4.0,55.914168063868885,1.0,0.8048246471739019,0,,0,0,BUY,2.5,1,1,3,Other
MMYT,2026-08-14,,,2.0,0,0,4.0,,4.0,59.05416913889958,4.0,0.36048421740980857,0,,0,0,SELL,3.590909090909091,1,2,3,Transportation & Logistics
MNDO,2026-08-14,1.0,0.8119685039370079,3.0,0,0,4.0,,3.0,49.880916732631526,4.0,0.36842101960961465,0,,0,0,HOLD,2.7571428571428576,1,2,4,Technology & Software
MNDR,2026-08-14,,,5.0,0,0,5.0,,2.0,33.99129495207488,5.0,0.008549617260293366,0,,0,0,STRONG SELL,5.0,0,3,3,Technology & Software
MNDY,2026-08-14,4.0,0.33070866141732286,3.0,0,0,3.0,,3.0,52.36990046230621,5.0,0.1790569827151667,0,,0,0,SELL,3.9428571428571435,0,2,4,Technology & Software
MNKD,2026-08-14,4.0,0.3289411779402889,5.0,0,0,4.0,4.0,3.0,47.75045694133033,4.0,0.39949107037503606,1,1.0,0,0,SELL,3.805882352941177,0,5,5,Pharmaceuticals & Biotech
MNOV,2026-08-14,4.0,0.33723251560622686,5.0,0,0,4.0,5.0,3.0,45.01962789769555,5.0,0.18571426625154588,0,,0,0,STRONG SELL,4.517647058823529,0,5,5,Pharmaceuticals & Biotech
MNPR,2026-08-14,5.0,0.21448818897637795,1.0,0,0,1.0,4.0,4.0,56.00482295026885,1.0,0.9201470291998531,0,,0,0,HOLD,2.7529411764705882,3,2,5,Pharmaceuticals & Biotech
MNRO,2026-08-14,5.0,0.018018018018018018,5.0,0,0,5.0,2.0,1.0,29.194049239949592,5.0,0.017756426342601942,0,,0,0,STRONG SELL,4.470588235294118,1,4,5,Services
MNSB,2026-08-14,3.0,0.5155098106600509,2.0,0,0,2.0,1.0,4.0,61.993510312785666,1.0,0.9567004578180976,0,,0,0,BUY,1.8941176470588235,4,0,5,Banks & Financial Services
MNSBP,2026-08-14,3.0,0.5120104109627049,1.0,0,0,3.0,1.0,3.0,52.83708116179588,1.0,0.9257226091692631,0,,0,0,BUY,1.964705882352941,3,0,5,Banks & Financial Services
MNSO,2026-08-14,,,4.0,0,0,5.0,,2.0,39.191049674534284,5.0,0.03400119574365067,0,,0,0,STRONG SELL,4.795454545454546,0,3,3,Retail
MNST,2026-08-14,4.0,0.2809423897036949,2.0,0,0,2.0,3.0,2.0,43.34718276867582,4.0,0.2508845050078587,0,,0,0,HOLD,3.2588235294117647,2,2,5,Food & Beverage
MNTK,2026-08-14,2.0,0.6220343990300342,1.0,0,0,3.0,4.0,4.0,61.199766971476556,3.0,0.558823516521487,0,,0,0,HOLD,2.6588235294117646,2,1,5,Utilities
MNTN,2026-08-14,1.0,0.851370465515417,2.0,0,0,3.0,2.0,5.0,75.19500735609132,4.0,0.3114323464715131,0,,0,0,BUY,2.3411764705882354,3,1,5,Services
MNTS,2026-08-14,2.0,0.6060997594141619,5.0,0,0,5.0,3.0,2.0,44.730580711981304,5.0,0.05896202465374939,0,,0,0,SELL,3.7294117647058824,1,3,5,Aerospace & Defense
MO,2026-08-14,3.0,0.4332561023954266,3.0,0,0,3.0,2.0,2.0,37.133105929188524,3.0,0.5788948430574138,0,,0,0,HOLD,2.823529411764706,1,0,5,Food & Beverage
MOB,2026-08-14,,,4.0,0,0,2.0,,4.0,62.42035685165576,4.0,0.34920633478950325,0,,0,0,HOLD,3.3181818181818183,1,2,3,Aerospace & Defense
MOBI,2026-08-14,3.0,0.48094488188976375,,0,0,,,3.0,48.20503864797749,4.0,0.3166666628822446,0,,0,0,,,0,1,2,Medical Devices & Instruments
MOBX,2026-08-14,4.0,0.40278710431119036,5.0,0,0,5.0,2.0,1.0,27.54405199806365,5.0,0.0,0,,0,0,SELL,4.1647058823529415,1,4,5,Semiconductors & Chips
MOD,2026-08-14,5.0,0.08392603129445235,3.0,0,0,3.0,3.0,3.0,46.80603142632695,3.0,0.4797820245349344,0,,0,0,SELL,3.611764705882353,0,1,5,Automobiles
MODD,2026-08-14,1.0,0.8138582677165355,5.0,0,0,5.0,4.0,3.0,46.45928782618509,5.0,0.02958015301365491,0,,0,0,SELL,3.5999999999999996,1,4,5,Medical Devices & Instruments
MOG.A,2026-08-14,5.0,0.14129919393077287,1.0,0,0,1.0,2.0,4.0,64.02769731957542,1.0,1.0,0,,0,0,BUY,2.4,4,1,5,Industrial Machinery
MOG.B,2026-08-14,5.0,0.1541014698909436,1.0,0,0,1.0,2.0,4.0,56.08644768483863,1.0,0.9207668986516889,0,,0,0,BUY,2.4,4,1,5,Industrial Machinery
MOGU,2026-08-14,,,3.0,0,0,5.0,,3.0,51.528563197285486,5.0,0.11847505237954854,0,,0,0,STRONG SELL,4.590909090909092,0,2,3,Services
MOH,2026-08-14,2.0,0.6383815406026989,2.0,0,0,2.0,3.0,4.0,56.34157459121585,2.0,0.746735329311831,0,,0,0,BUY,2.176470588235294,4,0,5,Insurance
MOLN,2026-08-14,,,3.0,0,0,3.0,,4.0,59.450272569525865,3.0,0.4471299228575425,0,,0,0,HOLD,3.0000000000000004,0,0,3,Pharmaceuticals & Biotech
MOMO,2026-08-14,,,4.0,0,0,4.0,,2.0,42.02086154994482,5.0,0.128047728461771,0,,0,0,STRONG SELL,4.454545454545455,0,3,3,Technology & Software
MORN,2026-08-14,3.0,0.4561246823308699,2.0,0,0,3.0,3.0,4.0,68.69407125782125,3.0,0.5452462360512376,1,1.0,0,0,HOLD,2.594117647058824,1,0,5,Investment & Brokerage
MOS,2026-08-14,1.0,0.8604883651393723,4.0,0,0,5.0,1.0,2.0,42.82167416131984,5.0,0.1183043508624904,0,,0,0,HOLD,2.964705882352941,2,3,5,Chemicals
MOV,2026-08-14,4.0,0.34186818397344715,3.0,0,0,1.0,1.0,2.0,41.86167516120773,1.0,0.8525657594926225,0,,0,0,BUY,2.1294117647058823,3,1,5,Medical Devices & Instruments
MOVE,2026-08-14,3.0,0.5630608743077407,4.0,0,0,1.0,4.0,2.0,43.04112784375427,4.0,0.39181237481804027,0,,0,0,HOLD,3.164705882352941,1,3,5,Technology & Software
MP,2026-08-14,5.0,0.16570831185422408,3.0,0,0,4.0,4.0,4.0,66.98824780120192,4.0,0.34087534540176223,0,,0,0,SELL,4.2,0,4,5,Mining & Minerals
MPA,2026-08-14,,,5.0,0,0,3.0,,3.0,52.829847272592175,1.0,0.8013210141062285,0,,0,0,BUY,2.5,1,1,3,Other
MPAA,2026-08-14,1.0,0.8161096246708834,4.0,0,0,3.0,2.0,2.0,37.04198459843597,4.0,0.35809986701991725,1,1.0,0,0,BUY,2.2529411764705882,2,2,5,Automobiles
MPB,2026-08-14,2.0,0.7426310825710978,1.0,0,0,2.0,2.0,4.0,67.07222304509857,1.0,1.0,1,3.0,0,0,STRONG BUY,1.3588235294117648,5,0,5,Banks & Financial Services
MPC,2026-08-14,4.0,0.40256045519203415,1.0,0,0,1.0,1.0,5.0,74.37371590242462,1.0,0.9951818123282701,0,,0,0,BUY,1.9176470588235293,4,1,5,Oil & Gas
MPLT,2026-08-14,2.0,0.6708661417322834,4.0,0,0,5.0,3.0,1.0,28.89149245795909,5.0,0.06171601597706766,1,1.0,0,0,HOLD,3.3235294117647056,1,3,5,Pharmaceuticals & Biotech
MPT,2026-08-14,2.0,0.7189599651328646,5.0,0,0,4.0,3.0,2.0,35.77901646115154,4.0,0.20207285445383147,0,,0,0,HOLD,3.3176470588235296,1,3,5,Investment & Holding Companies
MPTI,2026-08-14,4.0,0.31347040664770204,2.0,0,0,1.0,1.0,4.0,55.48527407031012,2.0,0.7948933422669747,0,,0,0,BUY,2.2588235294117642,4,1,5,Semiconductors & Chips
MPV,2026-08-14,,,5.0,0,0,4.0,,3.0,51.81658237775598,4.0,0.22860534273703836,0,,0,0,SELL,4.204545454545455,0,3,3,Other
MPWR,2026-08-14,5.0,0.08934623374442674,2.0,0,0,2.0,2.0,3.0,52.667094994596056,2.0,0.6729193499508201,0,,0,0,HOLD,2.9176470588235293,4,1,5,Semiconductors & Chips
MQ,2026-08-14,,,4.0,0,0,4.0,3.0,3.0,46.958222201051356,5.0,0.12404206653924822,1,1.0,0,0,SELL,3.7847457627118644,0,3,4,Technology & Software
MQY,2026-08-14,,,5.0,0,0,3.0,,3.0,48.658696727849694,2.0,0.7870703709720466,0,,0,0,HOLD,2.9545454545454546,1,1,3,Other
MRAM,2026-08-14,5.0,0.2165696522463155,3.0,0,0,1.0,3.0,4.0,56.96527177706832,4.0,0.3397267434819703,0,,0,0,HOLD,3.494117647058824,1,2,5,Semiconductors & Chips
MRBK,2026-08-14,3.0,0.49466909426789174,1.0,0,0,3.0,2.0,4.0,57.53124013230579,1.0,0.9412366477896356,0,,0,0,BUY,2.1411764705882352,3,0,5,Banks & Financial Services
MRCY,2026-08-14,4.0,0.2677716457279271,2.0,0,0,1.0,3.0,4.0,55.8540026018507,2.0,0.7565736915969459,0,,0,0,HOLD,2.6117647058823534,3,1,5,Industrial Machinery
MRDN,2026-08-14,3.0,0.520452237259771,2.0,0,0,2.0,3.0,4.0,55.05608183943074,2.0,0.7576036739578218,0,,0,0,BUY,2.482352941176471,3,0,5,Technology & Software
MRK,2026-08-14,2.0,0.5922238027501185,1.0,0,0,2.0,4.0,4.0,68.8148994480374,1.0,1.0,0,,0,0,BUY,2.0117647058823533,4,1,5,Pharmaceuticals & Biotech
MRKR,2026-08-14,2.0,0.654488188976378,5.0,0,1,4.0,4.0,2.0,41.21702925047707,4.0,0.2164178765890309,0,,0,0,HOLD,3.494117647058823,1,4,5,Pharmaceuticals & Biotech
MRLN,2026-08-14,,,5.0,0,0,5.0,4.0,2.0,41.229354641336435,5.0,0.03482004415929898,1,1.0,0,0,STRONG SELL,4.445762711864407,0,4,4,Technology & Software
MRM,2026-08-14,1.0,0.9801574803149607,4.0,0,0,5.0,,4.0,60.44493355674359,5.0,0.08780490754971013,0,,0,0,HOLD,3.3857142857142852,1,3,4,Services
MRNA,2026-08-14,4.0,0.2561749953500904,2.0,0,0,1.0,4.0,4.0,56.59434603819465,2.0,0.6890982066302824,0,,0,0,HOLD,2.7882352941176474,3,2,5,Pharmaceuticals & Biotech
MRP,2026-08-14,1.0,0.8046467520151731,3.0,0,0,3.0,,4.0,64.89245633941658,2.0,0.7174311144789567,1,1.0,0,0,STRONG BUY,1.6714285714285713,2,0,4,Real Estate & REITs
MRSH,2026-08-14,3.0,0.4520898319580808,1.0,1,0,3.0,2.0,3.0,54.58961266785854,2.0,0.6211549757272391,0,,0,0,BUY,2.376470588235294,3,0,5,Insurance
MRT,2026-08-14,,,3.0,0,0,4.0,4.0,3.0,52.84911365008617,4.0,0.3759398037976669,0,,0,0,SELL,3.8474576271186445,0,3,4,Services
MRTN,2026-08-14,3.0,0.5783598791932689,3.0,0,0,2.0,3.0,2.0,41.53525811932211,2.0,0.6633235709116835,0,,0,0,HOLD,2.588235294117647,2,0,5,Transportation & Logistics
MRVI,2026-08-14,,,2.0,0,0,1.0,5.0,2.0,34.0717780957105,2.0,0.6863543768408246,0,,0,0,HOLD,2.5084745762711864,3,1,4,Pharmaceuticals & Biotech
MRVL,2026-08-14,5.0,0.12176936323189685,3.0,0,0,1.0,1.0,3.0,53.6770543355798,2.0,0.6288692192930477,0,,0,0,HOLD,2.670588235294118,3,1,5,Semiconductors & Chips
MRX,2026-08-14,,,1.0,0,0,1.0,,4.0,62.72636607348305,1.0,0.9707496364819123,0,,0,0,STRONG BUY,1.0,3,0,3,Investment & Brokerage
MS,2026-08-14,4.0,0.42372160066563364,2.0,0,0,2.0,3.0,3.0,53.562700751985645,1.0,0.8850366036035447,0,,0,0,HOLD,2.552941176470588,3,1,5,Investment & Brokerage
MSA,2026-08-14,4.0,0.2769003664458465,1.0,1,0,3.0,2.0,4.0,62.80815543164587,2.0,0.7433758112282188,0,,0,0,HOLD,2.6823529411764704,3,1,5,Medical Devices & Instruments
MSAI,2026-08-14,1.0,0.7756763349671517,5.0,0,0,5.0,4.0,3.0,49.12760297970538,5.0,0.009373324018364616,0,,0,0,SELL,3.5999999999999996,1,4,5,Medical Devices & Instruments
MSB,2026-08-14,,,5.0,0,0,5.0,1.0,2.0,44.62408387682702,5.0,0.05832702997004295,0,,0,0,SELL,3.9830508474576267,1,3,4,Investment & Holding Companies
MSBI,2026-08-14,2.0,0.710236220472441,1.0,0,0,1.0,3.0,4.0,58.69353652833239,1.0,0.9440317817569025,0,,0,0,STRONG BUY,1.6588235294117646,4,0,5,Banks & Financial Services
MSC,2026-08-14,,,5.0,0,0,5.0,,3.0,48.79337798101869,5.0,0.04692080850462093,0,,0,0,STRONG SELL,5.0,0,3,3,Hospitality & Leisure
MSCI,2026-08-14,5.0,0.2040233041330332,4.0,0,0,3.0,1.0,3.0,46.11673346431223,3.0,0.4500634014258356,1,2.0,0,0,HOLD,3.0647058823529414,1,2,5,Services
MSD,2026-08-14,,,3.0,0,0,3.0,,3.0,54.568317438613605,2.0,0.6354343612510693,0,,0,0,HOLD,2.545454545454546,1,0,3,Other
MSDL,2026-08-14,1.0,0.8470405755872603,4.0,0,0,3.0,2.0,3.0,54.8559035507723,2.0,0.7470122183891039,1,4.0,0,0,BUY,1.7823529411764707,3,1,5,Other
MSEX,2026-08-14,4.0,0.4154139592334314,1.0,0,0,3.0,3.0,4.0,61.873406989384904,1.0,0.8448696795991465,1,1.0,0,0,BUY,2.3235294117647056,2,1,5,Utilities
MSFT,2026-08-14,5.0,0.2026782201070468,2.0,0,0,3.0,2.0,5.0,70.92350623171166,2.0,0.7672127292305807,1,1.0,0,0,HOLD,2.7941176470588243,3,1,5,Technology & Software
MSGE,2026-08-14,5.0,0.13560929350403034,1.0,0,0,1.0,1.0,4.0,65.69633305983517,1.0,0.9427914007094795,0,,0,0,BUY,2.223529411764706,4,1,5,Hospitality & Leisure
MSGM,2026-08-14,1.0,0.979611190137506,1.0,0,0,2.0,2.0,3.0,51.49091060686731,2.0,0.7188498139725774,0,,0,0,STRONG BUY,1.5882352941176472,5,0,5,Technology & Software
MSGS,2026-08-14,,,1.0,0,0,1.0,3.0,4.0,59.37389748462169,1.0,0.9686188574021489,0,,0,0,STRONG BUY,1.5084745762711864,3,0,4,Hospitality & Leisure
MSGY,2026-08-14,5.0,0.22299212598425197,5.0,0,0,5.0,,3.0,51.59919193295645,5.0,0.015144118919568727,0,,0,0,STRONG SELL,5.0,0,4,4,Construction & Materials
MSI,2026-08-14,5.0,0.16801902323227752,1.0,1,0,3.0,2.0,4.0,66.21280007941357,1.0,0.8515201808584841,0,,0,0,HOLD,2.7529411764705882,3,1,5,Industrial Machinery
MSIF,2026-08-14,1.0,0.8637473233277791,3.0,0,0,4.0,3.0,4.0,66.74759054357168,2.0,0.667720949118685,1,2.0,0,0,BUY,2.0294117647058827,2,1,5,Other
MSLE,2026-08-14,,,1.0,1,0,3.0,,4.0,55.06459587603398,3.0,0.5834353715365846,0,,0,0,HOLD,2.5909090909090917,1,0,3,Pharmaceuticals & Biotech
MSM,2026-08-14,4.0,0.28402086296823137,1.0,0,0,2.0,3.0,3.0,53.82378216927466,1.0,0.9284878773983286,0,,0,0,BUY,2.447058823529412,3,1,5,Wholesale Trade
MSS,2026-08-14,3.0,0.5357989568515884,5.0,0,0,5.0,1.0,2.0,32.351181554212786,5.0,0.002491573739504944,0,,0,0,SELL,3.6823529411764704,1,3,5,Retail
MSTR,2026-08-14,,,5.0,0,0,5.0,4.0,2.0,43.2669391804568,5.0,0.03691980585851806,1,1.0,0,0,STRONG SELL,4.445762711864407,0,4,4,Banks & Financial Services
MT,2026-08-14,,,1.0,0,0,1.0,,4.0,63.791054694804544,1.0,0.9690777007024391,0,,0,0,STRONG BUY,1.0,3,0,3,Metals
MTA,2026-08-14,,,1.0,1,0,1.0,,5.0,76.71563396671888,1.0,1.0,0,,0,0,STRONG BUY,1.0,3,0,3,Mining & Minerals
MTAL,2026-08-14,,,,0,0,,,3.0,49.821252891229044,3.0,0.5862072367447474,0,,0,0,,,0,0,1,Investment & Holding Companies
MTB,2026-08-14,2.0,0.7159791370317686,1.0,0,0,2.0,1.0,4.0,62.56879029820931,1.0,1.0,0,,0,0,STRONG BUY,1.4823529411764707,5,0,5,Banks & Financial Services
MTC,2026-08-14,5.0,0.051023622047244095,4.0,0,0,3.0,,2.0,43.843604076651275,4.0,0.29419826380650294,0,,0,0,SELL,4.157142857142857,0,3,4,Investment & Brokerage
MTCH,2026-08-14,3.0,0.5572484407004258,1.0,0,0,3.0,2.0,3.0,49.93087493986432,2.0,0.7403790637735275,0,,0,0,BUY,2.376470588235294,3,0,5,Technology & Software
MTD,2026-08-14,5.0,0.14290450300270863,2.0,0,0,3.0,2.0,4.0,63.02387625357144,1.0,0.8189348336735114,0,,0,0,HOLD,2.8588235294117648,3,1,5,Medical Devices & Instruments
MTDR,2026-08-14,2.0,0.7060271130265073,2.0,0,0,2.0,3.0,4.0,59.314275094575116,2.0,0.6200139040327053,1,2.0,0,0,BUY,1.876470588235294,4,0,5,Oil & Gas
MTEK,2026-08-14,5.0,0.06992125984251968,4.0,0,0,5.0,,4.0,61.68392695338012,5.0,0.08099688080170438,0,,0,0,STRONG SELL,4.871428571428571,0,4,4,Industrial Machinery
MTEN,2026-08-14,1.0,0.9376377952755905,5.0,0,0,5.0,,3.0,51.314644478033586,5.0,0.000132987140361379,0,,0,0,SELL,3.5142857142857147,1,3,4,Industrial Machinery
MTEX,2026-08-14,1.0,0.9705050505050505,4.0,0,0,4.0,4.0,5.0,70.26357150396757,4.0,0.368589763551031,0,,0,0,HOLD,3.0823529411764707,1,4,5,Pharmaceuticals & Biotech
MTG,2026-08-14,3.0,0.5676476549331949,1.0,1,0,2.0,2.0,5.0,71.19037493144567,1.0,1.0,0,,0,0,BUY,1.9647058823529413,4,0,5,Insurance
MTH,2026-08-14,1.0,0.8091400140872864,3.0,0,0,4.0,3.0,3.0,49.02419032824947,3.0,0.5486237325800012,0,,0,0,HOLD,2.564705882352941,1,1,5,Construction & Materials
MTLS,2026-08-14,,,2.0,0,0,2.0,,4.0,60.04782446819163,1.0,0.8060837177493501,0,,0,0,STRONG BUY,1.5454545454545454,3,0,3,Technology & Software
MTN,2026-08-14,3.0,0.559506875296349,1.0,1,0,3.0,1.0,3.0,52.034904546785505,2.0,0.726541550183217,1,2.0,0,0,BUY,1.9000000000000001,3,0,5,Hospitality & Leisure
MTNE,2026-08-14,,,,0,0,,,1.0,21.205252543355513,,,0,,0,0,,,0,0,0,Investment & Holding Companies
MTR,2026-08-14,,,5.0,0,0,5.0,,2.0,38.521143228714905,5.0,0.022237938721529515,0,,0,0,STRONG SELL,5.0,0,3,3,Investment & Holding Companies
MTRN,2026-08-14,5.0,0.10478899952584163,2.0,0,0,1.0,3.0,4.0,59.71544121350092,1.0,0.9246298997247612,0,,0,0,HOLD,2.6823529411764704,3,1,5,Industrial Machinery
MTRX,2026-08-14,1.0,0.8161064203858847,4.0,0,0,4.0,4.0,3.0,47.41075156016756,4.0,0.3185053377763471,0,,0,0,HOLD,3.0823529411764707,1,4,5,Construction & Materials
MTSI,2026-08-14,5.0,0.09919133122026892,3.0,0,0,1.0,3.0,4.0,57.32458802505261,2.0,0.6770126347512639,0,,0,0,HOLD,3.023529411764706,2,1,5,Semiconductors & Chips
MTUS,2026-08-14,2.0,0.6738719651770124,1.0,0,0,2.0,4.0,4.0,64.23670813155915,1.0,1.0,0,,0,0,BUY,2.0117647058823533,4,1,5,Metals
MTVA,2026-08-14,2.0,0.6377952755905512,5.0,0,0,5.0,4.0,3.0,46.10828357953763,5.0,0.03348357900093281,0,,0,0,SELL,3.905882352941177,1,4,5,Pharmaceuticals & Biotech
MTW,2026-08-14,2.0,0.7236322456458097,1.0,0,0,1.0,3.0,5.0,83.55861138415972,1.0,0.9838021716943783,0,,0,0,STRONG BUY,1.6588235294117646,4,0,5,Industrial Machinery
MTX,2026-08-14,2.0,0.6737053476541617,3.0,0,0,3.0,3.0,2.0,44.9932796887618,2.0,0.6514576302129523,0,,0,0,BUY,2.4588235294117644,2,0,5,Chemicals
MTZ,2026-08-14,5.0,0.14414414414414414,4.0,0,0,2.0,1.0,3.0,46.40272619802539,3.0,0.47199997973172286,0,,0,0,HOLD,3.1882352941176473,2,2,5,Construction & Materials
MU,2026-08-14,5.0,0.10438324714226695,2.0,0,0,1.0,2.0,4.0,56.29964567515591,2.0,0.7798139235494564,0,,0,0,HOLD,2.7411764705882353,4,1,5,Semiconductors & Chips
MUA,2026-08-14,,,5.0,0,0,4.0,,2.0,41.39571164263154,4.0,0.25086196377562037,0,,0,0,SELL,4.204545454545455,0,3,3,Other
MUC,2026-08-14,,,4.0,0,0,3.0,,3.0,52.553932787020926,1.0,0.8406320222829231,0,,0,0,BUY,2.2954545454545454,1,1,3,Other
MUFG,2026-08-14,,,1.0,0,0,2.0,,4.0,61.383664173663824,1.0,0.9952829111806498,0,,0,0,STRONG BUY,1.340909090909091,3,0,3,Banks & Financial Services
MUJ,2026-08-14,,,2.0,0,0,3.0,,4.0,61.02965208933835,1.0,0.9727949528018249,0,,0,0,BUY,1.8863636363636362,2,0,3,Other
MUR,2026-08-14,2.0,0.6327156014712785,3.0,0,0,2.0,1.0,2.0,44.03442008048833,2.0,0.6265696158791789,0,,0,0,BUY,1.9294117647058824,4,0,5,Oil & Gas
MUSA,2026-08-14,3.0,0.465149359886202,2.0,0,0,1.0,2.0,3.0,47.89617256178716,2.0,0.7994681777995937,0,,0,0,BUY,2.1294117647058823,4,0,5,Retail
MUX,2026-08-14,4.0,0.3553262167335379,4.0,0,0,3.0,3.0,3.0,53.24936279890464,3.0,0.4653103563314451,0,,0,0,HOLD,3.411764705882353,0,2,5,Mining & Minerals
MUZE,2026-08-14,,,,0,0,,,5.0,78.01629753974308,1.0,1.0,0,,0,0,,,1,0,1,Investment & Holding Companies
MVBF,2026-08-14,3.0,0.45258378327889137,1.0,0,0,2.0,3.0,4.0,61.12214210896587,1.0,0.9721449269587431,0,,0,0,BUY,2.1411764705882352,3,0,5,Banks & Financial Services
MVIS,2026-08-14,4.0,0.2800075505088868,5.0,0,0,5.0,4.0,2.0,33.14432848322531,5.0,0.0,0,,0,0,STRONG SELL,4.517647058823529,0,5,5,Semiconductors & Chips
MWA,2026-08-14,4.0,0.40597983460443315,4.0,0,0,4.0,2.0,3.0,48.34715588521457,4.0,0.37522628389154705,1,1.0,0,0,HOLD,3.3470588235294114,1,4,5,Industrial Machinery
MWC,2026-08-14,1.0,0.9851968503937006,,0,0,,,2.0,32.604939125900216,5.0,0.03878702173639382,0,,0,0,,,1,1,2,Technology & Software
MWG,2026-08-14,,,4.0,0,0,5.0,,4.0,57.05938720327781,5.0,0.05660376509723804,0,,0,0,STRONG SELL,4.795454545454546,0,3,3,Misc Manufacturing
MWH,2026-08-14,,,,0,0,4.0,,4.0,57.728169234945575,4.0,0.3553033367028994,0,,0,0,,,0,2,2,Construction & Materials
MWYN,2026-08-14,5.0,0.23892615636582562,2.0,0,0,2.0,4.0,4.0,61.708203235146655,2.0,0.6249999492005865,0,,0,0,HOLD,3.270588235294118,3,2,5,Wholesale Trade
MX,2026-08-14,1.0,0.8447425781238771,3.0,0,0,2.0,4.0,3.0,49.210642869184994,4.0,0.23123121424571705,1,1.0,0,0,BUY,2.323529411764706,2,2,5,Semiconductors & Chips
MXC,2026-08-14,2.0,0.6605003691262438,3.0,0,0,3.0,3.0,4.0,56.36702626553513,4.0,0.2594225177727306,0,,0,0,HOLD,2.929411764705882,1,1,5,Oil & Gas
MXCT,2026-08-14,3.0,0.57207286381495,2.0,0,0,2.0,4.0,4.0,60.807114923087326,3.0,0.558058950540956,0,,0,0,HOLD,2.894117647058824,2,1,5,Business & Research Services
MXE,2026-08-14,,,1.0,0,0,3.0,,3.0,52.6232282817555,2.0,0.7727960456447891,0,,0,0,BUY,2.1363636363636367,2,0,3,Other
MXF,2026-08-14,,,3.0,0,0,3.0,,3.0,49.20833729237312,1.0,0.887491090166595,1,1.0,0,0,BUY,1.7909090909090908,1,0,3,Other
MXL,2026-08-14,5.0,0.11475425768086576,2.0,0,0,1.0,3.0,4.0,56.23179753603494,2.0,0.6243694297131196,0,,0,0,HOLD,2.9176470588235293,3,1,5,Semiconductors & Chips
MYE,2026-08-14,3.0,0.43932249378054455,1.0,0,0,1.0,2.0,3.0,52.67171567320909,1.0,0.8246953651516821,0,,0,0,BUY,1.7882352941176471,4,0,5,"Rubber, Plastics & Leather"
MYFW,2026-08-14,3.0,0.5871975371008721,1.0,0,0,2.0,4.0,3.0,49.693620969774074,1.0,0.8060985352187702,0,,0,0,BUY,2.3176470588235296,3,1,5,Banks & Financial Services
MYGN,2026-08-14,1.0,0.8476326262012355,5.0,0,0,5.0,3.0,1.0,26.917943175659914,5.0,0.031954899095842426,1,2.0,0,0,HOLD,3.1235294117647063,1,3,5,Pharmaceuticals & Biotech
MYI,2026-08-14,,,5.0,0,0,3.0,,3.0,52.86218904841685,2.0,0.7953514269129163,0,,0,0,HOLD,2.9545454545454546,1,1,3,Other
MYN,2026-08-14,,,5.0,0,0,3.0,,3.0,50.54476658613388,2.0,0.7814774947444433,1,1.0,0,0,HOLD,2.6545454545454548,1,1,3,Other
MYO,2026-08-14,4.0,0.3457883240762699,2.0,0,0,1.0,4.0,5.0,75.06799804248367,1.0,1.0,1,2.0,0,0,BUY,2.2529411764705882,3,2,5,Medical Devices & Instruments
MYRG,2026-08-14,4.0,0.3688993156383588,3.0,0,0,1.0,1.0,2.0,36.4080139443062,3.0,0.49059028930909554,0,,0,0,HOLD,2.6,2,1,5,Construction & Materials
MYSE,2026-08-14,5.0,0.20967816449382543,1.0,0,0,2.0,5.0,4.0,59.33582086575056,3.0,0.5362903615391977,0,,0,0,SELL,3.5764705882352943,2,2,5,Telecom & Media
MYSZ,2026-08-14,3.0,0.47839885335350746,2.0,0,0,1.0,4.0,4.0,65.74596126152093,1.0,0.8640583324706043,0,,0,0,BUY,2.2470588235294118,3,1,5,Technology & Software
MYX,2026-08-14,,,,0,0,,,5.0,74.9532996764931,1.0,1.0,0,,0,0,,,1,0,1,Investment & Holding Companies
MZTI,2026-08-14,3.0,0.5069485535324281,3.0,0,0,5.0,3.0,4.0,59.41142162526392,5.0,0.14258536806432484,0,,0,0,SELL,3.8235294117647065,0,2,5,Food & Beverage
MZYX,2026-08-14,,,,0,0,,,3.0,47.90646224178934,4.0,0.33333181956485214,0,,0,0,,,0,1,1,Investment & Holding Companies
NAAS,2026-08-14,,,1.0,0,0,2.0,,3.0,53.37012771626296,3.0,0.5749999826153109,0,,0,0,BUY,2.2500000000000004,2,0,3,Retail
NABL,2026-08-14,1.0,0.7728820775422791,4.0,0,0,5.0,3.0,2.0,40.23426471984638,5.0,0.08000001040371982,0,,0,0,HOLD,3.317647058823529,1,3,5,Technology & Software
NAC,2026-08-14,,,4.0,0,0,3.0,,3.0,54.33703030146808,1.0,0.8686774412971012,0,,0,0,BUY,2.2954545454545454,1,1,3,Other
NAD,2026-08-14,,,4.0,0,0,3.0,,4.0,57.65607170052008,1.0,0.8882039520556181,1,1.0,0,0,BUY,1.9954545454545454,1,1,3,Other
NAGE,2026-08-14,3.0,0.5217979173085914,5.0,0,0,5.0,3.0,2.0,40.54749016787493,5.0,0.008241750684110698,0,,0,0,SELL,4.03529411764706,0,3,5,Pharmaceuticals & Biotech
NAII,2026-08-14,1.0,0.9593700787401575,5.0,0,0,5.0,3.0,2.0,37.19489982025831,5.0,0.0,1,1.0,0,0,HOLD,3.1235294117647063,1,3,5,Pharmaceuticals & Biotech
NAK,2026-08-14,,,5.0,0,1,3.0,,3.0,47.01157080942353,3.0,0.41538461914664426,0,,0,0,HOLD,3.4090909090909096,0,1,3,Mining & Minerals
NAKA,2026-08-14,5.0,0.07735961327678129,3.0,0,0,5.0,4.0,3.0,53.81691886288142,5.0,0.002611184531000328,0,,0,0,STRONG SELL,4.6117647058823525,0,4,5,Banks & Financial Services
NAMI,2026-08-14,5.0,0.01858267716535433,5.0,0,0,5.0,,3.0,46.13826496324129,5.0,0.02159124579440838,0,,0,0,STRONG SELL,5.0,0,4,4,Services
NAMM,2026-08-14,,,5.0,0,0,5.0,,2.0,42.14492797652002,5.0,0.07664233771153735,0,,0,0,STRONG SELL,5.0,0,3,3,Mining & Minerals
NAMS,2026-08-14,5.0,0.15411007189556913,5.0,0,0,4.0,4.0,2.0,36.16017798058052,5.0,0.17314278738839287,0,,0,0,STRONG SELL,4.647058823529412,0,5,5,Pharmaceuticals & Biotech
NAN,2026-08-14,,,4.0,0,0,3.0,,3.0,52.73736887290549,2.0,0.7781937723131709,0,,0,0,HOLD,2.7500000000000004,1,1,3,Other
NAT,2026-08-14,4.0,0.3653543307086614,1.0,0,0,1.0,,4.0,61.27151595176925,1.0,1.0,0,,0,0,BUY,2.1142857142857143,3,1,4,Transportation & Logistics
NATH,2026-08-14,3.0,0.5301508004615908,4.0,0,0,4.0,3.0,2.0,37.220922303501325,3.0,0.4208928468747625,0,,0,0,HOLD,3.28235294117647,0,2,5,Retail
NATL,2026-08-14,3.0,0.4633086238481254,1.0,0,0,2.0,2.0,4.0,56.38336896193444,1.0,0.9142856597900391,0,,0,0,BUY,1.9647058823529413,4,0,5,Computer Hardware
NATR,2026-08-14,1.0,0.8192118743089056,5.0,0,0,5.0,2.0,1.0,22.125741052266193,5.0,0.13506137050815947,0,,0,0,HOLD,3.2470588235294118,2,3,5,Pharmaceuticals & Biotech
NAVI,2026-08-14,,,3.0,0,0,4.0,4.0,4.0,56.82946179536655,4.0,0.32811085444206606,0,,0,0,SELL,3.8474576271186445,0,3,4,Investment & Brokerage
NAVN,2026-08-14,2.0,0.6722847273626799,,0,0,1.0,3.0,4.0,63.91187953417476,1.0,0.9785377382892612,1,1.0,0,0,STRONG BUY,1.4368421052631577,3,0,4,Technology & Software
NAZ,2026-08-14,,,3.0,0,0,3.0,,3.0,53.743511052318496,2.0,0.6440034378296832,0,,0,0,HOLD,2.545454545454546,1,0,3,Other
NB,2026-08-14,3.0,0.5751181102362205,4.0,0,0,4.0,3.0,4.0,56.07978298618962,5.0,0.17484277944239263,0,,0,0,SELL,3.7529411764705882,0,3,5,Mining & Minerals
NBB,2026-08-14,,,5.0,0,0,3.0,,4.0,57.94847007975022,2.0,0.6601593821319762,1,1.0,0,0,HOLD,2.6545454545454548,1,1,3,Other
NBBK,2026-08-14,2.0,0.6990299071408661,1.0,0,0,3.0,3.0,4.0,64.03870428384911,1.0,0.9591361309140288,1,2.0,0,0,STRONG BUY,1.7117647058823529,3,0,5,Banks & Financial Services
NBH,2026-08-14,,,3.0,0,0,3.0,,4.0,55.836598512714176,1.0,0.8508029564423153,0,,0,0,BUY,2.090909090909091,1,0,3,Other
NBHC,2026-08-14,3.0,0.4718879459024178,3.0,0,0,3.0,1.0,3.0,50.83174873631897,2.0,0.7119748041556059,0,,0,0,BUY,2.411764705882353,2,0,5,Banks & Financial Services
NBIS,2026-08-14,5.0,0.07559055118110236,2.0,0,0,1.0,,4.0,64.6267012715686,1.0,0.9595292208237265,0,,1,0,HOLD,2.6142857142857143,3,1,4,Technology & Software
NBIX,2026-08-14,4.0,0.30689170220746387,2.0,0,0,2.0,3.0,2.0,35.27514432849492,3.0,0.4746795195877975,0,,0,0,HOLD,3.0235294117647062,2,1,5,Pharmaceuticals & Biotech
NBN,2026-08-14,,,1.0,0,0,2.0,,4.0,56.36602063541707,1.0,0.9537599336360427,0,,0,0,STRONG BUY,1.340909090909091,3,0,3,
NBP,2026-08-14,3.0,0.48251968503937015,3.0,0,0,5.0,,4.0,65.16456198892432,5.0,0.09626719406668423,0,,0,0,SELL,4.000000000000001,0,2,4,Pharmaceuticals & Biotech
NBR,2026-08-14,1.0,0.9601706970128022,2.0,0,0,1.0,1.0,4.0,63.02214630298069,2.0,0.7917773606516497,1,1.0,0,0,STRONG BUY,1.0411764705882354,5,0,5,Oil & Gas
NBRG,2026-08-14,,,,0,0,,4.0,4.0,57.532194951208865,1.0,0.9230752301654257,0,,0,0,,,1,1,2,Investment & Holding Companies
NBTB,2026-08-14,2.0,0.6704599336178284,1.0,0,0,2.0,2.0,4.0,61.61838959907931,1.0,0.9562125972659002,1,1.0,0,0,STRONG BUY,1.3588235294117648,5,0,5,Banks & Financial Services
NBTX,2026-08-14,,,1.0,0,0,1.0,,3.0,49.28894745656137,2.0,0.6446141141696187,0,,0,0,STRONG BUY,1.4545454545454548,3,0,3,Pharmaceuticals & Biotech
NBXG,2026-08-14,,,2.0,0,0,2.0,,4.0,58.573340947037586,2.0,0.7528541445043951,0,,0,0,BUY,2.0,3,0,3,Other
NC,2026-08-14,2.0,0.6083451872925557,5.0,0,1,4.0,2.0,2.0,35.86839995382631,4.0,0.32057182980907806,0,,0,0,HOLD,3.1411764705882352,2,3,5,Coal Mining
NCA,2026-08-14,,,5.0,0,1,3.0,,3.0,52.952697976615305,2.0,0.6863889527368138,0,,0,0,HOLD,2.9545454545454546,1,1,3,Other
NCDL,2026-08-14,1.0,0.8816178041368068,5.0,0,0,4.0,2.0,3.0,48.39090832694252,4.0,0.2680947182170689,1,7.0,0,0,HOLD,2.535294117647059,2,3,5,Other
NCEL,2026-08-14,3.0,0.489763779527559,3.0,1,0,4.0,,2.0,44.54580527609525,5.0,0.05630284606410298,0,,0,0,SELL,3.785714285714286,0,2,4,Pharmaceuticals & Biotech
NCEW,2026-08-14,5.0,0.1137007874015748,3.0,0,0,1.0,,3.0,53.58944340164308,1.0,0.8083662436990077,0,,0,0,HOLD,2.742857142857143,2,1,4,Transportation & Logistics
NCI,2026-08-14,4.0,0.3083464566929134,3.0,0,0,5.0,,4.0,56.80815051739228,5.0,0.08971406360480225,0,,0,0,STRONG SELL,4.371428571428572,0,3,4,Apparel & Textiles
NCLH,2026-08-14,4.0,0.38996968600307724,5.0,0,0,4.0,2.0,3.0,47.01970758625205,4.0,0.34732510850105247,0,,0,0,SELL,3.752941176470588,1,4,5,Transportation & Logistics
NCMI,2026-08-14,1.0,0.7862218234121251,3.0,1,0,4.0,3.0,2.0,35.0946002956143,4.0,0.2516171345918844,0,,0,0,HOLD,2.8000000000000003,1,2,5,Services
NCNA,2026-08-14,,,4.0,0,0,5.0,,4.0,63.06275682835878,5.0,0.06540447486645481,0,,0,0,STRONG SELL,4.795454545454546,0,3,3,Pharmaceuticals & Biotech
NCNO,2026-08-14,4.0,0.3780415471467697,2.0,0,0,3.0,1.0,5.0,70.88436685505494,4.0,0.36402568631116805,0,,0,0,HOLD,3.0823529411764707,2,2,5,Technology & Software
NCO,2026-08-14,,,,0,0,,,,,,,0,,0,0,,,0,0,0,Investment & Holding Companies
NCRA,2026-08-14,1.0,0.9037219284186732,5.0,0,0,5.0,3.0,3.0,51.86013528309056,5.0,0.016623375665788285,0,,0,0,HOLD,3.423529411764706,1,3,5,Agriculture
NCSM,2026-08-14,1.0,0.7926912241480459,2.0,1,0,1.0,3.0,4.0,62.642697463292116,4.0,0.37061036665010166,0,,0,0,BUY,2.164705882352941,3,1,5,Oil & Gas
NCT,2026-08-14,4.0,0.3051968503937008,3.0,0,0,5.0,,4.0,61.6257067181935,5.0,0.0321817334204556,0,,0,0,STRONG SELL,4.371428571428572,0,3,4,Transportation & Logistics
NCTY,2026-08-14,5.0,0.025196850393700787,4.0,0,0,5.0,,3.0,51.99684383542131,5.0,0.1666666473302051,0,,0,0,STRONG SELL,4.871428571428571,0,4,4,Banks & Financial Services
NCV,2026-08-14,,,2.0,0,0,2.0,,4.0,60.89969598821961,1.0,0.9715149133207611,0,,0,0,STRONG BUY,1.5454545454545454,3,0,3,Other
NCZ,2026-08-14,,,1.0,0,0,2.0,,4.0,66.3968090208491,1.0,1.0,0,,0,0,STRONG BUY,1.340909090909091,3,0,3,Other
NDAQ,2026-08-14,4.0,0.2849829803084197,2.0,0,0,3.0,1.0,4.0,64.6888887828407,1.0,0.8600734002139999,1,1.0,0,0,BUY,2.0764705882352943,3,1,5,Investment & Brokerage
NDLS,2026-08-14,1.0,0.9462626262626262,1.0,0,0,1.0,3.0,4.0,62.01544311971148,1.0,0.9524456027469188,0,,0,0,STRONG BUY,1.3529411764705885,4,0,5,Retail
NDMO,2026-08-14,,,5.0,0,0,3.0,,3.0,50.308774909913815,2.0,0.6938047434841038,0,,0,0,HOLD,2.9545454545454546,1,1,3,Other
NDRA,2026-08-14,4.0,0.3763779527559055,4.0,0,0,3.0,4.0,3.0,45.080767722242285,4.0,0.2489711575815859,0,,0,0,SELL,3.823529411764706,0,4,5,Medical Devices & Instruments
NDSN,2026-08-14,4.0,0.2599940663753048,1.0,0,0,2.0,1.0,4.0,61.07906647800385,1.0,0.9737801520900907,0,,0,0,BUY,2.0941176470588236,4,1,5,Industrial Machinery
NE,2026-08-14,3.0,0.535777914033017,1.0,0,0,2.0,2.0,4.0,61.45256591566485,2.0,0.696147992613285,0,,0,0,BUY,2.2000000000000006,4,0,5,Oil & Gas
NEA,2026-08-14,,,5.0,0,0,3.0,,3.0,51.81951092142785,1.0,0.8064985878490131,0,,0,0,BUY,2.5,1,1,3,Other
NECB,2026-08-14,1.0,0.8030449007800856,1.0,0,0,2.0,2.0,3.0,54.975472840787674,1.0,0.8858172955434486,0,,0,0,STRONG BUY,1.3529411764705885,5,0,5,Banks & Financial Services
NEE,2026-08-14,4.0,0.37220972491258175,4.0,0,1,3.0,3.0,3.0,45.18349545653267,2.0,0.619303693818731,0,,0,0,HOLD,3.176470588235294,1,2,5,Utilities
NEGG,2026-08-14,3.0,0.45732283464566925,4.0,0,0,5.0,,4.0,61.78132016716725,5.0,0.05059886353834719,0,,0,0,SELL,4.128571428571429,0,3,4,Retail
NEM,2026-08-14,4.0,0.35839803394164527,2.0,0,0,3.0,1.0,5.0,71.02161207309078,2.0,0.7895586595834618,0,,0,0,HOLD,2.6117647058823534,3,1,5,Mining & Minerals
NEO,2026-08-14,3.0,0.44818897637795274,1.0,0,0,1.0,4.0,4.0,57.95680836496379,1.0,0.9344729696935775,0,,0,0,BUY,2.1411764705882352,3,1,5,Business & Research Services
NEOG,2026-08-14,2.0,0.6009280533016799,1.0,0,0,2.0,2.0,4.0,63.689260594532584,1.0,0.9423928590219316,1,1.0,0,0,STRONG BUY,1.3588235294117648,5,0,5,Pharmaceuticals & Biotech
NEOV,2026-08-14,5.0,0.16495071756237242,2.0,0,0,4.0,4.0,5.0,74.7943580262571,3.0,0.45515697925899984,0,,0,0,SELL,3.858823529411765,1,3,5,Industrial Machinery
NEPH,2026-08-14,4.0,0.32578833270352847,2.0,0,0,3.0,2.0,5.0,70.37063540908781,2.0,0.6129568220783526,0,,0,0,HOLD,2.7882352941176474,3,1,5,Medical Devices & Instruments
NERV,2026-08-14,,,4.0,0,0,3.0,4.0,3.0,54.55920895110828,3.0,0.4438247144253486,0,,0,0,HOLD,3.406779661016949,0,2,4,Pharmaceuticals & Biotech
NESR,2026-08-14,4.0,0.3692742042951696,1.0,0,0,1.0,3.0,5.0,72.2044969825908,1.0,1.0,0,,0,0,BUY,2.2705882352941176,3,1,5,Oil & Gas
NET,2026-08-14,,,1.0,0,0,1.0,4.0,4.0,63.92994315043743,1.0,0.9118026887448178,0,,0,0,BUY,1.7627118644067798,3,1,4,Technology & Software
NEU,2026-08-14,4.0,0.3671943202675905,1.0,0,0,2.0,3.0,5.0,80.671392539968,1.0,1.0,1,1.0,0,0,BUY,2.147058823529412,3,1,5,Chemicals
NEUP,2026-08-14,1.0,0.7835383251924437,5.0,0,0,4.0,1.0,3.0,51.12082792260007,5.0,0.0341317324320521,0,,0,0,HOLD,2.8941176470588235,2,3,5,Pharmaceuticals & Biotech
NEWP,2026-08-14,,,1.0,0,0,1.0,,5.0,79.82902446351117,1.0,1.0,0,,0,0,STRONG BUY,1.0,3,0,3,Mining & Minerals
NEWT,2026-08-14,1.0,0.8424767723006128,3.0,0,0,3.0,4.0,2.0,35.84270141119467,2.0,0.6019452706375448,0,,0,0,BUY,2.3294117647058825,2,1,5,Banks & Financial Services
NEXA,2026-08-14,,,1.0,0,0,1.0,,4.0,55.16956549050777,2.0,0.7998924072163298,0,,0,0,STRONG BUY,1.4545454545454548,3,0,3,Mining & Minerals
NEXM,2026-08-14,1.0,0.8029088019723165,5.0,0,0,5.0,2.0,3.0,47.61754255255235,5.0,0.03278690812939752,0,,0,0,HOLD,3.2470588235294118,2,3,5,Mining & Minerals
NEXN,2026-08-14,,,1.0,0,0,2.0,,4.0,55.709420964059404,1.0,0.9085715157645089,0,,0,0,STRONG BUY,1.340909090909091,3,0,3,Technology & Software
NEXR,2026-08-14,1.0,0.9751181102362205,5.0,0,0,5.0,,2.0,37.41626381091574,5.0,0.0003356830458582172,0,,0,0,SELL,3.5142857142857147,1,3,4,Retail
NEXT,2026-08-14,,,3.0,0,0,3.0,5.0,3.0,52.44128172276026,3.0,0.40371618846021873,1,1.0,0,0,HOLD,3.2084745762711875,0,1,4,Utilities
NFG,2026-08-14,3.0,0.5006833310094492,3.0,0,0,4.0,1.0,3.0,54.54947762877684,4.0,0.32915404382784774,0,,0,0,HOLD,3.058823529411765,1,2,5,Utilities
NFGC,2026-08-14,,,4.0,0,0,4.0,,4.0,61.608432874775445,5.0,0.15566039725146114,0,,0,0,STRONG SELL,4.454545454545455,0,3,3,Mining & Minerals
NFJ,2026-08-14,,,1.0,0,0,2.0,,4.0,69.07524086753622,1.0,1.0,1,1.0,0,0,STRONG BUY,1.040909090909091,3,0,3,Banks & Financial Services
NFLX,2026-08-14,5.0,0.2037369174438679,4.0,0,0,4.0,3.0,4.0,61.75169720016818,5.0,0.17982129352701234,0,,0,0,STRONG SELL,4.364705882352941,0,4,5,Hospitality & Leisure
NG,2026-08-14,5.0,0.16062992125984252,4.0,0,0,3.0,4.0,5.0,70.26939781345841,4.0,0.3059867222525576,0,,0,0,SELL,4.129411764705882,0,4,5,Mining & Minerals
NGEN,2026-08-14,,,5.0,0,0,5.0,,3.0,46.48350309985536,5.0,0.03310502031443439,0,,0,0,STRONG SELL,5.0,0,3,3,Pharmaceuticals & Biotech
NGG,2026-08-14,,,5.0,0,1,3.0,,3.0,49.36798139554498,2.0,0.6004922838378932,0,,0,0,HOLD,2.9545454545454546,1,1,3,Utilities
NGNE,2026-08-14,3.0,0.4308661417322835,1.0,0,0,1.0,5.0,3.0,54.158836700375275,2.0,0.7468832286837572,0,,0,0,HOLD,2.552941176470588,3,1,5,Pharmaceuticals & Biotech
NGS,2026-08-14,3.0,0.5310611392893887,3.0,0,0,2.0,4.0,3.0,50.81882398303806,2.0,0.6921818082867889,0,,0,0,HOLD,2.7647058823529416,2,1,5,Oil & Gas
NGVC,2026-08-14,2.0,0.6462280201710433,4.0,0,0,4.0,1.0,2.0,40.23298706135414,4.0,0.2776050865578569,0,,0,0,HOLD,2.8588235294117643,2,3,5,Retail
NGVT,2026-08-14,4.0,0.2612156751019483,1.0,0,0,3.0,2.0,4.0,56.678344583972944,1.0,0.9652666234727811,0,,0,0,BUY,2.447058823529412,3,1,5,Chemicals
NHC,2026-08-14,3.0,0.43810395345667263,1.0,0,0,1.0,1.0,3.0,54.76893441941311,1.0,0.9413999975503992,0,,0,0,STRONG BUY,1.6117647058823528,4,0,5,Healthcare Services
NHI,2026-08-14,4.0,0.3231816461813258,4.0,0,0,4.0,2.0,2.0,42.34195475066194,4.0,0.25388665792638937,0,,0,0,SELL,3.6470588235294112,1,4,5,Investment & Holding Companies
NHIC,2026-08-14,,,3.0,0,0,3.0,3.0,2.0,38.79477616865867,4.0,0.367187785217598,0,,0,0,HOLD,3.3389830508474576,0,1,4,Investment & Holding Companies
NHIV,2026-08-14,,,,0,0,,,4.0,55.42435444433749,,,0,,0,0,,,0,0,0,Investment & Holding Companies
NHP,2026-08-14,1.0,0.8125066582555921,,0,0,,3.0,4.0,59.13322328243287,1.0,0.8881693202466429,0,,0,0,STRONG BUY,1.4918032786885245,2,0,3,Investment & Holding Companies
NHS,2026-08-14,,,5.0,0,0,4.0,,3.0,52.39425796711977,5.0,0.11183940167583634,0,,0,0,STRONG SELL,4.659090909090909,0,3,3,Other
NHTC,2026-08-14,,,5.0,0,0,5.0,4.0,3.0,49.47295863748449,5.0,0.09745963226230296,0,,0,0,STRONG SELL,4.745762711864407,0,4,4,Wholesale Trade
NI,2026-08-14,3.0,0.4843066537771096,4.0,0,0,4.0,1.0,2.0,35.38645626866126,4.0,0.3993104375742265,0,,0,0,HOLD,3.164705882352941,1,3,5,Utilities
NIC,2026-08-14,2.0,0.5887128551404017,1.0,0,0,2.0,1.0,5.0,70.18711952099127,1.0,1.0,0,,0,0,STRONG BUY,1.4823529411764707,5,0,5,Banks & Financial Services
NICE,2026-08-14,2.0,0.6006299212598425,3.0,0,0,4.0,,3.0,54.26387452230388,4.0,0.2718736713820427,0,,0,0,HOLD,3.1285714285714286,1,2,4,Technology & Software
NICM,2026-08-14,,,,0,0,,,3.0,51.0760931715892,4.0,0.2078853156859116,0,,0,0,,,0,1,1,Mining & Minerals
NIE,2026-08-14,,,2.0,0,0,2.0,,4.0,61.069484435007794,1.0,0.988136837048004,0,,0,0,STRONG BUY,1.5454545454545454,3,0,3,Other
NIKI,2026-08-14,,,3.0,0,0,4.0,,3.0,49.62411918240625,5.0,0.0531197399487203,0,,0,0,STRONG SELL,4.250000000000001,0,2,3,Medical Devices & Instruments
NIM,2026-08-14,,,5.0,0,0,3.0,,3.0,49.74807489523685,3.0,0.5329340544575882,0,,0,0,HOLD,3.4090909090909096,0,1,3,Other
NINE,2026-08-14,1.0,0.8232362797870678,,0,0,,4.0,3.0,47.22585554789693,3.0,0.5568861944893998,0,,0,0,BUY,2.3934426229508197,1,1,3,Oil & Gas
NIO,2026-08-14,4.0,0.42488188976377955,5.0,0,0,4.0,,2.0,39.43365474326398,5.0,0.023188384964895108,0,,0,0,STRONG SELL,4.414285714285715,0,4,4,Automobiles
NIPG,2026-08-14,3.0,0.5763779527559055,3.0,0,0,5.0,,3.0,54.005121711768155,5.0,0.10104236784132449,0,,0,0,SELL,4.000000000000001,0,2,4,Hospitality & Leisure
NIQ,2026-08-14,3.0,0.4446460228556327,2.0,0,0,2.0,3.0,5.0,88.75851425834249,1.0,0.9045801615285723,0,,0,0,BUY,2.2470588235294118,3,0,5,Technology & Software
NIU,2026-08-14,,,4.0,0,0,5.0,,2.0,35.966116934098395,5.0,0.03601104703602439,0,,0,0,STRONG SELL,4.795454545454546,0,3,3,Automobiles
NJR,2026-08-14,3.0,0.47035368312782866,2.0,0,0,3.0,1.0,2.0,43.56646223016046,2.0,0.7402648381716445,0,,0,0,BUY,2.3058823529411763,3,0,5,Utilities
NKE,2026-08-14,3.0,0.5680417259364627,5.0,0,0,5.0,3.0,2.0,42.163990817111944,5.0,0.006019922988993224,0,,0,0,SELL,4.03529411764706,0,3,5,"Rubber, Plastics & Leather"
NKLR,2026-08-14,1.0,0.9971550497866288,2.0,0,0,1.0,3.0,4.0,62.065914226465935,5.0,0.1522647862424606,0,,0,0,BUY,2.4,3,1,5,Industrial Machinery
NKSH,2026-08-14,2.0,0.6449537907583963,1.0,0,0,2.0,2.0,4.0,67.68428542743112,1.0,0.9868315884327953,1,1.0,0,0,STRONG BUY,1.3588235294117648,5,0,5,Banks & Financial Services
NKTR,2026-08-14,4.0,0.28768395053192614,1.0,0,0,2.0,4.0,3.0,53.53838899493438,2.0,0.6289709123628692,0,,0,0,HOLD,2.8588235294117643,3,2,5,Pharmaceuticals & Biotech
NKTX,2026-08-14,1.0,0.8771653543307086,4.0,0,0,3.0,5.0,3.0,45.2282260925127,4.0,0.3092782922348054,0,,0,0,HOLD,3.0823529411764703,1,3,5,Pharmaceuticals & Biotech
NKX,2026-08-14,,,4.0,0,0,3.0,,4.0,61.59383323743045,1.0,0.8528895800027764,0,,0,0,BUY,2.2954545454545454,1,1,3,Other
NL,2026-08-14,2.0,0.7058051471399299,1.0,0,0,3.0,3.0,4.0,57.4360076685446,3.0,0.43238580699481827,0,,0,0,BUY,2.4823529411764707,2,0,5,Chemicals
NLOP,2026-08-14,2.0,0.7161635882669007,3.0,0,0,3.0,3.0,3.0,49.06771104625006,3.0,0.5358094935391379,0,,0,0,HOLD,2.6941176470588237,1,0,5,Investment & Holding Companies
NLY,2026-08-14,1.0,0.8016342518486205,1.0,1,0,2.0,2.0,4.0,61.35658325834046,1.0,0.9833567243087552,0,,0,0,STRONG BUY,1.3529411764705885,5,0,5,Investment & Holding Companies
NMAD,2026-08-14,5.0,0.21039370078740158,4.0,0,0,2.0,3.0,2.0,41.954937625550734,4.0,0.2875000287379542,0,,0,0,SELL,3.7764705882352936,1,3,5,Pharmaceuticals & Biotech
NMAI,2026-08-14,,,1.0,0,0,2.0,,4.0,68.59353318843615,1.0,0.9580978514246139,1,1.0,0,0,STRONG BUY,1.040909090909091,3,0,3,Other
NMAX,2026-08-14,,,1.0,0,0,2.0,4.0,5.0,77.84766310869574,3.0,0.5458891029945464,0,,0,0,HOLD,2.6949152542372885,2,1,4,Telecom & Media
NMCO,2026-08-14,,,4.0,0,0,3.0,,3.0,53.164118656737664,1.0,0.8240605278764971,1,1.0,0,0,BUY,1.9954545454545454,1,1,3,Other
NMFC,2026-08-14,2.0,0.7100177732135073,4.0,0,0,4.0,2.0,4.0,63.631535088485066,4.0,0.3738461583667904,1,4.0,0,0,HOLD,2.7352941176470584,2,3,5,Other
NMG,2026-08-14,,,4.0,0,0,5.0,,3.0,54.938567619209095,5.0,0.055118117627210854,0,,0,0,STRONG SELL,4.795454545454546,0,3,3,Mining & Minerals
NMI,2026-08-14,,,3.0,0,0,3.0,,2.0,33.2725656928023,2.0,0.6449977152915993,0,,0,0,HOLD,2.545454545454546,1,0,3,Other
NMIH,2026-08-14,3.0,0.5775518356315623,1.0,0,0,2.0,2.0,4.0,68.75137795399223,1.0,1.0,0,,0,0,BUY,1.9647058823529413,4,0,5,Insurance
NML,2026-08-14,,,1.0,0,0,2.0,,4.0,63.18262820532975,1.0,1.0,0,,0,0,STRONG BUY,1.340909090909091,3,0,3,Other
NMP,2026-08-14,,,1.0,0,0,3.0,4.0,5.0,86.46938677755745,1.0,1.0,0,,0,0,BUY,2.2711864406779663,2,1,4,Investment & Holding Companies
NMR,2026-08-14,1.0,0.9858267716535434,1.0,0,0,2.0,,4.0,55.491912804883704,1.0,0.9335346613800647,1,3.0,0,0,STRONG BUY,1.0,4,0,4,Investment & Brokerage
NMRA,2026-08-14,4.0,0.30551181102362207,4.0,0,0,4.0,5.0,3.0,46.737986268253074,4.0,0.2560747775170201,0,,0,0,SELL,4.176470588235294,0,5,5,Pharmaceuticals & Biotech
NMRK,2026-08-14,3.0,0.49027975343764824,3.0,0,0,4.0,1.0,3.0,51.03750870681683,4.0,0.2605791848757948,0,,0,0,HOLD,3.058823529411765,1,2,5,Real Estate & REITs
NMS,2026-08-14,,,5.0,0,1,3.0,,2.0,33.18238977470044,3.0,0.5395871496804773,0,,0,0,HOLD,3.4090909090909096,0,1,3,Other
NMT,2026-08-14,,,3.0,0,0,3.0,,3.0,51.1074992897785,1.0,0.8079096430667004,0,,0,0,BUY,2.090909090909091,1,0,3,Other
NMTC,2026-08-14,3.0,0.4677451225396385,5.0,0,0,5.0,3.0,3.0,46.955140934952084,5.0,0.08677687253157962,1,1.0,0,0,SELL,3.7352941176470598,0,3,5,Medical Devices & Instruments
NMZ,2026-08-14,,,5.0,0,0,3.0,,3.0,51.52580922245049,2.0,0.7890783735911102,1,1.0,0,0,HOLD,2.6545454545454548,1,1,3,Other
NN,2026-08-14,5.0,0.0764363287175562,2.0,0,0,2.0,4.0,5.0,71.32496339249442,2.0,0.6976268728247231,0,,0,0,HOLD,3.270588235294118,3,2,5,Medical Devices & Instruments
NNBR,2026-08-14,3.0,0.47096443171065283,1.0,0,0,1.0,4.0,4.0,60.98688454447892,1.0,0.9684210830117854,0,,0,0,BUY,2.1411764705882352,3,1,5,Industrial Machinery
NNDM,2026-08-14,2.0,0.6703822999265702,3.0,0,0,3.0,4.0,4.0,60.84056584229135,3.0,0.4395603719015085,0,,0,0,HOLD,2.8705882352941177,1,1,5,Semiconductors & Chips
NNE,2026-08-14,3.0,0.5725984251968504,5.0,0,0,5.0,3.0,3.0,54.526024430642785,5.0,0.11449100895291153,0,,0,0,SELL,4.03529411764706,0,3,5,Utilities
NNI,2026-08-14,1.0,0.8587008060692272,3.0,1,0,4.0,2.0,2.0,39.519308904012256,4.0,0.2740643226599755,0,,0,0,HOLD,2.6235294117647063,2,2,5,Banks & Financial Services
NNN,2026-08-14,4.0,0.39850641293362665,2.0,0,0,3.0,2.0,2.0,42.13159188884921,2.0,0.7429406726105473,0,,0,0,HOLD,2.7882352941176474,3,1,5,Investment & Holding Companies
NNNN,2026-08-14,,,5.0,0,0,5.0,,2.0,35.39411182792301,5.0,0.0,0,,0,0,STRONG SELL,5.0,0,3,3,Pharmaceuticals & Biotech
NNVC,2026-08-14,4.0,0.3577952755905512,2.0,0,0,3.0,5.0,2.0,41.64730717798335,3.0,0.4491525380921684,0,,0,0,SELL,3.5529411764705885,1,2,5,Pharmaceuticals & Biotech
NNY,2026-08-14,,,4.0,0,0,3.0,,2.0,42.358330430963036,3.0,0.5690260120928885,0,,0,0,HOLD,3.2045454545454555,0,1,3,Other
NOA,2026-08-14,1.0,0.8214173228346456,3.0,0,0,4.0,,3.0,47.675522769619526,3.0,0.4022439154065465,0,,0,0,BUY,2.4714285714285715,1,1,4,Oil & Gas
NOAH,2026-08-14,1.0,0.9486614173228347,5.0,0,0,4.0,,3.0,48.42854466870115,5.0,0.13904340734749082,0,,0,0,HOLD,3.3,1,3,4,Investment & Brokerage
NOC,2026-08-14,3.0,0.42766692241819537,3.0,0,0,4.0,2.0,4.0,69.79843482484306,4.0,0.334469131409838,0,,0,0,HOLD,3.235294117647059,1,2,5,Medical Devices & Instruments
NODK,2026-08-14,2.0,0.7085888073593476,3.0,0,0,2.0,5.0,2.0,44.17852327067495,2.0,0.7481663338522192,0,,0,0,HOLD,2.6352941176470592,3,1,5,Insurance
NOEM,2026-08-14,,,1.0,0,0,3.0,3.0,3.0,45.53923900443632,4.0,0.3177081418948117,0,,0,0,HOLD,3.033898305084746,1,1,4,Investment & Holding Companies
NOG,2026-08-14,2.0,0.6242643457336354,2.0,0,0,3.0,2.0,4.0,69.24777251549666,3.0,0.5802838664489901,0,,0,0,BUY,2.4117647058823533,3,0,5,Oil & Gas
NOK,2026-08-14,,,3.0,0,0,1.0,,3.0,54.092902351959225,3.0,0.5212264131492492,0,,0,0,BUY,2.3181818181818183,1,0,3,Industrial Machinery
NOMA,2026-08-14,,,,0,0,5.0,3.0,2.0,42.09182226526233,5.0,0.005643335542696799,1,1.0,0,0,SELL,4.1000000000000005,0,2,3,Hospitality & Leisure
NOMD,2026-08-14,,,1.0,1,0,4.0,,3.0,51.98524323156833,3.0,0.44645532624378154,0,,0,0,HOLD,2.9318181818181825,1,1,3,Food & Beverage
NOV,2026-08-14,2.0,0.6560035736995251,1.0,0,0,2.0,3.0,4.0,62.08668337282435,1.0,0.9769308745482572,0,,0,0,BUY,1.835294117647059,4,0,5,Industrial Machinery
NOVT,2026-08-14,4.0,0.26595655661885204,2.0,0,0,2.0,2.0,4.0,62.43287257657819,1.0,0.9710250158812836,0,,0,0,BUY,2.376470588235294,4,1,5,Industrial Machinery
NOW,2026-08-14,5.0,0.15709769548930594,2.0,0,0,3.0,4.0,4.0,61.719203341301956,4.0,0.37535477070116813,1,1.0,0,0,SELL,3.61764705882353,1,3,5,Technology & Software
NP,2026-08-14,5.0,0.1478787878787879,1.0,0,0,1.0,2.0,3.0,51.6160391648388,1.0,0.8107956986690804,1,2.0,0,0,BUY,2.1,4,1,5,Insurance
NPAC,2026-08-14,,,1.0,0,0,3.0,3.0,5.0,86.78872874581573,1.0,1.0,0,,0,0,BUY,2.016949152542373,2,0,4,Investment & Holding Companies
NPB,2026-08-14,1.0,0.8042325722655146,4.0,0,0,3.0,3.0,3.0,48.3517637713814,3.0,0.4999659204355769,1,1.0,0,0,BUY,2.1941176470588237,1,1,5,Banks & Financial Services
NPCE,2026-08-14,5.0,0.1685092227071568,4.0,0,0,2.0,3.0,3.0,48.850270995582896,3.0,0.5905797026333157,0,,0,0,SELL,3.5411764705882356,1,2,5,Medical Devices & Instruments
NPCT,2026-08-14,,,5.0,0,0,4.0,,3.0,48.19966169494842,4.0,0.33132084451491756,0,,0,0,SELL,4.204545454545455,0,3,3,Other
NPK,2026-08-14,3.0,0.5050207647296535,1.0,0,0,2.0,4.0,4.0,69.32012482720093,1.0,0.8798914638930881,0,,0,0,BUY,2.3176470588235296,3,1,5,Industrial Machinery
NPKI,2026-08-14,4.0,0.3451867880946613,3.0,0,0,3.0,2.0,3.0,54.619047971452574,2.0,0.6767829946704224,0,,0,0,HOLD,2.8941176470588235,2,1,5,Services
NPO,2026-08-14,5.0,0.039355144618302515,2.0,0,0,2.0,3.0,4.0,56.13225713994639,2.0,0.7615710773786794,0,,0,0,HOLD,3.094117647058824,3,1,5,"Rubber, Plastics & Leather"
NPT,2026-08-14,,,3.0,0,0,5.0,,4.0,59.49677314831585,5.0,0.1244167890977178,0,,0,0,STRONG SELL,4.590909090909092,0,2,3,Wholesale Trade
NPV,2026-08-14,,,5.0,0,0,3.0,,3.0,45.09751212087232,3.0,0.5067484367524252,0,,0,0,HOLD,3.4090909090909096,0,1,3,Other
NPWR,2026-08-14,,,4.0,0,0,4.0,5.0,5.0,73.0746737466213,5.0,0.16905445613731626,0,,0,0,STRONG SELL,4.593220338983051,0,4,4,Industrial Machinery
NRC,2026-08-14,4.0,0.3177734567515316,2.0,0,0,1.0,3.0,3.0,54.22803539628419,1.0,0.8642371640510008,1,1.0,0,0,BUY,2.0764705882352943,3,1,5,Business & Research Services
NRDS,2026-08-14,2.0,0.6630203727724457,3.0,0,0,3.0,1.0,4.0,58.20315320737648,4.0,0.270658697680687,0,,0,0,HOLD,2.5764705882352943,2,1,5,Technology & Software
NREF,2026-08-14,3.0,0.5781748969722973,1.0,0,0,2.0,,3.0,52.69019692327103,1.0,0.8091611343680977,0,,0,0,BUY,1.9571428571428575,3,0,4,Investment & Holding Companies
NRG,2026-08-14,2.0,0.6560551753521113,5.0,0,0,5.0,2.0,3.0,48.04594885019886,5.0,0.1398618317803143,0,,0,0,SELL,3.552941176470588,2,3,5,Utilities
NRGV,2026-08-14,4.0,0.39716673749577835,4.0,0,1,1.0,3.0,4.0,56.22656889750125,3.0,0.46534654213253107,1,5.0,0,0,HOLD,2.758823529411765,1,2,5,Industrial Machinery
NRIM,2026-08-14,2.0,0.5965721717642855,1.0,0,0,2.0,1.0,4.0,55.48104265468387,2.0,0.7870889443122469,0,,0,0,STRONG BUY,1.7176470588235293,5,0,5,Banks & Financial Services
NRIX,2026-08-14,5.0,0.1448992456792884,1.0,0,0,1.0,4.0,5.0,75.51120620701562,1.0,0.992612069057492,0,,0,0,HOLD,2.7529411764705882,3,2,5,Pharmaceuticals & Biotech
NRK,2026-08-14,,,2.0,0,0,3.0,,4.0,62.646084628405035,1.0,0.9539554503486226,0,,0,0,BUY,1.8863636363636362,2,0,3,Other
NRO,2026-08-14,,,4.0,0,0,3.0,,3.0,50.174794866745685,1.0,0.818636825030998,0,,0,0,BUY,2.2954545454545454,1,1,3,Other
NRP,2026-08-14,,,4.0,0,0,4.0,4.0,4.0,60.107973284442004,4.0,0.3001832441192122,0,,0,0,SELL,4.0,0,4,4,Coal Mining
NRT,2026-08-14,,,1.0,0,0,2.0,,4.0,57.0770935666614,1.0,0.8820528253339535,0,,0,0,STRONG BUY,1.340909090909091,3,0,3,Investment & Holding Companies
NRXP,2026-08-14,5.0,0.06343434343434344,3.0,0,0,2.0,3.0,2.0,42.091293948510746,3.0,0.5408163492867939,0,,0,0,HOLD,3.4352941176470595,1,1,5,Pharmaceuticals & Biotech
NRXS,2026-08-14,5.0,0.11754520347903373,3.0,0,0,1.0,4.0,2.0,41.61029897127116,2.0,0.6138461469616415,0,,0,0,HOLD,3.2,2,2,5,Medical Devices & Instruments
NSC,2026-08-14,4.0,0.29767313409528273,1.0,0,0,3.0,2.0,3.0,52.25322944878414,1.0,0.8178983538920833,0,,0,0,BUY,2.447058823529412,3,1,5,Railroads
NSIT,2026-08-14,3.0,0.5727127526597804,1.0,0,0,2.0,2.0,5.0,76.30420276366122,1.0,0.9745035699720228,0,,0,0,BUY,1.9647058823529413,4,0,5,Retail
NSLR,2026-08-14,1.0,0.9559032716927452,4.0,0,0,2.0,3.0,3.0,47.298304535430994,4.0,0.34436230384627653,0,,0,0,HOLD,2.552941176470588,2,2,5,Other
NSP,2026-08-14,3.0,0.4497130933307109,1.0,0,0,2.0,5.0,4.0,57.14102993593036,1.0,0.9469340537065345,1,4.0,0,0,BUY,2.1941176470588237,3,1,5,Services
NSRX,2026-08-14,5.0,0.1011023622047244,3.0,0,0,5.0,,4.0,62.24915245569155,4.0,0.225490193132082,0,,0,0,STRONG SELL,4.457142857142857,0,3,4,Pharmaceuticals & Biotech
NSSC,2026-08-14,5.0,0.21994862806621338,3.0,0,0,3.0,2.0,3.0,51.167788339937175,3.0,0.5002544151395069,0,,0,0,HOLD,3.4352941176470586,1,1,5,Industrial Machinery
NSTS,2026-08-14,1.0,0.8088188976377952,1.0,0,0,2.0,3.0,4.0,68.89241167953608,1.0,1.0,0,,0,0,STRONG BUY,1.5294117647058825,4,0,5,Banks & Financial Services
NSYS,2026-08-14,1.0,0.8519320048646291,3.0,0,0,2.0,3.0,2.0,36.50574390460255,3.0,0.48895024252395275,0,,0,0,BUY,2.211764705882353,2,0,5,Semiconductors & Chips
NTAP,2026-08-14,5.0,0.18205968088813135,1.0,0,0,1.0,1.0,5.0,76.70564280999436,1.0,1.0,0,,0,0,BUY,2.223529411764706,4,1,5,Computer Hardware
NTB,2026-08-14,3.0,0.4859842519685039,1.0,0,0,2.0,,4.0,68.92864932592964,1.0,1.0,0,,0,0,BUY,1.9571428571428575,3,0,4,Banks & Financial Services
NTCL,2026-08-14,1.0,0.9864566929133858,5.0,0,0,5.0,,2.0,37.17247210854546,5.0,0.00016795078957776525,0,,0,0,SELL,3.5142857142857147,1,3,4,Technology & Software
NTCT,2026-08-14,3.0,0.48461555057941913,3.0,0,0,1.0,1.0,3.0,46.409961070829375,2.0,0.7697103871739177,0,,0,0,BUY,2.058823529411765,3,0,5,Technology & Software
NTES,2026-08-14,3.0,0.448503937007874,3.0,1,0,3.0,,3.0,46.204918669053896,4.0,0.3467848005224502,0,,0,0,HOLD,3.2857142857142865,0,1,4,Technology & Software
NTGR,2026-08-14,2.0,0.6922261023659135,2.0,0,0,3.0,3.0,3.0,52.47749453524374,4.0,0.26517964355264656,0,,0,0,HOLD,2.823529411764706,2,1,5,Computer Hardware
NTHI,2026-08-14,5.0,0.01292929292929293,4.0,0,0,5.0,5.0,4.0,56.822252271513804,5.0,0.11373870935003552,0,,0,0,STRONG SELL,4.894117647058824,0,5,5,Pharmaceuticals & Biotech
NTIC,2026-08-14,2.0,0.7635238714126857,5.0,0,0,4.0,4.0,2.0,43.89841374970041,4.0,0.2807622588553954,0,,0,0,HOLD,3.494117647058823,1,4,5,Industrial Machinery
NTIP,2026-08-14,3.0,0.4444423570548054,1.0,0,0,3.0,3.0,3.0,47.987321178604674,3.0,0.5824662091123318,0,,0,0,HOLD,2.7882352941176474,1,0,5,Investment & Holding Companies
NTLA,2026-08-14,4.0,0.3135892596715923,4.0,0,0,3.0,4.0,3.0,47.33730348173352,5.0,0.19408224508521732,0,,0,0,SELL,4.058823529411765,0,4,5,Pharmaceuticals & Biotech
NTNX,2026-08-14,5.0,0.2436972283473813,1.0,0,0,2.0,2.0,5.0,73.52864145767106,2.0,0.6892528690057868,0,,0,0,HOLD,2.8117647058823527,4,1,5,Technology & Software
NTR,2026-08-14,,,2.0,0,0,3.0,,3.0,54.5056756696636,3.0,0.518724565742218,0,,0,0,HOLD,2.795454545454546,1,0,3,Chemicals
NTRA,2026-08-14,5.0,0.09132443978745404,1.0,0,0,1.0,3.0,4.0,65.50501741879876,1.0,0.9256384384980191,0,,0,0,HOLD,2.5764705882352934,3,1,5,Healthcare Services
NTRB,2026-08-14,5.0,0.16566427310228396,4.0,0,0,5.0,4.0,4.0,62.99658623079045,5.0,0.08611599378016634,0,,0,0,STRONG SELL,4.7176470588235295,0,5,5,Medical Devices & Instruments
NTRP,2026-08-14,4.0,0.2619591979219213,5.0,0,0,5.0,4.0,2.0,33.6830160114754,5.0,0.0,0,,0,0,STRONG SELL,4.517647058823529,0,5,5,Transportation & Logistics
NTRS,2026-08-14,4.0,0.3770159939521526,1.0,0,0,1.0,2.0,4.0,66.38652544436256,1.0,1.0,0,,0,0,BUY,2.0941176470588236,4,1,5,Banks & Financial Services
NTSK,2026-08-14,,,2.0,0,0,1.0,2.0,4.0,66.59940580371554,3.0,0.4473975636473943,0,,0,0,BUY,2.0847457627118646,3,0,4,Technology & Software
NTST,2026-08-14,4.0,0.3935822760226829,2.0,0,0,3.0,,3.0,45.02288173409668,2.0,0.7176796457268599,0,,0,0,HOLD,2.9571428571428573,2,1,4,Investment & Holding Companies
NTWK,2026-08-14,2.0,0.7273928545228633,3.0,0,0,3.0,2.0,2.0,35.98027812107317,3.0,0.5247935142260534,1,1.0,0,0,BUY,2.21764705882353,2,0,5,Technology & Software
NTWO,2026-08-14,,,1.0,0,0,3.0,4.0,3.0,49.807362376192394,1.0,0.9318187236791057,0,,0,0,BUY,2.2711864406779663,2,1,4,Investment & Holding Companies
NTZ,2026-08-14,,,5.0,0,0,5.0,,2.0,37.911614334124856,5.0,0.04316546978537611,0,,0,0,STRONG SELL,5.0,0,3,3,Wood & Furniture
NU,2026-08-14,,,2.0,0,0,3.0,,4.0,65.10776154857321,3.0,0.5069831338164928,0,,0,0,HOLD,2.795454545454546,1,0,3,Banks & Financial Services
NUAI,2026-08-14,5.0,0.034693233225546835,3.0,0,0,2.0,4.0,3.0,50.27980634974035,2.0,0.6132453648698399,0,,0,0,HOLD,3.376470588235294,2,2,5,Oil & Gas
NUCL,2026-08-14,,,,0,0,,,4.0,61.49219027332053,4.0,0.3790226315784987,0,,0,0,,,0,1,1,Mining & Minerals
NUE,2026-08-14,4.0,0.27453769559032715,1.0,0,0,1.0,1.0,4.0,62.391295735414474,1.0,0.9595630865127314,0,,0,0,BUY,1.9176470588235293,4,1,5,Metals
NUS,2026-08-14,1.0,0.9886201991465149,5.0,0,0,5.0,2.0,2.0,38.09219443649656,5.0,0.0,0,,0,0,HOLD,3.2470588235294118,2,3,5,Wholesale Trade
NUTX,2026-08-14,3.0,0.5165968551706278,2.0,0,0,1.0,2.0,4.0,60.179816572945825,1.0,0.9134574435644656,1,4.0,0,0,STRONG BUY,1.5941176470588234,4,0,5,Services
NUV,2026-08-14,,,4.0,0,0,3.0,,3.0,48.41128538596016,1.0,0.8387021466098004,0,,0,0,BUY,2.2954545454545454,1,1,3,Other
NUVB,2026-08-14,5.0,0.1261675697626092,1.0,1,0,2.0,3.0,3.0,50.22694011179379,3.0,0.5153284353455097,0,,0,0,HOLD,3.2235294117647064,2,1,5,Pharmaceuticals & Biotech
NUW,2026-08-14,,,5.0,0,0,3.0,,3.0,51.407067847360594,2.0,0.7423412520411643,0,,0,0,HOLD,2.9545454545454546,1,1,3,Other
NUWE,2026-08-14,1.0,0.7753494884193739,5.0,0,0,5.0,4.0,2.0,32.87055438175172,5.0,4.562039443924036e-05,0,,0,0,SELL,3.5999999999999996,1,4,5,Medical Devices & Instruments
NVA,2026-08-14,,,5.0,0,0,3.0,,3.0,48.81900044076095,4.0,0.2508075072049713,0,,0,0,SELL,3.863636363636364,0,2,3,Mining & Minerals
NVAX,2026-08-14,1.0,0.7781881343070258,4.0,0,0,4.0,3.0,3.0,49.63271921443523,4.0,0.3682093516693379,0,,0,0,HOLD,2.905882352941177,1,3,5,Pharmaceuticals & Biotech
NVCR,2026-08-14,4.0,0.3319923669946072,1.0,0,0,1.0,4.0,3.0,52.64573793982954,2.0,0.6947792172153151,0,,0,0,HOLD,2.6823529411764704,3,2,5,Medical Devices & Instruments
NVCT,2026-08-14,5.0,0.017952755905511812,1.0,0,0,1.0,3.0,3.0,48.62724391733366,3.0,0.5817307100148867,0,,0,0,HOLD,3.0470588235294116,2,1,5,Pharmaceuticals & Biotech
NVDA,2026-08-14,5.0,0.0937335320952279,1.0,0,0,2.0,3.0,4.0,63.03738230615658,1.0,0.8537964780542969,0,,0,1,HOLD,2.7529411764705882,3,1,5,Semiconductors & Chips
NVEC,2026-08-14,5.0,0.1438925068597791,1.0,0,0,1.0,2.0,4.0,56.69803410146375,1.0,0.8478606120604787,0,,0,0,BUY,2.4,4,1,5,Semiconductors & Chips
NVG,2026-08-14,,,5.0,0,0,3.0,,3.0,52.41965250290509,2.0,0.7489673098104302,0,,0,0,HOLD,2.9545454545454546,1,1,3,Other
NVGS,2026-08-14,2.0,0.7631496062992126,2.0,0,0,2.0,,3.0,49.55582861794182,2.0,0.6772143648787537,0,,0,0,BUY,2.0,4,0,4,Transportation & Logistics
NVMI,2026-08-14,5.0,0.11968503937007872,4.0,0,0,3.0,,3.0,48.02451757884179,3.0,0.49108518891720615,0,,0,0,SELL,3.8714285714285714,0,2,4,Medical Devices & Instruments
NVNI,2026-08-14,,,4.0,0,0,5.0,,3.0,46.09589381051751,5.0,0.01740391177190189,0,,0,0,STRONG SELL,4.795454545454546,0,3,3,Technology & Software
NVNO,2026-08-14,3.0,0.5199357662083939,4.0,0,0,4.0,4.0,3.0,53.483526135688756,5.0,0.01396286442478879,0,,0,0,SELL,3.929411764705882,0,4,5,Medical Devices & Instruments
NVO,2026-08-14,,,3.0,1,0,4.0,,2.0,43.030824396233655,3.0,0.41277769253981633,0,,0,0,HOLD,3.3409090909090917,0,1,3,Pharmaceuticals & Biotech
NVR,2026-08-14,3.0,0.457870683599215,5.0,0,0,4.0,2.0,3.0,47.84868172106623,4.0,0.2498204619315379,0,,0,0,HOLD,3.4470588235294115,1,3,5,Construction & Materials
NVRI,2026-08-14,,,2.0,0,0,2.0,,2.0,41.22171291931811,2.0,0.7677556637786188,0,,0,0,BUY,2.0,3,0,3,Utilities
NVS,2026-08-14,,,2.0,0,0,3.0,,2.0,42.17416939969666,2.0,0.7191863754031342,0,,0,0,BUY,2.3409090909090913,2,0,3,Pharmaceuticals & Biotech
NVST,2026-08-14,3.0,0.5515159220203456,1.0,0,0,3.0,2.0,4.0,56.08933163305556,1.0,0.8063659913820217,0,,0,0,BUY,2.1411764705882352,3,0,5,Medical Devices & Instruments
NVT,2026-08-14,5.0,0.23660502607871028,2.0,0,0,1.0,3.0,4.0,60.97176941605672,1.0,0.86856296914569,0,,0,0,HOLD,2.6823529411764704,3,1,5,Industrial Machinery
NVTS,2026-08-14,5.0,0.13374089355441235,3.0,0,0,1.0,3.0,3.0,54.82355379569547,4.0,0.33942855328410726,0,,0,0,HOLD,3.494117647058824,1,2,5,Semiconductors & Chips
NWAX,2026-08-14,,,,0,0,3.0,,4.0,58.35744876367889,2.0,0.7727266816075462,0,,0,0,,,1,0,2,Investment & Holding Companies
NWBI,2026-08-14,2.0,0.6995568496497696,1.0,0,0,2.0,2.0,4.0,62.54760745498011,1.0,0.9880611566092519,1,1.0,0,0,STRONG BUY,1.3588235294117648,5,0,5,Banks & Financial Services
NWE,2026-08-14,3.0,0.5426971030289973,1.0,0,0,2.0,3.0,3.0,53.97110148052232,1.0,0.9221859155054223,0,,0,0,BUY,2.1411764705882352,3,0,5,Utilities
NWFL,2026-08-14,1.0,0.8387861545756282,1.0,0,0,2.0,1.0,4.0,67.16286866068882,1.0,0.9991055294388657,0,,0,0,STRONG BUY,1.1764705882352942,5,0,5,Banks & Financial Services
NWG,2026-08-14,,,1.0,0,0,2.0,,4.0,61.2471174760221,1.0,0.9496925199213238,0,,0,0,STRONG BUY,1.340909090909091,3,0,3,Banks & Financial Services
NWL,2026-08-14,,,1.0,0,0,2.0,4.0,4.0,64.57717739320377,1.0,0.9648716706751406,0,,0,0,BUY,2.0169491525423733,3,1,4,"Rubber, Plastics & Leather"
NWN,2026-08-14,2.0,0.63582555517819,1.0,0,0,3.0,3.0,4.0,55.707224187705094,2.0,0.7613555282107053,0,,0,0,BUY,2.2470588235294118,3,0,5,Utilities
NWPX,2026-08-14,4.0,0.3994111016731397,3.0,0,0,1.0,1.0,2.0,38.0473773827378,2.0,0.6639140576923704,0,,0,0,BUY,2.3647058823529408,3,1,5,Metals
NWS,2026-08-14,4.0,0.32242769084874345,1.0,0,0,3.0,3.0,4.0,59.66929689574697,1.0,0.8120082143609746,0,,0,0,HOLD,2.6235294117647054,2,1,5,Publishing & Media
NWSA,2026-08-14,4.0,0.38217164532954007,1.0,0,0,3.0,3.0,4.0,59.937175487835184,2.0,0.7974340496655737,0,,0,0,HOLD,2.8588235294117643,2,1,5,Publishing & Media
NWTG,2026-08-14,1.0,0.7971717171717172,2.0,0,0,4.0,4.0,4.0,66.39203077993372,3.0,0.4515103642199275,0,,0,0,HOLD,2.6352941176470592,2,2,5,Misc Manufacturing
NX,2026-08-14,2.0,0.7573321628330153,1.0,0,0,4.0,3.0,4.0,59.219882264263,1.0,0.8764274689199264,0,,0,0,BUY,2.188235294117647,3,1,5,Metals
NXB,2026-08-14,3.0,0.5548473990319878,,0,0,5.0,3.0,2.0,44.15953737654388,5.0,0.05291006592526057,0,,0,0,SELL,3.921052631578948,0,2,4,Transportation Equipment
NXDR,2026-08-14,3.0,0.4286538057667122,1.0,0,0,1.0,2.0,4.0,61.702311105096754,1.0,0.8652481831785205,0,,0,0,BUY,1.7882352941176471,4,0,5,Technology & Software
NXDT,2026-08-14,2.0,0.7144938364815521,2.0,0,0,2.0,3.0,3.0,54.675636114120245,1.0,0.8019422624084739,0,,0,0,BUY,1.9411764705882353,4,0,5,Investment & Holding Companies
NXE,2026-08-14,,,4.0,0,0,3.0,,4.0,59.57176940072321,3.0,0.5268096896889526,0,,0,0,HOLD,3.2045454545454555,0,1,3,Mining & Minerals
NXG,2026-08-14,,,2.0,0,0,2.0,,4.0,64.35000166865444,1.0,0.947138202479622,1,2.0,0,0,STRONG BUY,1.2454545454545454,3,0,3,Other
NXP,2026-08-14,,,2.0,1,0,3.0,,4.0,55.42662585263911,1.0,0.8653521999710648,0,,0,0,BUY,1.8863636363636362,2,0,3,Other
NXPI,2026-08-14,4.0,0.361782835467046,4.0,0,0,4.0,3.0,2.0,39.33794476790673,4.0,0.3533003859285274,0,,0,0,SELL,3.8235294117647056,0,4,5,Semiconductors & Chips
NXPL,2026-08-14,2.0,0.6261580171903741,2.0,0,0,2.0,4.0,5.0,74.95788653527087,2.0,0.7442622322896528,0,,0,0,BUY,2.352941176470588,4,1,5,Telecom & Media
NXRT,2026-08-14,3.0,0.4775861955344054,5.0,0,0,4.0,4.0,2.0,36.216749909065236,5.0,0.07821855939650106,1,2.0,0,0,SELL,3.735294117647059,0,4,5,Investment & Holding Companies
NXST,2026-08-14,3.0,0.5048647918092456,3.0,0,0,4.0,3.0,3.0,54.21123484582942,4.0,0.36116434057635116,0,,0,0,HOLD,3.411764705882353,0,2,5,Telecom & Media
NXT,2026-08-14,3.0,0.5095875989071623,4.0,0,0,3.0,3.0,3.0,47.43855146952886,3.0,0.46362662972532576,0,,0,0,HOLD,3.1058823529411765,0,1,5,Semiconductors & Chips
NXTC,2026-08-14,3.0,0.5281121814397044,3.0,0,0,3.0,4.0,5.0,70.66455872284786,3.0,0.5217047977842164,0,,0,0,HOLD,3.1764705882352944,0,1,5,Pharmaceuticals & Biotech
NXTS,2026-08-14,2.0,0.6488036874289952,5.0,0,0,5.0,3.0,2.0,40.5752269801701,5.0,0.007767340074256879,0,,0,0,SELL,3.7294117647058824,1,3,5,Pharmaceuticals & Biotech
NXTT,2026-08-14,4.0,0.3123120453413775,2.0,0,0,3.0,3.0,5.0,85.85378174374188,5.0,0.02549814857335992,0,,0,0,SELL,3.6705882352941184,1,2,5,Technology & Software
NYAX,2026-08-14,,,4.0,0,0,3.0,,2.0,30.38546395383166,4.0,0.30146850533190933,0,,0,0,SELL,3.659090909090909,0,2,3,Technology & Software
NYC,2026-08-14,1.0,0.9231496062992125,4.0,0,1,4.0,4.0,2.0,36.870691579365726,5.0,0.0470481036006743,0,,0,0,HOLD,3.317647058823529,1,4,5,Investment & Holding Companies
NYT,2026-08-14,4.0,0.3404457088667615,5.0,0,1,4.0,1.0,2.0,36.240209505007144,4.0,0.33733996744513584,0,,0,0,SELL,3.5764705882352943,1,4,5,Publishing & Media
NYXH,2026-08-14,,,4.0,0,0,5.0,,3.0,54.82049967592108,5.0,0.056466311108872166,0,,0,0,STRONG SELL,4.795454545454546,0,3,3,Medical Devices & Instruments
NZF,2026-08-14,,,5.0,0,0,3.0,,3.0,54.00827840820322,1.0,0.8702050136767923,1,1.0,0,0,BUY,2.2,1,1,3,Other
O,2026-08-14,4.0,0.3934595506483923,2.0,0,0,3.0,1.0,3.0,46.41551671724391,2.0,0.722984748567887,0,,0,0,HOLD,2.6117647058823534,3,1,5,Investment & Holding Companies
OABI,2026-08-14,4.0,0.3432918429999405,1.0,0,0,1.0,5.0,5.0,80.94415455757283,1.0,0.9758454342756876,0,,0,0,HOLD,2.6235294117647054,3,2,5,Business & Research Services
OACC,2026-08-14,,,1.0,0,0,3.0,4.0,5.0,79.75103249107241,1.0,1.0,0,,0,0,BUY,2.2711864406779663,2,1,4,Investment & Holding Companies
OBA,2026-08-14,,,1.0,0,0,3.0,,5.0,83.06691746131746,1.0,1.0,0,,0,0,STRONG BUY,1.6818181818181817,2,0,3,Investment & Holding Companies
OBDC,2026-08-14,1.0,0.8485909020077839,2.0,0,0,3.0,3.0,4.0,63.27794963944806,2.0,0.6056282932395595,1,1.0,0,0,STRONG BUY,1.7470588235294116,3,0,5,Other
OBE,2026-08-14,,,1.0,0,0,1.0,,4.0,57.670244067348655,3.0,0.5760626468014388,0,,0,0,BUY,1.9090909090909094,2,0,3,Oil & Gas
OBIO,2026-08-14,4.0,0.3428461267031613,2.0,0,0,2.0,3.0,4.0,63.76994836766562,2.0,0.6866666475931803,1,1.0,0,0,BUY,2.4882352941176475,3,1,5,Medical Devices & Instruments
OBK,2026-08-14,2.0,0.7124540414022201,1.0,0,0,2.0,,4.0,61.351534347779435,1.0,0.9737338315716526,0,,0,0,STRONG BUY,1.5857142857142859,4,0,4,Banks & Financial Services
OBT,2026-08-14,2.0,0.6316519582584469,1.0,0,0,2.0,2.0,4.0,62.20765342007613,1.0,1.0,1,1.0,0,0,STRONG BUY,1.3588235294117648,5,0,5,Banks & Financial Services
OBX,2026-08-14,,,,0,0,,,2.0,34.427831168872316,,,0,,0,0,,,0,0,0,Pharmaceuticals & Biotech
OC,2026-08-14,3.0,0.5209573884310509,1.0,0,0,3.0,3.0,4.0,60.99413070296079,1.0,0.9320593816927588,0,,0,0,BUY,2.3176470588235296,2,0,5,Construction & Materials
OCAC,2026-08-14,,,,0,0,,,,,,,0,,0,0,,,0,0,0,Investment & Holding Companies
OCC,2026-08-14,5.0,0.12598425196850394,2.0,0,0,1.0,4.0,4.0,58.237496874311155,3.0,0.5992969794587102,0,,0,0,HOLD,3.329411764705883,2,2,5,Metals
OCCI,2026-08-14,,,5.0,0,0,5.0,,3.0,50.94582182478547,5.0,0.09116861728748836,0,,0,0,STRONG SELL,5.0,0,3,3,Other
OCFC,2026-08-14,1.0,0.820596727469915,1.0,0,0,3.0,2.0,4.0,59.14943534117946,1.0,0.9255535398933722,0,,0,0,STRONG BUY,1.5294117647058825,4,0,5,Banks & Financial Services
OCG,2026-08-14,1.0,0.9867716535433071,5.0,0,0,5.0,,3.0,51.79734892890415,5.0,3.946289641785296e-05,0,,0,0,SELL,3.5142857142857147,1,3,4,Services
OCGN,2026-08-14,5.0,0.05898989898989899,4.0,0,0,3.0,4.0,3.0,52.45416783089989,4.0,0.23648649954813236,0,,0,0,SELL,4.129411764705882,0,4,5,Pharmaceuticals & Biotech
OCS,2026-08-14,,,4.0,0,0,5.0,,4.0,55.087309246471186,5.0,0.10164081089435041,0,,0,0,STRONG SELL,4.795454545454546,0,3,3,Pharmaceuticals & Biotech
OCSL,2026-08-14,2.0,0.7115864443661701,2.0,0,0,3.0,2.0,4.0,64.73693843478938,1.0,0.9699235423295837,1,2.0,0,0,STRONG BUY,1.6411764705882352,4,0,5,Other
OCTV,2026-08-14,,,,0,0,,,4.0,55.70397698698535,,,0,,0,0,,,0,0,0,Technology & Software
OCUL,2026-08-14,5.0,0.19847299185057726,3.0,0,0,3.0,4.0,4.0,63.44909915843812,4.0,0.3423618285624306,1,1.0,0,0,SELL,3.723529411764706,0,3,5,Pharmaceuticals & Biotech
ODC,2026-08-14,,,3.0,0,0,1.0,1.0,2.0,40.876742823412286,2.0,0.7385535531686276,0,,0,0,STRONG BUY,1.6440677966101698,3,0,4,Misc Manufacturing
ODD,2026-08-14,,,4.0,0,0,5.0,,2.0,41.538705534725906,5.0,0.061258571451105144,0,,0,0,STRONG SELL,4.795454545454546,0,3,3,Chemicals
ODFL,2026-08-14,5.0,0.1453280790680357,3.0,0,0,2.0,1.0,2.0,42.067681398235536,2.0,0.6930707719571373,0,,0,0,HOLD,2.847058823529412,3,1,5,Transportation & Logistics
ODTX,2026-08-14,3.0,0.4667716535433071,,0,0,,,4.0,57.51263674025069,2.0,0.7821481681011939,0,,0,0,,,1,0,2,Pharmaceuticals & Biotech
ODYS,2026-08-14,4.0,0.2591556377676248,4.0,0,0,4.0,4.0,2.0,37.739523481653826,4.0,0.26057906718975027,0,,0,0,SELL,4.0,0,5,5,Technology & Software
OEC,2026-08-14,1.0,0.8670128592504617,2.0,0,0,4.0,4.0,3.0,45.349654659027685,4.0,0.3356491143011859,0,,0,0,HOLD,2.870588235294118,2,3,5,Chemicals
OESX,2026-08-14,3.0,0.5101523037518235,2.0,0,0,1.0,2.0,5.0,75.00361489027864,1.0,0.9150102975908317,1,1.0,0,0,STRONG BUY,1.5941176470588234,4,0,5,Industrial Machinery
OFAL,2026-08-14,4.0,0.4125335788390853,2.0,0,0,3.0,4.0,4.0,60.99311658239264,3.0,0.5958986971244246,0,,0,0,HOLD,3.376470588235294,1,2,5,Business & Research Services
OFG,2026-08-14,2.0,0.6463037348141425,1.0,0,0,2.0,2.0,4.0,67.185657519346,1.0,1.0,1,1.0,0,0,STRONG BUY,1.3588235294117648,5,0,5,Banks & Financial Services
OFIX,2026-08-14,1.0,0.8190650434274488,4.0,0,0,5.0,3.0,2.0,42.78236384473314,5.0,0.19093412009720667,1,2.0,0,0,HOLD,3.0176470588235293,1,3,5,Medical Devices & Instruments
OFLX,2026-08-14,4.0,0.4239949328865493,5.0,0,0,4.0,3.0,2.0,39.78296919840002,4.0,0.3231466038680321,1,1.0,0,0,SELL,3.6294117647058823,0,4,5,Industrial Machinery
OFRM,2026-08-14,4.0,0.2588976377952756,,0,0,5.0,,3.0,51.994670170484525,4.0,0.26136360415515214,0,,0,0,SELL,4.245901639344262,0,3,3,Food & Beverage
OFS,2026-08-14,1.0,0.9294488188976379,4.0,0,0,4.0,3.0,3.0,51.15441777723672,5.0,0.18987780334703605,0,,0,0,HOLD,3.141176470588235,1,3,5,Other
OGC,2026-08-14,,,3.0,0,0,3.0,,4.0,65.05758067085546,3.0,0.4737344960769266,0,,0,0,HOLD,3.0000000000000004,0,0,3,Mining & Minerals
OGE,2026-08-14,3.0,0.5026349877250617,3.0,0,0,3.0,2.0,3.0,48.56951327781244,2.0,0.7150024916364882,1,1.0,0,0,BUY,2.2882352941176474,2,0,5,Utilities
OGG,2026-08-14,,,3.0,0,0,4.0,,4.0,67.95658430380306,4.0,0.24409442388736205,0,,0,0,SELL,3.795454545454546,0,2,3,Mining & Minerals
OGI,2026-08-14,,,3.0,0,0,4.0,,5.0,70.68349894132137,4.0,0.2897498427981492,0,,0,0,SELL,3.795454545454546,0,2,3,Pharmaceuticals & Biotech
OGN,2026-08-14,3.0,0.5708671768664422,1.0,0,0,1.0,3.0,5.0,75.31680529510776,1.0,1.0,0,,0,0,BUY,1.964705882352941,3,0,5,Pharmaceuticals & Biotech
OGS,2026-08-14,2.0,0.6069136186492219,3.0,0,0,3.0,2.0,4.0,57.230240981576415,3.0,0.49568642079567427,0,,0,0,HOLD,2.51764705882353,2,0,5,Utilities
OHAC,2026-08-14,,,,0,0,,,4.0,68.82668163850195,,,0,,0,0,,,0,0,0,Investment & Holding Companies
OHI,2026-08-14,4.0,0.34185017570496323,2.0,0,0,3.0,1.0,2.0,39.259223156858276,2.0,0.6758507380494523,0,,0,0,HOLD,2.6117647058823534,3,1,5,Investment & Holding Companies
OI,2026-08-14,,,5.0,0,0,5.0,3.0,2.0,31.826538935205093,5.0,0.004048579478818873,0,,0,0,STRONG SELL,4.491525423728814,0,3,4,Construction & Materials
OIA,2026-08-14,,,2.0,0,0,3.0,,4.0,55.08506451301307,1.0,0.8913571376643633,0,,0,0,BUY,1.8863636363636362,2,0,3,Other
OII,2026-08-14,3.0,0.43167145510849736,1.0,0,0,1.0,2.0,4.0,65.22769871119402,1.0,0.9826400654933443,0,,0,0,BUY,1.7882352941176471,4,0,5,Oil & Gas
OIM,2026-08-14,,,,0,0,,,4.0,57.162182962106044,2.0,0.7083343267450269,0,,0,0,,,1,0,1,Investment & Holding Companies
OIO,2026-08-14,,,5.0,0,0,5.0,,3.0,48.417439901146885,5.0,0.028243605581641955,0,,0,0,STRONG SELL,5.0,0,3,3,Utilities
OIS,2026-08-14,1.0,0.7962458373077806,2.0,0,0,2.0,3.0,4.0,60.07617349113034,3.0,0.4191489674700696,0,,0,0,BUY,2.1058823529411765,3,0,5,Industrial Machinery
OKE,2026-08-14,3.0,0.5296834740357645,1.0,0,0,2.0,2.0,4.0,65.06885759096585,1.0,1.0,0,,0,0,BUY,1.9647058823529413,4,0,5,Utilities
OKLO,2026-08-14,3.0,0.4462992125984252,5.0,0,0,5.0,3.0,3.0,48.27208991918568,5.0,0.0549162487794983,0,,0,0,SELL,4.03529411764706,0,3,5,Utilities
OKTA,2026-08-14,5.0,0.06733048838311996,1.0,0,0,1.0,1.0,4.0,55.08468194466045,1.0,0.9182785856683949,0,,0,0,BUY,2.223529411764706,4,1,5,Technology & Software
OKUR,2026-08-14,1.0,0.9725984251968502,3.0,0,0,1.0,5.0,3.0,45.01901009760252,3.0,0.5661017116271567,0,,0,0,BUY,2.3882352941176475,2,1,5,Pharmaceuticals & Biotech
OKYO,2026-08-14,,,5.0,0,0,5.0,,3.0,46.25320037881775,5.0,0.08620688828314428,0,,0,0,STRONG SELL,5.0,0,3,3,Pharmaceuticals & Biotech
OLED,2026-08-14,4.0,0.413816479473028,4.0,0,0,5.0,3.0,4.0,56.84574950586088,5.0,0.1540708877888354,0,,0,0,SELL,4.235294117647059,0,4,5,Industrial Machinery
OLLI,2026-08-14,3.0,0.5609293504030346,3.0,0,0,5.0,1.0,4.0,55.94827926155105,5.0,0.19115527236056304,0,,0,0,HOLD,3.4705882352941178,1,2,5,Retail
OLMA,2026-08-14,3.0,0.4944881889763779,4.0,0,0,3.0,5.0,2.0,40.57657023809191,5.0,0.17566240118147045,0,,0,0,SELL,3.929411764705882,0,3,5,Pharmaceuticals & Biotech
OLN,2026-08-14,1.0,0.7953594383868134,5.0,0,0,4.0,3.0,2.0,39.81597562252378,5.0,0.09141764678108737,0,,0,0,HOLD,3.2470588235294118,1,3,5,Chemicals
OLOX,2026-08-14,1.0,0.8613358393269809,5.0,0,0,5.0,3.0,1.0,23.057088827693946,5.0,0.0,0,,0,0,HOLD,3.423529411764706,1,3,5,Wholesale Trade
OLP,2026-08-14,3.0,0.45716127536865575,3.0,0,0,3.0,2.0,3.0,48.39242191713008,1.0,0.8177800782260939,0,,0,0,BUY,2.3529411764705883,2,0,5,Investment & Holding Companies
OM,2026-08-14,1.0,0.8141376698917284,4.0,0,0,3.0,2.0,3.0,47.67925733785067,5.0,0.10671937608140021,0,,0,0,HOLD,2.788235294117647,2,2,5,Medical Devices & Instruments
OMAB,2026-08-14,,,4.0,0,0,4.0,,2.0,40.27418383953806,4.0,0.2605701154972034,0,,0,0,SELL,4.0,0,3,3,Airlines
OMC,2026-08-14,3.0,0.5091715712941206,1.0,1,0,2.0,4.0,4.0,62.9516907773275,1.0,0.9648249177922114,0,,0,0,BUY,2.3176470588235296,3,1,5,Services
OMCL,2026-08-14,3.0,0.57904255562383,4.0,0,0,3.0,1.0,2.0,41.605540935487426,4.0,0.35750114197388055,0,,0,0,HOLD,2.988235294117647,1,2,5,Computer Hardware
OMDA,2026-08-14,4.0,0.2612249476567216,1.0,0,0,2.0,2.0,4.0,61.7610749774021,1.0,0.827020228550683,0,,0,0,BUY,2.270588235294118,4,1,5,Healthcare Services
OMER,2026-08-14,5.0,0.1595959595959596,2.0,0,0,1.0,4.0,5.0,82.69577645385904,1.0,0.9879879995983398,0,,0,0,HOLD,2.8588235294117648,3,2,5,Pharmaceuticals & Biotech
OMF,2026-08-14,3.0,0.574547301622347,1.0,1,0,2.0,1.0,5.0,70.84578302182041,1.0,0.9028338896164952,0,,0,0,BUY,1.7882352941176471,4,0,5,Banks & Financial Services
OMSE,2026-08-14,,,3.0,0,0,4.0,,4.0,58.72499717459122,4.0,0.32425069004961704,0,,0,0,SELL,3.795454545454546,0,2,3,Industrial Machinery
ON,2026-08-14,4.0,0.2595196927308757,3.0,0,0,2.0,3.0,2.0,44.67842117958472,3.0,0.4241267650207094,0,,0,0,HOLD,3.129411764705883,1,1,5,Semiconductors & Chips
ONB,2026-08-14,3.0,0.44805192362632223,1.0,0,0,2.0,3.0,4.0,60.804834476081126,1.0,0.9850921754476671,0,,0,0,BUY,2.1411764705882352,3,0,5,Banks & Financial Services
ONC,2026-08-14,5.0,0.029179717493808117,2.0,0,0,3.0,1.0,4.0,64.47449822727874,2.0,0.7441127379628738,0,,0,0,HOLD,2.91764705882353,3,1,5,Pharmaceuticals & Biotech
ONCH,2026-08-14,,,1.0,0,0,3.0,3.0,3.0,53.087221101341036,3.0,0.46874925494122976,0,,0,0,HOLD,2.6949152542372885,1,0,4,Investment & Holding Companies
ONDS,2026-08-14,5.0,0.1912374069167941,4.0,0,0,2.0,3.0,4.0,57.40908726921284,3.0,0.542226457418752,0,,0,0,SELL,3.5411764705882356,1,2,5,Industrial Machinery
ONEG,2026-08-14,5.0,0.015748031496062992,5.0,0,0,5.0,,3.0,46.099802362284834,5.0,0.01812191377183414,0,,0,0,STRONG SELL,5.0,0,4,4,Construction & Materials
ONEW,2026-08-14,1.0,0.9866494796950297,1.0,1,0,4.0,3.0,3.0,45.51428393309438,4.0,0.3896816402279355,0,,0,0,HOLD,2.588235294117647,2,2,5,Retail
ONFO,2026-08-14,2.0,0.6711111111111111,2.0,0,0,1.0,3.0,5.0,89.35580233957899,1.0,1.0,0,,0,0,BUY,1.764705882352941,4,0,5,Technology & Software
ONIT,2026-08-14,1.0,0.9249208018512426,3.0,0,0,4.0,3.0,3.0,52.26367835796605,4.0,0.2750128885501526,0,,0,0,HOLD,2.8000000000000003,1,2,5,Banks & Financial Services
ONL,2026-08-14,1.0,0.952755905511811,2.0,0,0,3.0,4.0,4.0,60.808741614529936,1.0,0.9020462034138039,0,,0,0,BUY,1.9882352941176469,3,1,5,Investment & Holding Companies
ONON,2026-08-14,,,5.0,0,0,5.0,,2.0,37.44185180342902,5.0,0.06643008581133886,0,,0,0,STRONG SELL,5.0,0,3,3,"Rubber, Plastics & Leather"
ONT,2026-08-14,2.0,0.7128858016515137,4.0,0,0,5.0,3.0,3.0,45.099801034074915,5.0,0.18840585385585626,0,,0,0,SELL,3.6235294117647054,1,3,5,Business & Research Services
ONTO,2026-08-14,5.0,0.14032928466458378,2.0,0,0,1.0,4.0,4.0,58.86751018291994,1.0,0.8309583429563033,0,,0,0,HOLD,2.8588235294117648,3,2,5,Medical Devices & Instruments
OOMA,2026-08-14,5.0,0.1805441131806789,1.0,0,0,1.0,3.0,3.0,51.10853537153231,1.0,0.886678241655473,0,,0,0,HOLD,2.5764705882352934,3,1,5,Technology & Software
OPAD,2026-08-14,,,3.0,0,0,1.0,3.0,3.0,49.15675879430902,2.0,0.6851785999297058,0,,0,0,BUY,2.152542372881356,2,0,4,Real Estate & REITs
OPAL,2026-08-14,3.0,0.4312495525641508,4.0,0,0,4.0,3.0,2.0,44.72530602116255,4.0,0.37000012397766113,0,,0,0,SELL,3.5176470588235293,0,3,5,Utilities
OPBK,2026-08-14,3.0,0.515053238773164,1.0,0,0,2.0,2.0,4.0,57.64208536762611,1.0,0.8976581957590812,0,,0,0,BUY,1.9647058823529413,4,0,5,Banks & Financial Services
OPCH,2026-08-14,2.0,0.5983605760967962,3.0,0,0,5.0,3.0,4.0,59.90179721688797,4.0,0.25922667347218803,0,,0,0,HOLD,3.2823529411764714,1,2,5,Healthcare Services
OPEN,2026-08-14,3.0,0.5322602062377395,5.0,0,0,4.0,3.0,2.0,41.5698465866543,5.0,0.08021391754976095,0,,0,0,SELL,3.858823529411765,0,3,5,Real Estate & REITs
OPFI,2026-08-14,1.0,0.9503902925641795,5.0,0,0,5.0,,2.0,31.468567971241484,5.0,0.10088490855022252,0,,0,0,SELL,3.5142857142857147,1,3,4,Banks & Financial Services
OPHC,2026-08-14,1.0,0.8010673385308043,1.0,0,0,1.0,1.0,5.0,79.39736294373847,1.0,1.0,0,,0,0,STRONG BUY,1.0,5,0,5,Banks & Financial Services
OPI,2026-08-14,1.0,0.798701428619156,,0,0,,5.0,1.0,13.308215906906554,,,0,,0,0,,,1,1,2,Real Estate & REITs
OPK,2026-08-14,,,2.0,0,0,3.0,3.0,3.0,53.04309486086007,3.0,0.5090909012093024,1,1.0,0,0,HOLD,2.547457627118644,1,0,4,Pharmaceuticals & Biotech
OPLN,2026-08-14,3.0,0.4727607060443075,3.0,0,0,2.0,1.0,2.0,34.31205058701454,3.0,0.5980444964398062,0,,0,0,BUY,2.4705882352941178,2,0,5,Retail
OPP,2026-08-14,,,4.0,0,0,3.0,,3.0,51.86489002257932,2.0,0.7770304148798626,0,,0,0,HOLD,2.7500000000000004,1,1,3,Other
OPRA,2026-08-14,,,1.0,0,0,1.0,,4.0,59.57040808763209,1.0,0.9798873378055366,0,,0,0,STRONG BUY,1.0,3,0,3,Technology & Software
OPRT,2026-08-14,3.0,0.540171607271497,1.0,0,0,2.0,2.0,4.0,69.21928416846254,1.0,0.9040403760655685,0,,0,0,BUY,1.9647058823529413,4,0,5,Banks & Financial Services
OPRX,2026-08-14,2.0,0.6263529617164635,3.0,0,0,4.0,1.0,5.0,78.02407785368754,4.0,0.24387399191646972,0,,0,0,HOLD,2.7529411764705882,2,2,5,Services
OPTH,2026-08-14,,,,0,0,,,3.0,47.78493384532198,,,0,,0,0,,,0,0,0,Pharmaceuticals & Biotech
OPTX,2026-08-14,5.0,0.1514612074079863,3.0,0,0,1.0,2.0,4.0,55.02394630035022,3.0,0.5878694106878417,0,,0,0,HOLD,3.0823529411764707,2,1,5,Medical Devices & Instruments
OPXS,2026-08-14,3.0,0.5169321016036591,5.0,0,0,4.0,1.0,2.0,44.657036934927255,5.0,0.19703104834163626,0,,0,0,SELL,3.505882352941176,1,3,5,Medical Devices & Instruments
OPY,2026-08-14,1.0,0.9027975343764817,1.0,0,0,1.0,1.0,4.0,58.811957812940435,1.0,0.9518870815250086,0,,0,0,STRONG BUY,1.0,5,0,5,Investment & Brokerage
OR,2026-08-14,,,4.0,0,0,4.0,,4.0,62.00235719340348,4.0,0.27218678628414106,0,,0,0,SELL,4.0,0,3,3,Mining & Minerals
ORA,2026-08-14,4.0,0.3571353372084227,4.0,0,1,3.0,4.0,4.0,60.82197560452637,3.0,0.46892055613218153,0,,0,0,SELL,3.5882352941176467,0,3,5,Utilities
ORC,2026-08-14,1.0,0.7812228741537843,5.0,0,0,3.0,3.0,4.0,55.85784763465075,3.0,0.5123139451769679,0,,0,0,HOLD,2.6,1,1,5,Investment & Holding Companies
ORCL,2026-08-14,5.0,0.228538180848753,5.0,0,0,4.0,3.0,4.0,56.122139366666076,5.0,0.16948106464056556,0,,0,0,STRONG SELL,4.470588235294118,0,4,5,Technology & Software
ORGO,2026-08-14,2.0,0.751400157792798,5.0,0,0,5.0,4.0,1.0,27.907800683809214,5.0,0.006276144679776663,1,2.0,0,0,SELL,3.605882352941177,1,4,5,Pharmaceuticals & Biotech
ORI,2026-08-14,1.0,0.8364153627311521,2.0,0,0,3.0,1.0,3.0,54.76652993164972,1.0,0.8204309757364054,1,1.0,0,0,STRONG BUY,1.1588235294117644,4,0,5,Insurance
ORIC,2026-08-14,4.0,0.31716535433070864,1.0,1,0,2.0,3.0,4.0,68.2586655140866,1.0,0.9221341072374117,0,,0,0,BUY,2.447058823529412,3,1,5,Pharmaceuticals & Biotech
ORIQ,2026-08-14,5.0,0.041259842519685036,1.0,0,0,3.0,3.0,3.0,52.52238848490543,1.0,0.9189196155402567,0,,0,0,HOLD,2.929411764705882,2,1,5,Investment & Holding Companies
ORKA,2026-08-14,5.0,0.20409448818897638,1.0,0,0,1.0,5.0,5.0,74.19964290619441,1.0,1.0,0,,0,0,HOLD,2.929411764705882,3,2,5,Pharmaceuticals & Biotech
ORKT,2026-08-14,1.0,0.8721259842519685,4.0,0,0,5.0,,3.0,48.17790527920073,5.0,0.13935430069085367,0,,0,0,HOLD,3.3857142857142852,1,3,4,Technology & Software
ORLY,2026-08-14,4.0,0.36745550631503343,3.0,0,0,4.0,2.0,3.0,52.52327736140724,4.0,0.33160625385422837,0,,0,0,SELL,3.541176470588235,1,3,5,Retail
ORMP,2026-08-14,3.0,0.5304493106976691,1.0,0,0,1.0,3.0,4.0,60.124364968050365,1.0,0.8311450704122852,0,,0,0,BUY,1.964705882352941,3,0,5,Pharmaceuticals & Biotech
ORN,2026-08-14,2.0,0.6593800130075101,4.0,0,0,3.0,2.0,2.0,34.7533358272331,4.0,0.31788083085159197,1,1.0,0,0,HOLD,2.5588235294117645,2,2,5,Construction & Materials
ORRF,2026-08-14,3.0,0.47469004192475417,1.0,0,0,2.0,3.0,4.0,63.330764083970074,1.0,0.9886437742277109,1,1.0,0,0,BUY,1.8411764705882352,3,0,5,Banks & Financial Services
OSBC,2026-08-14,2.0,0.6406979055470803,1.0,0,0,2.0,3.0,5.0,72.48046399690641,1.0,1.0,0,,0,0,BUY,1.835294117647059,4,0,5,Banks & Financial Services
OSCR,2026-08-14,,,1.0,0,0,1.0,3.0,4.0,62.05970619325389,1.0,1.0,0,,0,0,STRONG BUY,1.5084745762711864,3,0,4,Insurance
OSG,2026-08-14,1.0,0.8067395738522084,5.0,0,0,5.0,4.0,2.0,37.85396096638943,5.0,0.1563518011436792,0,,0,0,SELL,3.5999999999999996,1,4,5,Insurance
OSIS,2026-08-14,4.0,0.3187736804343505,3.0,0,0,4.0,2.0,3.0,54.255797631576065,4.0,0.27280044106692947,0,,0,0,SELL,3.541176470588235,1,3,5,Semiconductors & Chips
OSK,2026-08-14,3.0,0.5410100817023508,1.0,1,0,4.0,3.0,4.0,55.51361598174392,3.0,0.5921199869679766,0,,0,0,HOLD,2.964705882352941,1,1,5,Automobiles
OSPN,2026-08-14,3.0,0.5595593271704326,1.0,0,0,2.0,3.0,4.0,59.631146131285796,1.0,0.9333274176829717,1,1.0,0,0,BUY,1.8411764705882352,3,0,5,Technology & Software
OSS,2026-08-14,5.0,0.18995936269727376,3.0,0,0,1.0,3.0,3.0,51.2470378074171,3.0,0.5938500411039113,0,,0,0,HOLD,3.2588235294117647,1,1,5,Computer Hardware
OST,2026-08-14,4.0,0.3464566929133858,5.0,0,0,4.0,,1.0,28.061642321719546,5.0,0.14615389553047678,0,,0,0,STRONG SELL,4.414285714285715,0,4,4,Semiconductors & Chips
OSTX,2026-08-14,,,3.0,0,0,3.0,5.0,3.0,50.94113925424839,4.0,0.3432836020064524,0,,0,0,SELL,3.8474576271186445,0,2,4,Pharmaceuticals & Biotech
OSUR,2026-08-14,2.0,0.6943326651138223,3.0,0,0,2.0,4.0,2.0,43.0155864052138,2.0,0.7238493485935849,1,2.0,0,0,BUY,2.1588235294117646,3,1,5,Medical Devices & Instruments
OSW,2026-08-14,3.0,0.46874473139503764,2.0,0,0,2.0,1.0,4.0,55.04779440577547,1.0,0.8127134444479174,0,,0,0,BUY,1.8941176470588235,4,0,5,Hospitality & Leisure
OTAI,2026-08-14,,,,0,0,,,3.0,46.96196147266768,,,0,,0,0,,,0,0,0,Investment & Holding Companies
OTEX,2026-08-14,2.0,0.6993589599131061,3.0,0,0,4.0,1.0,3.0,52.63505968703164,4.0,0.24507069983097007,0,,0,0,HOLD,2.7529411764705882,2,2,5,Technology & Software
OTF,2026-08-14,1.0,0.8834488288711076,4.0,0,0,4.0,3.0,4.0,63.44272795507249,3.0,0.4168612118667863,1,1.0,0,0,BUY,2.370588235294118,1,2,5,Other
OTGA,2026-08-14,,,,0,0,3.0,,4.0,61.19979883124636,1.0,0.9545444693459103,0,,0,0,,,1,0,2,Investment & Holding Companies
OTIS,2026-08-14,3.0,0.5414120450929737,3.0,0,0,4.0,3.0,3.0,49.47390967182238,5.0,0.138723859009795,0,,0,0,SELL,3.647058823529412,0,2,5,Industrial Machinery
OTLY,2026-08-14,,,2.0,0,0,3.0,,4.0,61.47650052809241,3.0,0.551855331887245,0,,0,0,HOLD,2.795454545454546,1,0,3,Food & Beverage
OTTR,2026-08-14,3.0,0.5262576375389585,1.0,0,0,3.0,3.0,3.0,54.62801264411156,1.0,0.9589972468749466,0,,0,0,BUY,2.3176470588235296,2,0,5,Utilities
OUST,2026-08-14,5.0,0.13967472794571514,2.0,0,0,1.0,2.0,4.0,59.170211515602006,2.0,0.6990629552630955,1,1.0,0,0,BUY,2.4411764705882355,4,1,5,Industrial Machinery
OUT,2026-08-14,4.0,0.30156079807681696,3.0,0,0,1.0,3.0,2.0,34.970516206645925,2.0,0.7934363920793936,0,,0,0,HOLD,2.7176470588235295,2,1,5,Investment & Holding Companies
OVBC,2026-08-14,,,3.0,0,0,3.0,,4.0,55.11123445920749,2.0,0.670567027689451,0,,0,0,HOLD,2.545454545454546,1,0,3,Banks & Financial Services
OVID,2026-08-14,4.0,0.2832596087263946,1.0,0,0,1.0,4.0,4.0,65.89334766466189,1.0,0.9386791931634374,0,,0,0,BUY,2.4470588235294115,3,2,5,Pharmaceuticals & Biotech
OVLY,2026-08-14,2.0,0.691117191814554,2.0,0,0,3.0,3.0,4.0,57.32488487575752,1.0,0.9378843925418816,1,3.0,0,0,BUY,1.8176470588235294,3,0,5,Banks & Financial Services
OVV,2026-08-14,2.0,0.6218884920772348,1.0,0,0,1.0,1.0,4.0,59.5610920039935,1.0,0.9808767375112768,0,,0,0,STRONG BUY,1.3058823529411767,5,0,5,Oil & Gas
OWL,2026-08-14,1.0,0.8545937960145125,2.0,0,0,4.0,2.0,4.0,69.88594886985757,4.0,0.3972991695464023,0,,0,0,HOLD,2.51764705882353,3,2,5,Investment & Brokerage
OWLS,2026-08-14,,,5.0,0,0,4.0,,2.0,40.03701162107506,5.0,0.001689357838843367,0,,0,0,STRONG SELL,4.659090909090909,0,3,3,Technology & Software
OWLT,2026-08-14,4.0,0.35730484485431774,3.0,0,0,5.0,3.0,5.0,71.54759418336708,5.0,0.1837748109753226,0,,0,0,SELL,4.129411764705883,0,3,5,Medical Devices & Instruments
OXBR,2026-08-14,3.0,0.44556225659159326,1.0,1,0,3.0,3.0,4.0,57.88845368776157,3.0,0.4092009539860512,0,,0,0,HOLD,2.7882352941176474,1,0,5,Insurance
OXLC,2026-08-14,,,3.0,0,0,3.0,,4.0,68.41840512876414,4.0,0.36489393830579503,0,,0,0,HOLD,3.454545454545455,0,1,3,Other
OXM,2026-08-14,1.0,0.8269713373348172,4.0,0,1,4.0,4.0,2.0,42.51736942955501,4.0,0.3416554347822632,0,,0,0,HOLD,3.0823529411764707,1,4,5,Apparel & Textiles
OXSQ,2026-08-14,1.0,0.7897394895988473,3.0,0,0,4.0,5.0,3.0,50.21593783689037,3.0,0.4095986020577231,0,,0,0,HOLD,2.9176470588235293,1,2,5,Other
OXY,2026-08-14,3.0,0.5336863637179715,1.0,0,0,2.0,3.0,4.0,58.89938140068343,2.0,0.7232962482920752,0,,0,0,BUY,2.376470588235294,3,0,5,Oil & Gas
OYSE,2026-08-14,,,1.0,0,0,3.0,,5.0,74.40062341627666,1.0,1.0,0,,0,0,STRONG BUY,1.6818181818181817,2,0,3,Investment & Holding Companies
OZK,2026-08-14,,,1.0,0,0,3.0,,4.0,60.85131899821555,1.0,0.9485817196810279,0,,0,0,STRONG BUY,1.6818181818181817,2,0,3,Other
P,2026-08-14,5.0,0.032716927453769556,1.0,0,0,1.0,2.0,5.0,84.1227710106692,1.0,1.0,0,,0,0,BUY,2.4,4,1,5,Computer Hardware
PAAC,2026-08-14,,,,0,0,,,4.0,55.83344039422185,1.0,0.8125014901175405,1,2.0,0,0,,,1,0,1,Investment & Holding Companies
PAAS,2026-08-14,,,3.0,0,0,3.0,,3.0,51.54501924615573,3.0,0.448243349152595,0,,0,0,HOLD,3.0000000000000004,0,0,3,Mining & Minerals
PAC,2026-08-14,,,5.0,0,0,4.0,,2.0,30.843195566514538,5.0,0.0,0,,0,0,STRONG SELL,4.659090909090909,0,3,3,Airlines
PACB,2026-08-14,,,5.0,0,0,4.0,5.0,2.0,35.22494930706358,5.0,0.025641000168956235,0,,0,0,STRONG SELL,4.745762711864407,0,4,4,Medical Devices & Instruments
PACH,2026-08-14,,,1.0,0,0,3.0,4.0,4.0,66.27367440024221,1.0,1.0,0,,0,0,BUY,2.2711864406779663,2,1,4,Investment & Holding Companies
PACK,2026-08-14,2.0,0.7419432719390879,3.0,0,0,3.0,3.0,2.0,42.88762809466781,3.0,0.5295455086083469,0,,0,0,HOLD,2.6941176470588237,1,0,5,Paper
PACS,2026-08-14,4.0,0.40219039194302475,1.0,0,0,1.0,1.0,3.0,47.74897344245259,1.0,0.9015708869688319,0,,0,0,BUY,1.9176470588235293,4,1,5,Healthcare Services
PAG,2026-08-14,2.0,0.6540554802994681,1.0,0,0,2.0,2.0,4.0,67.55753376381358,1.0,0.9572883821182475,0,,0,0,STRONG BUY,1.6588235294117648,5,0,5,Retail
PAGP,2026-08-14,,,1.0,0,0,2.0,1.0,4.0,58.27683130596717,1.0,0.954196589647168,0,,0,0,STRONG BUY,1.2542372881355932,4,0,4,Transportation & Logistics
PAGS,2026-08-14,,,4.0,0,0,4.0,,2.0,37.028176310661806,5.0,0.15175267221206987,1,1.0,0,0,SELL,4.154545454545455,0,3,3,Technology & Software
PAHC,2026-08-14,4.0,0.37316263632053104,3.0,0,0,4.0,2.0,3.0,48.502828132528364,5.0,0.19269742452269592,0,,0,0,SELL,3.776470588235294,1,3,5,Pharmaceuticals & Biotech
PAI,2026-08-14,,,5.0,0,0,4.0,,3.0,51.0893232033856,4.0,0.2912455063064039,0,,0,0,SELL,4.204545454545455,0,3,3,Other
PAII,2026-08-14,,,1.0,0,0,3.0,,5.0,71.73859244352587,1.0,1.0,0,,0,0,STRONG BUY,1.6818181818181817,2,0,3,Investment & Holding Companies
PAL,2026-08-14,1.0,0.9143307086614174,5.0,0,0,5.0,5.0,2.0,34.507190869414515,5.0,0.10320283550118896,1,1.0,0,0,HOLD,3.476470588235294,1,4,5,Transportation & Logistics
PALI,2026-08-14,4.0,0.38456692913385826,1.0,0,0,1.0,3.0,4.0,56.44863606544566,2.0,0.707964660352284,0,,0,0,HOLD,2.5058823529411764,3,1,5,Pharmaceuticals & Biotech
PALO,2026-08-14,,,,0,0,,,4.0,61.52599392669,1.0,1.0,1,2.0,0,0,,,1,0,1,Investment & Holding Companies
PAM,2026-08-14,,,4.0,0,1,3.0,,2.0,35.37451733956394,2.0,0.626539829041318,0,,0,0,HOLD,2.7500000000000004,1,1,3,Utilities
PAMT,2026-08-14,2.0,0.6743307086614173,2.0,0,0,3.0,4.0,2.0,38.490287870584034,3.0,0.5214357334946942,0,,0,0,HOLD,2.7647058823529416,2,1,5,Transportation & Logistics
PANL,2026-08-14,2.0,0.7246930166218352,2.0,0,1,3.0,3.0,3.0,52.12266106414677,2.0,0.6161397416620096,0,,0,0,BUY,2.3529411764705883,3,0,5,Transportation & Logistics
PANW,2026-08-14,5.0,0.09579336026420726,1.0,0,0,1.0,3.0,4.0,65.47776420221005,1.0,0.9538787759923028,1,1.0,0,0,BUY,2.2764705882352936,3,1,5,Computer Hardware
PAPL,2026-08-14,2.0,0.5921700964958606,3.0,0,0,3.0,3.0,3.0,47.85866274744078,5.0,0.07162618342380761,0,,0,0,HOLD,3.164705882352941,1,1,5,Banks & Financial Services
PAR,2026-08-14,2.0,0.7068523351207477,3.0,0,0,5.0,4.0,4.0,64.62426402405873,5.0,0.16896469706811235,1,1.0,0,0,HOLD,3.394117647058824,1,3,5,Computer Hardware
PARA,2026-08-14,,,5.0,0,0,5.0,4.0,2.0,35.6704260944374,5.0,0.0005105958775245585,0,,0,0,STRONG SELL,4.745762711864407,0,4,4,
PARK,2026-08-14,4.0,0.2973228346456693,,0,0,2.0,,4.0,66.38040209618967,1.0,0.9937500055879358,0,,0,0,HOLD,2.5245901639344264,2,1,3,Healthcare Services
PARR,2026-08-14,1.0,0.8477951635846374,1.0,0,0,1.0,2.0,4.0,58.34748681660608,1.0,0.9012281761421467,0,,0,0,STRONG BUY,1.176470588235294,5,0,5,Oil & Gas
PASG,2026-08-14,4.0,0.35244094488188976,5.0,0,0,5.0,4.0,3.0,46.993536857567264,5.0,0.03233989943422986,0,,0,0,STRONG SELL,4.517647058823529,0,5,5,Pharmaceuticals & Biotech
PATH,2026-08-14,4.0,0.3432906590801328,2.0,0,0,1.0,1.0,4.0,69.62145679323721,2.0,0.669021148183366,0,,0,0,BUY,2.2588235294117642,4,1,5,Technology & Software
PATK,2026-08-14,2.0,0.6043519416079547,5.0,0,0,5.0,1.0,3.0,49.03460035101771,5.0,0.05666018446562483,1,1.0,0,0,HOLD,3.0764705882352943,2,3,5,Automobiles
PAVM,2026-08-14,3.0,0.45952466855638807,4.0,0,0,5.0,4.0,3.0,51.55972400741641,5.0,0.0795819778546697,0,,0,0,SELL,4.105882352941177,0,4,5,Medical Devices & Instruments
PAVS,2026-08-14,4.0,0.33133858267716537,5.0,0,0,5.0,,2.0,36.39522327155528,5.0,2.2734560429636803e-05,0,,0,0,STRONG SELL,4.628571428571429,0,4,4,Technology & Software
PAX,2026-08-14,,,4.0,0,0,4.0,,4.0,59.039439828148964,5.0,0.15218328418746696,0,,0,0,STRONG SELL,4.454545454545455,0,3,3,Investment & Brokerage
PAXS,2026-08-14,,,5.0,0,0,4.0,,3.0,52.894563659988385,3.0,0.5586275798716452,0,,0,0,SELL,3.750000000000001,0,2,3,Other
PAY,2026-08-14,1.0,0.8718356296747346,1.0,1,0,2.0,1.0,4.0,68.26643241101148,1.0,0.8876589613637944,0,,0,0,STRONG BUY,1.1764705882352942,5,0,5,Services
PAYC,2026-08-14,5.0,0.22734230582132187,1.0,1,0,2.0,2.0,5.0,76.32011288809504,1.0,0.8853352092968423,0,,0,0,HOLD,2.5764705882352943,4,1,5,Technology & Software
PAYO,2026-08-14,4.0,0.372666186948876,1.0,0,0,2.0,2.0,4.0,63.14320575449093,1.0,0.9862069101594428,0,,0,0,BUY,2.270588235294118,4,1,5,Services
PAYP,2026-08-14,,,,0,0,,,3.0,46.56912424959387,4.0,0.2067268699351697,0,,0,0,,,0,1,1,Services
PAYS,2026-08-14,5.0,0.1449231692812962,1.0,0,0,1.0,2.0,5.0,86.12122985937967,1.0,1.0,0,,0,0,BUY,2.4,4,1,5,Services
PAYX,2026-08-14,5.0,0.21805065488665135,1.0,1,0,3.0,2.0,4.0,63.214069671502614,2.0,0.7493076051869291,0,,0,0,HOLD,2.988235294117647,3,1,5,Business & Research Services
PB,2026-08-14,1.0,0.8048434863992271,1.0,0,0,3.0,1.0,4.0,60.61003756823221,1.0,0.9866092636882912,0,,0,0,STRONG BUY,1.352941176470588,4,0,5,Banks & Financial Services
PBA,2026-08-14,,,1.0,0,0,2.0,,3.0,53.70803085700665,1.0,0.8697795344845975,0,,0,0,STRONG BUY,1.340909090909091,3,0,3,Oil & Gas
PBAM,2026-08-14,,,1.0,0,0,1.0,,5.0,83.90808387435877,1.0,1.0,0,,0,0,STRONG BUY,1.0,3,0,3,Banks & Financial Services
PBF,2026-08-14,,,1.0,0,0,1.0,4.0,4.0,64.07889686842717,1.0,0.9573290209735205,0,,0,0,BUY,1.7627118644067798,3,1,4,Oil & Gas
PBFS,2026-08-14,3.0,0.42885691765792683,1.0,0,0,2.0,1.0,3.0,54.60410367972544,1.0,0.8903107217222067,0,,0,0,BUY,1.7882352941176471,4,0,5,Banks & Financial Services
PBH,2026-08-14,1.0,0.7875770507349454,3.0,0,0,4.0,3.0,3.0,50.924117379934444,4.0,0.23980631132949667,0,,0,0,HOLD,2.8000000000000003,1,2,5,Pharmaceuticals & Biotech
PBHC,2026-08-14,1.0,0.8572991017827291,1.0,0,0,2.0,3.0,3.0,54.89432639992285,1.0,0.8961103408012844,0,,0,0,STRONG BUY,1.5294117647058825,4,0,5,Banks & Financial Services
PBI,2026-08-14,3.0,0.5642484589853011,2.0,0,0,1.0,2.0,2.0,36.972161829655754,2.0,0.7926338731855267,1,2.0,0,0,BUY,1.8294117647058823,4,0,5,Computer Hardware
PBLS,2026-08-14,,,,0,0,,,4.0,61.266956322014856,,,0,,0,0,,,0,0,0,Pharmaceuticals & Biotech
PBM,2026-08-14,,,3.0,0,0,4.0,,4.0,56.914461359399276,5.0,0.006103478372892815,0,,0,0,STRONG SELL,4.250000000000001,0,2,3,Pharmaceuticals & Biotech
PBR,2026-08-14,,,1.0,0,0,2.0,,3.0,46.59573204417024,2.0,0.6199429341011302,0,,0,0,BUY,1.7954545454545454,3,0,3,Oil & Gas
PBT,2026-08-14,,,1.0,0,0,1.0,,4.0,61.43245040710722,1.0,0.9070963763021942,0,,0,0,STRONG BUY,1.0,3,0,3,Investment & Holding Companies
PBYI,2026-08-14,3.0,0.49769984734449296,1.0,0,0,1.0,2.0,4.0,62.14642240479535,1.0,0.9824945450660185,0,,0,0,BUY,1.7882352941176471,4,0,5,Pharmaceuticals & Biotech
PC,2026-08-14,5.0,0.06267716535433071,5.0,0,0,2.0,,3.0,52.29559769813714,3.0,0.5115070334723415,0,,0,0,SELL,3.7857142857142865,1,2,4,Retail
PCAP,2026-08-14,,,1.0,0,0,3.0,,4.0,60.164709587204825,2.0,0.625,0,,0,0,BUY,2.1363636363636367,2,0,3,Investment & Holding Companies
PCAR,2026-08-14,4.0,0.36936936936936937,1.0,0,0,2.0,3.0,3.0,52.92314239246388,1.0,0.8428204262529239,0,,0,0,BUY,2.447058823529412,3,1,5,Automobiles
PCB,2026-08-14,3.0,0.498101892707256,1.0,0,0,2.0,2.0,4.0,55.78494187205011,1.0,0.8264042239098668,1,1.0,0,0,STRONG BUY,1.6647058823529413,4,0,5,Banks & Financial Services
PCF,2026-08-14,,,4.0,0,0,4.0,,4.0,60.683701928952964,3.0,0.4900686625185458,1,1.0,0,0,HOLD,3.245454545454546,0,2,3,Other
PCG,2026-08-14,2.0,0.6910006577117112,1.0,0,0,3.0,5.0,4.0,57.99502114755456,2.0,0.753780559735374,0,,0,0,HOLD,2.6,3,1,5,Utilities
PCLA,2026-08-14,1.0,0.9845669291338582,2.0,0,0,3.0,,4.0,55.18330012584848,4.0,0.36211511928696,0,,0,0,BUY,2.414285714285714,2,1,4,Industrial Machinery
PCM,2026-08-14,,,4.0,0,0,4.0,,3.0,48.02387982597698,3.0,0.41201930112112306,0,,0,0,SELL,3.545454545454546,0,2,3,Other
PCN,2026-08-14,,,4.0,0,0,4.0,,3.0,54.757781199161265,2.0,0.6025413716009098,0,,0,0,HOLD,3.090909090909091,1,2,3,Other
PCOR,2026-08-14,5.0,0.22093124755064172,2.0,0,0,3.0,3.0,5.0,70.22584669490742,3.0,0.5205811234182053,0,,0,0,SELL,3.5058823529411764,1,1,5,Technology & Software
PCQ,2026-08-14,,,5.0,0,0,3.0,,3.0,54.52311052550197,1.0,0.8368565656735525,0,,0,0,BUY,2.5,1,1,3,Other
PCRX,2026-08-14,2.0,0.5902483587913145,3.0,0,0,3.0,1.0,2.0,34.62382057374687,3.0,0.4539006740424987,0,,0,0,BUY,2.3411764705882354,2,0,5,Pharmaceuticals & Biotech
PCSA,2026-08-14,3.0,0.4393700787401575,3.0,0,0,4.0,4.0,3.0,51.7004794232167,5.0,0.05728395283249445,0,,0,0,SELL,3.823529411764706,0,3,5,Pharmaceuticals & Biotech
PCT,2026-08-14,5.0,0.02873539248225117,5.0,0,1,5.0,3.0,3.0,48.31720348539705,5.0,0.18768618016555388,0,,0,0,STRONG SELL,4.647058823529412,0,4,5,Chemicals
PCTY,2026-08-14,4.0,0.27737006252035507,2.0,0,0,3.0,2.0,4.0,63.68485099407736,2.0,0.609792464894593,0,,0,0,HOLD,2.7882352941176474,3,1,5,Technology & Software
PCVX,2026-08-14,4.0,0.3848818897637795,1.0,0,0,2.0,5.0,3.0,54.99707750672726,1.0,0.8484293662111599,0,,0,0,HOLD,2.8,3,2,5,Pharmaceuticals & Biotech
PCYO,2026-08-14,4.0,0.4142878957823802,2.0,0,0,3.0,3.0,4.0,60.729512161050586,2.0,0.6746413339034087,0,,0,0,HOLD,2.9647058823529413,2,1,5,Utilities
PD,2026-08-14,3.0,0.47975367987027134,1.0,1,0,3.0,2.0,4.0,63.11670363940228,3.0,0.539335626625503,0,,0,0,HOLD,2.6117647058823525,2,0,5,Technology & Software
PDC,2026-08-14,1.0,0.8881889763779528,5.0,0,0,4.0,,2.0,38.23504643114767,5.0,0.16600790260549864,0,,0,0,HOLD,3.3,1,3,4,Technology & Software
PDCC,2026-08-14,,,5.0,0,0,5.0,,2.0,42.92713097620975,5.0,0.05862057535928451,0,,0,0,STRONG SELL,5.0,0,3,3,Other
PDD,2026-08-14,2.0,0.7269291338582677,3.0,0,0,4.0,,2.0,43.935477472243036,5.0,0.17723272465288786,0,,0,0,HOLD,3.4142857142857146,1,2,4,Services
PDEX,2026-08-14,4.0,0.35844266676042896,2.0,0,0,1.0,2.0,4.0,61.1389747032138,1.0,0.9681112572283712,0,,0,0,BUY,2.1999999999999997,4,1,5,Medical Devices & Instruments
PDFS,2026-08-14,5.0,0.2179527559055118,3.0,0,0,1.0,4.0,3.0,50.329688791314105,2.0,0.615206051767338,0,,0,0,HOLD,3.2,2,2,5,Technology & Software
PDI,2026-08-14,,,5.0,0,0,4.0,,2.0,36.16081348667383,5.0,0.045794929877117196,0,,0,0,STRONG SELL,4.659090909090909,0,3,3,Other
PDLB,2026-08-14,1.0,0.7721136893071487,1.0,0,0,2.0,1.0,4.0,61.10716606222367,1.0,1.0,0,,0,0,STRONG BUY,1.1764705882352942,5,0,5,Banks & Financial Services
PDM,2026-08-14,2.0,0.7103995505600854,1.0,0,0,2.0,4.0,3.0,48.84571990654529,1.0,0.8655460860419887,0,,0,0,BUY,2.0117647058823533,4,1,5,Real Estate & REITs
PDO,2026-08-14,,,5.0,0,0,4.0,,2.0,39.22791266365358,3.0,0.5472455627052603,0,,0,0,SELL,3.750000000000001,0,2,3,Other
PDS,2026-08-14,,,2.0,0,0,3.0,,4.0,57.71041262548402,2.0,0.6437088394630437,0,,0,0,BUY,2.3409090909090913,2,0,3,Oil & Gas
PDT,2026-08-14,,,5.0,0,0,4.0,,3.0,48.92379813857748,2.0,0.6695221845830193,0,,0,0,HOLD,3.295454545454546,1,2,3,Other
PDX,2026-08-14,,,1.0,0,0,3.0,,4.0,68.22534004754758,1.0,1.0,0,,0,0,STRONG BUY,1.6818181818181817,2,0,3,Other
PDYN,2026-08-14,5.0,0.21002290130637444,3.0,0,0,4.0,4.0,4.0,65.97223160401607,3.0,0.4,1,1.0,0,0,SELL,3.6647058823529415,0,3,5,Technology & Software
PEB,2026-08-14,2.0,0.7560390225199674,2.0,0,0,1.0,3.0,3.0,46.185118237441756,1.0,0.8474113468640951,0,,0,0,BUY,1.764705882352941,4,0,5,Investment & Holding Companies
PEBK,2026-08-14,2.0,0.6604557886224884,1.0,0,0,2.0,2.0,4.0,64.70155917048439,1.0,1.0,0,,0,0,STRONG BUY,1.6588235294117648,5,0,5,Banks & Financial Services
PEBO,2026-08-14,2.0,0.7624466571834992,1.0,0,0,2.0,2.0,4.0,64.30177064354478,1.0,0.9725694528800225,0,,0,0,STRONG BUY,1.6588235294117648,5,0,5,Banks & Financial Services
PECE,2026-08-14,,,,0,0,,,4.0,67.99451166271034,,,0,,0,0,,,0,0,0,Investment & Holding Companies
PECO,2026-08-14,4.0,0.26858727398717686,2.0,0,0,3.0,1.0,2.0,39.53886359288617,2.0,0.7001192515863003,0,,0,0,HOLD,2.6117647058823534,3,1,5,Investment & Holding Companies
PED,2026-08-14,2.0,0.6214245791562022,4.0,0,1,3.0,4.0,4.0,58.48276994478419,4.0,0.3744493003412432,0,,0,0,HOLD,3.211764705882353,1,3,5,Oil & Gas
PEG,2026-08-14,3.0,0.49769632510115613,5.0,0,0,4.0,1.0,2.0,41.2507763638733,5.0,0.13511817363709563,0,,0,0,SELL,3.505882352941176,1,3,5,Utilities
PEGA,2026-08-14,4.0,0.34414871183161394,4.0,0,0,5.0,1.0,3.0,53.47399359458943,5.0,0.15628493755676598,0,,0,0,SELL,3.8823529411764706,1,4,5,Technology & Software
PEN,2026-08-14,5.0,0.17306332118483214,1.0,0,0,3.0,2.0,5.0,72.10125344468688,2.0,0.758105447966743,0,,0,0,HOLD,2.988235294117647,3,1,5,Medical Devices & Instruments
PENG,2026-08-14,4.0,0.29324009396494566,2.0,0,0,1.0,2.0,4.0,56.213084707224375,2.0,0.7300076706741091,0,,0,0,BUY,2.4352941176470586,4,1,5,Semiconductors & Chips
PENN,2026-08-14,2.0,0.7296008468351189,3.0,0,0,2.0,4.0,2.0,37.316157503116735,2.0,0.6825243890650768,1,1.0,0,0,BUY,2.1588235294117646,3,1,5,Hospitality & Leisure
PEO,2026-08-14,,,1.0,0,0,2.0,,4.0,69.14270883167794,1.0,1.0,0,,0,0,STRONG BUY,1.340909090909091,3,0,3,Other
PEP,2026-08-14,3.0,0.4675201517306781,4.0,0,0,4.0,3.0,3.0,54.110457278184036,5.0,0.19511132052150623,0,,0,0,SELL,3.7529411764705882,0,3,5,Food & Beverage
PEPG,2026-08-14,3.0,0.5707086614173228,3.0,0,0,3.0,3.0,5.0,73.84643944025314,4.0,0.3044925140633735,0,,0,0,HOLD,3.2352941176470593,0,1,5,Pharmaceuticals & Biotech
PERF,2026-08-14,,,1.0,0,0,3.0,,3.0,49.16220965627701,2.0,0.6951220717762099,0,,0,0,BUY,2.1363636363636367,2,0,3,Technology & Software
PERI,2026-08-14,1.0,0.9026771653543307,2.0,0,0,3.0,,4.0,58.10799375665977,2.0,0.6208954289114165,0,,0,0,BUY,1.8428571428571427,3,0,4,Technology & Software
PESI,2026-08-14,5.0,0.245010814762214,1.0,1,0,2.0,3.0,4.0,55.59267226732269,1.0,0.8167260379798227,0,,0,0,HOLD,2.7529411764705882,3,1,5,Utilities
PETS,2026-08-14,1.0,0.7959875657242086,4.0,0,0,5.0,4.0,2.0,36.16400522995657,5.0,0.09782609428034365,0,,0,0,HOLD,3.494117647058823,1,4,5,Retail
PETZ,2026-08-14,1.0,0.9196850393700787,1.0,0,0,2.0,,3.0,52.6052833049951,2.0,0.6404493975678494,0,,0,0,STRONG BUY,1.5000000000000002,4,0,4,Real Estate & REITs
PEW,2026-08-14,1.0,0.8311919110491038,5.0,0,0,5.0,3.0,3.0,48.05385776762018,5.0,0.06178489090768133,0,,0,0,HOLD,3.423529411764706,1,3,5,Retail
PFAI,2026-08-14,,,3.0,0,0,1.0,,3.0,50.57832240726147,3.0,0.5110409794505385,0,,0,0,BUY,2.3181818181818183,1,0,3,Agriculture
PFBC,2026-08-14,,,1.0,0,0,2.0,,4.0,61.385671629921795,1.0,0.9457694929205737,0,,0,0,STRONG BUY,1.340909090909091,3,0,3,Other
PFE,2026-08-14,3.0,0.5590327169274538,2.0,0,0,3.0,3.0,4.0,67.27110374612319,1.0,0.8534289984476986,0,,0,0,BUY,2.423529411764706,2,0,5,Pharmaceuticals & Biotech
PFG,2026-08-14,3.0,0.5615805430528272,1.0,0,0,2.0,2.0,3.0,54.8620120383052,1.0,0.9647105560686121,1,1.0,0,0,STRONG BUY,1.6647058823529413,4,0,5,Insurance
PFGC,2026-08-14,4.0,0.3081519046304762,2.0,0,0,3.0,2.0,2.0,41.866783329201,2.0,0.7361032902564586,0,,0,0,HOLD,2.7882352941176474,3,1,5,Wholesale Trade
PFIS,2026-08-14,2.0,0.7034398615609159,1.0,0,0,2.0,3.0,4.0,59.72265468468132,1.0,0.978574791943605,0,,0,0,BUY,1.835294117647059,4,0,5,Banks & Financial Services
PFL,2026-08-14,,,3.0,0,0,4.0,,3.0,53.71737978003774,3.0,0.5737753710701624,0,,0,0,HOLD,3.3409090909090917,0,1,3,Other
PFLT,2026-08-14,1.0,0.8661417322834646,5.0,0,0,4.0,5.0,3.0,53.61535533336184,4.0,0.2207886795940983,1,2.0,0,0,HOLD,3.064705882352942,1,4,5,Other
PFN,2026-08-14,,,3.0,0,0,3.0,,4.0,55.2860300515538,1.0,0.906486870025712,0,,0,0,BUY,2.090909090909091,1,0,3,Other
PFS,2026-08-14,3.0,0.49688670460177115,1.0,0,0,2.0,1.0,4.0,56.283810749351595,1.0,0.9200356800369097,0,,0,0,BUY,1.7882352941176471,4,0,5,Banks & Financial Services
PFSI,2026-08-14,4.0,0.26697407921740224,5.0,0,0,4.0,4.0,2.0,44.88007626498226,5.0,0.03157735803531248,0,,0,0,STRONG SELL,4.341176470588236,0,5,5,Banks & Financial Services
PFX,2026-08-14,1.0,0.8098627912751918,1.0,0,0,3.0,4.0,4.0,58.711641913356075,2.0,0.6663961331869003,1,1.0,0,0,BUY,1.8176470588235294,3,1,5,Other
PG,2026-08-14,3.0,0.5082977714556662,4.0,1,0,4.0,2.0,2.0,44.968316404218626,4.0,0.32053867208080083,0,,0,0,HOLD,3.3411764705882354,1,3,5,Chemicals
PGAC,2026-08-14,,,1.0,0,0,3.0,4.0,4.0,56.278660627221704,1.0,0.905659969950247,0,,0,0,BUY,2.2711864406779663,2,1,4,Investment & Holding Companies
PGC,2026-08-14,2.0,0.59513617509824,1.0,0,0,1.0,1.0,3.0,54.7548411475007,1.0,0.9303291653700171,0,,0,0,STRONG BUY,1.3058823529411767,5,0,5,Banks & Financial Services
PGEN,2026-08-14,5.0,0.030204025477718742,1.0,0,0,1.0,4.0,3.0,50.609900862986954,2.0,0.7899628038211053,0,,0,0,HOLD,2.988235294117647,3,2,5,Pharmaceuticals & Biotech
PGNY,2026-08-14,4.0,0.41441899711751967,2.0,0,0,2.0,2.0,2.0,32.226571843230545,2.0,0.6214197133371638,0,,0,0,HOLD,2.6117647058823534,4,1,5,Healthcare Services
PGP,2026-08-14,,,2.0,0,0,3.0,,4.0,66.96560212466193,1.0,0.881036763434893,0,,0,0,BUY,1.8863636363636362,2,0,3,Other
PGR,2026-08-14,1.0,0.8568041725936463,4.0,1,0,4.0,2.0,3.0,45.320714409759155,3.0,0.4107525609654236,0,,0,0,BUY,2.4941176470588236,2,2,5,Insurance
PGY,2026-08-14,3.0,0.4703651019440493,2.0,0,0,3.0,1.0,4.0,63.436405447441715,4.0,0.32921310773411444,0,,0,0,HOLD,2.7764705882352945,2,1,5,Banks & Financial Services
PGZ,2026-08-14,,,1.0,1,0,3.0,,3.0,51.693370937275645,1.0,0.8835414041919597,0,,0,0,STRONG BUY,1.6818181818181817,2,0,3,Other
PH,2026-08-14,5.0,0.24324324324324326,1.0,0,0,2.0,1.0,4.0,65.56406579129046,1.0,0.9501791670147072,0,,0,0,BUY,2.4,4,1,5,Industrial Machinery
PHAR,2026-08-14,,,5.0,0,0,4.0,,3.0,46.891335739502615,5.0,0.16725356251066167,0,,0,0,STRONG SELL,4.659090909090909,0,3,3,Pharmaceuticals & Biotech
PHAT,2026-08-14,4.0,0.36686868686868684,5.0,0,0,4.0,3.0,3.0,47.09830689493724,5.0,0.13705587098345795,0,,0,0,SELL,4.1647058823529415,0,4,5,Pharmaceuticals & Biotech
PHG,2026-08-14,,,4.0,0,0,4.0,,4.0,57.31315868482889,4.0,0.37836069598007405,0,,0,0,SELL,4.0,0,3,3,Medical Devices & Instruments
PHI,2026-08-14,,,3.0,0,0,4.0,,3.0,47.81535008757067,4.0,0.31626137132202853,0,,0,0,SELL,3.795454545454546,0,2,3,Telecom & Media
PHIN,2026-08-14,2.0,0.6350681539635186,3.0,0,0,3.0,2.0,2.0,44.47455499617874,2.0,0.689652008301605,0,,0,0,BUY,2.282352941176471,3,0,5,Automobiles
PHIO,2026-08-14,1.0,0.7801574803149607,3.0,0,0,5.0,3.0,4.0,55.79449423126127,5.0,0.1435613286246032,0,,0,0,HOLD,3.211764705882353,1,2,5,Pharmaceuticals & Biotech
PHK,2026-08-14,,,4.0,0,0,3.0,,2.0,44.60638470453608,2.0,0.7565298428700491,0,,0,0,HOLD,2.7500000000000004,1,1,3,Other
PHM,2026-08-14,2.0,0.6272135700894746,1.0,1,0,4.0,4.0,3.0,51.54272775334637,2.0,0.6329164170393338,0,,0,0,HOLD,2.6,3,2,5,Construction & Materials
PHOE,2026-08-14,5.0,0.014803149606299212,1.0,0,0,1.0,,3.0,52.62471026166164,5.0,0.12068554861677945,0,,0,0,SELL,3.628571428571428,2,2,4,Construction & Materials
PHOS,2026-08-14,,,,0,0,,,,,,,0,,0,0,,,0,0,0,
PHR,2026-08-14,3.0,0.5699265659576677,3.0,0,0,4.0,3.0,4.0,63.81741774857054,5.0,0.17231521098925703,1,1.0,0,0,HOLD,3.3470588235294123,0,2,5,Services
PHUN,2026-08-14,3.0,0.5629111100232006,1.0,1,0,3.0,4.0,3.0,47.82461540421183,4.0,0.33561638187211995,0,,0,0,HOLD,3.2,1,2,5,Technology & Software
PHVS,2026-08-14,,,1.0,0,0,1.0,,3.0,54.35007589049953,1.0,0.9148387293661794,0,,0,0,STRONG BUY,1.0,3,0,3,Pharmaceuticals & Biotech
PI,2026-08-14,5.0,0.10575501499485324,1.0,1,0,2.0,3.0,4.0,62.20399069764826,3.0,0.5400145686618113,0,,0,0,HOLD,3.2235294117647064,2,1,5,Semiconductors & Chips
PICS,2026-08-14,,,,0,0,4.0,,3.0,45.72537925981575,4.0,0.23971918548754517,1,3.0,0,0,,,0,2,2,Banks & Financial Services
PII,2026-08-14,3.0,0.5194622322472947,2.0,0,0,3.0,3.0,3.0,48.62291653058149,1.0,0.8090271271892169,0,,0,0,BUY,2.423529411764706,2,0,5,Transportation Equipment
PIII,2026-08-14,,,3.0,0,0,1.0,4.0,3.0,48.9865689704074,2.0,0.6130435349793243,0,,0,0,BUY,2.406779661016949,2,1,4,Healthcare Services
PIM,2026-08-14,,,4.0,0,0,3.0,,4.0,55.8845688532822,2.0,0.6169996586642393,0,,0,0,HOLD,2.7500000000000004,1,1,3,Other
PINE,2026-08-14,3.0,0.5529623245198109,2.0,0,0,3.0,4.0,2.0,42.9003213395657,2.0,0.7820598929167533,0,,0,0,HOLD,2.835294117647059,2,1,5,Investment & Holding Companies
PINS,2026-08-14,1.0,0.8909340169312183,2.0,0,0,3.0,2.0,4.0,55.250312538251244,4.0,0.38348864297948,0,,0,1,BUY,2.3411764705882354,3,1,5,Technology & Software
PIPR,2026-08-14,3.0,0.4748282221611628,4.0,0,0,4.0,1.0,3.0,51.803481224649374,4.0,0.2952973212028042,0,,0,0,HOLD,3.164705882352941,1,3,5,Investment & Brokerage
PJT,2026-08-14,,,1.0,1,0,3.0,1.0,4.0,56.38645539434691,2.0,0.7347522000036455,0,,0,0,BUY,1.8474576271186443,3,0,4,Investment & Brokerage
PK,2026-08-14,2.0,0.7477311835328281,1.0,0,0,1.0,3.0,4.0,58.15298166452748,1.0,0.9688341117935392,0,,0,0,STRONG BUY,1.6588235294117646,4,0,5,Hospitality & Leisure
PKBK,2026-08-14,1.0,0.849217638691323,1.0,0,0,1.0,,4.0,69.02990432474077,1.0,1.0,1,1.0,0,0,STRONG BUY,1.0,4,0,4,Banks & Financial Services
PKE,2026-08-14,5.0,0.14411563661384985,1.0,0,0,1.0,2.0,4.0,60.28671221055817,1.0,0.9985683924388765,0,,0,0,BUY,2.4,4,1,5,Aerospace & Defense
PKG,2026-08-14,4.0,0.3584637268847795,1.0,0,0,2.0,4.0,4.0,62.2301806955611,1.0,0.9718516687899885,0,,0,0,HOLD,2.623529411764706,3,2,5,Paper
PKOH,2026-08-14,4.0,0.36794689426268373,1.0,0,0,1.0,3.0,5.0,70.36967989830703,1.0,0.9093142728015622,0,,0,0,BUY,2.2705882352941176,3,1,5,Industrial Machinery
PKX,2026-08-14,,,4.0,0,1,4.0,,4.0,60.153953480320396,4.0,0.2891177798216353,0,,0,0,SELL,4.0,0,3,3,Metals
PL,2026-08-14,5.0,0.1075184078169462,4.0,0,0,2.0,4.0,3.0,52.1941145596592,3.0,0.4067081262899467,0,,0,0,SELL,3.7176470588235295,1,3,5,Industrial Machinery
PLAB,2026-08-14,2.0,0.5970502878111267,3.0,0,0,3.0,2.0,4.0,58.10490782348037,4.0,0.37600921599222803,0,,0,0,HOLD,2.7529411764705882,2,1,5,Semiconductors & Chips
PLAY,2026-08-14,2.0,0.6241500268613833,5.0,0,0,5.0,3.0,3.0,46.87368052692618,5.0,0.03951365508005502,1,1.0,0,0,HOLD,3.4294117647058826,1,3,5,Retail
PLBC,2026-08-14,2.0,0.6331905026360976,1.0,0,0,2.0,3.0,4.0,66.3769788348458,1.0,0.9797350297955801,0,,0,0,BUY,1.835294117647059,4,0,5,Banks & Financial Services
PLBL,2026-08-14,,,5.0,0,0,5.0,,3.0,54.010865460783826,4.0,0.30873490287925626,0,,0,0,STRONG SELL,4.545454545454546,0,3,3,Wholesale Trade
PLBY,2026-08-14,4.0,0.42444597887362234,5.0,0,0,5.0,2.0,3.0,52.41902600056236,5.0,0.09374998370185518,0,,0,0,SELL,4.1647058823529415,1,4,5,Retail
PLCE,2026-08-14,1.0,0.9838383838383838,5.0,0,0,5.0,4.0,2.0,38.33048209255634,5.0,0.00883651592292008,0,,0,0,SELL,3.5999999999999996,1,4,5,Retail
PLCI,2026-08-14,,,,0,0,,,,,,,0,,0,0,,,0,0,0,Investment & Holding Companies
PLD,2026-08-14,4.0,0.3093526149934075,2.0,0,0,2.0,3.0,3.0,46.278850730247115,1.0,0.8115949688193637,1,1.0,0,0,BUY,2.2529411764705882,3,1,5,Investment & Holding Companies
PLG,2026-08-14,,,4.0,0,0,4.0,,4.0,56.655817400562135,5.0,0.10714286094417376,0,,0,0,STRONG SELL,4.454545454545455,0,3,3,Mining & Minerals
PLGO,2026-08-14,1.0,0.8173228346456692,2.0,0,0,2.0,,2.0,42.3911855271993,2.0,0.7845569333922966,0,,0,0,STRONG BUY,1.6285714285714286,4,0,4,Insurance
PLMK,2026-08-14,,,3.0,0,0,3.0,3.0,3.0,45.71454598919882,4.0,0.2961159520125774,0,,0,0,HOLD,3.3389830508474576,0,1,4,Utilities
PLMR,2026-08-14,4.0,0.40115055566596824,2.0,1,0,3.0,1.0,2.0,43.85024700680466,2.0,0.6106681451265085,0,,0,0,HOLD,2.6117647058823534,3,1,5,Insurance
PLNT,2026-08-14,,,4.0,0,0,5.0,1.0,2.0,42.576005402970324,5.0,0.09343734576114798,0,,0,0,SELL,3.830508474576271,1,3,4,Hospitality & Leisure
PLOW,2026-08-14,3.0,0.5012556013197389,3.0,0,0,3.0,2.0,2.0,41.041371706360216,3.0,0.5277425236394583,0,,0,0,HOLD,2.823529411764706,1,0,5,Industrial Machinery
PLPC,2026-08-14,4.0,0.31534216372383117,1.0,0,0,1.0,3.0,4.0,64.5196142882127,1.0,0.9468302189740442,0,,0,0,BUY,2.2705882352941176,3,1,5,Construction & Materials
PLRX,2026-08-14,1.0,0.9234645669291339,5.0,0,0,4.0,4.0,3.0,47.6091607447644,5.0,0.04761914222959112,0,,0,0,HOLD,3.423529411764706,1,4,5,Pharmaceuticals & Biotech
PLRZ,2026-08-14,1.0,0.8299212598425196,4.0,0,0,3.0,,2.0,43.964354586295116,3.0,0.5590539616071022,0,,0,0,BUY,2.3857142857142857,1,1,4,Medical Devices & Instruments
PLSE,2026-08-14,5.0,0.020032101808477754,1.0,0,0,1.0,4.0,5.0,74.88972801782573,1.0,0.9882207912836646,0,,0,0,HOLD,2.7529411764705882,3,2,5,Medical Devices & Instruments
PLSM,2026-08-14,,,,0,0,5.0,,2.0,34.7895468191812,5.0,0.0,0,,0,0,,,0,2,2,Medical Devices & Instruments
PLTK,2026-08-14,1.0,0.9074747474747474,4.0,0,0,5.0,3.0,1.0,29.11321115699957,5.0,0.07641115077574705,0,,0,0,HOLD,3.317647058823529,1,3,5,Technology & Software
PLTR,2026-08-14,5.0,0.03870204926599128,2.0,0,0,3.0,1.0,4.0,68.13620487171983,2.0,0.6683014642619246,0,,1,1,HOLD,2.91764705882353,3,1,5,Technology & Software
PLTS,2026-08-14,4.0,0.3228346456692913,5.0,0,0,3.0,,5.0,95.02388448743051,1.0,1.0,0,,0,0,HOLD,3.057142857142857,1,2,4,Technology & Software
PLUG,2026-08-14,3.0,0.5200814542504707,5.0,0,1,2.0,3.0,3.0,53.42349536241247,4.0,0.3333333333333333,0,,0,0,HOLD,3.270588235294118,1,2,5,Industrial Machinery
PLUN,2026-08-14,,,,0,0,,,4.0,56.7840298959986,,,0,,0,0,,,0,0,0,Investment & Holding Companies
PLUR,2026-08-14,5.0,0.18545454545454546,5.0,0,0,5.0,4.0,2.0,39.47697307291554,5.0,0.012106555212231508,0,,0,0,STRONG SELL,4.823529411764706,0,5,5,Pharmaceuticals & Biotech
PLUS,2026-08-14,2.0,0.6150809945847209,1.0,0,0,3.0,3.0,3.0,48.083433624732756,2.0,0.6969921272447802,0,,0,0,BUY,2.2470588235294118,3,0,5,Wholesale Trade
PLUT,2026-08-14,1.0,0.9165354330708662,5.0,0,0,4.0,,2.0,35.96637871748841,4.0,0.29999991825648714,0,,0,0,HOLD,3.014285714285715,1,3,4,Investment & Brokerage
PLX,2026-08-14,3.0,0.44081835381703416,3.0,1,0,3.0,5.0,2.0,42.187299290755085,3.0,0.4431137579220637,0,,0,0,HOLD,3.3529411764705883,0,1,5,Pharmaceuticals & Biotech
PLXS,2026-08-14,4.0,0.39600009615768617,3.0,0,0,1.0,1.0,3.0,51.71772098409815,2.0,0.7920616653743318,0,,0,0,BUY,2.3647058823529408,3,1,5,Semiconductors & Chips
PLYX,2026-08-14,5.0,0.02015748031496063,,0,0,3.0,4.0,4.0,61.033678506861,5.0,0.019370456029797818,1,1.0,0,0,SELL,4.1078947368421055,0,3,4,Pharmaceuticals & Biotech
PM,2026-08-14,4.0,0.41299193930772876,1.0,0,0,3.0,1.0,3.0,53.90233044804043,1.0,0.8358388319068033,0,,0,0,BUY,2.2705882352941176,3,1,5,Food & Beverage
PMA,2026-08-14,5.0,0.047244094488188976,2.0,0,0,2.0,,4.0,67.73852584571073,3.0,0.44716897339916223,0,,0,0,HOLD,3.400000000000001,2,1,4,Construction & Materials
PMAX,2026-08-14,,,5.0,0,0,5.0,,2.0,41.719530373290034,5.0,0.0008340275609093352,0,,0,0,STRONG SELL,5.0,0,3,3,Services
PMI,2026-08-14,5.0,0.08727272727272728,5.0,0,0,5.0,4.0,2.0,32.54089174755106,5.0,0.0001827622802277961,0,,0,0,STRONG SELL,4.823529411764706,0,5,5,Medical Devices & Instruments
PML,2026-08-14,,,5.0,0,0,3.0,,3.0,53.25705275043651,2.0,0.727503898249432,1,2.0,0,0,HOLD,2.6545454545454548,1,1,3,Other
PMM,2026-08-14,,,3.0,0,0,3.0,,3.0,47.04819991720416,2.0,0.7669843343685655,0,,0,0,HOLD,2.545454545454546,1,0,3,Other
PMN,2026-08-14,3.0,0.4910236220472441,1.0,1,0,4.0,4.0,4.0,57.40000080969908,3.0,0.44925119907482486,1,2.0,0,0,HOLD,2.8411764705882354,1,2,5,Pharmaceuticals & Biotech
PMO,2026-08-14,,,2.0,0,0,3.0,,4.0,63.95901131019233,1.0,0.8969220914899274,1,1.0,0,0,STRONG BUY,1.5863636363636362,2,0,3,Other
PMT,2026-08-14,1.0,0.9161740782774107,5.0,0,0,4.0,4.0,2.0,43.99987586949393,5.0,0.03967478567372678,0,,0,0,HOLD,3.423529411764706,1,4,5,Investment & Holding Companies
PMTR,2026-08-14,,,3.0,0,0,3.0,,3.0,46.21414927131191,3.0,0.5454533632150883,0,,0,0,HOLD,3.0000000000000004,0,0,3,Investment & Holding Companies
PMTS,2026-08-14,2.0,0.7441233641438822,1.0,0,0,1.0,3.0,5.0,73.29410544281325,1.0,0.8958875587699935,0,,0,0,STRONG BUY,1.6588235294117646,4,0,5,Publishing & Media
PMVP,2026-08-14,1.0,0.8522834645669292,3.0,0,0,3.0,5.0,3.0,53.97858759334078,4.0,0.30769233120498896,0,,0,0,HOLD,2.9764705882352938,1,2,5,Pharmaceuticals & Biotech
PN,2026-08-14,,,4.0,0,0,5.0,,2.0,42.13518170238886,5.0,0.01525363863632081,0,,0,0,STRONG SELL,4.795454545454546,0,3,3,Wholesale Trade
PNBK,2026-08-14,2.0,0.6409448818897637,4.0,0,0,5.0,4.0,3.0,45.558455314985366,5.0,0.16326533963609904,0,,0,0,SELL,3.8000000000000003,1,4,5,Banks & Financial Services
PNC,2026-08-14,2.0,0.6960644855381698,1.0,0,0,2.0,,4.0,64.59222738410183,1.0,1.0,1,1.0,0,0,STRONG BUY,1.2857142857142858,4,0,4,Banks & Financial Services
PNFP,2026-08-14,2.0,0.7522242551097464,1.0,0,0,2.0,2.0,4.0,64.70041224015955,1.0,0.9813428202122998,0,,0,0,STRONG BUY,1.6588235294117648,5,0,5,Banks & Financial Services
PNI,2026-08-14,,,4.0,0,0,3.0,,4.0,59.0793405556372,1.0,0.8764767248882271,0,,0,0,BUY,2.2954545454545454,1,1,3,Other
PNNT,2026-08-14,1.0,0.9023622047244094,4.0,0,0,5.0,2.0,4.0,64.35070547128245,5.0,0.17092275093939738,1,1.0,0,0,HOLD,2.841176470588235,2,3,5,Other
PNR,2026-08-14,2.0,0.6500711237553343,5.0,0,0,5.0,2.0,2.0,44.741337119175746,5.0,0.09891749440427185,0,,0,0,SELL,3.552941176470588,2,3,5,Industrial Machinery
PNRG,2026-08-14,2.0,0.6163871951298759,2.0,0,1,2.0,1.0,4.0,61.762430196190415,3.0,0.5015660783530916,0,,0,0,BUY,2.058823529411765,4,0,5,Oil & Gas
PNTG,2026-08-14,4.0,0.3210646291647994,1.0,0,0,2.0,4.0,3.0,51.05684635442441,1.0,0.853101163980709,0,,0,0,HOLD,2.623529411764706,3,2,5,Healthcare Services
PNW,2026-08-14,3.0,0.5500237079184448,3.0,0,0,3.0,,3.0,46.000855003579375,2.0,0.7315019584364076,0,,0,0,HOLD,2.714285714285715,1,0,4,Utilities
POCI,2026-08-14,3.0,0.48767587016276653,4.0,0,0,4.0,4.0,3.0,48.151215975956475,4.0,0.23543696455641527,0,,0,0,SELL,3.6941176470588237,0,4,5,Medical Devices & Instruments
PODC,2026-08-14,5.0,0.24125984251968507,3.0,0,0,2.0,3.0,2.0,35.76332673879649,3.0,0.508152198384468,1,1.0,0,0,HOLD,3.1352941176470597,1,1,5,Technology & Software
PODD,2026-08-14,4.0,0.2737838041904356,4.0,0,0,5.0,3.0,2.0,40.327264734193015,5.0,0.045910007481365214,1,2.0,0,0,SELL,3.935294117647059,0,4,5,Medical Devices & Instruments
POET,2026-08-14,,,2.0,0,0,1.0,,4.0,58.654391747139385,4.0,0.3298780471494267,0,,0,0,HOLD,2.568181818181819,2,1,3,Semiconductors & Chips
POLA,2026-08-14,3.0,0.5687397789168267,4.0,0,0,3.0,4.0,3.0,53.30802749114674,5.0,0.10969386537129147,0,,0,0,SELL,3.7529411764705882,0,3,5,Industrial Machinery
POLE,2026-08-14,,,1.0,0,0,3.0,4.0,4.0,63.74133216373159,1.0,0.9999999999999957,0,,0,0,BUY,2.2711864406779663,2,1,4,Investment & Holding Companies
PONO,2026-08-14,,,,0,0,,,5.0,76.04440210933278,1.0,0.9411807604707783,1,2.0,0,0,,,1,0,1,Investment & Holding Companies
PONY,2026-08-14,,,3.0,0,0,5.0,,4.0,56.514095878840884,5.0,0.08924487760124497,0,,0,0,STRONG SELL,4.590909090909092,0,2,3,Technology & Software
POOL,2026-08-14,3.0,0.45151301223408247,5.0,0,0,5.0,3.0,3.0,46.799437706251155,5.0,0.1353129847711346,1,3.0,0,0,SELL,3.7352941176470598,0,3,5,Wholesale Trade
POR,2026-08-14,2.0,0.6205861420048854,3.0,0,0,3.0,4.0,3.0,52.78026076662855,2.0,0.7882588404582825,0,,0,0,HOLD,2.6352941176470592,2,1,5,Utilities
POST,2026-08-14,2.0,0.7268847795163584,5.0,0,0,5.0,4.0,2.0,39.227638706800185,5.0,0.12298056094540888,0,,0,0,SELL,3.905882352941177,1,4,5,Food & Beverage
POWI,2026-08-14,5.0,0.21502609269041045,3.0,0,0,2.0,2.0,3.0,45.11335469813438,3.0,0.5671633446181431,0,,0,0,HOLD,3.2588235294117647,2,1,5,Semiconductors & Chips
POWL,2026-08-14,4.0,0.26383614858343996,3.0,0,0,2.0,3.0,2.0,44.969257415201,3.0,0.5479021615174728,0,,0,0,HOLD,3.129411764705883,1,1,5,Industrial Machinery
POWW,2026-08-14,3.0,0.5517027582183159,2.0,0,0,2.0,2.0,3.0,50.38769665712235,2.0,0.7500000465661297,0,,0,0,BUY,2.3058823529411767,4,0,5,Services
PPBT,2026-08-14,,,5.0,0,0,5.0,,3.0,46.071967659029305,5.0,0.0078089092531426416,0,,0,0,STRONG SELL,5.0,0,3,3,Pharmaceuticals & Biotech
PPC,2026-08-14,2.0,0.753491510207761,5.0,0,0,5.0,2.0,3.0,49.70928479203087,5.0,0.06698792855025389,0,,0,0,SELL,3.552941176470588,2,3,5,Food & Beverage
PPCB,2026-08-14,1.0,0.9697637795275591,5.0,0,0,5.0,2.0,3.0,45.15662808965372,5.0,0.0008879966761204391,0,,0,0,HOLD,3.2470588235294118,2,3,5,Pharmaceuticals & Biotech
PPG,2026-08-14,3.0,0.516709846235302,3.0,0,0,4.0,2.0,3.0,47.20090489381474,3.0,0.5895173240538786,0,,0,0,HOLD,3.0,1,1,5,Chemicals
PPHC,2026-08-14,3.0,0.517394379473948,,0,0,4.0,4.0,3.0,49.51119723521118,4.0,0.38408777938227934,0,,0,0,SELL,3.6578947368421058,0,3,4,Business & Research Services
PPIH,2026-08-14,3.0,0.5424759211666467,4.0,0,0,4.0,3.0,4.0,57.118324189838354,4.0,0.34136852109592747,0,,0,0,SELL,3.5176470588235293,0,3,5,Industrial Machinery
PPL,2026-08-14,3.0,0.5004748232534172,4.0,0,0,4.0,3.0,3.0,54.76370899068403,3.0,0.4850200995416648,0,,0,0,HOLD,3.28235294117647,0,2,5,Utilities
PPLI,2026-08-14,,,3.0,0,0,2.0,3.0,2.0,39.90304126317808,3.0,0.5515529136470926,0,,0,0,HOLD,2.745762711864407,1,0,4,Technology & Software
PPSI,2026-08-14,2.0,0.7140221268567571,5.0,0,1,4.0,3.0,2.0,39.28307671077143,5.0,0.14555261313186385,0,,0,0,SELL,3.552941176470589,1,3,5,Industrial Machinery
PPT,2026-08-14,,,4.0,0,0,3.0,,4.0,61.117801228399614,2.0,0.7123379725311308,0,,0,0,HOLD,2.7500000000000004,1,1,3,Other
PPTA,2026-08-14,4.0,0.3096062992125984,4.0,0,0,3.0,4.0,4.0,68.44451265443988,3.0,0.4259702459108759,0,,0,0,SELL,3.5882352941176467,0,3,5,Mining & Minerals
PR,2026-08-14,3.0,0.5773230342846957,1.0,0,0,1.0,3.0,4.0,59.63063055099341,1.0,0.9215280784349253,0,,0,0,BUY,1.964705882352941,3,0,5,Oil & Gas
PRAA,2026-08-14,1.0,0.8406929932796914,1.0,0,0,2.0,3.0,4.0,66.65665304811239,1.0,0.8619814365388259,0,,0,0,STRONG BUY,1.5294117647058825,4,0,5,Banks & Financial Services
PRAX,2026-08-14,5.0,0.16125984251968503,1.0,0,0,1.0,4.0,4.0,61.29832467984994,1.0,0.944008634297505,0,,0,0,HOLD,2.7529411764705882,3,2,5,Pharmaceuticals & Biotech
PRCH,2026-08-14,4.0,0.3301010101010101,1.0,0,0,2.0,2.0,4.0,69.19416265879912,1.0,0.8686707557713796,0,,0,0,BUY,2.270588235294118,4,1,5,Technology & Software
PRCT,2026-08-14,4.0,0.35280421493597486,4.0,0,0,5.0,4.0,4.0,57.211958247157185,5.0,0.19919675343213603,1,1.0,0,0,SELL,4.111764705882353,0,5,5,Medical Devices & Instruments
PRDO,2026-08-14,3.0,0.5665366790497741,4.0,0,0,3.0,1.0,3.0,47.9016726293943,3.0,0.46427628105880464,0,,0,0,HOLD,2.7529411764705882,1,1,5,Services
PRE,2026-08-14,,,2.0,0,0,2.0,,3.0,54.93431025890486,1.0,0.8389261959748286,0,,0,0,STRONG BUY,1.5454545454545454,3,0,3,Pharmaceuticals & Biotech
PRFX,2026-08-14,1.0,0.9719685039370078,5.0,0,0,5.0,,2.0,43.14881988409033,5.0,0.0035914884745923753,0,,0,0,SELL,3.5142857142857147,1,3,4,Pharmaceuticals & Biotech
PRG,2026-08-14,1.0,0.8221906116642959,1.0,0,0,2.0,2.0,3.0,47.22513436581853,2.0,0.7724807334766074,0,,0,0,STRONG BUY,1.5882352941176472,5,0,5,Services
PRGO,2026-08-14,1.0,0.8732246002300791,2.0,0,0,4.0,3.0,4.0,67.3672580913188,4.0,0.28653964836513,0,,0,0,HOLD,2.694117647058824,2,2,5,Pharmaceuticals & Biotech
PRGS,2026-08-14,3.0,0.44856577685115123,1.0,1,0,3.0,2.0,4.0,64.07471775292666,1.0,0.855831057592474,0,,0,0,BUY,2.1411764705882352,3,0,5,Technology & Software
PRHI,2026-08-14,1.0,0.8349864034713539,2.0,0,0,2.0,5.0,4.0,64.78524082242035,4.0,0.27834103037125246,1,1.0,0,0,BUY,2.3941176470588243,3,2,5,Insurance
PRI,2026-08-14,3.0,0.43919875772638944,1.0,0,0,2.0,1.0,3.0,53.127761910644324,1.0,0.8447045314149839,0,,0,0,BUY,1.7882352941176471,4,0,5,Insurance
PRIM,2026-08-14,2.0,0.6166776285269,5.0,0,0,5.0,2.0,3.0,46.09845424758515,5.0,0.06672238016655038,0,,0,0,SELL,3.552941176470588,2,3,5,Construction & Materials
PRK,2026-08-14,2.0,0.5893788525367473,1.0,0,0,2.0,1.0,4.0,63.78839874806222,1.0,0.9288119860988362,0,,0,0,STRONG BUY,1.4823529411764707,5,0,5,Banks & Financial Services
PRKS,2026-08-14,2.0,0.7273589378852536,3.0,0,0,3.0,2.0,3.0,48.964010445853674,3.0,0.5965463514920213,0,,0,0,HOLD,2.51764705882353,2,0,5,Hospitality & Leisure
PRLB,2026-08-14,4.0,0.2979160505107862,1.0,0,0,1.0,1.0,4.0,69.10526471905548,1.0,0.9901121299749802,0,,0,0,BUY,1.9176470588235293,4,1,5,Industrial Machinery
PRLD,2026-08-14,,,1.0,0,0,1.0,3.0,4.0,63.730905164465916,1.0,0.9629629983932501,0,,0,0,STRONG BUY,1.5084745762711864,3,0,4,Pharmaceuticals & Biotech
PRM,2026-08-14,5.0,0.2313579987116819,3.0,0,0,1.0,3.0,3.0,48.924442113258394,2.0,0.7995869053020059,0,,0,0,HOLD,3.023529411764706,2,1,5,Chemicals
PRMB,2026-08-14,3.0,0.4607494823806173,2.0,0,0,2.0,2.0,4.0,56.7412425321196,1.0,0.9382625020361831,0,,0,0,BUY,2.070588235294118,4,0,5,Food & Beverage
PRME,2026-08-14,5.0,0.07068755466823315,5.0,0,0,4.0,4.0,3.0,47.11677621377673,5.0,0.0982367414798539,0,,0,0,STRONG SELL,4.647058823529412,0,5,5,Pharmaceuticals & Biotech
PROF,2026-08-14,4.0,0.31700764552200117,3.0,0,0,3.0,4.0,2.0,38.50086019167849,3.0,0.5774059378798861,0,,0,0,HOLD,3.4823529411764707,0,2,5,Medical Devices & Instruments
PROK,2026-08-14,,,5.0,0,0,5.0,5.0,2.0,30.993071873580675,5.0,0.0,0,,0,0,STRONG SELL,5.0,0,4,4,Pharmaceuticals & Biotech
PROP,2026-08-14,3.0,0.4253814803937714,3.0,0,0,5.0,2.0,4.0,68.83654258226497,5.0,0.1706161193670292,0,,0,0,SELL,3.647058823529412,1,2,5,Oil & Gas
PROV,2026-08-14,2.0,0.7566011757413256,1.0,0,0,2.0,2.0,4.0,66.5776837341092,1.0,0.9909010447398563,0,,0,0,STRONG BUY,1.6588235294117648,5,0,5,Banks & Financial Services
PRPL,2026-08-14,2.0,0.7463252726410621,1.0,0,0,1.0,3.0,4.0,55.38023493262014,2.0,0.6902748598568631,0,,0,0,BUY,1.8941176470588237,4,0,5,Wood & Furniture
PRPO,2026-08-14,3.0,0.4989570659886896,4.0,0,0,2.0,2.0,3.0,51.85815328609504,3.0,0.5121012514693956,0,,0,0,HOLD,2.7529411764705887,2,1,5,Medical Devices & Instruments
PRQR,2026-08-14,,,2.0,0,0,3.0,,4.0,57.350181514757566,4.0,0.3273809342191057,0,,0,0,HOLD,3.2500000000000004,1,1,3,Pharmaceuticals & Biotech
PRSU,2026-08-14,4.0,0.42262354294094756,3.0,0,0,2.0,3.0,2.0,41.99330310773036,2.0,0.6618825955783654,0,,0,0,HOLD,2.8941176470588235,2,1,5,Hospitality & Leisure
PRTA,2026-08-14,4.0,0.36236033051916244,5.0,0,0,3.0,5.0,3.0,50.187540511552996,4.0,0.2638888079443181,0,,0,0,SELL,4.105882352941177,0,4,5,Pharmaceuticals & Biotech
PRTH,2026-08-14,1.0,0.8812971931713577,4.0,0,0,4.0,2.0,2.0,37.30882773181152,4.0,0.22427435520992345,0,,0,0,HOLD,2.729411764705883,2,3,5,Services
PRTS,2026-08-14,1.0,0.8934628545010292,4.0,0,0,4.0,4.0,3.0,54.31207491650411,4.0,0.29733335478041045,0,,0,0,HOLD,3.0823529411764707,1,4,5,Retail
PRU,2026-08-14,1.0,0.8018018018018017,1.0,0,0,2.0,1.0,4.0,68.67846716225942,1.0,1.0,1,1.0,0,0,STRONG BUY,1.0,5,0,5,Insurance
PRVA,2026-08-14,4.0,0.27140985684540503,4.0,0,0,3.0,2.0,2.0,32.99405003124721,4.0,0.24504945061041059,0,,0,0,HOLD,3.4705882352941173,1,3,5,Healthcare Services
PS,2026-08-14,,,,0,0,,,4.0,67.22840284873922,2.0,0.6013875336908449,0,,0,0,,,1,0,1,Investment & Brokerage
PSA,2026-08-14,5.0,0.20592188890766833,1.0,0,0,2.0,3.0,3.0,53.23559205348401,1.0,0.9410303778757784,0,,0,0,HOLD,2.7529411764705882,3,1,5,Investment & Holding Companies
PSBD,2026-08-14,1.0,0.8703300030082818,4.0,0,0,4.0,3.0,4.0,59.7892128449333,4.0,0.3627456927833775,0,,0,0,HOLD,2.905882352941177,1,3,5,Other
PSEC,2026-08-14,1.0,0.9373228346456695,4.0,0,0,4.0,3.0,4.0,56.10913381543032,4.0,0.34579984316637574,0,,0,0,HOLD,2.905882352941177,1,3,5,Other
PSFE,2026-08-14,1.0,0.9348031496062992,4.0,0,0,4.0,,2.0,38.80215923824196,5.0,0.07266431742328862,0,,0,0,HOLD,3.1714285714285713,1,3,4,Services
PSHG,2026-08-14,1.0,0.9748031496062992,3.0,0,0,4.0,,3.0,51.27254529521683,5.0,0.13186814194499527,0,,0,0,HOLD,3.0428571428571427,1,2,4,Transportation & Logistics
PSIG,2026-08-14,,,5.0,0,1,5.0,,1.0,20.892330629215877,5.0,0.0,0,,0,0,STRONG SELL,5.0,0,3,3,Transportation & Logistics
PSIX,2026-08-14,3.0,0.5276613507086099,4.0,0,0,5.0,2.0,4.0,60.250913699370585,5.0,0.16714634353300387,0,,0,0,SELL,3.7529411764705882,1,3,5,Industrial Machinery
PSKY,2026-08-14,1.0,0.9900996245958006,4.0,0,0,4.0,4.0,4.0,69.35840253370804,5.0,0.19999641457690595,0,,0,0,HOLD,3.317647058823529,1,4,5,Telecom & Media
PSMT,2026-08-14,3.0,0.46939683172039554,3.0,0,0,2.0,3.0,3.0,45.637860714582466,1.0,0.8059750766499724,0,,0,0,BUY,2.3529411764705883,2,0,5,Retail
PSN,2026-08-14,1.0,0.7780699824928553,5.0,0,0,5.0,3.0,2.0,44.07133710724587,5.0,0.15478867964271315,0,,0,0,HOLD,3.423529411764706,1,3,5,Technology & Software
PSNL,2026-08-14,5.0,0.1666294769723581,1.0,0,0,1.0,4.0,4.0,56.477189002137656,1.0,0.8445825898280129,0,,0,0,HOLD,2.7529411764705882,3,2,5,Healthcare Services
PSNY,2026-08-14,,,5.0,0,0,5.0,,2.0,42.23736034211858,5.0,0.07700240310206112,0,,0,0,STRONG SELL,5.0,0,3,3,Automobiles
PSNYW,2026-08-14,,,3.0,0,0,4.0,,3.0,54.393617385867664,5.0,0.09718310469271892,0,,0,0,STRONG SELL,4.250000000000001,0,2,3,Automobiles
PSO,2026-08-14,,,2.0,0,0,2.0,,2.0,44.96179171024297,2.0,0.7428976195150432,0,,0,0,BUY,2.0,3,0,3,Publishing & Media
PSQH,2026-08-14,,,5.0,0,0,5.0,4.0,3.0,51.613210720352114,5.0,0.04082149755482226,0,,0,0,STRONG SELL,4.745762711864407,0,4,4,Services
PSTL,2026-08-14,5.0,0.1816026552868658,3.0,0,0,2.0,1.0,3.0,46.11227828595084,1.0,0.820857072818479,0,,0,0,HOLD,2.6117647058823525,3,1,5,Investment & Holding Companies
PSUS,2026-08-14,,,,0,0,,,4.0,68.12430246146181,2.0,0.6185132099254876,0,,0,0,,,1,0,1,Other
PSX,2026-08-14,3.0,0.5149359886201992,1.0,0,0,1.0,1.0,5.0,76.99804118271524,1.0,1.0,1,1.0,0,0,STRONG BUY,1.3117647058823527,4,0,5,Oil & Gas
PTAC,2026-08-14,,,,0,0,,,1.0,16.36866347412247,,,0,,0,0,,,0,0,0,Investment & Holding Companies
PTC,2026-08-14,4.0,0.2995875643145078,3.0,0,0,4.0,1.0,4.0,65.7045241959564,4.0,0.3591170754787299,0,,0,0,HOLD,3.364705882352941,1,3,5,Technology & Software
PTCT,2026-08-14,3.0,0.5451720490010026,4.0,0,0,2.0,2.0,2.0,41.375444574283854,3.0,0.5630353707862189,0,,0,0,HOLD,2.7529411764705887,2,1,5,Pharmaceuticals & Biotech
PTEN,2026-08-14,2.0,0.7008260518783144,1.0,0,0,1.0,3.0,4.0,62.24610712394532,1.0,0.8234076194876669,0,,0,0,STRONG BUY,1.6588235294117646,4,0,5,Oil & Gas
PTGX,2026-08-14,5.0,0.10015748031496063,1.0,0,0,1.0,3.0,5.0,70.13675144408197,1.0,1.0,0,,0,0,HOLD,2.5764705882352934,3,1,5,Pharmaceuticals & Biotech
PTHS,2026-08-14,4.0,0.3776217414346561,1.0,0,0,2.0,2.0,3.0,49.142633082519346,3.0,0.4841393973471882,0,,0,0,HOLD,2.7411764705882353,3,1,5,Pharmaceuticals & Biotech
PTLE,2026-08-14,5.0,0.10866141732283464,4.0,0,0,5.0,,2.0,34.95327173266108,5.0,0.18589394155822098,0,,0,0,STRONG SELL,4.871428571428571,0,4,4,Wholesale Trade
PTLO,2026-08-14,1.0,0.8584481491731014,2.0,0,0,4.0,3.0,4.0,66.87096437067927,4.0,0.34704368919483286,1,1.0,0,0,BUY,2.3941176470588243,2,2,5,Retail
PTN,2026-08-14,2.0,0.6059842519685039,5.0,0,0,3.0,5.0,3.0,53.62576561206444,5.0,0.17339245296408531,0,,0,0,SELL,3.7294117647058824,1,3,5,Pharmaceuticals & Biotech
PTON,2026-08-14,5.0,0.23423423423423423,3.0,0,0,3.0,1.0,2.0,43.03931038707724,4.0,0.36294897734203213,0,,0,0,HOLD,3.494117647058823,1,2,5,Misc Manufacturing
PTOR,2026-08-14,,,,0,0,,,4.0,55.23340137725246,2.0,0.730770641528812,0,,0,0,,,1,0,1,Investment & Holding Companies
PTRN,2026-08-14,,,3.0,0,0,1.0,2.0,2.0,40.13883114828703,3.0,0.5981827713747497,0,,0,0,BUY,2.2372881355932206,2,0,4,Retail
PTY,2026-08-14,,,5.0,0,0,4.0,,3.0,49.0699227303327,4.0,0.24056555277098435,0,,0,0,SELL,4.204545454545455,0,3,3,Other
PUBM,2026-08-14,,,1.0,0,0,1.0,3.0,5.0,76.10510275510538,1.0,0.9834782151148334,0,,0,0,STRONG BUY,1.5084745762711864,3,0,4,Technology & Software
PUK,2026-08-14,,,3.0,0,0,4.0,,3.0,45.172663393160676,4.0,0.35406002301663186,0,,0,0,SELL,3.795454545454546,0,2,3,Insurance
PULM,2026-08-14,2.0,0.6993559617670967,4.0,0,0,5.0,4.0,2.0,41.63116654338416,5.0,0.08749997615814209,0,,0,0,SELL,3.8000000000000003,1,4,5,Pharmaceuticals & Biotech
PUMP,2026-08-14,2.0,0.6093317709061141,4.0,0,0,2.0,3.0,3.0,50.89504263494168,3.0,0.5540935648563505,0,,0,0,HOLD,2.623529411764706,2,1,5,Oil & Gas
PURR,2026-08-14,2.0,0.7411023622047244,,0,0,1.0,,3.0,46.13032255279711,3.0,0.4548919642763554,0,,0,0,BUY,2.081967213114754,2,0,3,Banks & Financial Services
PUSA,2026-08-14,4.0,0.35751348397843524,5.0,0,0,4.0,4.0,4.0,55.34296742256619,4.0,0.2807924368124032,0,,0,0,SELL,4.105882352941177,0,5,5,Hospitality & Leisure
PVH,2026-08-14,5.0,0.046467520151730675,1.0,0,0,2.0,3.0,3.0,48.02535406447436,3.0,0.5701699964272264,0,,0,0,HOLD,3.2235294117647064,2,1,5,Apparel & Textiles
PVLA,2026-08-14,5.0,0.10238130526191218,1.0,0,0,1.0,4.0,4.0,57.74350760391325,1.0,0.9853138774559568,1,2.0,0,0,BUY,2.4529411764705884,3,2,5,Pharmaceuticals & Biotech
PW,2026-08-14,1.0,0.7814416973246492,4.0,0,0,4.0,4.0,2.0,42.57320627795282,4.0,0.2543859711497627,0,,0,0,HOLD,3.0823529411764707,1,4,5,Investment & Holding Companies
PWCM,2026-08-14,2.0,0.6700212170418982,5.0,0,0,5.0,4.0,1.0,23.04892087917868,5.0,0.0,0,,0,0,SELL,3.905882352941177,1,4,5,Banks & Financial Services
PWP,2026-08-14,4.0,0.26173541963015645,3.0,0,0,4.0,2.0,3.0,54.8612705343329,4.0,0.28248833777073007,0,,0,0,SELL,3.541176470588235,1,3,5,Banks & Financial Services
PWR,2026-08-14,5.0,0.22743042544893238,2.0,0,0,1.0,3.0,4.0,55.60726333134719,2.0,0.7594305393367689,0,,0,0,HOLD,2.9176470588235293,3,1,5,Construction & Materials
PWRL,2026-08-14,,,,0,0,,,2.0,44.25330309688651,,,0,,0,0,,,0,0,0,Other
PXED,2026-08-14,4.0,0.38803149606299214,4.0,1,0,4.0,,2.0,37.91133485684011,5.0,0.09570462770080645,0,,0,0,STRONG SELL,4.285714285714286,0,4,4,Services
PXLW,2026-08-14,3.0,0.4774783203860639,1.0,1,0,3.0,3.0,4.0,62.772507011188324,4.0,0.2059672754762314,0,,0,0,HOLD,3.0235294117647062,1,1,5,Technology & Software
PXS,2026-08-14,1.0,0.9029921259842519,1.0,0,0,1.0,,5.0,75.20990625940635,1.0,1.0,0,,0,0,STRONG BUY,1.0,4,0,4,Transportation & Logistics
PYPD,2026-08-14,5.0,0.15590551181102363,2.0,0,0,2.0,,3.0,52.25776213493648,2.0,0.6543209004413001,0,,0,0,HOLD,3.1142857142857148,3,1,4,Medical Devices & Instruments
PYPL,2026-08-14,3.0,0.5584126455832967,2.0,0,0,3.0,1.0,5.0,77.22810991207513,2.0,0.6229403987960724,0,,0,0,BUY,2.3058823529411763,3,0,5,Services
PYT,2026-08-14,,,1.0,1,0,3.0,,3.0,54.76239598521619,1.0,0.9392432298798848,0,,0,0,STRONG BUY,1.6818181818181817,2,0,3,Banks & Financial Services
PYXS,2026-08-14,5.0,0.19301579846624303,1.0,1,0,1.0,4.0,3.0,51.87513656880625,3.0,0.45560746544239844,0,,0,0,HOLD,3.2235294117647064,2,2,5,Pharmaceuticals & Biotech
PZG,2026-08-14,5.0,0.18559621291102568,2.0,0,0,3.0,5.0,4.0,69.70742673062844,3.0,0.43044351561878963,0,,0,0,SELL,3.858823529411765,1,2,5,Mining & Minerals
PZZA,2026-08-14,1.0,0.7669723719661761,5.0,0,0,5.0,3.0,1.0,26.1224633335669,5.0,0.013945214958185698,0,,0,0,HOLD,3.423529411764706,1,3,5,Retail
Q,2026-08-14,5.0,0.21384542437174017,3.0,0,0,2.0,,3.0,53.5545946578265,2.0,0.6739038129898506,0,,0,0,HOLD,3.242857142857143,2,1,4,Semiconductors & Chips
QADR,2026-08-14,,,,0,0,,,4.0,60.13597669631491,,,0,,0,0,,,0,0,0,Investment & Holding Companies
QBTS,2026-08-14,5.0,0.1370989422346565,5.0,0,0,4.0,3.0,2.0,39.20737963479069,5.0,0.10157231508584448,0,,0,0,STRONG SELL,4.470588235294118,0,4,5,Technology & Software
QCLS,2026-08-14,4.0,0.42501291911597977,5.0,0,0,5.0,3.0,2.0,38.69205240675773,5.0,0.033810142599426676,0,,0,0,STRONG SELL,4.341176470588236,0,4,5,Pharmaceuticals & Biotech
QCOM,2026-08-14,5.0,0.21128526267451433,4.0,0,0,3.0,2.0,3.0,47.14926108668931,4.0,0.33345670702389785,0,,0,1,SELL,3.7764705882352936,1,3,5,Industrial Machinery
QCRH,2026-08-14,2.0,0.6472310677214254,1.0,0,0,2.0,1.0,5.0,70.79648267416789,1.0,0.9992453280682875,0,,0,0,STRONG BUY,1.4823529411764707,5,0,5,Banks & Financial Services
QDEL,2026-08-14,1.0,0.9049187482189627,4.0,0,0,5.0,3.0,2.0,42.483787704871226,5.0,0.17073170640203195,1,1.0,0,0,HOLD,3.0176470588235293,1,3,5,Pharmaceuticals & Biotech
QETA,2026-08-14,,,3.0,0,0,3.0,5.0,2.0,42.974917927766114,2.0,0.7525773804022738,0,,0,0,HOLD,3.1694915254237293,1,1,4,Investment & Holding Companies
QFIN,2026-08-14,1.0,0.9666141732283463,5.0,0,0,5.0,,2.0,32.36634688281241,5.0,0.03272722769545885,1,1.0,0,0,HOLD,3.214285714285715,1,3,4,Banks & Financial Services
QGEN,2026-08-14,,,2.0,0,0,4.0,,4.0,59.93048918770971,3.0,0.4649342500998211,0,,0,0,HOLD,3.136363636363637,1,1,3,Pharmaceuticals & Biotech
QH,2026-08-14,1.0,0.9599999999999999,3.0,0,0,3.0,,2.0,42.55862275788742,4.0,0.3800920814529666,0,,0,0,HOLD,2.542857142857143,1,1,4,Services
QLEP,2026-08-14,,,,0,0,,,3.0,53.893370721920064,,,0,,0,0,,,0,0,0,Investment & Holding Companies
QLYS,2026-08-14,5.0,0.17587814837178933,1.0,0,0,1.0,1.0,4.0,67.59272349310632,1.0,0.9178642949586968,0,,0,0,BUY,2.223529411764706,4,1,5,Technology & Software
QMCO,2026-08-14,4.0,0.40444444444444444,1.0,0,0,1.0,3.0,5.0,87.8672672246702,1.0,1.0,0,,0,0,BUY,2.2705882352941176,3,1,5,Computer Hardware
QMLS,2026-08-14,,,,0,0,,,1.0,8.294556070249001,,,0,,0,0,,,0,0,0,Technology & Software
QNC,2026-08-14,,,,0,0,,,3.0,53.6095946426783,4.0,0.26486488367363614,0,,0,0,,,0,1,1,Technology & Software
QNCX,2026-08-14,5.0,0.03622047244094488,3.0,0,0,5.0,4.0,5.0,82.30943310497379,5.0,0.02087963068926776,0,,0,0,STRONG SELL,4.6117647058823525,0,4,5,Pharmaceuticals & Biotech
QNRX,2026-08-14,5.0,0.025511811023622048,3.0,0,0,5.0,4.0,4.0,55.03934864442862,5.0,0.09658793838733015,0,,0,0,STRONG SELL,4.6117647058823525,0,4,5,Pharmaceuticals & Biotech
QNST,2026-08-14,3.0,0.43913416333925265,1.0,0,0,1.0,4.0,4.0,68.77090319755406,1.0,0.8673647074429287,0,,0,0,BUY,2.1411764705882352,3,1,5,Services
QNT,2026-08-14,,,,0,0,,,3.0,51.93254728022219,,,0,,0,0,,,0,0,0,Technology & Software
QNTM,2026-08-14,,,4.0,0,0,4.0,,4.0,60.67496519086012,5.0,0.08353808235785772,0,,0,0,STRONG SELL,4.454545454545455,0,3,3,Pharmaceuticals & Biotech
QQQX,2026-08-14,,,1.0,0,0,2.0,,4.0,55.74270381635286,1.0,0.9215268304006483,0,,0,0,STRONG BUY,1.340909090909091,3,0,3,Other
QRED,2026-08-14,5.0,0.021417322834645668,,0,0,,,4.0,65.01135356286491,1.0,1.0,0,,0,0,,,1,1,2,Investment & Holding Companies
QRHC,2026-08-14,1.0,0.8201304092972591,2.0,0,0,4.0,4.0,4.0,67.95224882533627,3.0,0.47741933896067806,1,3.0,0,0,BUY,2.3352941176470594,2,2,5,Utilities
QRVO,2026-08-14,3.0,0.4705550285822764,2.0,0,0,3.0,1.0,4.0,62.3816201939326,2.0,0.6858118398893371,0,,0,0,BUY,2.3058823529411763,3,0,5,Semiconductors & Chips
QS,2026-08-14,1.0,0.9653543307086614,5.0,0,0,5.0,2.0,3.0,52.76330362158094,5.0,0.09627442264537078,0,,0,0,HOLD,3.2470588235294118,2,3,5,Industrial Machinery
QSEA,2026-08-14,,,1.0,0,0,3.0,4.0,4.0,67.38880428361767,1.0,0.9823939582700177,0,,0,0,BUY,2.2711864406779663,2,1,4,Investment & Holding Companies
QSR,2026-08-14,4.0,0.3160186955243805,1.0,0,0,2.0,2.0,4.0,62.29049712728143,1.0,0.8453426567259053,0,,0,0,BUY,2.270588235294118,4,1,5,Retail
QTI,2026-08-14,4.0,0.2956158705467562,5.0,0,0,5.0,2.0,2.0,41.56481276589407,5.0,0.00673491381386718,0,,0,0,SELL,4.1647058823529415,1,4,5,Medical Devices & Instruments
QTRX,2026-08-14,1.0,0.8439255489575248,5.0,0,0,5.0,4.0,2.0,35.783854744082234,5.0,0.030141813391311317,0,,0,0,SELL,3.5999999999999996,1,4,5,Medical Devices & Instruments
QTTB,2026-08-14,4.0,0.4030969095266477,1.0,0,0,1.0,4.0,3.0,50.621833577415536,2.0,0.6840770894105314,0,,0,0,HOLD,2.6823529411764704,3,2,5,Pharmaceuticals & Biotech
QTWO,2026-08-14,5.0,0.23848601130576846,2.0,0,0,3.0,2.0,4.0,67.2284990761954,3.0,0.5371294053081221,0,,0,0,HOLD,3.3294117647058825,2,1,5,Technology & Software
QUAD,2026-08-14,2.0,0.6017069701280228,1.0,0,0,1.0,1.0,4.0,60.92860528212435,1.0,0.8433156288475072,0,,0,0,STRONG BUY,1.3058823529411767,5,0,5,Publishing & Media
QUBT,2026-08-14,4.0,0.37046042746301094,5.0,0,0,4.0,4.0,3.0,53.916596438390684,5.0,0.14746041255657233,0,,0,0,STRONG SELL,4.341176470588236,0,5,5,Technology & Software
QUCY,2026-08-14,4.0,0.2534717296605981,3.0,0,0,2.0,4.0,4.0,56.631370658512466,4.0,0.355885089681423,0,,0,0,SELL,3.5411764705882356,1,3,5,Pharmaceuticals & Biotech
QUIK,2026-08-14,5.0,0.1621186472437645,3.0,0,0,1.0,5.0,2.0,41.51320215170279,3.0,0.4175066526372826,0,,0,0,SELL,3.6117647058823534,1,2,5,Semiconductors & Chips
QUMS,2026-08-14,,,1.0,0,0,3.0,,5.0,86.1333525700456,1.0,1.0,0,,0,0,STRONG BUY,1.6818181818181817,2,0,3,Investment & Holding Companies
QURE,2026-08-14,5.0,0.05511811023622047,1.0,0,0,1.0,3.0,4.0,68.8523357131607,2.0,0.6431124331113076,0,,0,0,HOLD,2.8117647058823527,3,1,5,Pharmaceuticals & Biotech
QVCG,2026-08-14,,,,0,0,,,,,,,0,,0,0,,,0,0,0,
QXL,2026-08-14,3.0,0.5494484866219141,3.0,0,0,2.0,4.0,3.0,45.205310695682,3.0,0.5800344094232216,1,1.0,0,0,HOLD,2.7000000000000006,1,1,5,Technology & Software
QXO,2026-08-14,2.0,0.7184085233034854,5.0,0,0,5.0,4.0,3.0,46.43791737908812,5.0,0.08787219184631286,0,,0,0,SELL,3.905882352941177,1,4,5,Wholesale Trade
R,2026-08-14,3.0,0.541075052919514,3.0,0,0,2.0,1.0,3.0,50.47610068237076,1.0,0.8660655745681798,0,,0,0,BUY,2.0,3,0,5,Services
RA,2026-08-14,,,4.0,0,0,3.0,,4.0,55.59391619486324,1.0,0.9154700166132659,0,,0,0,BUY,2.2954545454545454,1,1,3,Other
RAC,2026-08-14,,,1.0,0,0,3.0,,4.0,66.88678925376303,1.0,0.9687493480755189,0,,0,0,STRONG BUY,1.6818181818181817,2,0,3,Investment & Holding Companies
RACC,2026-08-14,,,,0,0,,,5.0,77.75142283079992,,,0,,0,0,,,0,0,0,Investment & Holding Companies
RACD,2026-08-14,,,,0,0,,,5.0,80.38180674678378,,,0,,0,0,,,0,0,0,Investment & Holding Companies
RACE,2026-08-14,,,1.0,1,0,3.0,,4.0,66.46440197689263,3.0,0.5542480333262022,0,,0,0,HOLD,2.5909090909090917,1,0,3,Automobiles
RADX,2026-08-14,,,5.0,0,0,5.0,,1.0,19.817808861436077,5.0,0.0,0,,0,0,STRONG SELL,5.0,0,3,3,Pharmaceuticals & Biotech
RAIL,2026-08-14,1.0,0.8855541339334705,5.0,0,0,5.0,2.0,2.0,37.064634328691724,5.0,0.0,0,,0,0,HOLD,3.2470588235294118,2,3,5,Transportation Equipment
RAL,2026-08-14,4.0,0.3081035561229467,1.0,0,0,1.0,4.0,4.0,62.01755068986683,1.0,0.962055742429447,0,,0,0,BUY,2.4470588235294115,3,2,5,Medical Devices & Instruments
RAMP,2026-08-14,2.0,0.6439070649596965,1.0,0,0,1.0,2.0,4.0,57.08716511582418,1.0,0.9897370195368066,0,,0,0,STRONG BUY,1.4823529411764707,5,0,5,Technology & Software
RAND,2026-08-14,1.0,0.8966929133858268,5.0,0,0,4.0,4.0,3.0,48.757642731620095,5.0,0.05771757847287074,0,,0,0,HOLD,3.423529411764706,1,4,5,Other
RANG,2026-08-14,,,1.0,0,0,3.0,4.0,5.0,80.28142165204794,1.0,1.0,0,,0,0,BUY,2.2711864406779663,2,1,4,Investment & Holding Companies
RAPP,2026-08-14,5.0,0.22929133858267714,1.0,0,0,1.0,4.0,4.0,63.44183616059557,1.0,0.959514125825109,0,,0,0,HOLD,2.7529411764705882,3,2,5,Pharmaceuticals & Biotech
RARE,2026-08-14,4.0,0.3898989898989899,4.0,0,0,3.0,3.0,3.0,45.573419007361025,3.0,0.442904621154483,0,,0,0,HOLD,3.411764705882353,0,2,5,Pharmaceuticals & Biotech
RAVE,2026-08-14,3.0,0.45802276460886543,3.0,0,0,4.0,1.0,2.0,40.62909513988578,3.0,0.5419846869773788,0,,0,0,HOLD,2.823529411764706,1,1,5,Wholesale Trade
RAY,2026-08-14,1.0,0.9760629921259841,5.0,0,0,5.0,,3.0,48.274140906808476,5.0,0.026340205902652424,0,,0,0,SELL,3.5142857142857147,1,3,4,Industrial Machinery
RAYA,2026-08-14,,,5.0,0,0,5.0,,3.0,46.354119193759146,5.0,0.002271694111930962,0,,0,0,STRONG SELL,5.0,0,3,3,Industrial Machinery
RBA,2026-08-14,4.0,0.3935940822983191,4.0,0,0,4.0,2.0,1.0,22.867273173664614,5.0,0.0,1,1.0,0,0,SELL,3.5823529411764707,1,4,5,Services
RBB,2026-08-14,3.0,0.4974659981792317,1.0,0,0,2.0,1.0,4.0,65.23859368378079,1.0,0.9859786774734522,0,,0,0,BUY,1.7882352941176471,4,0,5,Banks & Financial Services
RBBN,2026-08-14,1.0,0.8392930183406414,5.0,0,0,4.0,2.0,3.0,46.58167205489391,5.0,0.07239812756171886,0,,0,0,HOLD,3.070588235294117,2,3,5,Technology & Software
RBC,2026-08-14,5.0,0.2119229169470076,3.0,0,0,3.0,2.0,2.0,43.31947275731267,2.0,0.6833583456190314,0,,0,0,HOLD,3.2,2,1,5,Industrial Machinery
RBCAA,2026-08-14,,,1.0,0,0,2.0,1.0,4.0,58.594027598217856,1.0,0.9276691508810699,1,1.0,0,0,STRONG BUY,1.0,4,0,4,Banks & Financial Services
RBKB,2026-08-14,1.0,0.770795810035387,1.0,0,0,2.0,2.0,4.0,59.504761454153915,1.0,0.9897851023555799,0,,0,0,STRONG BUY,1.3529411764705885,5,0,5,Banks & Financial Services
RBLX,2026-08-14,5.0,0.1495265607856559,5.0,0,0,5.0,3.0,2.0,38.404926373961686,5.0,0.025372559063223735,0,,0,0,STRONG SELL,4.647058823529412,0,4,5,Technology & Software
RBNE,2026-08-14,1.0,0.9559055118110236,5.0,0,0,5.0,,1.0,29.460689341596947,5.0,0.0010285946591006767,0,,0,0,SELL,3.5142857142857147,1,3,4,Transportation & Logistics
RBRK,2026-08-14,,,1.0,0,0,2.0,2.0,5.0,72.85787791372596,1.0,0.9533290924287902,0,,0,0,STRONG BUY,1.5084745762711866,4,0,4,Technology & Software
RC,2026-08-14,1.0,0.9543307086614172,4.0,0,0,4.0,3.0,4.0,65.42738084641141,5.0,0.15302448489222337,1,1.0,0,0,HOLD,2.841176470588235,1,3,5,Investment & Holding Companies
RCAT,2026-08-14,5.0,0.22085456204262582,3.0,0,0,3.0,3.0,4.0,65.62512892360363,3.0,0.4447415255906629,0,,0,0,SELL,3.611764705882353,0,1,5,Technology & Software
RCBC,2026-08-14,,,1.0,0,0,2.0,,4.0,61.33679704566286,1.0,0.8600854422801476,0,,0,0,STRONG BUY,1.340909090909091,3,0,3,
RCEL,2026-08-14,3.0,0.43232323232323233,1.0,0,0,1.0,4.0,5.0,74.99045611992537,1.0,0.9290061020650144,1,1.0,0,0,BUY,1.8411764705882352,3,1,5,Medical Devices & Instruments
RCG,2026-08-14,,,3.0,0,0,3.0,,2.0,36.338792175914946,4.0,0.3572853090639149,1,2.0,0,0,HOLD,3.154545454545455,0,1,3,Other
RCI,2026-08-14,,,4.0,0,0,3.0,,4.0,66.02380626453319,3.0,0.5693938064345385,0,,0,0,HOLD,3.2045454545454555,0,1,3,Telecom & Media
RCKT,2026-08-14,1.0,0.7675590551181103,3.0,0,0,3.0,5.0,3.0,51.82802325225087,4.0,0.322222233995978,0,,0,0,HOLD,2.9764705882352938,1,2,5,Pharmaceuticals & Biotech
RCKY,2026-08-14,2.0,0.6752567701547132,1.0,0,0,1.0,2.0,4.0,60.843613477941375,1.0,0.8708622060110142,0,,0,0,STRONG BUY,1.4823529411764707,5,0,5,"Rubber, Plastics & Leather"
RCL,2026-08-14,3.0,0.5647226173541963,1.0,0,0,4.0,1.0,3.0,48.25097222496702,3.0,0.5300863227801491,0,,0,0,HOLD,2.6117647058823525,2,1,5,Transportation & Logistics
RCMT,2026-08-14,4.0,0.32472411724102324,1.0,0,0,1.0,1.0,5.0,82.86211390672656,1.0,1.0,0,,0,0,BUY,1.9176470588235293,4,1,5,Services
RCS,2026-08-14,,,5.0,0,0,4.0,,4.0,56.51112677607863,5.0,0.13047019717594074,0,,0,0,STRONG SELL,4.659090909090909,0,3,3,Other
RCUS,2026-08-14,5.0,0.10802514856904438,1.0,0,0,1.0,5.0,4.0,57.40263988103359,1.0,0.9244213332213731,0,,0,0,HOLD,2.929411764705882,3,2,5,Pharmaceuticals & Biotech
RDAC,2026-08-14,,,3.0,0,0,4.0,3.0,3.0,49.48469915458103,5.0,0.09807159506221946,0,,0,0,SELL,3.932203389830508,0,2,4,Investment & Holding Companies
RDAG,2026-08-14,,,1.0,0,0,3.0,,4.0,60.19682780814086,1.0,0.9285731315629093,0,,0,0,STRONG BUY,1.6818181818181817,2,0,3,Investment & Holding Companies
RDCM,2026-08-14,2.0,0.6157480314960629,5.0,0,1,4.0,,2.0,35.189411152768784,5.0,0.07830336181910678,0,,0,0,SELL,3.671428571428572,1,3,4,Computer Hardware
RDDT,2026-08-14,5.0,0.12707444286391656,3.0,0,0,3.0,1.0,4.0,55.29626467007083,4.0,0.3778464555985316,1,1.0,0,0,HOLD,3.1941176470588233,1,2,5,Technology & Software
RDI,2026-08-14,,,1.0,0,0,2.0,3.0,4.0,65.21473176568931,1.0,1.0,0,,0,0,BUY,1.7627118644067798,3,0,4,Hospitality & Leisure
RDN,2026-08-14,2.0,0.6278558319223505,1.0,0,0,3.0,1.0,3.0,47.10803995271041,2.0,0.7124257896332277,0,,0,0,BUY,1.8941176470588237,4,0,5,Insurance
RDNT,2026-08-14,4.0,0.34185095555302564,2.0,0,0,3.0,4.0,5.0,70.48587999523195,2.0,0.7506898564979165,0,,0,0,HOLD,3.1411764705882352,2,2,5,Healthcare Services
RDNW,2026-08-14,,,3.0,0,0,2.0,3.0,3.0,46.86466430531989,2.0,0.6396225932994845,0,,0,0,BUY,2.406779661016949,2,0,4,Technology & Software
RDVT,2026-08-14,5.0,0.16115217818156094,1.0,0,0,1.0,1.0,4.0,56.053050631685345,1.0,0.8993391089704156,0,,0,0,BUY,2.223529411764706,4,1,5,Technology & Software
RDW,2026-08-14,4.0,0.37166880189888357,2.0,0,0,1.0,3.0,4.0,64.63844995866124,3.0,0.4088291801098405,0,,0,0,HOLD,2.8470588235294123,2,1,5,Aerospace & Defense
RDWR,2026-08-14,4.0,0.32755905511811023,2.0,0,0,3.0,,3.0,53.494068802157635,2.0,0.7314725151830623,0,,0,0,HOLD,2.9571428571428573,2,1,4,Services
RDY,2026-08-14,,,5.0,0,0,4.0,,3.0,45.889069198439756,4.0,0.2442293775310327,0,,0,0,SELL,4.204545454545455,0,3,3,Pharmaceuticals & Biotech
RDZN,2026-08-14,3.0,0.5604040404040403,4.0,0,0,2.0,4.0,4.0,62.53907314723715,4.0,0.3785668436197578,1,1.0,0,0,HOLD,3.0411764705882356,1,3,5,Insurance
REA,2026-08-14,4.0,0.33448818897637794,,0,0,,,4.0,65.26662471197072,4.0,0.3272138374638278,0,,0,0,,,0,2,2,Mining & Minerals
REAL,2026-08-14,3.0,0.5713131313131313,3.0,0,0,3.0,3.0,3.0,46.765809774080715,3.0,0.428868098964065,0,,0,0,HOLD,3.0000000000000004,0,0,5,Retail
REAX,2026-08-14,5.0,0.12314960629921258,3.0,0,0,5.0,,5.0,71.10308125253123,4.0,0.21372032840743155,0,,0,0,STRONG SELL,4.457142857142857,0,3,4,Real Estate & REITs
REBN,2026-08-14,2.0,0.6824242424242424,5.0,0,0,5.0,4.0,3.0,46.19375795822257,5.0,0.15707047929188916,0,,0,0,SELL,3.905882352941177,1,4,5,Retail
RECT,2026-08-14,1.0,0.8809448818897638,4.0,0,0,5.0,,3.0,51.378718304154646,5.0,0.04918031718988637,0,,0,0,HOLD,3.3857142857142852,1,3,4,Industrial Machinery
REF,2026-08-14,,,,0,0,,,,,,,0,,0,0,,,0,0,0,Apparel & Textiles
REFI,2026-08-14,2.0,0.6759220856180479,5.0,0,0,4.0,4.0,3.0,45.983700907088846,5.0,0.15329557522389278,0,,0,0,SELL,3.7294117647058824,1,4,5,Investment & Holding Companies
REG,2026-08-14,4.0,0.38125438507651027,3.0,0,0,3.0,2.0,2.0,37.05658764767014,2.0,0.6585921343118177,0,,0,0,HOLD,2.8941176470588235,2,1,5,Investment & Holding Companies
REGN,2026-08-14,3.0,0.568515884305358,2.0,0,0,3.0,3.0,5.0,77.35193138989553,1.0,0.9742790305507677,0,,0,0,BUY,2.423529411764706,2,0,5,Pharmaceuticals & Biotech
REI,2026-08-14,1.0,0.822322267782616,2.0,0,1,2.0,4.0,4.0,62.65886775097119,3.0,0.4649122894158834,0,,0,0,BUY,2.282352941176471,3,1,5,Oil & Gas
RELL,2026-08-14,,,1.0,0,0,1.0,1.0,4.0,56.656663866068655,1.0,0.8866327122291602,0,,0,0,STRONG BUY,1.0,4,0,4,Wholesale Trade
RELX,2026-08-14,,,3.0,0,0,3.0,,3.0,48.86287132517887,4.0,0.3649926551812135,0,,0,0,HOLD,3.454545454545455,0,1,3,Services
RELY,2026-08-14,4.0,0.29975415764103175,1.0,0,0,1.0,3.0,4.0,62.88002796405429,1.0,1.0,0,,0,0,BUY,2.2705882352941176,3,1,5,Services
RENT,2026-08-14,1.0,0.9937176787961437,3.0,0,0,5.0,2.0,3.0,51.28507611504167,5.0,0.08150469469699187,0,,0,0,HOLD,3.0352941176470583,2,2,5,Retail
RENX,2026-08-14,2.0,0.6458230751861115,4.0,0,0,5.0,3.0,3.0,46.049223990454145,5.0,0.015241883090740392,0,,0,0,SELL,3.6235294117647054,1,3,5,Utilities
REPL,2026-08-14,5.0,0.16598425196850394,1.0,0,0,1.0,5.0,4.0,67.50521973091706,1.0,0.9800591204132706,0,,0,0,HOLD,2.929411764705882,3,2,5,Pharmaceuticals & Biotech
REPX,2026-08-14,2.0,0.6855769590928901,1.0,0,0,2.0,2.0,4.0,59.45648205161747,2.0,0.7359589670330806,0,,0,0,BUY,1.8941176470588237,5,0,5,Oil & Gas
RERE,2026-08-14,1.0,0.9839370078740157,3.0,0,0,4.0,,4.0,61.74472737588155,4.0,0.3609462932971786,0,,0,0,HOLD,2.7571428571428576,1,2,4,Retail
RES,2026-08-14,3.0,0.5801001886910018,3.0,0,1,2.0,3.0,4.0,62.87972293707421,3.0,0.5931077701345953,0,,0,0,HOLD,2.823529411764706,1,0,5,Oil & Gas
RETO,2026-08-14,1.0,0.9681889763779528,5.0,0,0,5.0,,1.0,25.781294955099625,5.0,0.003963626886019023,0,,0,0,SELL,3.5142857142857147,1,3,4,Construction & Materials
REVB,2026-08-14,1.0,0.9329133858267717,4.0,0,0,5.0,3.0,3.0,46.51674763270437,5.0,0.009192203728161407,0,,0,0,HOLD,3.317647058823529,1,3,5,Pharmaceuticals & Biotech
REX,2026-08-14,3.0,0.5196354425649685,3.0,0,0,1.0,3.0,3.0,51.71278266450825,2.0,0.7224334738636429,0,,0,0,BUY,2.411764705882353,2,0,5,Chemicals
REXR,2026-08-14,4.0,0.3781645788672327,3.0,0,0,3.0,3.0,3.0,47.461959189730095,3.0,0.41650391590303004,1,3.0,0,0,HOLD,3.005882352941177,0,1,5,Investment & Holding Companies
REYN,2026-08-14,3.0,0.5582491375295976,1.0,0,0,3.0,3.0,4.0,55.35472204486296,1.0,0.8640026597673373,1,1.0,0,0,BUY,2.01764705882353,2,0,5,Paper
REZI,2026-08-14,1.0,0.8212034581410242,4.0,0,0,4.0,4.0,2.0,35.88960229697476,5.0,0.1506776470267784,0,,0,0,HOLD,3.317647058823529,1,4,5,Wholesale Trade
RF,2026-08-14,2.0,0.761498340445709,1.0,0,0,2.0,1.0,4.0,62.13304364141458,1.0,0.9486111211849916,0,,0,0,STRONG BUY,1.4823529411764707,5,0,5,Banks & Financial Services
RFAI,2026-08-14,,,1.0,0,0,3.0,3.0,3.0,54.431316321635336,1.0,0.9433967017247119,0,,0,0,BUY,2.016949152542373,2,0,4,Investment & Holding Companies
RFAM,2026-08-14,5.0,0.014488188976377955,,0,0,,,4.0,56.38591019891198,1.0,0.8125014901175405,0,,0,0,,,1,1,2,Investment & Holding Companies
RFI,2026-08-14,,,1.0,1,0,3.0,,3.0,52.943160196300745,1.0,0.860316625651165,0,,0,0,STRONG BUY,1.6818181818181817,2,0,3,Other
RFIL,2026-08-14,4.0,0.3394297290046378,3.0,0,0,1.0,1.0,3.0,48.83491471347715,3.0,0.5022081772368528,0,,0,0,HOLD,2.6,2,1,5,Semiconductors & Chips
RFL,2026-08-14,,,3.0,0,0,2.0,4.0,3.0,45.21569828770761,4.0,0.3167939089331119,0,,0,0,HOLD,3.338983050847458,1,2,4,Pharmaceuticals & Biotech
RFM,2026-08-14,,,2.0,0,0,3.0,,3.0,52.63275831858868,1.0,0.9102439110041987,0,,0,0,BUY,1.8863636363636362,2,0,3,Other
RFMZ,2026-08-14,,,2.0,0,0,3.0,,4.0,60.3494672426492,1.0,0.907631337731608,0,,0,0,BUY,1.8863636363636362,2,0,3,Other
RGA,2026-08-14,2.0,0.7501212299645451,1.0,0,0,2.0,1.0,4.0,67.63402495409359,1.0,0.9869507698743892,0,,0,0,STRONG BUY,1.4823529411764707,5,0,5,Insurance
RGC,2026-08-14,5.0,0.0025196850393700786,5.0,0,0,5.0,,2.0,37.259605218487536,5.0,0.013929305353454645,0,,0,0,STRONG SELL,5.0,0,4,4,Pharmaceuticals & Biotech
RGCO,2026-08-14,3.0,0.5565869755423897,4.0,0,0,3.0,2.0,2.0,41.654511303713896,4.0,0.22593561589361444,1,3.0,0,0,HOLD,2.864705882352941,1,2,5,Utilities
RGEN,2026-08-14,5.0,0.21936708557098553,1.0,1,0,2.0,2.0,5.0,70.11012609555597,1.0,0.9217467456323938,0,,0,0,HOLD,2.5764705882352943,4,1,5,Pharmaceuticals & Biotech
RGLD,2026-08-14,4.0,0.3006067674613736,3.0,0,0,3.0,3.0,4.0,66.24358789223427,3.0,0.47480266782443886,0,,0,0,HOLD,3.3058823529411767,0,1,5,Investment & Holding Companies
RGNT,2026-08-14,3.0,0.49196850393700786,,0,0,5.0,,2.0,44.56405920761279,5.0,0.08866995811555003,0,,0,0,SELL,4.147540983606558,0,2,3,Medical Devices & Instruments
RGNX,2026-08-14,4.0,0.280623226129872,2.0,0,0,2.0,4.0,3.0,51.88654223627565,3.0,0.4951597794621101,0,,0,0,HOLD,3.2,2,2,5,Pharmaceuticals & Biotech
RGP,2026-08-14,1.0,0.868000082496506,4.0,0,0,3.0,4.0,3.0,47.34119041426471,3.0,0.45184532175584563,0,,0,0,HOLD,2.670588235294118,1,2,5,Services
RGR,2026-08-14,3.0,0.5819353240349966,4.0,0,0,3.0,4.0,3.0,47.608678450310705,3.0,0.4953518364135294,0,,0,0,HOLD,3.282352941176471,0,2,5,Industrial Machinery
RGS,2026-08-14,1.0,0.9367634926527718,1.0,0,0,2.0,3.0,3.0,49.111445721407605,2.0,0.740677874871153,0,,0,0,BUY,1.7647058823529411,4,0,5,Services
RGT,2026-08-14,,,1.0,0,0,3.0,,4.0,64.15456756266241,1.0,0.9381301065583796,0,,0,0,STRONG BUY,1.6818181818181817,2,0,3,Other
RGTI,2026-08-14,5.0,0.06831831881485151,4.0,0,0,3.0,3.0,4.0,60.008380006080195,5.0,0.1362799264160362,0,,0,0,SELL,4.188235294117647,0,3,5,Technology & Software
RH,2026-08-14,4.0,0.33710944370975443,1.0,1,0,4.0,2.0,3.0,53.350608921574214,3.0,0.4988056118103357,0,,0,0,HOLD,3.0941176470588236,2,2,5,Retail
RHI,2026-08-14,3.0,0.5074218715171439,1.0,0,0,1.0,3.0,4.0,62.90714735464189,1.0,0.9749939869737065,0,,0,0,BUY,1.964705882352941,3,0,5,Services
RHLD,2026-08-14,3.0,0.5397979797979798,4.0,0,0,3.0,2.0,3.0,52.04160012475192,3.0,0.4534706441872685,1,2.0,0,0,HOLD,2.6294117647058823,1,1,5,Banks & Financial Services
RHP,2026-08-14,4.0,0.27939815760113257,2.0,0,0,2.0,3.0,3.0,47.99864020756429,1.0,0.8025378240447367,1,1.0,0,0,BUY,2.2529411764705882,3,1,5,Investment & Holding Companies
RIBB,2026-08-14,,,1.0,0,0,3.0,4.0,4.0,64.1895099732433,2.0,0.7874999552965293,0,,0,0,HOLD,2.610169491525424,2,1,4,Investment & Holding Companies
RICK,2026-08-14,2.0,0.7299833397083831,1.0,0,0,3.0,1.0,5.0,73.52675021081721,2.0,0.6034842933463023,0,,0,0,BUY,1.8941176470588237,4,0,5,Retail
RIG,2026-08-14,2.0,0.7482795786656389,3.0,0,1,3.0,3.0,4.0,61.70150905882192,2.0,0.6192469234900311,0,,0,0,BUY,2.4588235294117644,2,0,5,Oil & Gas
RIGL,2026-08-14,2.0,0.5901901903639272,1.0,0,0,2.0,3.0,4.0,62.543003132754,2.0,0.6716301830165393,0,,0,0,BUY,2.070588235294118,4,0,5,Pharmaceuticals & Biotech
RILY,2026-08-14,2.0,0.7307559352841938,3.0,0,0,3.0,4.0,3.0,51.63685607507449,3.0,0.5359194874192584,0,,0,0,HOLD,2.8705882352941177,1,1,5,Investment & Brokerage
RIO,2026-08-14,,,3.0,0,0,2.0,,3.0,48.93962826151241,2.0,0.6931848480957101,0,,0,0,BUY,2.2045454545454546,2,0,3,Mining & Minerals
RIOT,2026-08-14,4.0,0.2839677331985103,3.0,0,0,2.0,4.0,2.0,41.13430723858405,3.0,0.4426842854694319,0,,0,0,HOLD,3.3058823529411767,1,2,5,Banks & Financial Services
RITM,2026-08-14,1.0,0.8036065755471246,2.0,0,0,3.0,4.0,4.0,67.8743903756454,2.0,0.655079771364636,0,,0,0,BUY,2.223529411764706,3,1,5,Investment & Holding Companies
RIV,2026-08-14,,,5.0,0,0,3.0,,2.0,39.839718898699424,2.0,0.6308115311941316,0,,0,0,HOLD,2.9545454545454546,1,1,3,Other
RIVN,2026-08-14,4.0,0.3606910063036687,4.0,0,0,3.0,3.0,2.0,43.10982768597698,4.0,0.3176130055839052,1,1.0,0,0,HOLD,3.3470588235294123,0,3,5,Automobiles
RJET,2026-08-14,1.0,0.8472589567261503,2.0,0,0,2.0,3.0,3.0,52.78399051901582,3.0,0.4428412508057542,0,,0,0,BUY,2.1058823529411765,3,0,5,Airlines
RJF,2026-08-14,3.0,0.4985527232613493,1.0,1,0,3.0,1.0,4.0,67.55090545446728,1.0,0.9910443218902951,0,,0,0,BUY,1.964705882352941,3,0,5,Investment & Brokerage
RKLB,2026-08-14,5.0,0.07974861659997377,3.0,0,0,2.0,3.0,3.0,53.17627264065553,4.0,0.3681264276483481,0,,0,0,SELL,3.6705882352941175,1,2,5,Aerospace & Defense
RKT,2026-08-14,,,4.0,0,0,4.0,,4.0,56.39873410096104,4.0,0.21731287775047753,0,,0,0,SELL,4.0,0,3,3,Banks & Financial Services
RL,2026-08-14,4.0,0.42342342342342343,3.0,0,0,2.0,1.0,3.0,51.002542640164,1.0,0.8142599429434468,0,,0,0,BUY,2.3058823529411763,3,1,5,Apparel & Textiles
RLAY,2026-08-14,5.0,0.15077549970704515,1.0,0,0,1.0,4.0,4.0,58.775155204908714,1.0,0.9487327537427082,0,,0,0,HOLD,2.7529411764705882,3,2,5,Pharmaceuticals & Biotech
RLGT,2026-08-14,2.0,0.6732635027760272,3.0,0,0,2.0,3.0,3.0,50.30718633604801,2.0,0.7619048460030321,0,,0,0,BUY,2.2823529411764705,3,0,5,Transportation & Logistics
RLI,2026-08-14,3.0,0.4465227379158379,1.0,1,0,3.0,2.0,4.0,57.77899949815376,1.0,0.9055376053794176,0,,0,0,BUY,2.1411764705882352,3,0,5,Insurance
RLJ,2026-08-14,2.0,0.6720507849443509,2.0,0,0,1.0,2.0,2.0,36.5511492159873,2.0,0.760373383525162,0,,0,0,BUY,1.823529411764706,5,0,5,Investment & Holding Companies
RLMD,2026-08-14,3.0,0.45070866141732285,4.0,0,0,1.0,3.0,2.0,37.129412686707134,3.0,0.5781056275149433,0,,0,0,HOLD,2.7529411764705882,1,1,5,Pharmaceuticals & Biotech
RLTY,2026-08-14,,,2.0,0,0,3.0,,3.0,51.053657968618246,1.0,0.8437199240339083,0,,0,0,BUY,1.8863636363636362,2,0,3,Other
RLYB,2026-08-14,3.0,0.45090230227281264,1.0,0,0,1.0,3.0,4.0,66.99556863240329,1.0,1.0,0,,0,0,BUY,1.964705882352941,3,0,5,Pharmaceuticals & Biotech
RM,2026-08-14,1.0,0.8595832234517617,4.0,0,0,4.0,3.0,2.0,39.70372207128835,4.0,0.20992173006873896,0,,0,0,HOLD,2.905882352941177,1,3,5,Banks & Financial Services
RMAX,2026-08-14,3.0,0.5272641062114747,1.0,0,0,1.0,1.0,5.0,72.73726452502456,1.0,1.0,0,,0,0,STRONG BUY,1.6117647058823528,4,0,5,Real Estate & REITs
RMBI,2026-08-14,2.0,0.7406770844075615,1.0,0,0,2.0,1.0,4.0,59.153458708104345,1.0,0.9264770881690116,1,1.0,0,0,STRONG BUY,1.1823529411764706,5,0,5,Banks & Financial Services
RMBS,2026-08-14,5.0,0.16363862374769952,4.0,0,0,3.0,2.0,3.0,48.669596393072446,4.0,0.30867495675127726,0,,0,0,SELL,3.7764705882352936,1,3,5,Semiconductors & Chips
RMCF,2026-08-14,2.0,0.6339487831500965,4.0,0,0,5.0,4.0,3.0,54.9830133575859,4.0,0.2455357120286826,0,,0,0,SELL,3.5647058823529414,1,4,5,Food & Beverage
RMCO,2026-08-14,4.0,0.2934481207038098,2.0,0,0,3.0,4.0,4.0,66.54554945116169,3.0,0.4932272197889024,0,,0,0,HOLD,3.376470588235294,1,2,5,Investment & Holding Companies
RMD,2026-08-14,4.0,0.2932156384550293,3.0,0,0,4.0,1.0,4.0,60.90703314714212,4.0,0.3831819282163384,0,,0,0,HOLD,3.364705882352941,1,3,5,Medical Devices & Instruments
RMI,2026-08-14,,,1.0,0,0,3.0,,4.0,56.63151516791905,1.0,0.9430924338521134,0,,0,0,STRONG BUY,1.6818181818181817,2,0,3,Other
RMIX,2026-08-14,,,,0,0,,,3.0,48.00766731099396,3.0,0.5554779572123002,0,,0,0,,,0,0,1,Construction & Materials
RMM,2026-08-14,,,3.0,0,0,3.0,,3.0,49.54044346622288,1.0,0.8213801056991286,0,,0,0,BUY,2.090909090909091,1,0,3,Other
RMMZ,2026-08-14,,,4.0,0,0,3.0,,3.0,48.025536815995565,1.0,0.8664048853579993,0,,0,0,BUY,2.2954545454545454,1,1,3,Other
RMNI,2026-08-14,2.0,0.744886740277155,1.0,0,0,2.0,2.0,4.0,59.082590314118455,1.0,0.971153646663464,0,,0,0,STRONG BUY,1.6588235294117648,5,0,5,Services
RMR,2026-08-14,2.0,0.632406252759695,2.0,0,0,2.0,3.0,4.0,59.11358556534703,1.0,0.9180046601119476,0,,0,0,BUY,1.9411764705882353,4,0,5,Business & Research Services
RMT,2026-08-14,,,2.0,0,0,2.0,,4.0,64.63418415061273,1.0,0.9877342533520626,1,1.0,0,0,STRONG BUY,1.2454545454545454,3,0,3,Other
RMTI,2026-08-14,1.0,0.8305511811023623,3.0,0,0,5.0,4.0,4.0,58.28706937277331,5.0,0.16933637902933335,0,,0,0,HOLD,3.388235294117647,1,3,5,Pharmaceuticals & Biotech
RNA,2026-08-14,1.0,0.8015748031496063,,0,0,,,4.0,62.179118005911064,4.0,0.30970142880323853,0,,0,0,,,1,1,2,Pharmaceuticals & Biotech
RNAC,2026-08-14,5.0,0.02585858585858586,2.0,0,0,3.0,5.0,4.0,57.07944080170684,3.0,0.5366726150465577,0,,0,0,SELL,3.858823529411765,1,2,5,Pharmaceuticals & Biotech
RNAZ,2026-08-14,3.0,0.4614173228346456,5.0,0,0,5.0,2.0,1.0,28.493464577624195,5.0,0.0,0,,0,0,SELL,3.858823529411765,1,3,5,Pharmaceuticals & Biotech
RNG,2026-08-14,5.0,0.05547652916073968,1.0,0,0,1.0,1.0,4.0,69.26773271269745,1.0,0.9236524795965307,0,,0,0,BUY,2.223529411764706,4,1,5,Technology & Software
RNGR,2026-08-14,4.0,0.3229018492176387,1.0,0,0,2.0,4.0,4.0,67.09477820765972,1.0,0.8525680214394794,0,,0,0,HOLD,2.623529411764706,3,2,5,Oil & Gas
RNGT,2026-08-14,,,,0,0,3.0,,4.0,65.85316438774657,1.0,0.9545444693459103,0,,0,0,,,1,0,2,Investment & Holding Companies
RNR,2026-08-14,2.0,0.7652105146402641,1.0,0,0,2.0,1.0,3.0,54.55095725179172,1.0,0.8946665088951101,0,,0,0,STRONG BUY,1.4823529411764707,5,0,5,Insurance
RNST,2026-08-14,2.0,0.7126829098696928,1.0,0,0,3.0,2.0,3.0,53.405757310109884,1.0,0.9348261925724772,0,,0,0,BUY,1.835294117647059,4,0,5,Banks & Financial Services
RNW,2026-08-14,,,1.0,0,0,3.0,,4.0,66.57706714010118,2.0,0.626016315844564,0,,0,0,BUY,2.1363636363636367,2,0,3,Utilities
RNXT,2026-08-14,5.0,0.15866056902885256,1.0,1,0,2.0,4.0,5.0,78.65108318707539,1.0,1.0,1,3.0,0,0,HOLD,2.6294117647058823,3,2,5,Pharmaceuticals & Biotech
ROAD,2026-08-14,3.0,0.5547470861445225,3.0,0,0,4.0,3.0,4.0,62.51873796051987,3.0,0.596976894642709,0,,0,0,HOLD,3.176470588235294,0,1,5,Construction & Materials
ROC,2026-08-14,4.0,0.30546250707438705,,0,0,,4.0,2.0,43.63413816830607,5.0,0.032573412338153016,0,,0,0,STRONG SELL,4.327868852459017,0,3,3,Technology & Software
ROCK,2026-08-14,2.0,0.6009203703277249,2.0,0,0,4.0,4.0,3.0,53.94964262257781,4.0,0.34494604112872357,1,2.0,0,0,HOLD,2.8764705882352946,2,3,5,Metals
ROG,2026-08-14,3.0,0.4789102303829923,2.0,0,0,1.0,3.0,4.0,58.5865902254064,2.0,0.7402235261919475,0,,0,0,BUY,2.3058823529411763,3,0,5,Chemicals
ROIV,2026-08-14,5.0,0.11232717653380175,1.0,0,0,1.0,5.0,4.0,59.30441952629194,1.0,0.9757647761068712,0,,0,0,HOLD,2.929411764705882,3,2,5,Pharmaceuticals & Biotech
ROK,2026-08-14,5.0,0.17718592567732794,3.0,0,0,2.0,2.0,3.0,46.39532605599255,2.0,0.7225005363516748,0,,0,0,HOLD,3.023529411764706,3,1,5,Medical Devices & Instruments
ROKU,2026-08-14,5.0,0.20870119180052454,1.0,0,0,1.0,2.0,5.0,78.0974494212781,1.0,1.0,0,,0,0,BUY,2.4,4,1,5,Telecom & Media
ROL,2026-08-14,5.0,0.22881898294293265,5.0,0,0,5.0,3.0,1.0,26.7193822008482,5.0,0.0,0,,0,0,STRONG SELL,4.647058823529412,0,4,5,Services
ROLR,2026-08-14,3.0,0.5039880650763661,3.0,0,0,1.0,4.0,2.0,41.137022558076225,5.0,0.19356280920842042,1,1.0,0,0,HOLD,2.9941176470588236,1,2,5,Hospitality & Leisure
ROMA,2026-08-14,5.0,0.17039370078740157,1.0,0,0,1.0,,3.0,51.60886341993458,1.0,0.8672566612079187,0,,0,0,BUY,2.4857142857142858,3,1,4,Business & Research Services
ROOT,2026-08-14,4.0,0.42434034081522376,5.0,0,0,5.0,1.0,2.0,43.482237344197486,5.0,0.13809287634192066,0,,0,0,SELL,3.9882352941176467,1,4,5,Insurance
ROP,2026-08-14,4.0,0.4202435096665208,2.0,0,0,3.0,2.0,4.0,62.707608707499354,4.0,0.3849131778096341,0,,0,0,HOLD,3.2588235294117647,2,2,5,Medical Devices & Instruments
ROST,2026-08-14,5.0,0.2495957323781198,1.0,0,0,1.0,2.0,3.0,53.70482314979711,1.0,0.9114613988452918,0,,0,0,BUY,2.4,4,1,5,Retail
RPAY,2026-08-14,,,2.0,0,0,3.0,3.0,2.0,42.17678377605762,4.0,0.3539325872796185,0,,0,0,HOLD,3.1864406779661016,1,1,4,Services
RPC,2026-08-14,1.0,0.881877049778659,3.0,0,0,4.0,3.0,3.0,51.37869551126851,4.0,0.31656201429589603,1,3.0,0,0,HOLD,2.5000000000000004,1,2,5,Investment & Brokerage
RPD,2026-08-14,3.0,0.46191335832204516,2.0,0,0,3.0,3.0,4.0,62.804468559826546,3.0,0.48446071573465677,0,,0,0,HOLD,2.894117647058824,1,0,5,Technology & Software
RPGL,2026-08-14,,,5.0,0,0,5.0,,2.0,41.6771661933418,5.0,6.779952945458904e-05,1,1.0,0,0,STRONG SELL,4.700000000000001,0,3,3,Technology & Software
RPID,2026-08-14,,,4.0,0,0,5.0,4.0,2.0,32.529558795681666,5.0,0.006622510543805567,0,,0,0,STRONG SELL,4.593220338983051,0,4,4,Medical Devices & Instruments
RPM,2026-08-14,3.0,0.43578115167453363,1.0,1,0,4.0,3.0,4.0,56.19256884080333,2.0,0.6449710747508977,0,,0,0,HOLD,2.729411764705883,2,1,5,Chemicals
RPRX,2026-08-14,4.0,0.310099573257468,1.0,0,0,1.0,3.0,4.0,55.476924456604515,1.0,0.9464759059756733,0,,0,0,BUY,2.2705882352941176,3,1,5,Pharmaceuticals & Biotech
RPT,2026-08-14,1.0,0.9404724409448819,4.0,0,0,4.0,3.0,4.0,59.71328942098368,3.0,0.45061833236614807,0,,0,0,HOLD,2.670588235294118,1,2,5,Investment & Holding Companies
RQI,2026-08-14,,,3.0,0,0,3.0,,3.0,52.29204441548891,2.0,0.6826130112357368,0,,0,0,HOLD,2.545454545454546,1,0,3,Other
RR,2026-08-14,,,5.0,0,0,5.0,3.0,4.0,55.924014902030315,5.0,0.0788090954225699,0,,0,0,STRONG SELL,4.491525423728814,0,3,4,Industrial Machinery
RRBI,2026-08-14,2.0,0.5893522553768097,1.0,0,0,2.0,1.0,4.0,61.840315231260654,1.0,0.9826837170964972,1,1.0,0,0,STRONG BUY,1.1823529411764706,5,0,5,Banks & Financial Services
RRC,2026-08-14,3.0,0.5214043496017415,2.0,0,0,3.0,1.0,4.0,58.26675291416298,3.0,0.5216478071560692,0,,0,0,HOLD,2.5411764705882356,2,0,5,Oil & Gas
RREV,2026-08-14,,,,0,0,,,4.0,64.60464709111058,,,0,,0,0,,,0,0,0,Investment & Holding Companies
RRGB,2026-08-14,1.0,0.9583838383838383,1.0,0,0,1.0,3.0,5.0,80.05128531681346,1.0,1.0,0,,0,0,STRONG BUY,1.3529411764705885,4,0,5,Retail
RRR,2026-08-14,3.0,0.541488857278331,1.0,0,0,3.0,1.0,3.0,51.13754899468324,2.0,0.7808921459414204,0,,0,0,BUY,2.2,3,0,5,Hospitality & Leisure
RRX,2026-08-14,3.0,0.5338125692321,4.0,0,0,4.0,2.0,2.0,37.35495829808273,3.0,0.4311004665782304,0,,0,0,HOLD,3.105882352941176,1,2,5,Industrial Machinery
RS,2026-08-14,3.0,0.48667963025687566,1.0,0,0,2.0,3.0,4.0,64.66866659017387,1.0,0.9958034104897666,0,,0,0,BUY,2.1411764705882352,3,0,5,Wholesale Trade
RSF,2026-08-14,,,4.0,0,0,3.0,,3.0,53.930425661816045,1.0,0.9570363956325502,0,,0,0,BUY,2.2954545454545454,1,1,3,Other
RSG,2026-08-14,4.0,0.2800265663456657,2.0,0,0,4.0,3.0,3.0,51.22576790891656,3.0,0.48408504916068357,0,,0,0,HOLD,3.376470588235295,1,2,5,Utilities
RSI,2026-08-14,5.0,0.1739757618379081,3.0,0,0,1.0,1.0,2.0,38.28997761217112,3.0,0.5201287987578789,0,,0,0,HOLD,2.905882352941177,2,1,5,Hospitality & Leisure
RSKD,2026-08-14,,,1.0,0,0,2.0,,5.0,81.47377305510571,1.0,1.0,0,,0,0,STRONG BUY,1.340909090909091,3,0,3,Services
RSSS,2026-08-14,4.0,0.41767616105306143,4.0,0,0,4.0,3.0,4.0,62.00970929058245,5.0,0.10869566907503965,0,,0,0,SELL,4.0588235294117645,0,4,5,Services
RSVR,2026-08-14,3.0,0.4373453270316647,2.0,0,0,2.0,3.0,2.0,42.620271258626076,2.0,0.7061855232998208,0,,0,0,BUY,2.482352941176471,3,0,5,Hospitality & Leisure
RTAC,2026-08-14,,,5.0,0,0,4.0,4.0,2.0,40.52527906527907,5.0,0.12500049670545207,0,,0,0,STRONG SELL,4.491525423728814,0,4,4,Investment & Holding Companies
RTB,2026-08-14,3.0,0.5721212121212121,1.0,0,0,1.0,3.0,4.0,57.71893484710453,1.0,0.8813558566091767,0,,0,0,BUY,1.964705882352941,3,0,5,Business & Research Services
RTO,2026-08-14,,,5.0,0,0,4.0,,2.0,30.46583997989478,5.0,0.043010712257996596,0,,0,0,STRONG SELL,4.659090909090909,0,3,3,Business & Research Services
RTX,2026-08-14,5.0,0.2024656235182551,1.0,0,0,2.0,1.0,5.0,70.49527064000375,1.0,0.994438445227683,0,,0,0,BUY,2.4,4,1,5,Aerospace & Defense
RUBI,2026-08-14,1.0,0.9848818897637795,5.0,0,0,5.0,,1.0,19.51716101705314,5.0,0.0,0,,0,0,SELL,3.5142857142857147,1,3,4,Transportation & Logistics
RUM,2026-08-14,,,2.0,0,0,3.0,3.0,4.0,65.23449917561881,3.0,0.549212599164296,0,,0,0,HOLD,2.847457627118644,1,0,4,Technology & Software
RUN,2026-08-14,1.0,0.8459620246912105,5.0,0,0,4.0,3.0,2.0,44.440201645684,5.0,0.06733162792367973,1,1.0,0,0,HOLD,2.947058823529412,1,3,5,Industrial Machinery
RUSHA,2026-08-14,3.0,0.43195827406353715,1.0,0,0,1.0,3.0,4.0,64.10746826115016,1.0,0.9897921870732923,0,,0,0,BUY,1.964705882352941,3,0,5,Retail
RUSHB,2026-08-14,3.0,0.4466571834992888,1.0,0,0,1.0,3.0,4.0,63.787692592682404,1.0,0.9843696152512635,0,,0,0,BUY,1.964705882352941,3,0,5,Retail
RVI,2026-08-14,,,,0,0,,,3.0,49.17105274876147,5.0,0.14342628717991027,1,1.0,0,0,,,0,1,1,Other
RVII,2026-08-14,,,,0,0,,,,,,,0,,0,0,,,0,0,0,Other
RVLV,2026-08-14,4.0,0.3930772878141299,3.0,0,0,3.0,3.0,2.0,44.934958387501815,3.0,0.4433285558402288,0,,0,0,HOLD,3.3058823529411767,0,1,5,Retail
RVMD,2026-08-14,5.0,0.06866141732283465,1.0,0,0,1.0,5.0,4.0,63.1359579743848,1.0,0.9809690925349783,0,,0,0,HOLD,2.929411764705882,3,2,5,Pharmaceuticals & Biotech
RVSB,2026-08-14,1.0,0.8585826771653543,4.0,0,0,4.0,3.0,2.0,42.71163188036208,4.0,0.3789669964538005,1,2.0,0,0,HOLD,2.605882352941177,1,3,5,Banks & Financial Services
RVSN,2026-08-14,1.0,0.9118110236220472,4.0,0,0,5.0,,4.0,65.86546387854023,5.0,0.001785100266065824,0,,0,0,HOLD,3.3857142857142852,1,3,4,Transportation Equipment
RVT,2026-08-14,,,1.0,0,0,2.0,,4.0,66.89062534424993,1.0,1.0,1,1.0,0,0,STRONG BUY,1.040909090909091,3,0,3,Other
RVTY,2026-08-14,4.0,0.42037337930983854,1.0,0,0,2.0,2.0,4.0,59.49413145695956,1.0,0.9708450850928271,0,,0,0,BUY,2.270588235294118,4,1,5,Medical Devices & Instruments
RWAY,2026-08-14,1.0,0.9041711086492528,3.0,0,0,4.0,1.0,5.0,72.7761156816566,4.0,0.3839077899291905,0,,0,0,BUY,2.447058823529412,2,2,5,Other
RWT,2026-08-14,1.0,0.8815748031496063,5.0,0,0,4.0,4.0,3.0,51.41887090032934,5.0,0.18884616266212892,0,,0,0,HOLD,3.423529411764706,1,4,5,Investment & Holding Companies
RXO,2026-08-14,2.0,0.6134369936380819,3.0,0,0,1.0,2.0,3.0,49.342815217773115,2.0,0.6928799748659688,1,1.0,0,0,STRONG BUY,1.6294117647058826,4,0,5,Transportation & Logistics
RXRX,2026-08-14,4.0,0.35350674570057605,5.0,0,0,4.0,4.0,3.0,47.29677256497742,5.0,0.08101270070845325,0,,0,0,STRONG SELL,4.341176470588236,0,5,5,Pharmaceuticals & Biotech
RXST,2026-08-14,2.0,0.6587562121289449,3.0,0,0,4.0,4.0,4.0,67.19683840868122,4.0,0.2705882016350241,0,,0,0,HOLD,3.282352941176471,1,3,5,Medical Devices & Instruments
RXT,2026-08-14,1.0,0.8901010101010101,3.0,0,0,1.0,3.0,2.0,44.22572249971835,3.0,0.5337733354615564,0,,0,0,BUY,2.0352941176470587,2,0,5,Technology & Software
RY,2026-08-14,,,1.0,0,0,1.0,,4.0,64.98249842112503,1.0,0.9998959245929072,0,,0,0,STRONG BUY,1.0,3,0,3,Banks & Financial Services
RYAAY,2026-08-14,,,5.0,0,0,4.0,,2.0,44.12090766057313,4.0,0.27719318695033046,0,,0,0,SELL,4.204545454545455,0,3,3,Airlines
RYAM,2026-08-14,2.0,0.6283058670984415,1.0,0,0,2.0,3.0,3.0,48.229173297096466,3.0,0.5102941426026361,0,,0,0,BUY,2.3058823529411767,3,0,5,Paper
RYAN,2026-08-14,,,3.0,0,0,4.0,2.0,3.0,48.85864419205296,3.0,0.41851097925969893,1,1.0,0,0,HOLD,2.7000000000000006,1,1,4,Insurance
RYET,2026-08-14,5.0,0.19055118110236222,3.0,0,0,4.0,,3.0,49.64873628811214,4.0,0.3295454129822981,0,,0,0,SELL,4.242857142857144,0,3,4,Technology & Software
RYM,2026-08-14,2.0,0.626727636908746,4.0,0,0,3.0,3.0,3.0,45.87848277038235,5.0,0.1761704377445293,0,,0,0,HOLD,3.2705882352941176,1,2,5,Agriculture
RYN,2026-08-14,3.0,0.5268983742496073,3.0,0,0,4.0,3.0,3.0,49.80650561306159,3.0,0.44457379353163834,0,,0,0,HOLD,3.176470588235294,0,1,5,Investment & Holding Companies
RYOJ,2026-08-14,5.0,0.1395275590551181,1.0,0,0,1.0,,3.0,52.82971198179895,4.0,0.3861576631783188,0,,0,0,HOLD,3.342857142857143,2,2,4,Business & Research Services
RYTM,2026-08-14,5.0,0.05218484538040553,1.0,1,0,2.0,3.0,4.0,60.3814637999225,1.0,0.9488038460906657,0,,0,0,HOLD,2.7529411764705882,3,1,5,Pharmaceuticals & Biotech
RYZ,2026-08-14,,,1.0,0,0,2.0,3.0,3.0,54.35405498443196,1.0,0.8176007862181446,0,,0,0,BUY,1.7627118644067798,3,0,4,Wholesale Trade
RZLT,2026-08-14,4.0,0.3146456692913386,2.0,1,0,3.0,4.0,3.0,45.98343339111125,4.0,0.3354297758101774,1,1.0,0,0,HOLD,3.3117647058823536,1,3,5,Pharmaceuticals & Biotech
RZLV,2026-08-14,,,4.0,0,0,3.0,,4.0,55.44265416719726,5.0,0.09335727278579754,0,,0,0,SELL,4.113636363636364,0,2,3,Technology & Software
S,2026-08-14,,,1.0,0,0,1.0,3.0,5.0,71.17445843798879,1.0,0.9386555036021239,0,,0,0,STRONG BUY,1.5084745762711864,3,0,4,Technology & Software
SA,2026-08-14,,,2.0,0,0,2.0,,5.0,70.965887604243,2.0,0.7482729475432137,0,,0,0,BUY,2.0,3,0,3,Mining & Minerals
SAAQ,2026-08-14,,,,0,0,,,2.0,42.76649639388798,4.0,0.324324115337923,0,,0,0,,,0,1,1,Investment & Holding Companies
SABA,2026-08-14,,,4.0,0,0,3.0,,3.0,46.25985581037846,2.0,0.626656915117262,0,,0,0,HOLD,2.7500000000000004,1,1,3,Other
SABR,2026-08-14,1.0,0.9338287660104367,1.0,0,0,2.0,3.0,4.0,63.68668603599037,1.0,0.9929676578572649,1,2.0,0,0,STRONG BUY,1.2294117647058824,4,0,5,Technology & Software
SABS,2026-08-14,2.0,0.6362204724409449,4.0,0,0,3.0,4.0,3.0,49.32303990417006,2.0,0.6628787615383525,0,,0,0,HOLD,2.7411764705882353,2,2,5,Pharmaceuticals & Biotech
SAC,2026-08-14,,,,0,0,3.0,,3.0,53.289572921496365,3.0,0.5483882876286751,0,,0,0,,,0,0,2,Investment & Holding Companies
SAFE,2026-08-14,2.0,0.742642041879746,2.0,0,0,3.0,3.0,2.0,40.00309892882809,2.0,0.606004997771962,0,,0,0,BUY,2.3529411764705883,3,0,5,Investment & Holding Companies
SAFT,2026-08-14,2.0,0.6984352773826458,1.0,1,0,2.0,1.0,5.0,83.82662480805853,1.0,0.9940531212680366,0,,0,0,STRONG BUY,1.4823529411764707,5,0,5,Insurance
SAGU,2026-08-14,,,,0,0,,,4.0,58.311506500289,,,0,,0,0,,,0,0,0,Investment & Holding Companies
SAH,2026-08-14,3.0,0.46420104314841154,2.0,0,0,2.0,3.0,2.0,39.02517548663882,3.0,0.42154146324419384,1,1.0,0,0,BUY,2.4176470588235297,2,0,5,Retail
SAIA,2026-08-14,4.0,0.36070458219004187,3.0,0,0,3.0,3.0,3.0,47.32131599382089,3.0,0.5655370611688092,0,,0,0,HOLD,3.3058823529411767,0,1,5,Transportation & Logistics
SAIC,2026-08-14,3.0,0.5553637053734284,1.0,0,0,2.0,3.0,4.0,68.15124818361352,1.0,1.0,0,,0,0,BUY,2.1411764705882352,3,0,5,Technology & Software
SAIH,2026-08-14,,,1.0,0,0,1.0,,4.0,61.246377416816244,1.0,0.8481984807511711,0,,0,0,STRONG BUY,1.0,3,0,3,Banks & Financial Services
SAIL,2026-08-14,4.0,0.4139989002078481,2.0,0,0,3.0,2.0,4.0,68.62705723228795,2.0,0.6879757485109906,0,,0,0,HOLD,2.7882352941176474,3,1,5,Technology & Software
SAM,2026-08-14,3.0,0.5860597439544808,3.0,0,0,4.0,1.0,3.0,54.63986563584706,4.0,0.24946959627646642,0,,0,0,HOLD,3.058823529411765,1,2,5,Food & Beverage
SAMG,2026-08-14,2.0,0.6078710289236605,5.0,0,0,5.0,1.0,3.0,48.60664732881244,5.0,0.06960067033801687,0,,0,0,HOLD,3.376470588235294,2,3,5,Investment & Brokerage
SAN,2026-08-14,,,1.0,0,0,2.0,,4.0,63.950423637167084,1.0,0.9892167128096653,0,,0,0,STRONG BUY,1.340909090909091,3,0,3,Banks & Financial Services
SANA,2026-08-14,5.0,0.18047244094488188,3.0,0,0,4.0,5.0,3.0,53.9027453914083,4.0,0.2685184824068797,0,,0,0,STRONG SELL,4.376470588235295,0,4,5,Pharmaceuticals & Biotech
SANG,2026-08-14,,,3.0,0,0,4.0,,3.0,54.69905924636355,4.0,0.24606873225737996,0,,0,0,SELL,3.795454545454546,0,2,3,Technology & Software
SANM,2026-08-14,4.0,0.3906597669394723,3.0,0,0,1.0,2.0,3.0,52.41642040163603,3.0,0.5847726611439094,0,,0,0,HOLD,2.776470588235294,2,1,5,Semiconductors & Chips
SAP,2026-08-14,,,2.0,0,0,4.0,,5.0,70.4947974897205,3.0,0.4763788727686791,0,,0,0,HOLD,3.136363636363637,1,1,3,Technology & Software
SAR,2026-08-14,1.0,0.8573820274085322,5.0,0,0,4.0,3.0,2.0,42.85189136757994,4.0,0.29869097548192,0,,0,0,HOLD,3.011764705882354,1,3,5,Other
SARO,2026-08-14,3.0,0.4637711848135425,3.0,1,0,4.0,1.0,3.0,46.26315160464494,3.0,0.41016946741644517,1,1.0,0,0,HOLD,2.5235294117647062,1,1,5,Aerospace & Defense
SATL,2026-08-14,5.0,0.09422044879288108,2.0,0,0,1.0,4.0,4.0,63.79794664907452,3.0,0.4783527254668158,1,1.0,0,0,HOLD,3.029411764705883,2,2,5,Industrial Machinery
SB,2026-08-14,1.0,0.7955905511811023,1.0,0,0,1.0,,4.0,59.7991826740939,1.0,0.9485880624479206,0,,0,0,STRONG BUY,1.0,4,0,4,Transportation & Logistics
SBAC,2026-08-14,5.0,0.20190142606643433,5.0,0,0,4.0,2.0,3.0,52.349592811127316,4.0,0.3612514794340978,0,,0,0,SELL,4.058823529411765,1,4,5,Investment & Holding Companies
SBC,2026-08-14,2.0,0.6460925607150467,2.0,0,0,4.0,3.0,5.0,72.23195492907865,4.0,0.37264162401747924,0,,0,0,HOLD,3.0000000000000004,2,2,5,Healthcare Services
SBCF,2026-08-14,2.0,0.6361623680209922,1.0,0,0,2.0,2.0,5.0,70.53503031808216,1.0,1.0,1,1.0,0,0,STRONG BUY,1.3588235294117648,5,0,5,Banks & Financial Services
SBET,2026-08-14,3.0,0.46449356400775305,3.0,0,0,5.0,4.0,3.0,53.78865918111985,5.0,0.0898045589814194,0,,0,0,SELL,4.000000000000001,0,3,5,Banks & Financial Services
SBFG,2026-08-14,1.0,0.9350312535337788,1.0,0,0,2.0,1.0,4.0,57.74138283297471,1.0,0.9498925992369966,1,1.0,0,0,STRONG BUY,1.0,5,0,5,Banks & Financial Services
SBFM,2026-08-14,1.0,0.9555950282690746,5.0,0,0,5.0,3.0,1.0,27.453869300753936,5.0,0.0,0,,0,0,HOLD,3.423529411764706,1,3,5,Pharmaceuticals & Biotech
SBGI,2026-08-14,,,3.0,0,0,3.0,4.0,4.0,59.221076315889334,2.0,0.6126649121444087,1,1.0,0,0,HOLD,2.615254237288136,1,1,4,Telecom & Media
SBH,2026-08-14,2.0,0.7391835023477955,2.0,0,0,3.0,1.0,4.0,60.45904235339742,1.0,0.8880309093560231,0,,0,0,BUY,1.764705882352941,4,0,5,Retail
SBI,2026-08-14,,,5.0,0,0,3.0,,3.0,51.17252670447261,1.0,0.802426396691764,0,,0,0,BUY,2.5,1,1,3,Other
SBLK,2026-08-14,,,1.0,0,0,2.0,,4.0,59.76024477921128,1.0,0.9923159313142836,0,,0,0,STRONG BUY,1.340909090909091,3,0,3,Transportation & Logistics
SBMT,2026-08-14,4.0,0.29196850393700785,,0,0,,,4.0,63.96367579699671,3.0,0.40217390064931746,0,,0,0,,,0,1,2,Mining & Minerals
SBR,2026-08-14,,,4.0,0,0,3.0,,3.0,50.894068144938,2.0,0.6340487876731425,0,,0,0,HOLD,2.7500000000000004,1,1,3,Investment & Holding Companies
SBRA,2026-08-14,4.0,0.363387777010315,1.0,0,0,3.0,2.0,3.0,47.86717911569517,2.0,0.6506125602620544,0,,0,0,HOLD,2.6823529411764704,3,1,5,Investment & Holding Companies
SBS,2026-08-14,,,5.0,0,1,4.0,,1.0,23.14087644193684,5.0,0.1479503934634953,0,,0,0,STRONG SELL,4.659090909090909,0,3,3,Utilities
SBSI,2026-08-14,2.0,0.7373162636320532,3.0,0,0,3.0,3.0,3.0,48.61638331887414,2.0,0.7394974260864953,0,,0,0,BUY,2.4588235294117644,2,0,5,Banks & Financial Services
SBSW,2026-08-14,,,3.0,0,0,4.0,,4.0,67.68592757496356,4.0,0.275275178673233,1,4.0,0,0,HOLD,3.495454545454546,0,2,3,Mining & Minerals
SBUX,2026-08-14,4.0,0.36186170485408065,1.0,0,0,2.0,3.0,4.0,60.01492960979711,1.0,0.9783597249884246,0,,0,0,BUY,2.447058823529412,3,1,5,Retail
SBXD,2026-08-14,,,2.0,0,0,3.0,4.0,3.0,45.46148490852837,2.0,0.7755092905257462,0,,0,0,HOLD,2.7627118644067794,2,1,4,Investment & Holding Companies
SBXE,2026-08-14,,,,0,0,3.0,,2.0,37.84402193017698,2.0,0.6296288447138275,0,,0,0,,,1,0,2,Investment & Holding Companies
SCCO,2026-08-14,4.0,0.27880512091038406,1.0,0,0,2.0,,3.0,49.872165065758736,2.0,0.7801033908358942,0,,0,0,HOLD,2.6142857142857148,3,1,4,Mining & Minerals
SCD,2026-08-14,,,1.0,0,0,3.0,,4.0,68.40571712153597,1.0,1.0,0,,0,0,STRONG BUY,1.6818181818181817,2,0,3,Other
SCHL,2026-08-14,2.0,0.7634819576781595,3.0,0,0,2.0,1.0,2.0,44.33623242738381,2.0,0.7488619308053281,0,,0,0,BUY,1.9294117647058824,4,0,5,Publishing & Media
SCHW,2026-08-14,3.0,0.45756282598387854,1.0,1,0,2.0,1.0,5.0,76.03251062113023,1.0,1.0,0,,0,0,BUY,1.7882352941176471,4,0,5,Investment & Brokerage
SCI,2026-08-14,4.0,0.34464243536466715,2.0,0,0,3.0,2.0,4.0,58.61571575319658,1.0,0.8362907545800577,0,,0,0,HOLD,2.552941176470588,3,1,5,Services
SCII,2026-08-14,,,,0,0,3.0,,4.0,55.132460162195265,1.0,0.9473721195207525,0,,0,0,,,1,0,2,Investment & Holding Companies
SCKT,2026-08-14,2.0,0.6088847744589119,2.0,0,0,3.0,4.0,4.0,57.09947447605725,3.0,0.44827581245749315,0,,0,0,HOLD,2.7647058823529416,2,1,5,Computer Hardware
SCL,2026-08-14,4.0,0.3276434329065908,1.0,0,0,3.0,3.0,4.0,68.37298523900874,1.0,0.9582562034626378,0,,0,0,HOLD,2.6235294117647054,2,1,5,Chemicals
SCLX,2026-08-14,3.0,0.585050505050505,4.0,1,0,3.0,3.0,3.0,45.858774741753024,4.0,0.20500664311226013,0,,0,0,HOLD,3.341176470588236,0,2,5,Pharmaceuticals & Biotech
SCM,2026-08-14,1.0,0.8784420547003655,4.0,0,0,5.0,5.0,4.0,64.85263621594044,4.0,0.2914706398413349,1,3.0,0,0,HOLD,3.135294117647059,1,4,5,Other
SCOR,2026-08-14,1.0,0.8882487032103611,4.0,1,0,4.0,3.0,2.0,35.98831646163738,5.0,0.04452042994387528,0,,0,0,HOLD,3.141176470588235,1,3,5,Services
SCPQ,2026-08-14,,,,0,0,3.0,,4.0,69.87986148729888,1.0,0.8888918323231467,0,,0,0,,,1,0,2,Investment & Holding Companies
SCSC,2026-08-14,1.0,0.7740545787931389,1.0,0,0,2.0,2.0,3.0,46.297366236027834,2.0,0.7684808687965652,0,,0,0,STRONG BUY,1.5882352941176472,5,0,5,Wholesale Trade
SCTX,2026-08-14,,,,0,0,,,2.0,34.1080820524395,,,0,,0,0,,,0,0,0,Pharmaceuticals & Biotech
SCWO,2026-08-14,5.0,0.07435880599423159,3.0,0,0,4.0,4.0,4.0,63.62719597151531,5.0,0.1412213756087693,0,,0,0,STRONG SELL,4.435294117647059,0,4,5,Industrial Machinery
SCYX,2026-08-14,2.0,0.694690038976585,3.0,0,0,4.0,3.0,4.0,59.76664563834934,4.0,0.27427597817320426,0,,0,0,HOLD,3.1058823529411765,1,2,5,Pharmaceuticals & Biotech
SCZM,2026-08-14,,,2.0,0,0,3.0,,4.0,69.39920170299419,3.0,0.4203013856657266,0,,0,0,HOLD,2.795454545454546,1,0,3,Mining & Minerals
SD,2026-08-14,2.0,0.6693829203742131,4.0,0,0,3.0,1.0,3.0,53.15459371189954,3.0,0.5236749359941407,0,,0,0,BUY,2.447058823529412,2,1,5,Oil & Gas
SDEV,2026-08-14,1.0,0.9319685039370079,5.0,0,0,5.0,4.0,2.0,43.009556307829484,5.0,0.0007380850967856176,0,,0,0,SELL,3.5999999999999996,1,4,5,Pharmaceuticals & Biotech
SDGR,2026-08-14,4.0,0.35744053766697925,1.0,1,0,3.0,3.0,4.0,59.69362152599685,3.0,0.5694323164472744,0,,0,0,HOLD,3.0941176470588236,1,1,5,Pharmaceuticals & Biotech
SDHC,2026-08-14,1.0,0.826932195353248,4.0,0,0,5.0,5.0,2.0,43.07455505620176,4.0,0.27738511257064097,1,4.0,0,0,HOLD,3.135294117647059,1,4,5,Construction & Materials
SDHI,2026-08-14,,,1.0,0,0,3.0,4.0,4.0,68.94549915575504,1.0,1.0,0,,0,0,BUY,2.2711864406779663,2,1,4,Investment & Holding Companies
SDHY,2026-08-14,,,4.0,0,0,3.0,,3.0,50.81688990745047,1.0,0.8337147135430397,0,,0,0,BUY,2.2954545454545454,1,1,3,Other
SDOT,2026-08-14,1.0,0.9228758307663242,5.0,0,0,5.0,3.0,2.0,42.67951078648957,5.0,0.042246915894642814,0,,0,0,HOLD,3.423529411764706,1,3,5,Retail
SDRL,2026-08-14,1.0,0.9246088193456614,1.0,0,0,2.0,4.0,4.0,64.96814836249978,2.0,0.7416666744935393,0,,0,0,BUY,1.9411764705882355,4,1,5,Oil & Gas
SE,2026-08-14,,,2.0,0,0,3.0,,4.0,62.26221807874584,4.0,0.3699509898098518,0,,0,0,HOLD,3.2500000000000004,1,1,3,Services
SEAT,2026-08-14,1.0,0.9449976292081554,3.0,1,0,4.0,4.0,3.0,46.261051065774176,5.0,0.15100398926951686,0,,0,0,HOLD,3.211764705882353,1,3,5,Hospitality & Leisure
SEB,2026-08-14,1.0,0.8715222909240168,5.0,0,1,3.0,2.0,2.0,44.42011805505624,3.0,0.4196441890561611,0,,0,0,BUY,2.423529411764706,2,1,5,Wholesale Trade
SECZ,2026-08-14,,,,0,0,,,1.0,26.3678768004616,,,0,,0,0,,,0,0,0,Banks & Financial Services
SEDG,2026-08-14,4.0,0.42432340010271163,4.0,0,0,3.0,2.0,2.0,34.82716670484318,5.0,0.12774409215568974,0,,0,0,SELL,3.7058823529411766,1,3,5,Semiconductors & Chips
SEED,2026-08-14,,,3.0,0,0,4.0,,3.0,50.44050909317486,5.0,0.11009169545962974,0,,0,0,STRONG SELL,4.250000000000001,0,2,3,Agriculture
SEER,2026-08-14,2.0,0.5910577776426101,1.0,1,0,3.0,4.0,3.0,48.821183200697966,2.0,0.6133333227369504,0,,0,0,BUY,2.423529411764706,3,1,5,Medical Devices & Instruments
SEG,2026-08-14,2.0,0.6677994935668974,1.0,0,0,2.0,3.0,4.0,56.69959874952392,1.0,0.8618181402033026,0,,0,0,BUY,1.835294117647059,4,0,5,Hospitality & Leisure
SEGG,2026-08-14,3.0,0.5083539820928451,5.0,0,0,5.0,4.0,1.0,27.736691274470644,5.0,0.0015380883150941359,0,,0,0,SELL,4.211764705882353,0,4,5,Technology & Software
SEI,2026-08-14,,,3.0,0,0,2.0,2.0,3.0,54.40714052976006,2.0,0.6636315308458515,0,,0,0,BUY,2.152542372881356,3,0,4,Industrial Machinery
SEIC,2026-08-14,4.0,0.31817928517151944,1.0,0,0,2.0,2.0,5.0,75.22458085900705,1.0,0.9996839487172441,0,,0,0,BUY,2.270588235294118,4,1,5,Investment & Brokerage
SELF,2026-08-14,3.0,0.49871825704701667,2.0,0,0,3.0,2.0,4.0,61.9776060945192,1.0,0.8028691141282919,0,,0,0,BUY,2.2470588235294118,3,0,5,Investment & Holding Companies
SENEA,2026-08-14,4.0,0.3181602655286866,1.0,0,0,1.0,2.0,4.0,68.30063833232246,1.0,0.9762726801088947,0,,0,0,BUY,2.0941176470588236,4,1,5,Food & Beverage
SENEB,2026-08-14,4.0,0.32479848269321954,1.0,0,0,1.0,2.0,4.0,66.92349666255734,1.0,0.9152780638410721,0,,0,0,BUY,2.0941176470588236,4,1,5,Food & Beverage
SENS,2026-08-14,5.0,0.2342544051123135,3.0,0,0,4.0,2.0,5.0,76.11780641235654,3.0,0.4580745004742086,1,2.0,0,0,HOLD,3.311764705882353,1,2,5,Medical Devices & Instruments
SEPN,2026-08-14,5.0,0.16833025575831384,1.0,0,0,1.0,3.0,4.0,65.7938275001197,1.0,0.9009662159706415,0,,0,0,HOLD,2.5764705882352934,3,1,5,Pharmaceuticals & Biotech
SER,2026-08-14,5.0,0.035555555555555556,2.0,0,0,3.0,4.0,5.0,74.43920695148324,4.0,0.3478260727239933,0,,0,0,SELL,3.9176470588235297,1,3,5,Pharmaceuticals & Biotech
SERA,2026-08-14,,,4.0,0,0,4.0,4.0,3.0,45.96236396386186,5.0,0.1712963011509271,0,,0,0,STRONG SELL,4.338983050847458,0,4,4,Healthcare Services
SERV,2026-08-14,4.0,0.39928018842723306,5.0,0,0,5.0,4.0,2.0,42.068383667396354,5.0,0.04658150758923393,0,,0,0,STRONG SELL,4.517647058823529,0,5,5,Industrial Machinery
SEV,2026-08-14,,,4.0,0,0,2.0,5.0,4.0,58.82599632385446,5.0,0.08165430381239011,0,,0,0,SELL,4.084745762711864,1,3,4,Automobiles
SEVN,2026-08-14,2.0,0.6653784833438533,5.0,0,0,4.0,4.0,3.0,47.54742077972751,5.0,0.1203617023990205,0,,0,0,SELL,3.7294117647058824,1,4,5,Investment & Holding Companies
SEZL,2026-08-14,5.0,0.12848313402702144,3.0,0,0,1.0,1.0,2.0,39.77473753251217,3.0,0.5668702170024255,0,,0,0,HOLD,2.905882352941177,2,1,5,Services
SF,2026-08-14,2.0,0.7302038880986249,2.0,0,0,3.0,1.0,5.0,70.24330489516177,1.0,0.8821295241801488,0,,0,0,BUY,1.764705882352941,4,0,5,Investment & Brokerage
SFBC,2026-08-14,2.0,0.7346203782314764,1.0,1,0,3.0,2.0,3.0,54.957111871414064,2.0,0.7860671644599265,0,,0,0,BUY,2.070588235294118,4,0,5,Banks & Financial Services
SFBS,2026-08-14,3.0,0.4817276367886043,1.0,0,0,3.0,2.0,4.0,63.375325518113804,1.0,0.9919271565538499,0,,0,0,BUY,2.1411764705882352,3,0,5,Banks & Financial Services
SFD,2026-08-14,1.0,0.7780511222718367,3.0,0,0,4.0,2.0,2.0,30.402488041910345,4.0,0.26464023986902346,0,,0,0,HOLD,2.6235294117647063,2,2,5,Food & Beverage
SFHG,2026-08-14,1.0,0.7707086614173229,3.0,0,0,4.0,,4.0,61.823152871948416,4.0,0.26254177508466653,0,,0,0,HOLD,2.7571428571428576,1,2,4,Publishing & Media
SFIX,2026-08-14,,,4.0,0,0,4.0,2.0,2.0,41.972754880210005,5.0,0.19133573106108662,0,,0,0,SELL,3.8305084745762716,1,3,4,Retail
SFL,2026-08-14,3.0,0.5461417322834645,1.0,0,0,2.0,,4.0,61.89881913054713,1.0,0.9637546258629115,0,,0,0,BUY,1.9571428571428575,3,0,4,Transportation & Logistics
SFM,2026-08-14,3.0,0.5134936942136027,2.0,0,0,3.0,2.0,3.0,49.80842473422102,5.0,0.19812868352521928,1,2.0,0,0,HOLD,2.8882352941176475,2,1,5,Retail
SFNC,2026-08-14,1.0,0.7823622047244094,1.0,0,0,2.0,3.0,4.0,64.31550725759134,1.0,0.9939211347558663,0,,0,0,STRONG BUY,1.5294117647058825,4,0,5,Banks & Financial Services
SFST,2026-08-14,2.0,0.6596518034756159,1.0,0,0,2.0,2.0,4.0,59.73409957595052,1.0,0.9820896279913249,1,1.0,0,0,STRONG BUY,1.3588235294117648,5,0,5,Banks & Financial Services
SG,2026-08-14,2.0,0.7327304587467842,4.0,0,0,3.0,4.0,3.0,47.79878145753147,4.0,0.28675142194392395,1,1.0,0,0,HOLD,2.9117647058823533,1,3,5,Retail
SGA,2026-08-14,,,3.0,0,0,4.0,3.0,4.0,58.093625872704216,4.0,0.3398925358563382,0,,0,0,SELL,3.593220338983051,0,2,4,Telecom & Media
SGC,2026-08-14,2.0,0.7608095362071284,3.0,0,0,2.0,3.0,3.0,50.04210512518727,1.0,0.8337643825205784,0,,0,0,BUY,2.0470588235294116,3,0,5,Apparel & Textiles
SGHC,2026-08-14,,,3.0,0,0,2.0,,2.0,43.36187507002754,2.0,0.6792928905068525,0,,0,0,BUY,2.2045454545454546,2,0,3,Hospitality & Leisure
SGHT,2026-08-14,5.0,0.22084595181319347,2.0,0,0,1.0,3.0,5.0,80.60043198560544,1.0,0.844444474331673,0,,0,0,HOLD,2.6823529411764704,3,1,5,Medical Devices & Instruments
SGI,2026-08-14,4.0,0.27358937885253676,5.0,0,0,5.0,3.0,2.0,42.92932643880541,5.0,0.13059629795683084,0,,0,0,STRONG SELL,4.341176470588236,0,4,5,Wood & Furniture
SGLY,2026-08-14,5.0,0.22939004300793478,3.0,0,0,4.0,3.0,3.0,46.78782377420074,5.0,0.09689442607099297,0,,0,0,STRONG SELL,4.258823529411765,0,3,5,Transportation & Logistics
SGML,2026-08-14,,,4.0,0,1,3.0,,4.0,56.716563195651446,4.0,0.3853452832698049,0,,0,0,SELL,3.659090909090909,0,2,3,Mining & Minerals
SGMT,2026-08-14,1.0,0.9955951607341427,1.0,0,0,2.0,4.0,5.0,77.7529290866981,1.0,1.0,0,,0,0,STRONG BUY,1.7058823529411764,4,1,5,Pharmaceuticals & Biotech
SGP,2026-08-14,4.0,0.3168503937007874,,0,0,4.0,3.0,5.0,71.71203635683366,2.0,0.7128713447798374,0,,0,0,HOLD,3.2763157894736845,1,2,4,Medical Devices & Instruments
SGRY,2026-08-14,2.0,0.7244094488188977,3.0,1,0,4.0,3.0,3.0,45.80974244800072,4.0,0.28663966417074277,0,,0,0,HOLD,3.1058823529411765,1,2,5,Healthcare Services
SGU,2026-08-14,,,3.0,0,0,3.0,3.0,3.0,48.336233604069875,2.0,0.7593302684146073,0,,0,0,HOLD,2.6610169491525424,1,0,4,Retail
SHAK,2026-08-14,5.0,0.1251778093883357,3.0,0,0,4.0,1.0,5.0,72.51823010565262,3.0,0.41201240625403623,0,,0,0,HOLD,3.4352941176470586,1,2,5,Retail
SHAZ,2026-08-14,,,,0,0,,4.0,4.0,61.57294420454371,2.0,0.7840515912712538,0,,0,0,,,1,1,2,Technology & Software
SHBI,2026-08-14,3.0,0.4596036362696812,1.0,0,0,2.0,3.0,4.0,56.439170675633534,1.0,0.934086052819359,0,,0,0,BUY,2.1411764705882352,3,0,5,Banks & Financial Services
SHC,2026-08-14,5.0,0.2296798186179548,1.0,0,0,3.0,2.0,4.0,63.34260088204602,1.0,0.9260448597953157,0,,0,0,HOLD,2.7529411764705882,3,1,5,Healthcare Services
SHEL,2026-08-14,,,1.0,0,0,2.0,,4.0,60.423604373457664,1.0,0.8841167358997677,0,,0,0,STRONG BUY,1.340909090909091,3,0,3,Oil & Gas
SHEN,2026-08-14,2.0,0.7046518362313077,4.0,0,0,3.0,4.0,3.0,53.177905707868625,3.0,0.46805562251879135,0,,0,0,HOLD,2.9764705882352938,1,2,5,Telecom & Media
SHG,2026-08-14,,,1.0,0,0,2.0,,4.0,60.738619230357116,1.0,0.9844828618125734,0,,0,0,STRONG BUY,1.340909090909091,3,0,3,Banks & Financial Services
SHIM,2026-08-14,1.0,0.9204040404040404,2.0,0,0,3.0,3.0,2.0,43.59774158555142,4.0,0.3593073682434202,0,,0,0,HOLD,2.51764705882353,2,1,5,Construction & Materials
SHIP,2026-08-14,2.0,0.6938582677165355,1.0,0,0,1.0,,4.0,55.89451438970254,1.0,0.8754057624344732,0,,0,0,STRONG BUY,1.3714285714285714,4,0,4,Transportation & Logistics
SHLS,2026-08-14,5.0,0.2200094831673779,4.0,0,0,3.0,3.0,2.0,43.593653297059376,3.0,0.471882581011016,0,,0,0,SELL,3.717647058823529,0,2,5,Semiconductors & Chips
SHMD,2026-08-14,,,4.0,0,0,3.0,,4.0,62.01581929613613,3.0,0.40264421099929193,0,,0,0,HOLD,3.2045454545454555,0,1,3,Industrial Machinery
SHO,2026-08-14,3.0,0.5718733974767387,3.0,0,0,2.0,3.0,2.0,38.866925089979624,2.0,0.7226468340717656,0,,0,0,HOLD,2.588235294117647,2,0,5,Hospitality & Leisure
SHOE,2026-08-14,1.0,0.8936931875259619,5.0,0,0,5.0,3.0,3.0,47.43273407276161,5.0,0.08819490009834519,0,,0,0,HOLD,3.423529411764706,1,3,5,Retail
SHOO,2026-08-14,3.0,0.4379708863386093,1.0,0,0,1.0,4.0,4.0,56.813822473477174,1.0,0.9162958803592505,0,,0,0,BUY,2.1411764705882352,3,1,5,"Rubber, Plastics & Leather"
SHOP,2026-08-14,5.0,0.044570886676149835,2.0,0,0,2.0,2.0,4.0,66.75513906019938,2.0,0.7047005231989367,0,,0,0,HOLD,2.9176470588235293,4,1,5,Technology & Software
SHOT,2026-08-14,,,,0,0,,,2.0,39.58554887923088,,,0,,0,0,,,0,0,0,Investment & Holding Companies
SHPH,2026-08-14,5.0,0.18362204724409448,4.0,0,0,5.0,3.0,3.0,52.73751244845875,5.0,0.0287817992718807,0,,0,0,STRONG SELL,4.541176470588235,0,4,5,Pharmaceuticals & Biotech
SHW,2026-08-14,5.0,0.22359716268071475,1.0,1,0,4.0,2.0,4.0,57.526338094846714,1.0,0.8307861488910974,0,,0,0,HOLD,2.929411764705882,3,2,5,Retail
SI,2026-08-14,4.0,0.2861902514639202,1.0,0,0,1.0,3.0,3.0,48.98976930453392,2.0,0.7341389336393926,1,3.0,0,0,BUY,2.2058823529411766,3,1,5,Medical Devices & Instruments
SIBN,2026-08-14,4.0,0.31536208768817725,1.0,1,0,2.0,2.0,4.0,64.06860233703465,2.0,0.7477018056201323,0,,0,0,HOLD,2.5058823529411764,4,1,5,Medical Devices & Instruments
SIDU,2026-08-14,,,5.0,0,1,1.0,4.0,4.0,58.7227490012043,4.0,0.3532159485886255,0,,0,0,HOLD,3.3898305084745766,1,3,4,Telecom & Media
SIEB,2026-08-14,1.0,0.788269287799358,4.0,0,0,5.0,3.0,4.0,69.5354751524975,5.0,0.13008127796239335,0,,0,0,HOLD,3.317647058823529,1,3,5,Investment & Brokerage
SIF,2026-08-14,3.0,0.5153585111313361,2.0,0,0,1.0,2.0,2.0,36.77971410490147,2.0,0.639509428750115,0,,0,0,BUY,2.1294117647058823,4,0,5,Aerospace & Defense
SIFY,2026-08-14,,,2.0,0,0,2.0,,3.0,54.011075224872904,1.0,0.8061001495128574,0,,0,0,STRONG BUY,1.5454545454545454,3,0,3,Technology & Software
SIG,2026-08-14,2.0,0.7006312193485236,2.0,0,0,3.0,2.0,3.0,46.73999090124299,3.0,0.5366838191482102,0,,0,0,BUY,2.4117647058823533,3,0,5,Retail
SIGA,2026-08-14,2.0,0.6510328545520299,5.0,0,0,5.0,3.0,2.0,36.08876561965483,5.0,0.023990368302267202,0,,0,0,SELL,3.7294117647058824,1,3,5,Pharmaceuticals & Biotech
SIGI,2026-08-14,2.0,0.6826359817239795,2.0,0,0,2.0,2.0,3.0,47.15729154541655,2.0,0.7879505689342025,0,,0,0,BUY,2.0,5,0,5,Insurance
SII,2026-08-14,,,4.0,0,1,2.0,,4.0,55.41906854717641,3.0,0.5263398085558139,0,,0,0,HOLD,2.8636363636363646,1,1,3,Banks & Financial Services
SILC,2026-08-14,3.0,0.4611023622047244,2.0,0,0,1.0,,4.0,60.95201156955738,1.0,0.96051228494364,0,,0,0,BUY,1.8714285714285712,3,0,4,Computer Hardware
SILO,2026-08-14,5.0,0.08233062816923731,5.0,0,0,5.0,4.0,1.0,29.30303686462878,5.0,0.01150054928974904,0,,0,0,STRONG SELL,4.823529411764706,0,5,5,Pharmaceuticals & Biotech
SIM,2026-08-14,,,3.0,0,1,3.0,,4.0,59.21243353413644,3.0,0.5882353901150774,0,,0,0,HOLD,3.0000000000000004,0,0,3,Metals
SIMA,2026-08-14,,,1.0,0,0,3.0,4.0,4.0,68.98830713691125,3.0,0.5485770225334792,0,,0,0,HOLD,2.9491525423728815,1,1,4,Investment & Holding Companies
SIMO,2026-08-14,5.0,0.02267716535433071,3.0,0,0,1.0,,3.0,52.00276537276068,2.0,0.7445832368771069,0,,0,0,HOLD,3.028571428571429,2,1,4,Semiconductors & Chips
SIND,2026-08-14,,,,0,0,,,4.0,67.15359090997283,,,0,,0,0,,,0,0,0,Mining & Minerals
SINT,2026-08-14,4.0,0.3545524765656436,5.0,0,0,5.0,4.0,3.0,47.708860619233874,5.0,0.058394159313663145,1,3.0,0,0,SELL,4.2176470588235295,0,5,5,Medical Devices & Instruments
SION,2026-08-14,2.0,0.7455118110236221,5.0,0,1,5.0,3.0,1.0,21.76086565756431,5.0,0.042114310261928876,0,,0,0,SELL,3.7294117647058824,1,3,5,Pharmaceuticals & Biotech
SIRI,2026-08-14,1.0,0.7862449185833208,2.0,0,0,2.0,3.0,2.0,42.087362591755664,2.0,0.7049281206610971,0,,0,0,BUY,1.8705882352941174,4,0,5,Telecom & Media
SITC,2026-08-14,1.0,0.9928876244665719,5.0,0,0,5.0,3.0,2.0,34.47803093231586,5.0,0.0,0,,0,0,HOLD,3.423529411764706,1,3,5,Investment & Holding Companies
SITE,2026-08-14,3.0,0.5488121236632413,5.0,0,0,5.0,1.0,3.0,45.36635294318002,5.0,0.06924845410297442,0,,0,0,SELL,3.6823529411764704,1,3,5,Wholesale Trade
SITM,2026-08-14,5.0,0.0721337708925261,2.0,0,0,1.0,2.0,4.0,60.62266835445251,2.0,0.7247462446076294,0,,0,0,HOLD,2.7411764705882353,4,1,5,Semiconductors & Chips
SJM,2026-08-14,3.0,0.4711811023622047,1.0,0,0,3.0,3.0,4.0,58.920735011542746,1.0,0.8687930344465283,1,1.0,0,0,BUY,2.01764705882353,2,0,5,Food & Beverage
SJT,2026-08-14,,,5.0,0,0,5.0,,4.0,56.21367102103686,5.0,0.09629627013239002,0,,0,0,STRONG SELL,5.0,0,3,3,Investment & Holding Companies
SKE,2026-08-14,,,1.0,0,0,2.0,,4.0,67.15789749440722,2.0,0.7832048957898301,0,,0,0,BUY,1.7954545454545454,3,0,3,Mining & Minerals
SKHY,2026-08-14,,,,0,0,,,2.0,42.39298091307759,,,0,,0,0,,,0,0,0,Semiconductors & Chips
SKIL,2026-08-14,2.0,0.730720439792528,2.0,0,0,3.0,3.0,4.0,55.88873936352321,4.0,0.3225580085564291,0,,0,0,HOLD,2.823529411764706,2,1,5,Technology & Software
SKK,2026-08-14,5.0,0.10708661417322834,2.0,0,0,2.0,,2.0,40.09479932611659,4.0,0.25071228119165234,0,,0,0,SELL,3.685714285714286,2,2,4,Construction & Materials
SKM,2026-08-14,,,2.0,0,0,2.0,,4.0,64.35806980959691,2.0,0.715425464843767,0,,0,0,BUY,2.0,3,0,3,Telecom & Media
SKT,2026-08-14,5.0,0.18992125984251967,2.0,0,0,2.0,,2.0,34.77282957363403,2.0,0.6967987096932888,0,,0,0,HOLD,3.1142857142857148,3,1,4,Investment & Holding Companies
SKWD,2026-08-14,4.0,0.351322234352715,1.0,0,0,2.0,1.0,3.0,49.370917227153676,2.0,0.7607715112071803,1,4.0,0,0,BUY,2.0294117647058827,4,1,5,Insurance
SKY,2026-08-14,4.0,0.42152678994784265,1.0,1,0,3.0,1.0,4.0,65.46215038850421,1.0,0.9117469706475104,0,,0,0,BUY,2.2705882352941176,3,1,5,Wood & Furniture
SKYH,2026-08-14,5.0,0.06590801327643434,1.0,0,0,3.0,3.0,2.0,44.16279059777305,2.0,0.6144201554758402,0,,0,0,HOLD,3.164705882352942,2,1,5,Real Estate & REITs
SKYQ,2026-08-14,5.0,0.2368503937007874,4.0,0,0,4.0,4.0,2.0,40.90596979369054,5.0,0.14061135291162127,0,,0,0,STRONG SELL,4.541176470588235,0,5,5,Utilities
SKYW,2026-08-14,1.0,0.8681839734471314,1.0,1,0,3.0,1.0,3.0,53.8410126843476,2.0,0.6438658539644317,0,,0,0,STRONG BUY,1.588235294117647,4,0,5,Airlines
SKYX,2026-08-14,4.0,0.3496268552504601,3.0,0,0,5.0,4.0,3.0,46.551103061040784,5.0,0.07967033611832199,0,,0,0,STRONG SELL,4.305882352941177,0,4,5,Industrial Machinery
SLAB,2026-08-14,5.0,0.20312457823907404,2.0,0,0,2.0,3.0,3.0,52.92071132130275,1.0,0.981488655500987,0,,0,0,HOLD,2.8588235294117648,3,1,5,Semiconductors & Chips
SLB,2026-08-14,3.0,0.4604467403366201,1.0,0,0,2.0,3.0,4.0,61.772094991779184,1.0,0.8422990186483975,0,,0,0,BUY,2.1411764705882352,3,0,5,Oil & Gas
SLBT,2026-08-14,,,5.0,0,0,5.0,,2.0,38.74740247008642,5.0,0.005875458188802386,0,,0,0,STRONG SELL,5.0,0,3,3,Pharmaceuticals & Biotech
SLDB,2026-08-14,4.0,0.25882319751233235,2.0,0,0,1.0,5.0,4.0,58.46152986485593,2.0,0.7299169071573889,0,,0,0,HOLD,2.9647058823529413,3,2,5,Pharmaceuticals & Biotech
SLDE,2026-08-14,3.0,0.5806786532397548,1.0,0,0,2.0,2.0,4.0,61.36591380492216,1.0,0.9776596709579983,0,,0,0,BUY,1.9647058823529413,4,0,5,Insurance
SLDP,2026-08-14,3.0,0.450019082513482,5.0,0,0,5.0,3.0,3.0,54.65663457606302,5.0,0.06451613848346745,0,,0,0,SELL,4.03529411764706,0,3,5,Industrial Machinery
SLE,2026-08-14,1.0,0.8052718681122181,5.0,0,0,5.0,3.0,2.0,35.81339291228997,5.0,0.0,0,,0,0,HOLD,3.423529411764706,1,3,5,Technology & Software
SLF,2026-08-14,,,1.0,0,0,2.0,,3.0,52.22106416598944,1.0,0.9022057414410266,0,,0,0,STRONG BUY,1.340909090909091,3,0,3,Insurance
SLG,2026-08-14,3.0,0.5731172700293357,1.0,0,0,2.0,4.0,4.0,59.20381314190647,2.0,0.7631678415878651,0,,0,0,HOLD,2.552941176470588,3,1,5,Investment & Holding Companies
SLGL,2026-08-14,5.0,0.11559055118110238,1.0,0,0,1.0,,3.0,53.90671884562565,1.0,0.8394584310526683,1,1.0,0,0,BUY,2.185714285714286,3,1,4,Pharmaceuticals & Biotech
SLGN,2026-08-14,2.0,0.6696098884395744,2.0,0,0,4.0,1.0,3.0,48.12147651841158,3.0,0.5142073781798109,0,,0,0,BUY,2.4117647058823533,3,1,5,Industrial Machinery
SLI,2026-08-14,,,5.0,0,0,5.0,,3.0,49.54323358248787,5.0,0.12096778199236721,0,,0,0,STRONG SELL,5.0,0,3,3,Chemicals
SLM,2026-08-14,4.0,0.40991310839789263,1.0,1,0,3.0,3.0,4.0,68.13982499394453,2.0,0.6906244408264002,0,,0,0,HOLD,2.8588235294117643,2,1,5,Banks & Financial Services
SLMT,2026-08-14,,,5.0,0,0,5.0,,2.0,42.93096017805631,5.0,0.0013649826799224931,0,,0,0,STRONG SELL,5.0,0,3,3,Banks & Financial Services
SLN,2026-08-14,5.0,0.014934666658133564,1.0,0,0,1.0,5.0,4.0,62.25646967405193,1.0,0.8463611841361721,0,,0,0,HOLD,2.929411764705882,3,2,5,Pharmaceuticals & Biotech
SLNG,2026-08-14,3.0,0.5394057466426749,2.0,0,0,2.0,3.0,5.0,80.86958107979504,1.0,1.0,0,,0,0,BUY,2.2470588235294118,3,0,5,Utilities
SLNH,2026-08-14,4.0,0.3598329850819446,5.0,0,0,1.0,3.0,3.0,53.107503129134216,4.0,0.22055135849066582,0,,0,0,HOLD,3.4,1,3,5,Banks & Financial Services
SLP,2026-08-14,4.0,0.3910661531165567,1.0,0,0,2.0,3.0,4.0,61.48823404399164,2.0,0.7373418100355305,0,,0,0,HOLD,2.6823529411764704,3,1,5,Technology & Software
SLRC,2026-08-14,1.0,0.9231863442389759,3.0,0,0,4.0,4.0,3.0,49.59237441345637,5.0,0.19247221762583083,1,2.0,0,0,HOLD,2.9117647058823533,1,3,5,Other
SLS,2026-08-14,5.0,0.06078740157480314,1.0,0,0,1.0,4.0,4.0,58.51793510867503,1.0,0.8100995654482197,0,,0,0,HOLD,2.7529411764705882,3,2,5,Pharmaceuticals & Biotech
SLSN,2026-08-14,3.0,0.44321712709267497,4.0,0,0,5.0,3.0,3.0,54.501874895386706,5.0,0.10215053229349082,0,,0,0,SELL,3.9294117647058826,0,3,5,Chemicals
SLSR,2026-08-14,,,5.0,0,1,3.0,,3.0,45.908551840857655,3.0,0.43636360053815604,0,,0,0,HOLD,3.4090909090909096,0,1,3,Mining & Minerals
SLVM,2026-08-14,2.0,0.7403676430209474,5.0,0,0,4.0,3.0,3.0,48.68196449041387,5.0,0.16500714649064602,0,,0,0,SELL,3.552941176470589,1,3,5,Paper
SM,2026-08-14,2.0,0.6922118208174989,1.0,0,0,2.0,2.0,4.0,62.12012943951785,1.0,0.9523891619331971,0,,0,0,STRONG BUY,1.6588235294117648,5,0,5,Oil & Gas
SMA,2026-08-14,3.0,0.4442437852758704,1.0,1,0,3.0,4.0,3.0,54.09262305975587,2.0,0.6153919557903633,0,,0,0,HOLD,2.7294117647058824,2,1,5,Investment & Holding Companies
SMBC,2026-08-14,2.0,0.7226173541963016,1.0,0,0,2.0,,3.0,50.40434591985946,1.0,0.9198320365085461,0,,0,0,STRONG BUY,1.5857142857142859,4,0,4,Banks & Financial Services
SMBK,2026-08-14,2.0,0.6113009111081548,1.0,0,0,2.0,2.0,4.0,66.39231426094764,1.0,0.9775657300432653,0,,0,0,STRONG BUY,1.6588235294117648,5,0,5,Banks & Financial Services
SMC,2026-08-14,1.0,0.8546003718918864,1.0,0,0,2.0,3.0,5.0,72.83129069560428,1.0,1.0,0,,0,0,STRONG BUY,1.5294117647058825,4,0,5,Utilities
SMCI,2026-08-14,3.0,0.5242193536080427,3.0,0,0,3.0,2.0,5.0,70.69358752724635,3.0,0.506159886213029,0,,0,0,HOLD,2.823529411764706,1,0,5,Computer Hardware
SMFG,2026-08-14,,,1.0,0,0,2.0,,4.0,58.67703360359336,1.0,0.9840707697223432,0,,0,0,STRONG BUY,1.340909090909091,3,0,3,Banks & Financial Services
SMG,2026-08-14,2.0,0.6613576124971603,3.0,0,0,4.0,2.0,2.0,37.99332053250107,3.0,0.44080633565494726,1,1.0,0,0,BUY,2.394117647058824,2,1,5,Chemicals
SMHB,2026-08-14,,,1.0,1,0,3.0,,4.0,57.734930861573694,1.0,0.9134396705794241,0,,0,0,STRONG BUY,1.6818181818181817,2,0,3,Banks & Financial Services
SMHI,2026-08-14,,,1.0,0,0,1.0,4.0,5.0,71.50537482347549,1.0,1.0,0,,0,0,BUY,1.7627118644067798,3,1,4,Transportation & Logistics
SMID,2026-08-14,3.0,0.5634243028938745,5.0,0,0,4.0,2.0,3.0,46.71386718994943,5.0,0.11536191235088386,0,,0,0,SELL,3.6823529411764704,1,3,5,Construction & Materials
SMJF,2026-08-14,,,,0,0,1.0,,5.0,93.78490100086458,1.0,1.0,0,,0,0,,,2,0,2,Wholesale Trade
SMMT,2026-08-14,5.0,0.06834645669291338,5.0,0,0,5.0,5.0,2.0,43.325033822902206,5.0,0.05544007114952656,0,,0,0,STRONG SELL,5.0,0,5,5,Pharmaceuticals & Biotech
SMP,2026-08-14,3.0,0.5220483641536273,1.0,1,0,4.0,1.0,3.0,49.695972231039114,3.0,0.45279331129602013,0,,0,0,HOLD,2.6117647058823525,2,1,5,Automobiles
SMPL,2026-08-14,1.0,0.8247703834637173,5.0,0,0,5.0,2.0,3.0,50.68965794629974,5.0,0.05652827050421272,0,,0,0,HOLD,3.2470588235294118,2,3,5,Food & Beverage
SMR,2026-08-14,3.0,0.43527437740485114,5.0,0,0,5.0,5.0,3.0,51.38388157414404,5.0,0.039267019736980616,0,,0,0,STRONG SELL,4.3882352941176475,0,4,5,Industrial Machinery
SMRT,2026-08-14,2.0,0.643274342523614,2.0,0,0,3.0,4.0,5.0,77.33091009508574,3.0,0.4624573848357528,1,1.0,0,0,BUY,2.4647058823529417,2,1,5,Technology & Software
SMSI,2026-08-14,4.0,0.335457333393065,4.0,0,0,3.0,4.0,3.0,53.21930427584392,4.0,0.2808509818025762,0,,0,0,SELL,3.823529411764706,0,4,5,Technology & Software
SMTC,2026-08-14,5.0,0.11066288599089927,3.0,0,0,1.0,2.0,3.0,54.57469002701744,2.0,0.7277048065912751,0,,0,0,HOLD,2.847058823529412,3,1,5,Semiconductors & Chips
SMTI,2026-08-14,5.0,0.23065639520255793,1.0,0,0,2.0,3.0,5.0,81.25817487489438,1.0,0.9175683417465653,0,,0,0,HOLD,2.7529411764705882,3,1,5,Medical Devices & Instruments
SMWB,2026-08-14,5.0,0.032125984251968505,1.0,1,0,2.0,,5.0,74.46701987969082,1.0,0.8128873194163844,0,,0,0,HOLD,2.7,3,1,4,Technology & Software
SMX,2026-08-14,,,3.0,0,0,5.0,,3.0,49.65852567920822,5.0,0.00368679242911926,0,,0,0,STRONG SELL,4.590909090909092,0,2,3,Industrial Machinery
SMXT,2026-08-14,3.0,0.5054545454545455,2.0,0,0,1.0,3.0,4.0,66.7031640347935,1.0,0.9135513240581599,0,,0,0,BUY,2.0705882352941174,3,0,5,Construction & Materials
SN,2026-08-14,5.0,0.24932048591298928,1.0,0,0,1.0,2.0,5.0,71.92439430783827,1.0,0.9664488526532974,0,,0,0,BUY,2.4,4,1,5,Industrial Machinery
SNA,2026-08-14,3.0,0.5248933143669986,1.0,0,0,3.0,2.0,3.0,46.28881145749773,1.0,0.8496845710690798,0,,0,0,BUY,2.1411764705882352,3,0,5,Industrial Machinery
SNAL,2026-08-14,1.0,0.7693902610917991,3.0,0,0,4.0,4.0,2.0,36.58030040163929,5.0,0.18065002744066289,0,,0,0,HOLD,3.211764705882353,1,3,5,Technology & Software
SNAP,2026-08-14,3.0,0.4339925569719002,3.0,0,0,3.0,3.0,4.0,58.81191379500561,4.0,0.286821658146668,0,,0,0,HOLD,3.2352941176470593,0,1,5,Technology & Software
SND,2026-08-14,2.0,0.7242485951210834,2.0,0,0,2.0,2.0,4.0,62.59928145566834,1.0,0.8481749012131655,0,,0,0,BUY,1.7647058823529411,5,0,5,Mining & Minerals
SNDA,2026-08-14,4.0,0.42481712910347674,1.0,0,0,2.0,3.0,3.0,46.48565322534328,2.0,0.7797753743279007,1,1.0,0,0,BUY,2.3823529411764706,3,1,5,Healthcare Services
SNDK,2026-08-14,5.0,0.08606091697453186,3.0,0,0,1.0,3.0,4.0,57.00192910799859,2.0,0.6970706299176325,0,,0,0,HOLD,3.023529411764706,2,1,5,Computer Hardware
SNDL,2026-08-14,,,5.0,0,0,5.0,,3.0,48.61881993950176,5.0,0.037151667136368485,0,,0,0,STRONG SELL,5.0,0,3,3,Pharmaceuticals & Biotech
SNDR,2026-08-14,5.0,0.13940256045519203,3.0,0,0,2.0,1.0,3.0,50.31838742041589,1.0,0.8625793305700654,0,,0,0,HOLD,2.6117647058823525,3,1,5,Transportation & Logistics
SNDX,2026-08-14,5.0,0.10275381031709897,5.0,0,1,3.0,5.0,3.0,45.58159288858869,3.0,0.5589701426273807,0,,0,0,SELL,4.176470588235294,0,3,5,Pharmaceuticals & Biotech
SNES,2026-08-14,2.0,0.6271062353570696,5.0,0,0,5.0,3.0,2.0,38.08680753297654,5.0,0.0,1,1.0,0,0,HOLD,3.4294117647058826,1,3,5,Chemicals
SNEX,2026-08-14,2.0,0.6981685154219475,3.0,0,0,2.0,4.0,2.0,39.80328075859063,3.0,0.5389607585148475,0,,0,0,HOLD,2.6941176470588237,2,1,5,Investment & Brokerage
SNFCA,2026-08-14,1.0,0.9293504030346137,2.0,0,0,3.0,2.0,2.0,44.28720253509125,2.0,0.7296800515005274,0,,0,0,BUY,1.8705882352941174,4,0,5,Banks & Financial Services
SNN,2026-08-14,,,4.0,0,0,4.0,,2.0,44.17942638031895,5.0,0.11896633953764925,0,,0,0,STRONG SELL,4.454545454545455,0,3,3,Medical Devices & Instruments
SNOA,2026-08-14,1.0,0.8553094236194795,3.0,0,0,5.0,4.0,3.0,54.812679178747935,5.0,0.0668202690295523,0,,0,0,HOLD,3.388235294117647,1,3,5,Medical Devices & Instruments
SNOW,2026-08-14,5.0,0.06799968510130139,1.0,0,0,1.0,3.0,5.0,71.76120240345814,1.0,0.9608822708283666,0,,0,0,HOLD,2.5764705882352934,3,1,5,Technology & Software
SNPS,2026-08-14,4.0,0.2996202601590407,5.0,0,1,4.0,4.0,4.0,56.52672703772897,5.0,0.19434785571821545,0,,0,0,STRONG SELL,4.341176470588236,0,5,5,Technology & Software
SNSC,2026-08-14,,,,0,0,,,,,,,0,,0,0,,,0,0,0,Semiconductors & Chips
SNT,2026-08-14,1.0,0.7839370078740158,5.0,0,0,5.0,,3.0,47.95924110193632,5.0,0.05722071579295303,0,,0,0,SELL,3.5142857142857147,1,3,4,Industrial Machinery
SNTG,2026-08-14,1.0,0.8699212598425197,4.0,0,0,3.0,,3.0,51.491537204019004,5.0,0.06936416543447366,0,,0,0,HOLD,2.9571428571428573,1,2,4,Banks & Financial Services
SNWV,2026-08-14,3.0,0.4558724358525387,5.0,0,0,5.0,3.0,1.0,24.96212212271945,5.0,0.0,0,,0,0,SELL,4.03529411764706,0,3,5,Medical Devices & Instruments
SNX,2026-08-14,4.0,0.4186818397344713,3.0,0,0,1.0,2.0,4.0,55.03214378690248,2.0,0.7920026025875568,0,,0,0,HOLD,2.5411764705882356,3,1,5,Wholesale Trade
SNY,2026-08-14,,,3.0,0,0,4.0,,3.0,52.254328485875526,4.0,0.29124044381689906,0,,0,0,SELL,3.795454545454546,0,2,3,Pharmaceuticals & Biotech
SO,2026-08-14,3.0,0.46325272641062115,3.0,0,0,3.0,2.0,2.0,43.77955168169837,2.0,0.6466987311054972,0,,0,0,HOLD,2.588235294117647,2,0,5,Utilities
SOBO,2026-08-14,,,1.0,0,0,2.0,,3.0,52.439124633996805,1.0,0.8669077376772926,0,,0,0,STRONG BUY,1.340909090909091,3,0,3,Transportation & Logistics
SOC,2026-08-14,2.0,0.590236220472441,5.0,0,0,5.0,4.0,2.0,39.16672088316186,5.0,0.040074911651185235,0,,0,0,SELL,3.905882352941177,1,4,5,Oil & Gas
SOCA,2026-08-14,5.0,0.10431484115694642,1.0,0,0,3.0,,4.0,62.60077447492371,1.0,0.9746829941958769,0,,0,0,HOLD,2.9142857142857146,2,1,4,Investment & Holding Companies
SOFI,2026-08-14,4.0,0.29721218736873795,4.0,0,0,4.0,4.0,4.0,55.320170302099534,5.0,0.18405635376868512,1,1.0,0,0,SELL,3.935294117647059,0,5,5,Banks & Financial Services
SOGP,2026-08-14,,,4.0,0,0,3.0,,3.0,46.214072869370845,4.0,0.2933287793148863,0,,0,0,SELL,3.659090909090909,0,2,3,Technology & Software
SOHU,2026-08-14,1.0,0.948031496062992,3.0,0,0,4.0,,4.0,63.18763418686827,3.0,0.503649718874887,0,,0,0,BUY,2.4714285714285715,1,1,4,Technology & Software
SOLS,2026-08-14,4.0,0.32611987634248607,4.0,0,0,5.0,4.0,3.0,47.69961577262646,3.0,0.45074990416070126,0,,0,0,SELL,3.9411764705882355,0,4,5,Chemicals
SOLV,2026-08-14,3.0,0.5354588218312769,1.0,0,0,2.0,2.0,4.0,63.17442428713332,1.0,1.0,1,1.0,0,0,STRONG BUY,1.6647058823529413,4,0,5,Medical Devices & Instruments
SON,2026-08-14,2.0,0.7251837755244915,1.0,0,0,2.0,2.0,4.0,58.95402774882847,1.0,0.9227665960813547,0,,0,0,STRONG BUY,1.6588235294117648,5,0,5,Paper
SONM,2026-08-14,1.0,0.9753535353535353,5.0,0,0,5.0,4.0,3.0,45.316702018198704,5.0,0.05210400522967027,0,,0,0,SELL,3.5999999999999996,1,4,5,Industrial Machinery
SONO,2026-08-14,3.0,0.4534567611078926,2.0,0,0,3.0,3.0,4.0,56.19764420678542,3.0,0.5588234729659167,1,3.0,0,0,HOLD,2.594117647058824,1,0,5,Industrial Machinery
SONY,2026-08-14,,,2.0,0,0,3.0,,4.0,69.31117022093788,3.0,0.4542962502817872,0,,0,0,HOLD,2.795454545454546,1,0,3,Industrial Machinery
SOPH,2026-08-14,,,1.0,0,0,1.0,,4.0,66.83916203446105,1.0,0.9542483592231316,0,,0,0,STRONG BUY,1.0,3,0,3,Technology & Software
SOR,2026-08-14,,,3.0,0,0,3.0,,4.0,55.13354545662865,2.0,0.7408292565095792,0,,0,0,HOLD,2.545454545454546,1,0,3,Other
SORA,2026-08-14,4.0,0.3785826771653543,2.0,0,0,3.0,,4.0,61.58188856794727,4.0,0.2040816466452923,0,,0,0,SELL,3.528571428571429,1,2,4,Wholesale Trade
SORN,2026-08-14,,,,0,0,,,4.0,61.186456520910625,1.0,0.8666696336609743,0,,0,0,,,1,0,1,Investment & Holding Companies
SOTK,2026-08-14,4.0,0.3252699769768292,3.0,0,0,2.0,2.0,3.0,46.01076336293116,2.0,0.6585365651042246,1,1.0,0,0,BUY,2.4176470588235297,3,1,5,Industrial Machinery
SOUL,2026-08-14,,,1.0,0,0,3.0,3.0,4.0,64.81798742671876,1.0,0.9500011920940323,0,,0,0,BUY,2.016949152542373,2,0,4,Investment & Holding Companies
SOUN,2026-08-14,1.0,0.9952755905511812,4.0,0,0,4.0,4.0,4.0,59.01041741694511,5.0,0.11019108535609987,0,,0,0,HOLD,3.317647058823529,1,4,5,Technology & Software
SOWG,2026-08-14,,,3.0,0,0,5.0,4.0,3.0,52.49750679003414,5.0,0.1596209822419435,0,,0,0,STRONG SELL,4.4406779661016955,0,3,4,Food & Beverage
SPAI,2026-08-14,5.0,0.09999177207844695,3.0,0,0,1.0,3.0,5.0,76.56947128792072,3.0,0.5139860428424864,0,,0,0,HOLD,3.2588235294117647,1,1,5,Medical Devices & Instruments
SPB,2026-08-14,3.0,0.4694167852062589,1.0,0,0,2.0,3.0,4.0,55.95609628837666,1.0,0.9750230251190696,0,,0,0,BUY,2.1411764705882352,3,0,5,Industrial Machinery
SPCB,2026-08-14,2.0,0.6711811023622047,3.0,0,0,2.0,,3.0,48.6654374928454,3.0,0.593645467615344,0,,0,0,BUY,2.4142857142857146,2,0,4,Semiconductors & Chips
SPCE,2026-08-14,4.0,0.40196567362293734,3.0,0,1,2.0,3.0,4.0,61.14570415114191,4.0,0.2149532481211947,0,,0,0,HOLD,3.364705882352941,1,2,5,Transportation & Logistics
SPCX,2026-08-14,,,,0,0,,,4.0,62.4084704616701,,,0,,0,0,,,0,0,0,Technology & Software
SPE,2026-08-14,,,4.0,0,0,4.0,,4.0,64.02056107754731,3.0,0.5003557149871242,0,,0,0,SELL,3.545454545454546,0,2,3,Other
SPEG,2026-08-14,,,1.0,0,0,3.0,3.0,4.0,69.91360752879196,1.0,1.0,0,,0,0,BUY,2.016949152542373,2,0,4,Investment & Holding Companies
SPFI,2026-08-14,2.0,0.6889523725790294,1.0,0,0,3.0,1.0,4.0,60.71358987312357,1.0,0.979112590432293,0,,0,0,STRONG BUY,1.6588235294117646,4,0,5,Banks & Financial Services
SPG,2026-08-14,2.0,0.6946420104314841,2.0,0,0,2.0,,2.0,42.14491068216794,2.0,0.7632965520936994,0,,0,0,BUY,2.0,4,0,4,Investment & Holding Companies
SPGI,2026-08-14,4.0,0.28937785917549724,3.0,0,0,3.0,2.0,3.0,50.80456697617122,4.0,0.31507509634515546,0,,0,0,HOLD,3.364705882352941,1,2,5,Services
SPH,2026-08-14,1.0,0.8549075391180654,4.0,0,0,4.0,1.0,3.0,48.03900927875506,4.0,0.3886654482624768,0,,0,0,HOLD,2.552941176470588,2,3,5,Retail
SPHL,2026-08-14,,,5.0,0,0,5.0,,3.0,49.49565179911564,5.0,0.047958523510652586,0,,0,0,STRONG SELL,5.0,0,3,3,Construction & Materials
SPHR,2026-08-14,5.0,0.02939781887150308,2.0,0,0,1.0,1.0,4.0,60.38928256488354,1.0,0.9388320828505444,0,,0,0,BUY,2.329411764705882,4,1,5,Hospitality & Leisure
SPIR,2026-08-14,1.0,0.8918918918918919,3.0,0,0,2.0,3.0,3.0,51.22412025298288,4.0,0.37540628347918065,0,,0,0,BUY,2.447058823529412,2,1,5,Telecom & Media
SPKL,2026-08-14,,,3.0,0,0,3.0,5.0,2.0,40.86923992409316,4.0,0.24131616092300312,0,,0,0,SELL,3.8474576271186445,0,2,4,Investment & Holding Companies
SPMC,2026-08-14,,,5.0,0,0,4.0,,2.0,41.29020758361198,4.0,0.25825389670219556,1,2.0,0,0,SELL,3.904545454545455,0,3,3,Other
SPNT,2026-08-14,1.0,0.7675121975469584,2.0,0,0,2.0,3.0,3.0,49.00667138871071,2.0,0.7066817468894341,0,,0,0,BUY,1.8705882352941174,4,0,5,Insurance
SPOK,2026-08-14,2.0,0.6235351993422461,3.0,0,0,5.0,2.0,3.0,50.64189940002128,5.0,0.1103868267428404,0,,0,0,HOLD,3.3411764705882354,2,2,5,Telecom & Media
SPOT,2026-08-14,,,3.0,0,0,3.0,,4.0,57.58565969106253,4.0,0.307170478006887,0,,0,0,HOLD,3.454545454545455,0,1,3,Telecom & Media
SPPL,2026-08-14,4.0,0.3048818897637795,4.0,1,0,4.0,,2.0,36.39008504832516,5.0,0.11431537881472824,0,,0,0,STRONG SELL,4.285714285714286,0,4,4,Business & Research Services
SPRB,2026-08-14,3.0,0.5697637795275591,4.0,0,0,3.0,3.0,4.0,67.68474553635595,4.0,0.2599088713171445,0,,0,0,HOLD,3.341176470588236,0,2,5,Pharmaceuticals & Biotech
SPRC,2026-08-14,,,5.0,0,0,4.0,,3.0,51.37390128543701,5.0,0.06821256255515934,0,,0,0,STRONG SELL,4.659090909090909,0,3,3,Pharmaceuticals & Biotech
SPRO,2026-08-14,3.0,0.5237397104284421,5.0,0,0,5.0,3.0,2.0,32.78768774340156,5.0,0.043715869420362104,0,,0,0,SELL,4.03529411764706,0,3,5,Pharmaceuticals & Biotech
SPRU,2026-08-14,1.0,0.9369276884344189,5.0,0,0,4.0,3.0,2.0,32.85885326589994,5.0,0.0869565319822382,1,3.0,0,0,HOLD,2.947058823529412,1,3,5,Utilities
SPRY,2026-08-14,5.0,0.20274452267500037,5.0,0,0,5.0,4.0,2.0,38.405552255492154,5.0,0.05338808964538785,0,,0,0,STRONG SELL,4.823529411764706,0,5,5,Pharmaceuticals & Biotech
SPSC,2026-08-14,4.0,0.3787580461169849,2.0,0,0,3.0,1.0,5.0,72.67357610933439,3.0,0.4474283378355173,0,,0,0,HOLD,2.847058823529412,2,1,5,Technology & Software
SPT,2026-08-14,,,2.0,0,0,3.0,3.0,4.0,62.16033757365114,3.0,0.4520295667186671,0,,0,0,HOLD,2.847457627118644,1,0,4,Technology & Software
SPTX,2026-08-14,4.0,0.38047244094488186,,0,0,,,4.0,65.31490017816631,1.0,1.0,0,,0,0,,,1,1,2,Pharmaceuticals & Biotech
SPWH,2026-08-14,1.0,0.9668162593602242,5.0,0,0,4.0,3.0,3.0,49.48361585330847,5.0,0.030973473033251216,0,,0,0,HOLD,3.2470588235294118,1,3,5,Retail
SPXC,2026-08-14,4.0,0.29128790181012476,3.0,0,0,3.0,3.0,3.0,50.967080347115214,3.0,0.5572298677455428,0,,0,0,HOLD,3.3058823529411767,0,1,5,Industrial Machinery
SPXX,2026-08-14,,,1.0,0,0,3.0,,4.0,64.57968272700757,1.0,0.9813684256751226,0,,0,0,STRONG BUY,1.6818181818181817,2,0,3,Other
SQFT,2026-08-14,,,5.0,0,0,5.0,2.0,1.0,22.027784512529053,5.0,0.010033451003132996,0,,0,0,SELL,4.237288135593221,1,3,4,Investment & Holding Companies
SQM,2026-08-14,,,3.0,0,1,2.0,,4.0,58.71015473602911,2.0,0.6260938425698204,0,,0,0,BUY,2.2045454545454546,2,0,3,Mining & Minerals
SQNS,2026-08-14,,,4.0,0,0,5.0,,4.0,58.67448544108626,5.0,0.0629669056950717,0,,0,0,STRONG SELL,4.795454545454546,0,3,3,Semiconductors & Chips
SR,2026-08-14,2.0,0.6049647529430665,3.0,0,0,3.0,3.0,4.0,57.37144745736782,3.0,0.48866074874565807,0,,0,0,HOLD,2.6941176470588237,1,0,5,Utilities
SRAD,2026-08-14,,,5.0,0,0,5.0,,3.0,48.63993341028913,5.0,0.07609251846695854,0,,0,0,STRONG SELL,5.0,0,3,3,Technology & Software
SRBK,2026-08-14,2.0,0.698649281804807,1.0,0,0,2.0,2.0,4.0,61.55474993250649,1.0,0.9627842007689071,1,4.0,0,0,STRONG BUY,1.3588235294117648,5,0,5,Banks & Financial Services
SRCE,2026-08-14,2.0,0.7629208155523947,1.0,0,0,2.0,,4.0,62.1558757492156,1.0,0.9358452348418713,1,1.0,0,0,STRONG BUY,1.2857142857142858,4,0,4,Banks & Financial Services
SRE,2026-08-14,3.0,0.45044360757339397,5.0,0,0,4.0,3.0,2.0,40.1459345126193,3.0,0.4222851440514447,1,3.0,0,0,HOLD,3.088235294117647,0,2,5,Utilities
SRG,2026-08-14,,,5.0,0,0,5.0,4.0,2.0,33.675687277677525,5.0,0.0,0,,0,0,STRONG SELL,4.745762711864407,0,4,4,Real Estate & REITs
SRI,2026-08-14,1.0,0.7886461227927571,3.0,0,0,4.0,4.0,3.0,50.013461825531,3.0,0.5550562040957202,0,,0,0,HOLD,2.7411764705882353,1,2,5,Automobiles
SRL,2026-08-14,,,4.0,0,0,4.0,,4.0,58.49470497653323,5.0,0.17726396563097768,0,,0,0,STRONG SELL,4.454545454545455,0,3,3,Investment & Holding Companies
SRPT,2026-08-14,2.0,0.7159298528955943,4.0,0,0,4.0,4.0,4.0,59.18747023385566,4.0,0.337851965697562,0,,0,0,HOLD,3.388235294117647,1,4,5,Pharmaceuticals & Biotech
SRRK,2026-08-14,5.0,0.04251968503937008,2.0,0,0,2.0,5.0,3.0,54.821800803941834,1.0,0.8194537498113778,0,,0,0,HOLD,3.211764705882353,3,2,5,Pharmaceuticals & Biotech
SRTA,2026-08-14,1.0,0.8250355618776672,2.0,0,0,2.0,4.0,4.0,60.530460228614345,2.0,0.7701613930491172,0,,0,0,BUY,2.0470588235294116,4,1,5,Healthcare Services
SRTS,2026-08-14,2.0,0.6955670328777106,4.0,0,0,5.0,3.0,2.0,40.74767893158919,5.0,0.06513403416821242,1,1.0,0,0,HOLD,3.3235294117647056,1,3,5,Medical Devices & Instruments
SRV,2026-08-14,,,2.0,0,0,2.0,,4.0,55.88977737090419,1.0,0.8751704770166252,0,,0,0,STRONG BUY,1.5454545454545454,3,0,3,Other
SRXH,2026-08-14,5.0,0.03758712278988281,5.0,0,0,5.0,4.0,2.0,42.17913885329142,5.0,0.018398185099164528,0,,0,0,STRONG SELL,4.823529411764706,0,5,5,Food & Beverage
SRZN,2026-08-14,5.0,0.0698989898989899,3.0,0,1,2.0,4.0,4.0,55.276015519121295,3.0,0.5631442575739886,1,1.0,0,0,HOLD,3.3117647058823536,1,2,5,Pharmaceuticals & Biotech
SSAC,2026-08-14,,,,0,0,,,4.0,67.90661247005181,1.0,1.0,0,,0,0,,,1,0,1,Investment & Holding Companies
SSB,2026-08-14,2.0,0.7278579732584836,1.0,0,0,3.0,3.0,5.0,74.38352506407782,1.0,1.0,0,,0,0,BUY,2.011764705882353,3,0,5,Banks & Financial Services
SSBI,2026-08-14,,,3.0,0,0,4.0,,2.0,43.85235517176835,2.0,0.6914285932268415,0,,0,0,HOLD,2.8863636363636367,1,1,3,
SSD,2026-08-14,4.0,0.3818627009812026,3.0,0,0,4.0,2.0,3.0,50.12210043556643,2.0,0.6960000162656459,0,,0,0,HOLD,3.0705882352941174,2,2,5,Industrial Machinery
SSEA,2026-08-14,4.0,0.25606299212598427,1.0,0,0,3.0,4.0,3.0,50.21863506312228,1.0,0.8974358347353142,0,,0,0,HOLD,2.8,2,2,5,Investment & Holding Companies
SSII,2026-08-14,5.0,0.11530000351231284,3.0,0,0,4.0,3.0,3.0,54.8907594942839,5.0,0.08968612566292129,1,3.0,0,0,SELL,3.958823529411765,0,3,5,Medical Devices & Instruments
SSL,2026-08-14,,,1.0,0,0,1.0,,3.0,53.390581342006925,2.0,0.6919642614808923,0,,0,0,STRONG BUY,1.4545454545454548,3,0,3,Oil & Gas
SSM,2026-08-14,1.0,0.9625414888572784,5.0,0,0,5.0,4.0,1.0,24.918947102695114,5.0,0.010860493863062091,0,,0,0,SELL,3.5999999999999996,1,4,5,Banks & Financial Services
SSMR,2026-08-14,5.0,0.1725984251968504,,0,0,,,3.0,48.756474901082186,,,0,,0,0,,,0,1,1,Mining & Minerals
SSNC,2026-08-14,3.0,0.42946069904802014,2.0,0,0,3.0,3.0,4.0,69.8921131484818,2.0,0.7183198360461042,0,,0,0,HOLD,2.658823529411765,2,0,5,Technology & Software
SSP,2026-08-14,,,3.0,0,0,2.0,4.0,4.0,64.04910433625042,3.0,0.5274477267808275,1,20.0,0,0,HOLD,2.7,1,1,4,Telecom & Media
SSRM,2026-08-14,3.0,0.4821857219685717,2.0,0,0,2.0,2.0,4.0,63.16509612922688,1.0,0.819430176251222,0,,0,0,BUY,2.070588235294118,4,0,5,Investment & Holding Companies
SST,2026-08-14,1.0,0.9523232323232323,4.0,0,0,5.0,4.0,4.0,59.37275477302307,5.0,0.1298013100106071,0,,0,0,HOLD,3.494117647058823,1,4,5,Technology & Software
SSTI,2026-08-14,2.0,0.7546916436447284,4.0,0,0,5.0,3.0,1.0,26.68131441557874,5.0,0.04403408003724748,1,1.0,0,0,HOLD,3.3235294117647056,1,3,5,Technology & Software
SSTK,2026-08-14,1.0,0.9289283038137212,5.0,0,0,5.0,1.0,2.0,34.01749269517633,5.0,0.016000459352044857,0,,0,0,HOLD,3.070588235294117,2,3,5,Technology & Software
SSYS,2026-08-14,1.0,0.8535433070866142,4.0,0,0,4.0,,4.0,59.26778870997746,4.0,0.31474105175089495,0,,0,0,HOLD,2.885714285714286,1,3,4,Computer Hardware
ST,2026-08-14,5.0,0.031294452347083924,3.0,0,0,2.0,3.0,3.0,49.37225799546917,2.0,0.7094197788848569,1,1.0,0,0,HOLD,2.9000000000000004,2,1,5,Medical Devices & Instruments
STAA,2026-08-14,4.0,0.3255377203793276,3.0,0,0,2.0,5.0,4.0,55.37334835362347,3.0,0.5846867782790162,1,1.0,0,0,HOLD,3.1823529411764713,1,2,5,Medical Devices & Instruments
STAG,2026-08-14,4.0,0.392895736531628,3.0,0,0,3.0,2.0,2.0,35.43100397148784,3.0,0.409031944633847,0,,0,0,HOLD,3.129411764705882,1,1,5,Investment & Holding Companies
STAK,2026-08-14,2.0,0.6598425196850394,3.0,0,0,2.0,,3.0,46.20533705554876,5.0,0.16369709604758667,0,,0,0,HOLD,2.9857142857142858,2,1,4,Industrial Machinery
STBA,2026-08-14,2.0,0.6939853975068392,1.0,0,0,2.0,2.0,3.0,52.4963381585758,1.0,0.8867281413107116,0,,0,0,STRONG BUY,1.6588235294117648,5,0,5,Banks & Financial Services
STC,2026-08-14,2.0,0.7339494644258608,3.0,0,0,4.0,2.0,3.0,51.56131934976328,2.0,0.6107596486923731,1,1.0,0,0,BUY,2.1588235294117646,3,1,5,Insurance
STDN,2026-08-14,,,,0,0,,,2.0,41.197398621019786,,,0,,0,0,,,0,0,0,Chemicals
STE,2026-08-14,4.0,0.3781224350824965,3.0,0,0,4.0,1.0,4.0,58.79069190808606,3.0,0.49990048640085877,0,,0,0,HOLD,3.129411764705883,1,2,5,Medical Devices & Instruments
STEM,2026-08-14,1.0,0.8921212121212121,5.0,0,0,5.0,3.0,3.0,52.73224488547561,5.0,0.05595814337433071,0,,0,0,HOLD,3.423529411764706,1,3,5,Technology & Software
STEP,2026-08-14,,,3.0,0,0,4.0,3.0,4.0,59.712694333188146,4.0,0.31155115020353974,1,1.0,0,0,HOLD,3.293220338983051,0,2,4,Investment & Brokerage
STEW,2026-08-14,,,1.0,1,0,3.0,,4.0,55.6127348819123,1.0,0.8649375648502619,0,,0,0,STRONG BUY,1.6818181818181817,2,0,3,Other
STEX,2026-08-14,3.0,0.4767678115427207,4.0,0,0,5.0,4.0,4.0,67.72861164164493,5.0,0.05561716874442357,1,1.0,0,0,SELL,3.805882352941177,0,4,5,Medical Devices & Instruments
STFS,2026-08-14,,,4.0,0,0,5.0,,2.0,36.28995016719819,5.0,0.010782348297366785,0,,0,0,STRONG SELL,4.795454545454546,0,3,3,Services
STG,2026-08-14,,,5.0,0,0,5.0,,2.0,40.17664231863325,5.0,0.07239266014766857,0,,0,0,STRONG SELL,5.0,0,3,3,Services
STGW,2026-08-14,,,1.0,0,0,1.0,2.0,4.0,67.93941186075025,1.0,0.9535352560369744,0,,0,0,STRONG BUY,1.254237288135593,4,0,4,Services
STHO,2026-08-14,1.0,0.8360820015513619,1.0,0,0,2.0,3.0,4.0,66.29616573842529,1.0,1.0,0,,0,0,STRONG BUY,1.5294117647058825,4,0,5,Real Estate & REITs
STI,2026-08-14,5.0,0.20405634056266325,4.0,0,0,1.0,4.0,3.0,50.69853191642015,5.0,0.14705882352941177,0,,0,0,SELL,4.011764705882353,1,4,5,Industrial Machinery
STIM,2026-08-14,4.0,0.33385300758493597,1.0,1,0,2.0,3.0,5.0,74.320564542486,1.0,0.8446214789388778,1,1.0,0,0,BUY,2.147058823529412,3,1,5,Medical Devices & Instruments
STK,2026-08-14,,,2.0,0,0,1.0,,4.0,60.51025779273085,1.0,0.8415328743775559,0,,0,0,STRONG BUY,1.2045454545454548,3,0,3,Other
STKE,2026-08-14,,,5.0,0,0,5.0,,2.0,41.3001429691876,5.0,0.01698204614651843,0,,0,0,STRONG SELL,5.0,0,3,3,Banks & Financial Services
STKH,2026-08-14,5.0,0.0009448818897637796,3.0,0,0,5.0,,4.0,57.251112994914784,5.0,0.12033451711835856,0,,0,0,STRONG SELL,4.742857142857143,0,3,4,Food & Beverage
STKS,2026-08-14,1.0,0.9781818181818182,5.0,0,0,5.0,4.0,3.0,52.09302998790111,5.0,0.110344892222876,0,,0,0,SELL,3.5999999999999996,1,4,5,Retail
STLA,2026-08-14,,,5.0,0,0,5.0,,2.0,36.56526668769066,5.0,0.004418293074653036,0,,0,0,STRONG SELL,5.0,0,3,3,Automobiles
STLD,2026-08-14,4.0,0.41471295465556346,1.0,0,0,1.0,3.0,3.0,52.560569901291636,1.0,0.8333880301443991,0,,0,0,BUY,2.2705882352941176,3,1,5,Metals
STLN,2026-08-14,2.0,0.6925252525252525,1.0,0,0,1.0,3.0,4.0,64.84605033243304,1.0,1.0,1,1.0,0,0,STRONG BUY,1.3588235294117645,4,0,5,
STM,2026-08-14,4.0,0.42236220472440944,3.0,0,0,1.0,,2.0,43.02640076071718,3.0,0.5656383031681007,0,,0,0,HOLD,2.942857142857143,1,1,4,Semiconductors & Chips
STN,2026-08-14,,,3.0,0,0,4.0,,4.0,58.94354998024305,5.0,0.1496849296138229,0,,0,0,STRONG SELL,4.250000000000001,0,2,3,Business & Research Services
STNE,2026-08-14,,,5.0,0,0,5.0,,1.0,29.80510782580413,5.0,0.0,0,,0,0,STRONG SELL,5.0,0,3,3,Technology & Software
STNG,2026-08-14,,,1.0,0,0,2.0,,4.0,56.25532313552261,1.0,0.8396426979172136,0,,0,0,STRONG BUY,1.340909090909091,3,0,3,Transportation & Logistics
STOK,2026-08-14,5.0,0.21482986838101084,4.0,0,0,2.0,3.0,3.0,51.687037124727425,2.0,0.6657224479731898,0,,0,0,HOLD,3.3058823529411767,2,2,5,Pharmaceuticals & Biotech
STRA,2026-08-14,2.0,0.7056425415377111,2.0,0,0,3.0,1.0,3.0,52.968059991487976,2.0,0.6689528369359812,1,1.0,0,0,STRONG BUY,1.7,4,0,5,Services
STRL,2026-08-14,5.0,0.1674667714125905,3.0,0,0,1.0,3.0,2.0,44.95305211954795,3.0,0.42040779576791143,0,,0,0,HOLD,3.2588235294117647,1,1,5,Construction & Materials
STRO,2026-08-14,3.0,0.4395959595959596,4.0,0,0,1.0,3.0,2.0,32.75785298151571,4.0,0.3921451795933897,0,,0,0,HOLD,2.9882352941176467,1,2,5,Pharmaceuticals & Biotech
STRR,2026-08-14,1.0,0.9199359288481127,4.0,0,0,3.0,5.0,2.0,32.26247608933217,4.0,0.3853211169712008,1,3.0,0,0,HOLD,2.7823529411764705,1,3,5,Services
STRT,2026-08-14,2.0,0.718357448109138,1.0,0,0,3.0,2.0,3.0,48.179923252197035,2.0,0.7438238056706922,0,,0,0,BUY,2.070588235294118,4,0,5,Automobiles
STRW,2026-08-14,4.0,0.3678067268297259,1.0,0,0,2.0,2.0,3.0,46.0068717732217,1.0,0.8041917426896068,1,1.0,0,0,BUY,1.970588235294118,4,1,5,Investment & Holding Companies
STRZ,2026-08-14,2.0,0.7636643631424526,3.0,0,0,1.0,4.0,3.0,49.370486235390395,1.0,0.8047310209296131,0,,0,0,BUY,2.0470588235294116,3,1,5,Hospitality & Leisure
STT,2026-08-14,3.0,0.48571727084778715,1.0,0,0,1.0,1.0,4.0,67.31060406413818,1.0,1.0,1,1.0,0,0,STRONG BUY,1.3117647058823527,4,0,5,Banks & Financial Services
STTK,2026-08-14,5.0,0.18998062238173108,1.0,0,0,1.0,4.0,4.0,55.54351745645198,1.0,0.929178470876791,0,,0,0,HOLD,2.7529411764705882,3,2,5,Pharmaceuticals & Biotech
STUB,2026-08-14,,,5.0,0,0,4.0,3.0,2.0,38.66153242041708,5.0,0.1250785537525856,0,,0,0,SELL,4.237288135593221,0,3,4,Hospitality & Leisure
STVN,2026-08-14,,,1.0,1,0,3.0,,4.0,61.067922684799804,3.0,0.5434390521679281,0,,0,0,HOLD,2.5909090909090917,1,0,3,Medical Devices & Instruments
STWD,2026-08-14,2.0,0.650972338131234,5.0,0,0,4.0,2.0,3.0,47.11602718388322,5.0,0.13840957349650726,0,,0,0,HOLD,3.376470588235294,2,3,5,Investment & Holding Companies
STX,2026-08-14,5.0,0.0823460058824142,2.0,0,0,1.0,1.0,4.0,62.0114127211913,1.0,0.8725442917398074,0,,0,0,BUY,2.329411764705882,4,1,5,Computer Hardware
STXS,2026-08-14,,,5.0,0,0,5.0,3.0,2.0,42.18142474966512,5.0,0.05194805529907496,0,,0,0,STRONG SELL,4.491525423728814,0,3,4,Medical Devices & Instruments
STZ,2026-08-14,,,4.0,0,0,4.0,3.0,4.0,62.685726369649,4.0,0.357221639579044,0,,0,0,SELL,3.745762711864407,0,3,4,Food & Beverage
SU,2026-08-14,,,1.0,0,0,2.0,,4.0,59.516557208912204,1.0,0.8909599906065049,0,,0,0,STRONG BUY,1.340909090909091,3,0,3,Oil & Gas
SUGP,2026-08-14,1.0,0.9451968503937008,5.0,0,0,5.0,,2.0,32.226703862064724,5.0,0.0013850425672566878,0,,0,0,SELL,3.5142857142857147,1,3,4,Services
SUI,2026-08-14,3.0,0.4530287368842611,4.0,0,0,4.0,3.0,4.0,56.24022755126646,4.0,0.37630927640830836,0,,0,0,SELL,3.5176470588235293,0,3,5,Investment & Holding Companies
SUJA,2026-08-14,,,,0,0,,,2.0,34.761753524978545,5.0,0.050918206032013684,0,,0,0,,,0,1,1,Food & Beverage
SUMA,2026-08-14,,,,0,0,,,3.0,52.51458806643521,2.0,0.7500019868233873,1,1.0,0,0,,,1,0,1,Investment & Holding Companies
SUNB,2026-08-14,5.0,0.2466054703018154,,0,0,,2.0,4.0,67.5887845239022,1.0,0.983468977611353,0,,0,0,HOLD,2.9508196721311477,2,1,3,Services
SUNE,2026-08-14,1.0,0.8877376894084946,2.0,0,0,1.0,2.0,3.0,52.053679300355405,4.0,0.3490195924435524,0,,0,0,BUY,1.988235294117647,4,1,5,Construction & Materials
SUNS,2026-08-14,2.0,0.6777540273038644,5.0,0,0,4.0,3.0,3.0,46.475635259404534,4.0,0.20894734267925752,0,,0,0,HOLD,3.3176470588235296,1,3,5,Investment & Holding Companies
SUPN,2026-08-14,4.0,0.4040908418296937,3.0,0,0,3.0,4.0,4.0,55.39940577104418,3.0,0.4180000305175781,0,,0,0,HOLD,3.4823529411764707,0,2,5,Pharmaceuticals & Biotech
SUPV,2026-08-14,,,5.0,0,0,4.0,,2.0,34.27809249170794,3.0,0.4112607464188623,0,,0,0,SELL,3.750000000000001,0,2,3,Banks & Financial Services
SUPX,2026-08-14,5.0,0.1568503937007874,5.0,0,0,5.0,,3.0,48.2688028382647,5.0,0.01705448514760453,0,,0,0,STRONG SELL,5.0,0,4,4,Business & Research Services
SUZ,2026-08-14,,,4.0,0,0,5.0,,3.0,46.77170160976616,5.0,0.11613517576353152,0,,0,0,STRONG SELL,4.795454545454546,0,3,3,Paper
SVAQ,2026-08-14,,,,0,0,3.0,,3.0,47.976115490848876,2.0,0.6800003051757812,0,,0,0,,,1,0,2,Investment & Holding Companies
SVC,2026-08-14,2.0,0.7341766749710774,5.0,0,0,5.0,3.0,3.0,46.46804105433809,4.0,0.27370940173265523,0,,0,0,HOLD,3.4941176470588244,1,3,5,Investment & Holding Companies
SVCC,2026-08-14,,,1.0,0,0,3.0,3.0,4.0,57.759613589801795,1.0,0.972972346013769,0,,0,0,BUY,2.016949152542373,2,0,4,Investment & Holding Companies
SVCO,2026-08-14,4.0,0.39364458812897907,3.0,0,0,1.0,4.0,2.0,38.7515682469589,4.0,0.3816288098148982,0,,0,0,HOLD,3.364705882352941,1,3,5,Technology & Software
SVIV,2026-08-14,,,,0,0,,,3.0,49.37733906233166,2.0,0.6111110129964625,0,,0,0,,,1,0,1,Investment & Holding Companies
SVM,2026-08-14,,,1.0,0,0,2.0,,4.0,63.27550125208523,2.0,0.6777095696680745,0,,0,0,BUY,1.7954545454545454,3,0,3,Mining & Minerals
SVRA,2026-08-14,5.0,0.08849833039691471,4.0,0,0,2.0,4.0,2.0,44.81198103635225,2.0,0.6030534564171754,0,,0,0,HOLD,3.4823529411764707,2,3,5,Pharmaceuticals & Biotech
SVRE,2026-08-14,,,4.0,0,0,4.0,,2.0,38.61982124241525,5.0,0.025310832942444714,1,1.0,0,0,SELL,4.154545454545455,0,3,3,Technology & Software
SVRN,2026-08-14,1.0,0.981732283464567,5.0,0,0,5.0,,3.0,49.983526676376464,5.0,0.061620466111066315,0,,0,0,SELL,3.5142857142857147,1,3,4,Transportation & Logistics
SVV,2026-08-14,3.0,0.4648560946584909,1.0,1,0,4.0,2.0,3.0,52.07846505357331,3.0,0.5385778927188555,0,,0,0,HOLD,2.788235294117647,2,1,5,Retail
SW,2026-08-14,2.0,0.6436588645944018,1.0,0,0,3.0,2.0,4.0,58.17056303307985,1.0,0.8951568493183484,0,,0,0,BUY,1.835294117647059,4,0,5,Paper
SWAG,2026-08-14,1.0,0.8242854547439082,4.0,0,0,2.0,3.0,2.0,38.36524056048782,4.0,0.21195652385177152,0,,0,0,HOLD,2.552941176470588,2,2,5,Services
SWBI,2026-08-14,3.0,0.5865295441225815,3.0,0,0,1.0,2.0,2.0,43.65439756757547,2.0,0.7543591599833877,0,,0,0,BUY,2.235294117647059,3,0,5,Industrial Machinery
SWIM,2026-08-14,3.0,0.5047913629026262,2.0,0,0,3.0,1.0,4.0,62.88531613121573,2.0,0.7335243870114468,0,,0,0,BUY,2.3058823529411763,3,0,5,"Rubber, Plastics & Leather"
SWK,2026-08-14,2.0,0.5890026396076786,1.0,0,0,2.0,2.0,4.0,63.31320340050581,1.0,0.9560535107993057,0,,0,0,STRONG BUY,1.6588235294117648,5,0,5,Industrial Machinery
SWKS,2026-08-14,3.0,0.5254035356142278,2.0,0,0,3.0,2.0,4.0,59.80171796825056,3.0,0.5601210012392924,0,,0,0,HOLD,2.7176470588235295,2,0,5,Semiconductors & Chips
SWMR,2026-08-14,5.0,0.05952755905511812,,0,0,,,3.0,54.07636663134769,4.0,0.29217789537811656,0,,0,0,,,0,2,2,Technology & Software
SWVL,2026-08-14,,,5.0,0,0,5.0,,3.0,50.020002307557114,5.0,0.03436422879023995,0,,0,0,STRONG SELL,5.0,0,3,3,Services
SWX,2026-08-14,2.0,0.6501892251683997,1.0,0,0,3.0,3.0,4.0,56.530660198686355,1.0,0.9585590791779591,0,,0,0,BUY,2.011764705882353,3,0,5,Utilities
SWZ,2026-08-14,,,4.0,0,0,4.0,,3.0,54.84564160743893,4.0,0.21739107899947133,1,2.0,0,0,SELL,3.7,0,3,3,Other
SXC,2026-08-14,,,1.0,0,0,2.0,4.0,4.0,58.20399037452932,1.0,0.9355800032655407,1,3.0,0,0,STRONG BUY,1.7169491525423732,3,1,4,Metals
SXI,2026-08-14,5.0,0.23760870201220355,2.0,0,0,1.0,4.0,4.0,58.133746574892164,1.0,0.8361060753015122,0,,0,0,HOLD,2.8588235294117648,3,2,5,Industrial Machinery
SXT,2026-08-14,5.0,0.2204836415362731,1.0,0,0,2.0,4.0,4.0,67.44051879417658,1.0,1.0,0,,0,0,HOLD,2.929411764705882,3,2,5,Chemicals
SXTC,2026-08-14,1.0,0.9017322834645669,4.0,0,0,3.0,,5.0,75.9280910707416,5.0,0.01428218968114419,0,,0,0,HOLD,2.9571428571428573,1,2,4,Pharmaceuticals & Biotech
SXTP,2026-08-14,2.0,0.6821697066443188,5.0,0,0,5.0,3.0,2.0,38.02325912556767,5.0,0.012335534555156699,0,,0,0,SELL,3.7294117647058824,1,3,5,Pharmaceuticals & Biotech
SY,2026-08-14,1.0,0.9716535433070866,3.0,0,0,5.0,,4.0,65.24532550637011,4.0,0.2613636167365909,0,,0,0,HOLD,2.9714285714285715,1,2,4,Technology & Software
SYBT,2026-08-14,3.0,0.5289147960875569,1.0,0,0,2.0,1.0,4.0,61.87470437684051,1.0,0.8866536379475808,0,,0,0,BUY,1.7882352941176471,4,0,5,Banks & Financial Services
SYF,2026-08-14,2.0,0.6785741542989588,1.0,1,0,3.0,1.0,4.0,65.94580893517367,2.0,0.7356712357874374,0,,0,0,BUY,1.8941176470588237,4,0,5,Banks & Financial Services
SYK,2026-08-14,5.0,0.23328591749644378,3.0,0,0,4.0,3.0,3.0,53.433123419051014,3.0,0.5286850894780897,0,,0,0,SELL,3.7882352941176474,0,2,5,Medical Devices & Instruments
SYM,2026-08-14,5.0,0.10669793455882096,4.0,0,0,4.0,3.0,3.0,50.635684612823056,5.0,0.08475273514479645,0,,0,0,STRONG SELL,4.364705882352941,0,4,5,Industrial Machinery
SYNA,2026-08-14,4.0,0.33862290368751086,3.0,0,0,2.0,3.0,3.0,46.33219076273533,3.0,0.562717495022795,0,,0,0,HOLD,3.129411764705883,1,1,5,Semiconductors & Chips
SYNX,2026-08-14,,,4.0,0,0,4.0,,3.0,52.74848296450659,4.0,0.29456633471594523,0,,0,0,SELL,4.0,0,3,3,Industrial Machinery
SYPR,2026-08-14,4.0,0.361259842519685,5.0,0,0,4.0,4.0,3.0,48.77281120813342,5.0,0.10169487844010387,0,,0,0,STRONG SELL,4.341176470588236,0,5,5,Medical Devices & Instruments
SYRE,2026-08-14,5.0,0.1474015748031496,1.0,0,0,1.0,4.0,4.0,56.14899182557833,1.0,0.9812174948899244,0,,0,0,HOLD,2.7529411764705882,3,2,5,Pharmaceuticals & Biotech
SYY,2026-08-14,3.0,0.4945471787577051,1.0,0,0,4.0,3.0,3.0,48.92338108006949,2.0,0.6802310455206259,0,,0,0,HOLD,2.729411764705883,2,1,5,Wholesale Trade
SZZL,2026-08-14,,,1.0,0,0,3.0,,5.0,74.83651368240925,1.0,1.0,0,,0,0,STRONG BUY,1.6818181818181817,2,0,3,Investment & Holding Companies
T,2026-08-14,1.0,0.9155998103366523,3.0,0,0,4.0,2.0,4.0,65.9300060430541,3.0,0.5702014911778484,0,,1,0,BUY,2.3882352941176475,2,1,5,Telecom & Media
TAC,2026-08-14,,,5.0,0,0,4.0,,3.0,47.02367789186837,5.0,0.1716319525305804,0,,0,0,STRONG SELL,4.659090909090909,0,3,3,Utilities
TACH,2026-08-14,,,1.0,0,0,3.0,3.0,4.0,64.61646003824458,1.0,0.9743583473531828,0,,0,0,BUY,2.016949152542373,2,0,4,Investment & Holding Companies
TACO,2026-08-14,4.0,0.2712185870080607,2.0,0,0,3.0,2.0,3.0,47.91574374617499,2.0,0.687499130766495,0,,0,0,HOLD,2.7882352941176474,3,1,5,Investment & Holding Companies
TACT,2026-08-14,2.0,0.6566091871859371,2.0,0,0,2.0,4.0,3.0,47.30204570453044,2.0,0.7490493172888817,1,1.0,0,0,BUY,2.052941176470588,4,1,5,Computer Hardware
TAK,2026-08-14,,,1.0,0,0,3.0,,4.0,61.39520234532531,2.0,0.7899461148299275,0,,0,0,BUY,2.1363636363636367,2,0,3,Pharmaceuticals & Biotech
TAL,2026-08-14,,,2.0,0,0,3.0,,4.0,56.05145458351055,2.0,0.6818181270848079,0,,0,0,BUY,2.3409090909090913,2,0,3,Services
TALK,2026-08-14,5.0,0.23955506883585298,1.0,0,0,1.0,2.0,4.0,59.17286656719814,1.0,1.0,0,,0,0,BUY,2.4,4,1,5,Healthcare Services
TALO,2026-08-14,1.0,0.8454553388733795,1.0,0,0,1.0,3.0,4.0,61.06935460092212,1.0,0.9022646410882662,0,,0,0,STRONG BUY,1.3529411764705885,4,0,5,Oil & Gas
TAOX,2026-08-14,3.0,0.42682127794549024,5.0,0,0,5.0,4.0,3.0,46.24914589805962,5.0,0.03296703708003805,0,,0,0,SELL,4.211764705882353,0,4,5,Banks & Financial Services
TAP,2026-08-14,,,3.0,0,0,4.0,3.0,4.0,57.410810654538004,4.0,0.2940583518589022,0,,0,0,SELL,3.593220338983051,0,2,4,Food & Beverage
TAP.A,2026-08-14,,,5.0,0,0,4.0,3.0,2.0,44.4394866523692,5.0,0.14626855187400642,1,2.0,0,0,SELL,3.9372881355932208,0,3,4,Food & Beverage
TARA,2026-08-14,2.0,0.6321259842519685,5.0,0,0,4.0,5.0,3.0,46.546639116085124,4.0,0.20750553270579247,0,,0,0,SELL,3.670588235294118,1,4,5,Pharmaceuticals & Biotech
TARS,2026-08-14,5.0,0.20800950260367265,3.0,0,0,2.0,3.0,4.0,65.57912262658203,3.0,0.598491566354901,0,,0,0,HOLD,3.4352941176470595,1,1,5,Pharmaceuticals & Biotech
TASK,2026-08-14,1.0,0.9388335704125178,3.0,0,0,3.0,1.0,4.0,64.9040416411753,3.0,0.4014921711164886,0,,0,0,BUY,2.0352941176470587,2,0,5,Technology & Software
TATT,2026-08-14,4.0,0.37984251968503935,5.0,0,0,4.0,,3.0,51.931620451791986,4.0,0.33103676196182935,0,,0,0,SELL,4.128571428571428,0,4,4,Aerospace & Defense
TAVI,2026-08-14,,,1.0,0,0,3.0,3.0,3.0,50.182888751559425,2.0,0.7499991485042626,0,,0,0,BUY,2.3559322033898304,2,0,4,Investment & Holding Companies
TAYD,2026-08-14,4.0,0.37630271832511764,4.0,0,0,4.0,4.0,3.0,53.785736647782265,4.0,0.28929530225539773,0,,0,0,SELL,4.0,0,5,5,Industrial Machinery
TBBB,2026-08-14,,,1.0,0,0,1.0,,4.0,69.71844927335428,1.0,0.9437799102192439,0,,0,0,STRONG BUY,1.0,3,0,3,Retail
TBBK,2026-08-14,4.0,0.40343177606985225,1.0,1,0,3.0,1.0,4.0,57.78245299870006,2.0,0.6306307270858736,1,1.0,0,0,BUY,2.2058823529411766,3,1,5,Banks & Financial Services
TBCH,2026-08-14,2.0,0.6018819175673674,5.0,0,0,3.0,2.0,3.0,49.59014210092029,4.0,0.3755395292526226,0,,0,0,HOLD,2.964705882352941,2,2,5,Industrial Machinery
TBI,2026-08-14,2.0,0.7080314960629921,1.0,0,0,1.0,4.0,4.0,67.73523933853238,1.0,0.9492454297712115,1,3.0,0,0,STRONG BUY,1.535294117647059,4,1,5,Services
TBLA,2026-08-14,2.0,0.6982784358971548,4.0,0,0,2.0,3.0,2.0,36.929167240379336,3.0,0.4182510246786811,0,,0,0,HOLD,2.623529411764706,2,1,5,Technology & Software
TBLD,2026-08-14,,,1.0,0,0,3.0,,4.0,65.77817648577042,1.0,0.955555599394756,0,,0,0,STRONG BUY,1.6818181818181817,2,0,3,Other
TBN,2026-08-14,3.0,0.5055118110236221,1.0,0,0,1.0,5.0,4.0,65.14499079986953,3.0,0.5605201878118203,0,,0,0,HOLD,2.7882352941176474,2,1,5,Oil & Gas
TBPH,2026-08-14,4.0,0.4004152323315485,3.0,0,0,3.0,1.0,4.0,58.38051186476801,3.0,0.5166666197980583,0,,0,0,HOLD,2.952941176470588,1,1,5,Pharmaceuticals & Biotech
TC,2026-08-14,,,5.0,0,0,5.0,,2.0,41.228653461938016,5.0,0.03590041304121208,0,,0,0,STRONG SELL,5.0,0,3,3,Services
TCBI,2026-08-14,2.0,0.7192982456140351,3.0,0,0,3.0,1.0,3.0,51.255172171403075,2.0,0.7819239331949485,1,2.0,0,0,BUY,1.8058823529411765,3,0,5,Banks & Financial Services
TCBK,2026-08-14,3.0,0.44021564041547095,1.0,0,0,2.0,1.0,3.0,52.48443579516115,1.0,0.8139449747077127,0,,0,0,BUY,1.7882352941176471,4,0,5,Banks & Financial Services
TCBS,2026-08-14,1.0,0.7687926686968685,3.0,0,0,3.0,2.0,3.0,48.17191663871894,2.0,0.6290383762440325,0,,0,0,BUY,1.9764705882352942,3,0,5,Banks & Financial Services
TCBX,2026-08-14,2.0,0.7524547642495358,1.0,0,0,3.0,3.0,5.0,74.54220868712879,1.0,1.0,1,1.0,0,0,STRONG BUY,1.7117647058823529,3,0,5,Banks & Financial Services
TCGX,2026-08-14,,,,0,0,,,,,,,0,,0,0,,,0,0,0,
TCI,2026-08-14,2.0,0.6159112299386859,5.0,0,0,5.0,3.0,2.0,36.470670830690246,5.0,0.10887257744197146,0,,0,0,SELL,3.7294117647058824,1,3,5,Investment & Holding Companies
TCMD,2026-08-14,3.0,0.5092050523158953,4.0,0,0,3.0,1.0,2.0,34.565373338142734,3.0,0.5718433067354924,0,,0,0,HOLD,2.7529411764705882,1,1,5,Medical Devices & Instruments
TCOM,2026-08-14,1.0,0.961259842519685,3.0,0,0,4.0,,3.0,48.60659012524906,5.0,0.13139058103243145,0,,0,0,HOLD,3.0428571428571427,1,2,4,Services
TCPC,2026-08-14,1.0,0.888503937007874,3.0,0,0,4.0,3.0,4.0,67.03750408717832,4.0,0.32544480285643484,1,4.0,0,0,HOLD,2.5000000000000004,1,2,5,Other
TCRT,2026-08-14,5.0,0.18773621720541936,5.0,0,0,5.0,4.0,2.0,41.91363795455906,5.0,0.06177604524908204,0,,0,0,STRONG SELL,4.823529411764706,0,5,5,Pharmaceuticals & Biotech
TCX,2026-08-14,1.0,0.9078787878787878,5.0,0,0,5.0,3.0,3.0,45.451936571711656,5.0,0.16289037721002197,0,,0,0,HOLD,3.423529411764706,1,3,5,Technology & Software
TD,2026-08-14,,,1.0,0,0,1.0,,4.0,63.2476852935957,1.0,0.9916980157549412,0,,0,0,STRONG BUY,1.0,3,0,3,Banks & Financial Services
TDAC,2026-08-14,,,1.0,0,0,3.0,3.0,4.0,67.67652144224343,1.0,0.963769017335448,0,,0,0,BUY,2.016949152542373,2,0,4,Investment & Holding Companies
TDAY,2026-08-14,3.0,0.4387093105812792,3.0,0,0,2.0,1.0,2.0,32.30052780735207,2.0,0.640794247209007,0,,0,0,BUY,2.235294117647059,3,0,5,Publishing & Media
TDC,2026-08-14,3.0,0.46533280613712164,4.0,0,0,3.0,2.0,2.0,42.91584520375882,3.0,0.41580754962629185,0,,0,0,HOLD,2.929411764705882,1,1,5,Technology & Software
TDF,2026-08-14,,,3.0,0,0,3.0,,3.0,49.1143959804637,3.0,0.41145671837969594,0,,0,0,HOLD,3.0000000000000004,0,0,3,Other
TDG,2026-08-14,5.0,0.24182076813655762,5.0,0,0,4.0,2.0,3.0,50.83428058816692,4.0,0.39108230777255165,1,1.0,0,0,SELL,3.7588235294117656,1,4,5,Aerospace & Defense
TDIC,2026-08-14,,,5.0,0,0,5.0,,3.0,45.83147252344689,5.0,0.0004633818886569821,0,,0,0,STRONG SELL,5.0,0,3,3,Business & Research Services
TDOC,2026-08-14,1.0,0.8294689804221098,3.0,0,0,3.0,2.0,2.0,38.686055298863515,3.0,0.4457142742961453,0,,0,0,BUY,2.211764705882353,2,0,5,Healthcare Services
TDS,2026-08-14,2.0,0.6371362101807936,5.0,0,0,4.0,2.0,3.0,52.51019349212566,5.0,0.15359850211631773,0,,0,0,HOLD,3.376470588235294,2,3,5,Telecom & Media
TDTH,2026-08-14,,,4.0,0,0,5.0,,2.0,37.552131486071836,5.0,0.014803625655099614,0,,0,0,STRONG SELL,4.795454545454546,0,3,3,Services
TDUP,2026-08-14,4.0,0.42297800820349574,4.0,1,0,5.0,3.0,1.0,23.10864649557523,5.0,0.0,1,1.0,0,0,SELL,3.935294117647059,0,4,5,Retail
TDW,2026-08-14,3.0,0.43350004367967576,1.0,0,0,1.0,2.0,5.0,70.59607381630371,1.0,1.0,0,,0,0,BUY,1.7882352941176471,4,0,5,Transportation & Logistics
TDWD,2026-08-14,,,,0,0,3.0,,5.0,74.3183448173275,1.0,1.0,0,,0,0,,,1,0,2,Investment & Holding Companies
TDY,2026-08-14,4.0,0.35423009534937333,1.0,0,0,3.0,1.0,4.0,58.95249002868983,1.0,0.9437702188374459,0,,0,0,BUY,2.2705882352941176,3,1,5,Medical Devices & Instruments
TE,2026-08-14,4.0,0.35938250004271055,4.0,0,0,3.0,2.0,2.0,43.66290105350751,4.0,0.3571428713607687,0,,0,0,HOLD,3.4705882352941173,1,3,5,Semiconductors & Chips
TEAM,2026-08-14,,,2.0,0,0,2.0,1.0,5.0,78.83338063811618,1.0,0.8391502313161026,0,,0,0,STRONG BUY,1.4067796610169494,4,0,4,Technology & Software
TECH,2026-08-14,5.0,0.2000607943368157,1.0,0,0,2.0,3.0,5.0,72.4952563941703,1.0,1.0,0,,0,0,HOLD,2.7529411764705882,3,1,5,Pharmaceuticals & Biotech
TECK,2026-08-14,,,1.0,0,0,2.0,,3.0,53.59664930495261,1.0,0.8238460017904402,0,,0,0,STRONG BUY,1.340909090909091,3,0,3,Mining & Minerals
TECX,2026-08-14,4.0,0.39023622047244094,2.0,0,0,1.0,3.0,4.0,59.3685052837417,1.0,0.8699396889304987,1,1.0,0,0,BUY,2.0764705882352943,3,1,5,Pharmaceuticals & Biotech
TEI,2026-08-14,,,1.0,0,0,3.0,,4.0,59.74254674357584,1.0,0.9683187264766763,0,,0,0,STRONG BUY,1.6818181818181817,2,0,3,Other
TEL,2026-08-14,4.0,0.2797534376481745,3.0,0,0,4.0,3.0,4.0,57.55628020370617,3.0,0.40507837747532244,0,,0,0,HOLD,3.482352941176471,0,2,5,Wholesale Trade
TELO,2026-08-14,5.0,0.1631496062992126,5.0,0,0,4.0,3.0,2.0,42.78326554673747,5.0,0.16913948336977216,0,,0,0,STRONG SELL,4.470588235294118,0,4,5,Pharmaceuticals & Biotech
TEM,2026-08-14,,,4.0,0,0,4.0,3.0,3.0,53.32739805510607,5.0,0.1709886403015651,0,,0,0,SELL,4.084745762711864,0,3,4,Technology & Software
TEN,2026-08-14,1.0,0.8730708661417322,1.0,0,0,1.0,,4.0,63.61584815829391,1.0,0.9207680140217267,0,,0,0,STRONG BUY,1.0,4,0,4,Transportation & Logistics
TENB,2026-08-14,5.0,0.19512689520112075,1.0,0,0,1.0,3.0,4.0,59.289508825466406,1.0,0.8376550321030923,0,,0,0,HOLD,2.5764705882352934,3,1,5,Technology & Software
TENX,2026-08-14,1.0,0.9137007874015747,4.0,0,0,5.0,5.0,1.0,18.92521935431907,5.0,0.025081142518173,0,,0,0,SELL,3.6705882352941175,1,4,5,Pharmaceuticals & Biotech
TEO,2026-08-14,,,2.0,0,0,2.0,,3.0,45.60393862052163,2.0,0.7209302841359849,0,,0,0,BUY,2.0,3,0,3,Telecom & Media
TER,2026-08-14,5.0,0.09250466292274609,2.0,0,0,1.0,3.0,4.0,60.341766168186524,1.0,0.8264496378634166,0,,0,0,HOLD,2.6823529411764704,3,1,5,Medical Devices & Instruments
TEVA,2026-08-14,4.0,0.35182550972024657,1.0,0,0,2.0,1.0,4.0,67.03294141111252,1.0,1.0,0,,0,0,BUY,2.0941176470588236,4,1,5,Pharmaceuticals & Biotech
TEX,2026-08-14,3.0,0.5429113323850165,2.0,0,0,3.0,3.0,3.0,54.06172205569286,2.0,0.7983370790618033,0,,0,0,HOLD,2.658823529411765,2,0,5,Industrial Machinery
TFC,2026-08-14,1.0,0.7724691098851457,1.0,0,0,3.0,,4.0,60.20379659372936,1.0,0.8941688994470872,0,,0,0,STRONG BUY,1.4285714285714286,3,0,4,Banks & Financial Services
TFII,2026-08-14,,,3.0,0,0,2.0,,3.0,53.63758877911836,1.0,0.8043529797194678,0,,0,0,BUY,1.7500000000000002,2,0,3,Transportation & Logistics
TFIN,2026-08-14,3.0,0.431181203737295,1.0,0,0,2.0,1.0,3.0,54.03588387890677,1.0,0.9162027389145493,1,1.0,0,0,STRONG BUY,1.488235294117647,4,0,5,Banks & Financial Services
TFPM,2026-08-14,,,3.0,0,0,3.0,,4.0,57.98565790857876,3.0,0.4064276745907784,0,,0,0,HOLD,3.0000000000000004,0,0,3,Investment & Holding Companies
TFSL,2026-08-14,4.0,0.376338760676718,1.0,0,0,2.0,2.0,3.0,47.71893684553713,1.0,0.8541358576373318,1,1.0,0,0,BUY,1.970588235294118,4,1,5,Banks & Financial Services
TFX,2026-08-14,,,1.0,0,0,2.0,3.0,4.0,55.15978609657215,1.0,0.9268500507578489,0,,0,0,BUY,1.7627118644067798,3,0,4,Medical Devices & Instruments
TG,2026-08-14,2.0,0.7578796018829662,3.0,0,0,4.0,2.0,3.0,51.664594480251985,3.0,0.40394081206534127,0,,0,0,HOLD,2.6941176470588237,2,1,5,Metals
TGB,2026-08-14,,,1.0,0,0,2.0,,4.0,59.15404427778748,1.0,0.9086207386996585,0,,0,0,STRONG BUY,1.340909090909091,3,0,3,Mining & Minerals
TGEN,2026-08-14,4.0,0.2984129097380609,5.0,0,0,4.0,4.0,2.0,44.21983410601931,5.0,0.1638530432344997,1,5.0,0,0,SELL,4.041176470588236,0,5,5,Industrial Machinery
TGHL,2026-08-14,,,1.0,0,0,1.0,,4.0,56.77516093170387,4.0,0.22984716346898543,0,,0,0,BUY,2.363636363636364,2,1,3,Technology & Software
TGL,2026-08-14,2.0,0.7614978054851198,5.0,0,0,5.0,4.0,2.0,42.3904979016077,5.0,0.009174311926605505,0,,0,0,SELL,3.905882352941177,1,4,5,Services
TGLS,2026-08-14,3.0,0.5638987271402877,5.0,0,0,5.0,3.0,2.0,42.2604286039653,5.0,0.09702642384132067,1,2.0,0,0,SELL,3.7352941176470598,0,3,5,Construction & Materials
TGS,2026-08-14,,,5.0,0,1,4.0,,2.0,39.23726349825482,3.0,0.5250000094112605,0,,0,0,SELL,3.750000000000001,0,2,3,Utilities
TGT,2026-08-14,3.0,0.5387213399004795,1.0,0,0,1.0,3.0,5.0,70.45073688760723,1.0,0.9859764544375,0,,0,0,BUY,1.964705882352941,3,0,5,Retail
TGTX,2026-08-14,5.0,0.2057450136817076,3.0,0,0,1.0,3.0,2.0,42.177925659652836,2.0,0.678704874682982,0,,0,0,HOLD,3.023529411764706,2,1,5,Pharmaceuticals & Biotech
TH,2026-08-14,4.0,0.2727628254853985,2.0,0,0,1.0,3.0,4.0,57.760019109208436,2.0,0.784615400005502,0,,0,0,HOLD,2.6117647058823534,3,1,5,Hospitality & Leisure
THC,2026-08-14,2.0,0.6320531057373162,1.0,1,0,2.0,,5.0,72.2805861962904,1.0,1.0,0,,0,0,STRONG BUY,1.5857142857142859,4,0,4,Healthcare Services
THCH,2026-08-14,,,5.0,0,0,5.0,,2.0,42.3366763763311,5.0,0.10852712390299728,0,,0,0,STRONG SELL,5.0,0,3,3,Retail
THEO,2026-08-14,,,,0,0,,,,,,,0,,0,0,,,0,0,0,
THFF,2026-08-14,2.0,0.6748862284044644,1.0,0,0,2.0,2.0,4.0,65.09038777519177,1.0,0.9775567481807943,0,,0,0,STRONG BUY,1.6588235294117648,5,0,5,Banks & Financial Services
THG,2026-08-14,1.0,0.8051209103840683,1.0,0,0,2.0,2.0,4.0,56.26241265218926,1.0,0.8901619434030378,0,,0,0,STRONG BUY,1.3529411764705885,5,0,5,Insurance
THH,2026-08-14,,,3.0,0,0,1.0,,5.0,81.27311802100374,5.0,0.043391065705741,0,,0,0,HOLD,3.2272727272727275,1,1,3,Hospitality & Leisure
THM,2026-08-14,4.0,0.2837795275590551,2.0,0,0,2.0,5.0,4.0,65.87858789046702,2.0,0.6367347377680196,0,,0,0,HOLD,3.1411764705882357,3,2,5,Mining & Minerals
THO,2026-08-14,2.0,0.6609767662399242,3.0,0,0,5.0,3.0,3.0,54.00588564926795,5.0,0.16026463756993764,1,1.0,0,0,HOLD,3.2176470588235295,1,2,5,Automobiles
THQ,2026-08-14,,,1.0,0,0,2.0,,4.0,67.14851192011596,1.0,0.9862249125240096,0,,0,0,STRONG BUY,1.340909090909091,3,0,3,Other
THRM,2026-08-14,3.0,0.572362128772509,1.0,0,0,2.0,3.0,4.0,64.25920596194351,1.0,0.9124999740849392,0,,0,0,BUY,2.1411764705882352,3,0,5,Automobiles
THRY,2026-08-14,1.0,0.8168376904715838,5.0,0,0,5.0,2.0,1.0,26.19307920211419,5.0,0.007672647111018318,1,5.0,0,0,HOLD,2.947058823529412,2,3,5,Services
THW,2026-08-14,,,1.0,0,0,2.0,,5.0,71.31693004406131,1.0,1.0,0,,0,0,STRONG BUY,1.340909090909091,3,0,3,Other
TIC,2026-08-14,2.0,0.7235259908537767,2.0,0,0,3.0,3.0,4.0,67.98480852738143,3.0,0.4163522640288794,0,,0,0,HOLD,2.588235294117647,2,0,5,Services
TIGO,2026-08-14,,,1.0,0,0,1.0,,3.0,48.474698117413574,1.0,0.83720839035277,0,,0,0,STRONG BUY,1.0,3,0,3,Telecom & Media
TIGR,2026-08-14,,,4.0,0,0,5.0,,2.0,43.179712762115166,5.0,0.027809939883705878,0,,0,0,STRONG SELL,4.795454545454546,0,3,3,Investment & Brokerage
TII,2026-08-14,,,3.0,0,0,3.0,,5.0,70.60730103606053,4.0,0.3781447699448254,0,,0,0,HOLD,3.454545454545455,0,1,3,Mining & Minerals
TIL,2026-08-14,1.0,0.9228346456692912,5.0,0,0,5.0,4.0,3.0,49.144911254919826,5.0,0.028985517818275748,0,,0,0,SELL,3.5999999999999996,1,4,5,Pharmaceuticals & Biotech
TILE,2026-08-14,3.0,0.5009621693061147,1.0,0,0,2.0,1.0,4.0,65.11819838534296,1.0,0.9462807058070841,0,,0,0,BUY,1.7882352941176471,4,0,5,Apparel & Textiles
TIMB,2026-08-14,,,5.0,0,0,5.0,,1.0,22.763558535128084,5.0,0.0038298936972572394,0,,0,0,STRONG SELL,5.0,0,3,3,Telecom & Media
TIPT,2026-08-14,4.0,0.3776623746521659,1.0,0,0,4.0,3.0,3.0,52.72747458679734,4.0,0.24883455864587156,1,1.0,0,0,HOLD,3.205882352941176,1,3,5,Insurance
TISI,2026-08-14,1.0,0.9692929292929293,1.0,0,0,2.0,3.0,5.0,75.23785624880772,1.0,0.9413520599840322,1,1.0,0,0,STRONG BUY,1.2294117647058824,4,0,5,Services
TITN,2026-08-14,1.0,0.9007843974976016,3.0,0,0,4.0,3.0,3.0,46.381243907337506,3.0,0.4278557769158821,0,,0,0,HOLD,2.564705882352941,1,1,5,Retail
TJGC,2026-08-14,4.0,0.35338582677165353,3.0,0,0,3.0,,2.0,41.57656262957365,3.0,0.4550063822188693,0,,0,0,HOLD,3.3714285714285714,0,1,4,Services
TJX,2026-08-14,5.0,0.13340870673351157,4.0,0,0,3.0,1.0,2.0,41.10570557456432,3.0,0.5591626774513041,0,,0,0,HOLD,3.364705882352941,1,2,5,Retail
TK,2026-08-14,,,1.0,0,0,2.0,,4.0,66.2149475852744,1.0,0.9006728986572543,0,,0,0,STRONG BUY,1.340909090909091,3,0,3,Transportation & Logistics
TKC,2026-08-14,,,5.0,0,0,4.0,,2.0,42.56655834276777,5.0,0.04519769749611997,0,,0,0,STRONG SELL,4.659090909090909,0,3,3,Telecom & Media
TKLF,2026-08-14,3.0,0.5231496062992126,5.0,0,0,5.0,,2.0,44.1513524713957,5.0,0.043689335276869065,0,,0,0,STRONG SELL,4.257142857142858,0,3,4,Retail
TKNO,2026-08-14,5.0,0.20706830508559146,1.0,0,0,1.0,3.0,5.0,76.8872489751989,1.0,0.9814814986515442,1,2.0,0,0,BUY,2.2764705882352936,3,1,5,Pharmaceuticals & Biotech
TKO,2026-08-14,5.0,0.08914177335229967,3.0,0,0,3.0,2.0,4.0,67.3128639565744,3.0,0.5505495152220161,0,,0,0,HOLD,3.4352941176470586,1,1,5,Hospitality & Leisure
TKR,2026-08-14,4.0,0.319108582266477,3.0,0,0,1.0,3.0,3.0,48.86612684354254,1.0,0.8430136413306053,0,,0,0,BUY,2.4823529411764707,2,1,5,Industrial Machinery
TLF,2026-08-14,1.0,0.9338067153840877,2.0,0,0,3.0,2.0,5.0,70.30513234352723,1.0,0.9383366030217228,0,,0,0,STRONG BUY,1.6352941176470588,4,0,5,"Rubber, Plastics & Leather"
TLIH,2026-08-14,5.0,0.1193700787401575,1.0,0,0,2.0,,4.0,60.85058563037764,2.0,0.6762948348611831,0,,0,0,HOLD,2.9857142857142858,3,1,4,Wholesale Trade
TLK,2026-08-14,,,3.0,0,0,5.0,,3.0,53.78501559075428,4.0,0.2145952780125761,0,,0,0,SELL,4.136363636363637,0,2,3,Telecom & Media
TLN,2026-08-14,5.0,0.1864883380045756,4.0,0,0,4.0,4.0,3.0,52.34655638237619,3.0,0.4183522856891415,0,,0,0,SELL,4.070588235294117,0,4,5,Utilities
TLNC,2026-08-14,,,3.0,0,0,3.0,,2.0,40.318338067360585,2.0,0.6666673289398133,0,,0,0,HOLD,2.545454545454546,1,0,3,Investment & Holding Companies
TLPH,2026-08-14,4.0,0.2755905511811024,1.0,0,0,1.0,3.0,2.0,44.790337577878255,2.0,0.7692307648221417,1,4.0,0,0,BUY,2.2058823529411766,3,1,5,Pharmaceuticals & Biotech
TLRY,2026-08-14,1.0,0.8796041509181611,4.0,0,0,5.0,4.0,4.0,56.064811738474205,5.0,0.046144857893334536,0,,0,0,HOLD,3.494117647058823,1,4,5,Pharmaceuticals & Biotech
TLS,2026-08-14,3.0,0.43674370290031006,5.0,0,0,4.0,3.0,3.0,49.83302371552308,5.0,0.17010304843952587,0,,0,0,SELL,3.858823529411765,0,3,5,Technology & Software
TLSA,2026-08-14,,,4.0,0,0,5.0,,4.0,57.976636942924515,5.0,0.17500000638621205,0,,0,0,STRONG SELL,4.795454545454546,0,3,3,Pharmaceuticals & Biotech
TLSI,2026-08-14,5.0,0.13436279503360254,2.0,0,0,2.0,3.0,4.0,61.017532748749396,3.0,0.552208833226396,1,5.0,0,0,HOLD,3.029411764705883,2,1,5,Medical Devices & Instruments
TLX,2026-08-14,,,1.0,0,0,2.0,,4.0,61.467019533659915,1.0,0.8825448199694731,0,,0,0,STRONG BUY,1.340909090909091,3,0,3,Pharmaceuticals & Biotech
TLYS,2026-08-14,,,3.0,0,0,1.0,3.0,3.0,47.01197320447472,2.0,0.6580796611217594,0,,0,0,BUY,2.152542372881356,2,0,4,Retail
TM,2026-08-14,1.0,0.9820472440944882,3.0,0,0,4.0,,4.0,60.66767481815519,4.0,0.3008925618107869,0,,0,0,HOLD,2.7571428571428576,1,2,4,Automobiles
TMC,2026-08-14,1.0,0.9691797060218112,5.0,0,0,5.0,4.0,3.0,46.549868376722635,5.0,0.07734809631808255,0,,0,0,SELL,3.5999999999999996,1,4,5,Mining & Minerals
TMCI,2026-08-14,3.0,0.46161695525158275,1.0,0,0,3.0,4.0,4.0,58.37753529817239,3.0,0.5523076993614967,0,,0,0,HOLD,2.9647058823529413,1,1,5,Medical Devices & Instruments
TMCR,2026-08-14,,,,0,0,,,4.0,63.06884659206038,4.0,0.23714288075764975,0,,0,0,,,0,1,1,Mining & Minerals
TMDX,2026-08-14,4.0,0.31491117750766845,3.0,0,0,5.0,2.0,4.0,65.01718852525502,4.0,0.300294203895791,0,,0,0,SELL,3.717647058823529,1,3,5,Medical Devices & Instruments
TME,2026-08-14,,,4.0,0,0,5.0,,3.0,45.19688331866274,5.0,0.03883141951495689,0,,0,0,STRONG SELL,4.795454545454546,0,3,3,Telecom & Media
TMO,2026-08-14,4.0,0.3063063063063063,2.0,0,0,2.0,3.0,4.0,62.73121959787761,2.0,0.7509021821662094,0,,0,0,HOLD,2.7882352941176474,3,1,5,Medical Devices & Instruments
TMP,2026-08-14,1.0,0.8999525841631104,1.0,0,0,2.0,3.0,4.0,63.79761136189437,1.0,1.0,0,,0,0,STRONG BUY,1.5294117647058825,4,0,5,Banks & Financial Services
TMQ,2026-08-14,4.0,0.2636220472440945,4.0,0,0,2.0,5.0,4.0,59.89360012935021,4.0,0.2411504381600522,0,,0,0,SELL,3.823529411764706,1,4,5,Mining & Minerals
TMS,2026-08-14,,,4.0,0,0,4.0,3.0,4.0,68.26750172491461,3.0,0.5260197155730117,0,,0,0,HOLD,3.40677966101695,0,2,4,Retail
TMTS,2026-08-14,,,,0,0,,,4.0,67.8443660640138,1.0,1.0,0,,0,0,,,1,0,1,Investment & Holding Companies
TMUS,2026-08-14,3.0,0.4559906685837196,4.0,0,0,4.0,2.0,3.0,52.322292055945205,5.0,0.17204393650166366,0,,0,0,SELL,3.576470588235294,1,3,5,Telecom & Media
TNC,2026-08-14,3.0,0.5774606106822538,4.0,0,0,4.0,3.0,2.0,31.4080015912174,4.0,0.25925475941251613,1,3.0,0,0,HOLD,3.2176470588235295,0,3,5,Industrial Machinery
TNDM,2026-08-14,4.0,0.3534856837547339,2.0,0,0,1.0,4.0,4.0,69.36859124071029,2.0,0.6852272275311898,0,,0,0,HOLD,2.7882352941176474,3,2,5,Medical Devices & Instruments
TNET,2026-08-14,4.0,0.4234148524861528,1.0,1,0,2.0,2.0,4.0,61.1987882681211,1.0,0.9237324300177343,0,,0,0,BUY,2.270588235294118,4,1,5,Services
TNGX,2026-08-14,5.0,0.18949603347067118,3.0,0,0,1.0,4.0,2.0,41.64380320320416,2.0,0.7249434528473924,0,,0,0,HOLD,3.2,2,2,5,Pharmaceuticals & Biotech
TNK,2026-08-14,,,1.0,0,0,1.0,,4.0,68.9871490534382,1.0,1.0,0,,0,0,STRONG BUY,1.0,3,0,3,Transportation & Logistics
TNL,2026-08-14,3.0,0.5035561877667141,1.0,0,0,2.0,1.0,3.0,50.99043272913184,1.0,0.8640354527697959,0,,0,0,BUY,1.7882352941176471,4,0,5,Hospitality & Leisure
TNON,2026-08-14,5.0,0.09809877983682927,2.0,0,0,1.0,3.0,5.0,78.02497838802167,1.0,0.836911292993673,0,,0,0,HOLD,2.6823529411764704,3,1,5,Medical Devices & Instruments
TNXP,2026-08-14,3.0,0.49822040117761207,4.0,0,0,5.0,3.0,4.0,59.73844765839325,5.0,0.06391051941021444,1,1.0,0,0,SELL,3.629411764705883,0,3,5,Pharmaceuticals & Biotech
TOL,2026-08-14,2.0,0.6470867655520726,3.0,0,0,3.0,2.0,3.0,46.88841992579193,3.0,0.5852967462534753,0,,0,0,HOLD,2.51764705882353,2,0,5,Construction & Materials
TOMZ,2026-08-14,5.0,0.13438282743354976,5.0,0,1,5.0,3.0,2.0,43.709121941532345,5.0,0.13142858232770646,0,,0,0,STRONG SELL,4.647058823529412,0,4,5,Chemicals
TONT,2026-08-14,,,2.0,0,0,3.0,4.0,3.0,52.592742017247026,3.0,0.46745601531295744,0,,0,0,HOLD,3.101694915254237,1,1,4,Investment & Holding Companies
TONX,2026-08-14,2.0,0.588165212728956,4.0,0,0,3.0,4.0,2.0,38.44998104172932,5.0,0.0430992769959759,0,,0,0,HOLD,3.4470588235294115,1,3,5,Banks & Financial Services
TOP,2026-08-14,5.0,0.08226602715707725,1.0,0,0,1.0,3.0,3.0,54.72277705983555,2.0,0.7330895797637289,0,,0,0,HOLD,2.8117647058823527,3,1,5,Investment & Brokerage
TORO,2026-08-14,1.0,0.8582677165354331,1.0,0,0,1.0,,4.0,65.519604777713,2.0,0.7815317885296862,0,,0,0,STRONG BUY,1.2857142857142858,4,0,4,Transportation & Logistics
TOST,2026-08-14,1.0,0.8764297434477718,2.0,0,0,3.0,1.0,4.0,63.836699659038935,3.0,0.5454545835299388,0,,0,0,BUY,1.9294117647058824,3,0,5,Technology & Software
TOUR,2026-08-14,2.0,0.6100787401574803,4.0,0,0,4.0,,2.0,41.926349788958206,5.0,0.10052588326634963,1,2.0,0,0,HOLD,3.2428571428571433,1,3,4,Transportation & Logistics
TOWN,2026-08-14,,,1.0,0,0,3.0,,4.0,57.271956142430874,1.0,0.8840567503894732,0,,0,0,STRONG BUY,1.6818181818181817,2,0,3,
TOYO,2026-08-14,3.0,0.5225196850393701,5.0,0,1,4.0,,3.0,50.822911987300415,5.0,0.11650486223456546,0,,0,0,SELL,4.042857142857144,0,3,4,Semiconductors & Chips
TP,2026-08-14,,,,0,0,,,,,,,0,,0,0,,,0,0,0,Hospitality & Leisure
TPB,2026-08-14,4.0,0.3859649122807017,4.0,0,0,5.0,2.0,4.0,58.06032885383802,4.0,0.23303091330369802,0,,0,0,SELL,3.8235294117647056,1,4,5,Food & Beverage
TPC,2026-08-14,3.0,0.46148359903660713,1.0,0,0,2.0,2.0,4.0,64.93425093574875,1.0,0.9470631704073679,1,2.0,0,0,STRONG BUY,1.6647058823529413,4,0,5,Construction & Materials
TPCS,2026-08-14,4.0,0.35655069465423905,1.0,1,0,2.0,2.0,5.0,79.64625959678177,1.0,1.0,0,,0,0,BUY,2.270588235294118,4,1,5,Industrial Machinery
TPG,2026-08-14,5.0,0.06353722143195828,2.0,0,0,3.0,2.0,5.0,70.79779497949275,3.0,0.5126048419006886,0,,0,0,HOLD,3.3294117647058825,2,1,5,Investment & Brokerage
TPL,2026-08-14,5.0,0.10456913969792574,4.0,0,0,4.0,4.0,2.0,41.92693217894692,4.0,0.321970520512256,1,2.0,0,0,SELL,4.005882352941177,0,5,5,Investment & Holding Companies
TPR,2026-08-14,4.0,0.27752685896727247,3.0,0,0,3.0,1.0,2.0,31.67344195097101,3.0,0.4908039018294315,0,,0,0,HOLD,2.952941176470588,1,1,5,"Rubber, Plastics & Leather"
TPST,2026-08-14,5.0,0.06425196850393701,5.0,0,0,5.0,4.0,3.0,49.094270874198784,5.0,0.01448878992994564,1,1.0,0,0,STRONG SELL,4.523529411764706,0,5,5,Pharmaceuticals & Biotech
TPVG,2026-08-14,1.0,0.9033460920989184,4.0,0,0,3.0,4.0,5.0,70.11402768012704,2.0,0.6193287958873361,0,,0,0,BUY,2.4352941176470586,2,2,5,Other
TR,2026-08-14,,,2.0,0,0,3.0,2.0,4.0,63.55221690352804,2.0,0.6569268822272727,0,,0,0,BUY,2.254237288135593,3,0,4,Food & Beverage
TRAD,2026-08-14,,,,0,0,,,2.0,44.72094592971283,3.0,0.4117627259365639,0,,0,0,,,0,0,1,Investment & Holding Companies
TRAK,2026-08-14,4.0,0.34141512590232825,5.0,0,0,5.0,3.0,3.0,46.113126494289865,5.0,0.13317180293725658,0,,0,0,STRONG SELL,4.341176470588236,0,4,5,Technology & Software
TRAX,2026-08-14,5.0,0.13165354330708662,,0,0,,,4.0,60.6484134244182,1.0,0.8809816737722233,0,,0,0,,,1,1,2,Pharmaceuticals & Biotech
TRC,2026-08-14,3.0,0.5368138523580089,4.0,0,0,4.0,2.0,1.0,28.214096726920957,5.0,0.16565670304950378,0,,0,0,SELL,3.576470588235294,1,3,5,Real Estate & REITs
TRDA,2026-08-14,3.0,0.4650345410967453,4.0,0,0,3.0,4.0,4.0,58.13550597479891,4.0,0.21877848064043443,0,,0,0,SELL,3.51764705882353,0,3,5,Pharmaceuticals & Biotech
TREE,2026-08-14,1.0,0.7871691810753445,5.0,0,0,5.0,3.0,2.0,36.2204516003075,5.0,0.023783055232388314,0,,0,0,HOLD,3.423529411764706,1,3,5,Banks & Financial Services
TREX,2026-08-14,4.0,0.3145715204193728,2.0,0,0,3.0,3.0,4.0,60.99775980029352,3.0,0.5592200010906949,1,1.0,0,0,HOLD,2.9000000000000004,1,1,5,Wood & Furniture
TRGP,2026-08-14,5.0,0.24702816918698514,1.0,0,0,1.0,2.0,4.0,55.84076590015536,1.0,0.9400149245350202,0,,0,0,BUY,2.4,4,1,5,Utilities
TRGS,2026-08-14,,,,0,0,,,3.0,53.88937381439499,2.0,0.7500019868233725,1,1.0,0,0,,,1,0,1,Investment & Holding Companies
TRI,2026-08-14,,,3.0,0,0,3.0,,4.0,56.35914447598318,4.0,0.2815488741166293,0,,0,0,HOLD,3.454545454545455,0,1,3,Publishing & Media
TRIB,2026-08-14,,,1.0,0,0,1.0,,4.0,67.63466137220092,1.0,0.8688650288643603,0,,0,0,STRONG BUY,1.0,3,0,3,Pharmaceuticals & Biotech
TRIN,2026-08-14,2.0,0.7191002559773807,1.0,0,0,2.0,,4.0,57.17716171402688,1.0,0.9779685740083794,1,3.0,0,0,STRONG BUY,1.2857142857142858,4,0,4,Other
TRIP,2026-08-14,2.0,0.6152983506148704,4.0,1,0,4.0,1.0,2.0,33.41165057220935,5.0,0.15151515735337834,0,,0,0,HOLD,3.0941176470588236,2,3,5,Technology & Software
TRLV,2026-08-14,3.0,0.5567033731702793,2.0,0,0,2.0,3.0,4.0,59.601139395944855,3.0,0.5934465443540743,0,,0,0,HOLD,2.7176470588235295,2,0,5,Pharmaceuticals & Biotech
TRMB,2026-08-14,4.0,0.4023381773443028,3.0,0,0,4.0,3.0,4.0,55.796459753321145,4.0,0.25086206131117506,0,,0,0,SELL,3.717647058823529,0,3,5,Medical Devices & Instruments
TRMD,2026-08-14,,,1.0,0,0,2.0,,4.0,55.81951315942805,2.0,0.7504647002286079,0,,0,0,BUY,1.7954545454545454,3,0,3,Transportation & Logistics
TRMK,2026-08-14,2.0,0.7020836521525583,1.0,0,0,2.0,2.0,4.0,61.573727923469605,1.0,0.9815651675135036,0,,0,0,STRONG BUY,1.6588235294117648,5,0,5,Banks & Financial Services
TRN,2026-08-14,1.0,0.8824087245139878,4.0,0,0,4.0,1.0,2.0,34.594602107696176,4.0,0.388940246201735,0,,0,0,HOLD,2.552941176470588,2,3,5,Transportation Equipment
TRNO,2026-08-14,4.0,0.42183859720830796,2.0,0,0,3.0,3.0,2.0,41.60290311702262,2.0,0.7051060231207787,0,,0,0,HOLD,2.9647058823529413,2,1,5,Real Estate & REITs
TRNR,2026-08-14,2.0,0.7475165533059914,5.0,0,0,5.0,2.0,3.0,50.905245359156616,5.0,0.0031974677677837566,0,,0,0,SELL,3.552941176470588,2,3,5,Industrial Machinery
TRNS,2026-08-14,4.0,0.3904404429862474,2.0,0,0,2.0,3.0,4.0,55.72156375391952,1.0,0.9111596253783705,0,,0,0,HOLD,2.552941176470588,3,1,5,Medical Devices & Instruments
TRON,2026-08-14,5.0,0.23925260551839897,5.0,0,0,4.0,3.0,3.0,49.58639803163302,5.0,0.06666666394964584,0,,0,0,STRONG SELL,4.470588235294118,0,4,5,Banks & Financial Services
TROO,2026-08-14,5.0,0.24598425196850393,5.0,0,1,3.0,,3.0,47.89415535595168,4.0,0.2802850387569648,0,,0,0,STRONG SELL,4.285714285714286,0,3,4,Banks & Financial Services
TROW,2026-08-14,3.0,0.5159785837470919,2.0,0,0,3.0,3.0,2.0,40.90976709012559,2.0,0.695442082172408,0,,0,0,HOLD,2.658823529411765,2,0,5,Investment & Brokerage
TROX,2026-08-14,1.0,0.8726569674877303,5.0,0,1,3.0,4.0,3.0,45.20980218736197,3.0,0.41744984972999466,0,,0,0,HOLD,2.7764705882352945,1,2,5,Chemicals
TRP,2026-08-14,3.0,0.4566929133858268,3.0,0,0,3.0,,2.0,38.363195331476426,2.0,0.6978261128925064,0,,0,0,HOLD,2.714285714285715,1,0,4,Utilities
TRS,2026-08-14,2.0,0.6932491599058382,3.0,0,0,3.0,3.0,2.0,40.704385945958286,3.0,0.5681096891272118,1,1.0,0,0,BUY,2.394117647058824,1,0,5,Industrial Machinery
TRSG,2026-08-14,,,3.0,0,0,3.0,,3.0,47.231027851364416,3.0,0.5834246182526728,0,,0,0,HOLD,3.0000000000000004,0,0,3,Industrial Machinery
TRST,2026-08-14,2.0,0.6254241044826302,1.0,0,0,1.0,2.0,4.0,59.01165920005041,1.0,0.9820635494733807,1,1.0,0,0,STRONG BUY,1.1823529411764706,5,0,5,Banks & Financial Services
TRT,2026-08-14,4.0,0.42078519228801087,2.0,0,0,1.0,3.0,3.0,54.92778682899946,3.0,0.5087217842813685,0,,0,0,HOLD,2.8470588235294123,2,1,5,Industrial Machinery
TRTX,2026-08-14,1.0,0.8653071964455474,5.0,0,0,4.0,2.0,2.0,39.257693046694094,4.0,0.3918916517861109,0,,0,0,HOLD,2.835294117647059,2,3,5,Investment & Holding Companies
TRU,2026-08-14,4.0,0.37721122969594384,2.0,0,0,3.0,1.0,4.0,55.321887571295754,3.0,0.5568373781152444,0,,0,0,HOLD,2.847058823529412,2,1,5,Services
TRUP,2026-08-14,3.0,0.4849860076504504,2.0,0,0,4.0,4.0,4.0,66.73347507588005,4.0,0.3260792169514624,0,,0,0,HOLD,3.482352941176471,1,3,5,Insurance
TRV,2026-08-14,3.0,0.5797822858825938,1.0,0,0,2.0,1.0,3.0,53.647202422221596,1.0,0.8063538622894207,0,,0,0,BUY,1.7882352941176471,4,0,5,Insurance
TRVG,2026-08-14,,,2.0,0,0,1.0,,2.0,44.982330125553666,1.0,0.8187919457717702,0,,0,0,STRONG BUY,1.2045454545454548,3,0,3,Technology & Software
TRVI,2026-08-14,5.0,0.1489763779527559,1.0,0,0,1.0,3.0,3.0,54.86654400359228,1.0,0.91673331188266,0,,0,0,HOLD,2.5764705882352934,3,1,5,Pharmaceuticals & Biotech
TRX,2026-08-14,,,2.0,0,0,3.0,,4.0,68.89745810219483,3.0,0.4239130295700414,0,,0,0,HOLD,2.795454545454546,1,0,3,Mining & Minerals
TS,2026-08-14,,,3.0,0,0,2.0,,2.0,41.39470921358608,2.0,0.6630218744174444,0,,0,0,BUY,2.2045454545454546,2,0,3,Metals
TSAT,2026-08-14,,,1.0,0,0,1.0,,3.0,53.704331584508125,2.0,0.7405352828671069,0,,0,0,STRONG BUY,1.4545454545454548,3,0,3,Telecom & Media
TSBK,2026-08-14,2.0,0.7052039930614057,1.0,0,0,2.0,1.0,4.0,63.666753991899455,1.0,0.9770546202141385,0,,0,0,STRONG BUY,1.4823529411764707,5,0,5,Banks & Financial Services
TSCO,2026-08-14,3.0,0.4505762616444939,3.0,0,0,5.0,2.0,4.0,69.87925634027155,4.0,0.20610132522283406,0,,0,0,HOLD,3.411764705882353,1,2,5,Retail
TSEM,2026-08-14,5.0,0.11811023622047243,2.0,0,0,1.0,,4.0,57.71703185101729,1.0,0.8097266695584213,0,,0,0,HOLD,2.6142857142857143,3,1,4,Semiconductors & Chips
TSHA,2026-08-14,5.0,0.1517610009072029,3.0,0,0,1.0,3.0,3.0,47.35871436573096,2.0,0.7518071840629306,0,,0,0,HOLD,3.023529411764706,2,1,5,Pharmaceuticals & Biotech
TSI,2026-08-14,,,5.0,0,0,4.0,,3.0,51.59428001969684,5.0,0.15133047823156334,1,1.0,0,0,STRONG SELL,4.359090909090909,0,3,3,Other
TSLA,2026-08-14,5.0,0.10734906936037784,5.0,0,0,4.0,3.0,3.0,48.81739271402444,4.0,0.22943193907699777,0,,0,0,SELL,4.23529411764706,0,4,5,Automobiles
TSLX,2026-08-14,2.0,0.762403060029526,3.0,0,0,4.0,2.0,4.0,61.92636358889765,3.0,0.4029423867328239,1,6.0,0,0,BUY,2.394117647058824,2,1,5,Other
TSM,2026-08-14,,,2.0,0,0,2.0,,3.0,54.346371931954394,2.0,0.7973304220515347,1,3.0,0,0,STRONG BUY,1.7,3,0,3,Semiconductors & Chips
TSN,2026-08-14,5.0,0.21005215742057848,3.0,0,0,4.0,3.0,3.0,50.380056901552884,3.0,0.46554945409857545,0,,0,0,SELL,3.7882352941176474,0,2,5,Food & Beverage
TSQ,2026-08-14,1.0,0.9442424242424242,4.0,0,0,4.0,3.0,2.0,39.51220381320064,3.0,0.5263908887117574,0,,0,0,HOLD,2.670588235294118,1,2,5,Telecom & Media
TSSI,2026-08-14,3.0,0.5347549629766142,4.0,0,0,3.0,2.0,2.0,41.722853173820035,4.0,0.20444446139865452,0,,0,0,HOLD,3.164705882352941,1,2,5,Business & Research Services
TT,2026-08-14,5.0,0.2010475446959024,2.0,0,0,3.0,1.0,3.0,53.50240799068347,1.0,0.8193904825997734,0,,0,0,HOLD,2.682352941176471,3,1,5,Medical Devices & Instruments
TTAM,2026-08-14,,,4.0,0,0,4.0,,2.0,44.78809335945704,4.0,0.36756818680390174,1,1.0,0,0,SELL,3.7,0,3,3,Mining & Minerals
TTAN,2026-08-14,3.0,0.4786173250673216,2.0,0,0,3.0,2.0,4.0,63.97339887513115,3.0,0.5457795680242394,0,,0,0,HOLD,2.7176470588235295,2,0,5,Technology & Software
TTC,2026-08-14,4.0,0.35544959756423133,1.0,0,0,3.0,2.0,4.0,57.36348240902085,1.0,0.9259215559584282,0,,0,0,BUY,2.447058823529412,3,1,5,Industrial Machinery
TTD,2026-08-14,2.0,0.6832622095779991,5.0,0,0,5.0,1.0,2.0,34.46633747774801,5.0,0.017869906962788184,1,1.0,0,0,HOLD,3.0764705882352943,2,3,5,Technology & Software
TTE,2026-08-14,,,1.0,0,0,2.0,,4.0,61.06943947163432,1.0,0.8601291875625255,0,,0,0,STRONG BUY,1.340909090909091,3,0,3,Oil & Gas
TTEC,2026-08-14,1.0,0.9850505050505051,4.0,0,0,5.0,2.0,2.0,30.213609257156193,5.0,0.004329000084375404,1,1.0,0,0,HOLD,2.841176470588235,2,3,5,Services
TTEK,2026-08-14,4.0,0.3916594739048816,2.0,0,0,3.0,2.0,5.0,72.19338648125688,2.0,0.6357593458218196,0,,0,0,HOLD,2.7882352941176474,3,1,5,Business & Research Services
TTGT,2026-08-14,1.0,0.8763726549608734,4.0,0,0,5.0,3.0,3.0,46.096782729256354,5.0,0.12569827342322734,0,,0,0,HOLD,3.317647058823529,1,3,5,Telecom & Media
TTI,2026-08-14,4.0,0.29256563780491973,5.0,0,1,3.0,3.0,3.0,47.70931664908563,3.0,0.5511905148456444,0,,0,0,SELL,3.51764705882353,0,2,5,Oil & Gas
TTMI,2026-08-14,5.0,0.2215755777010286,3.0,0,0,1.0,2.0,3.0,51.28473243927914,3.0,0.550906778627257,0,,0,0,HOLD,3.0823529411764707,2,1,5,Semiconductors & Chips
TTRX,2026-08-14,5.0,0.0034645669291338585,1.0,0,0,1.0,4.0,3.0,54.64647750752831,1.0,0.8761174614967693,0,,0,0,HOLD,2.7529411764705882,3,2,5,Pharmaceuticals & Biotech
TTWO,2026-08-14,5.0,0.17461590047951525,1.0,0,0,2.0,2.0,3.0,54.156216018761555,2.0,0.7887050921895604,0,,0,0,HOLD,2.8117647058823527,4,1,5,Technology & Software
TU,2026-08-14,,,5.0,0,0,5.0,,2.0,41.56904917808199,5.0,0.03803321124000196,0,,0,0,STRONG SELL,5.0,0,3,3,Telecom & Media
TULP,2026-08-14,1.0,0.8506721736329977,5.0,0,0,4.0,5.0,3.0,52.85662900850311,5.0,0.13281246944097733,0,,0,0,SELL,3.5999999999999996,1,4,5,Agriculture
TURB,2026-08-14,,,5.0,0,0,3.0,,2.0,40.101009411364174,5.0,0.0586838528752911,0,,0,0,STRONG SELL,4.318181818181818,0,2,3,Industrial Machinery
TUSK,2026-08-14,2.0,0.6177009678864149,2.0,0,0,1.0,3.0,4.0,63.457813886724594,2.0,0.7535544991565518,0,,0,0,BUY,2.0,4,0,5,Oil & Gas
TUYA,2026-08-14,1.0,0.9952755905511812,4.0,0,0,4.0,,3.0,54.795820525634966,5.0,0.17875095876145758,0,,0,0,HOLD,3.1714285714285713,1,3,4,Technology & Software
TV,2026-08-14,,,3.0,0,0,3.0,,4.0,58.50868352996943,3.0,0.5045872603128051,0,,0,0,HOLD,3.0000000000000004,0,0,3,Telecom & Media
TVA,2026-08-14,,,3.0,0,0,3.0,3.0,4.0,55.12808249828303,4.0,0.2792209843033873,0,,0,0,HOLD,3.3389830508474576,0,1,4,Investment & Holding Companies
TVAI,2026-08-14,,,1.0,0,0,3.0,2.0,3.0,54.33321343039311,1.0,0.9230774873821397,0,,0,0,BUY,1.7627118644067798,3,0,4,Investment & Holding Companies
TVC,2026-08-14,,,3.0,0,0,3.0,2.0,4.0,61.16703200414306,2.0,0.7688990599824415,0,,0,0,BUY,2.406779661016949,2,0,4,Utilities
TVE,2026-08-14,,,5.0,0,0,4.0,2.0,4.0,55.636255434973215,3.0,0.4191152104274826,0,,0,0,HOLD,3.3050847457627124,1,2,4,Utilities
TVGN,2026-08-14,,,5.0,0,0,5.0,4.0,4.0,57.465206060484334,5.0,0.06606073570350153,0,,0,0,STRONG SELL,4.745762711864407,0,4,4,Pharmaceuticals & Biotech
TVIV,2026-08-14,,,,0,0,,,3.0,53.42342300738964,,,0,,0,0,,,0,0,0,Investment & Holding Companies
TVRD,2026-08-14,2.0,0.6170151036129583,5.0,0,0,5.0,5.0,2.0,39.45824499473011,5.0,0.009643201074552778,0,,0,0,SELL,4.08235294117647,1,4,5,Pharmaceuticals & Biotech
TVTX,2026-08-14,5.0,0.09109189660176131,1.0,0,0,1.0,2.0,4.0,62.9035566236256,1.0,0.9863826279704033,0,,0,0,BUY,2.4,4,1,5,Pharmaceuticals & Biotech
TW,2026-08-14,1.0,0.9110168571390671,3.0,0,0,4.0,1.0,4.0,59.44483711930404,4.0,0.38466003050206976,0,,0,0,BUY,2.447058823529412,2,2,5,Investment & Brokerage
TWAV,2026-08-14,1.0,0.8349606299212599,5.0,0,0,3.0,4.0,3.0,46.223377438018815,5.0,0.19867548218035289,0,,0,0,HOLD,3.2470588235294118,1,3,5,Technology & Software
TWFG,2026-08-14,5.0,0.17496443812233287,1.0,1,0,2.0,1.0,3.0,51.62710249538339,2.0,0.786580467453105,0,,0,0,HOLD,2.635294117647059,4,1,5,Insurance
TWG,2026-08-14,3.0,0.474015748031496,5.0,0,0,5.0,,1.0,22.211512756452663,5.0,0.0,0,,0,0,STRONG SELL,4.257142857142858,0,3,4,Food & Beverage
TWI,2026-08-14,1.0,0.8743340048518294,5.0,0,0,5.0,4.0,2.0,39.39936246286582,5.0,0.056603775471054184,0,,0,0,SELL,3.5999999999999996,1,4,5,Metals
TWIN,2026-08-14,2.0,0.6354650314543452,1.0,0,0,1.0,4.0,4.0,61.3033622213285,1.0,0.9975279177549049,0,,0,0,BUY,1.835294117647059,4,1,5,Industrial Machinery
TWLO,2026-08-14,5.0,0.24515684652439546,1.0,0,0,1.0,2.0,4.0,62.77158437685316,1.0,0.8861157453452421,0,,0,0,BUY,2.4,4,1,5,Technology & Software
TWLV,2026-08-14,,,,0,0,3.0,3.0,5.0,75.74356550608083,4.0,0.37037004332154194,0,,0,0,HOLD,3.4,0,1,3,Investment & Holding Companies
TWN,2026-08-14,,,2.0,0,0,1.0,,4.0,64.761582666898,1.0,0.9298142436803557,1,1.0,0,0,STRONG BUY,1.0,3,0,3,Other
TWO,2026-08-14,1.0,0.9133858267716536,3.0,0,0,2.0,4.0,3.0,48.12553542344772,2.0,0.7426929954486401,0,,0,0,BUY,2.1529411764705886,3,1,5,Investment & Holding Companies
TWST,2026-08-14,5.0,0.06929133858267716,1.0,0,0,1.0,4.0,4.0,63.21401531882112,1.0,0.9335508637424326,0,,0,0,HOLD,2.7529411764705882,3,2,5,Pharmaceuticals & Biotech
TX,2026-08-14,,,1.0,0,0,1.0,,4.0,67.10004928761728,1.0,0.9547754643296197,0,,0,0,STRONG BUY,1.0,3,0,3,Metals
TXG,2026-08-14,5.0,0.16861958451714348,1.0,0,0,1.0,3.0,4.0,66.99267578666706,1.0,0.9474910106654025,0,,0,0,HOLD,2.5764705882352934,3,1,5,Medical Devices & Instruments
TXMD,2026-08-14,3.0,0.5199300702104618,1.0,0,0,3.0,2.0,3.0,52.207887343202124,3.0,0.5953756994415492,0,,0,0,HOLD,2.6117647058823525,2,0,5,Pharmaceuticals & Biotech
TXN,2026-08-14,5.0,0.173067804646752,3.0,0,0,2.0,2.0,3.0,47.69308459237927,2.0,0.7163008011645279,0,,0,0,HOLD,3.023529411764706,3,1,5,Semiconductors & Chips
TXNM,2026-08-14,3.0,0.47564512362593814,4.0,0,0,3.0,3.0,3.0,51.20640939671656,2.0,0.6038039450155536,0,,0,0,HOLD,2.8705882352941177,1,1,5,Utilities
TXRH,2026-08-14,4.0,0.3200546834254884,1.0,0,0,2.0,3.0,4.0,57.87217374509632,1.0,0.8784422772091024,0,,0,0,BUY,2.447058823529412,3,1,5,Retail
TXT,2026-08-14,2.0,0.6306611292696699,4.0,0,0,4.0,1.0,3.0,48.78853153209483,3.0,0.46473667164662497,0,,0,0,HOLD,2.623529411764706,2,2,5,Aerospace & Defense
TY,2026-08-14,,,1.0,0,0,3.0,,4.0,65.06838981753,1.0,0.9795376689217208,0,,0,0,STRONG BUY,1.6818181818181817,2,0,3,Other
TYG,2026-08-14,,,3.0,0,0,3.0,,4.0,63.72799830964358,2.0,0.6102620091071422,0,,0,0,HOLD,2.545454545454546,1,0,3,Other
TYGO,2026-08-14,2.0,0.7319034947003177,5.0,0,0,5.0,2.0,2.0,32.34011371052304,5.0,0.010050271876560036,0,,0,0,SELL,3.552941176470588,2,3,5,Semiconductors & Chips
TYL,2026-08-14,5.0,0.24668299689612055,3.0,0,0,4.0,1.0,4.0,58.261123478963114,5.0,0.17911207643763785,1,2.0,0,0,SELL,3.6058823529411765,1,3,5,Technology & Software
TYRA,2026-08-14,4.0,0.28566929133858265,4.0,0,0,2.0,5.0,2.0,33.79145067680828,3.0,0.5130908090864374,0,,0,0,SELL,3.5882352941176476,1,3,5,Pharmaceuticals & Biotech
TZOO,2026-08-14,2.0,0.744631515345544,4.0,0,0,3.0,3.0,1.0,29.332450633137967,4.0,0.29603397080027327,1,1.0,0,0,HOLD,2.7352941176470584,1,2,5,Services
U,2026-08-14,5.0,0.1936230986132818,2.0,0,0,2.0,3.0,5.0,84.83313030051184,1.0,0.9004328690290304,0,,0,0,HOLD,2.8588235294117648,3,1,5,Technology & Software
UA,2026-08-14,,,3.0,0,0,4.0,4.0,2.0,30.61282636412622,4.0,0.32908161651686035,0,,0,0,SELL,3.8474576271186445,0,3,4,Apparel & Textiles
UAA,2026-08-14,,,3.0,0,0,4.0,4.0,1.0,29.812291164388668,4.0,0.29974810508289157,0,,0,0,SELL,3.8474576271186445,0,3,4,Apparel & Textiles
UAC,2026-08-14,,,,0,0,,,5.0,72.24025083834584,1.0,0.931036183723737,0,,0,0,,,1,0,1,Investment & Holding Companies
UAL,2026-08-14,2.0,0.6490603867602506,1.0,0,0,2.0,1.0,3.0,51.74824971999728,2.0,0.7884085668055396,0,,0,0,STRONG BUY,1.7176470588235293,5,0,5,Airlines
UAMY,2026-08-14,5.0,0.2074910747509233,5.0,0,0,3.0,3.0,2.0,44.808265586727444,5.0,0.10344829065306892,0,,0,0,STRONG SELL,4.294117647058824,0,3,5,Metals
UAVS,2026-08-14,3.0,0.49129046838069634,3.0,0,0,4.0,3.0,5.0,72.40264596068266,5.0,0.1891891891891892,0,,0,0,SELL,3.647058823529412,0,2,5,Aerospace & Defense
UBCP,2026-08-14,2.0,0.7346505050064885,3.0,0,0,3.0,1.0,3.0,47.15584414222434,2.0,0.7209128585130107,0,,0,0,BUY,2.1058823529411765,3,0,5,Banks & Financial Services
UBER,2026-08-14,4.0,0.3824964610925345,4.0,0,0,3.0,3.0,4.0,56.94514305230441,4.0,0.2930326601106575,1,1.0,0,0,HOLD,3.3470588235294123,0,3,5,Services
UBS,2026-08-14,,,1.0,0,0,2.0,,4.0,57.15865364742487,1.0,0.926439291618136,0,,0,0,STRONG BUY,1.340909090909091,3,0,3,Banks & Financial Services
UBSI,2026-08-14,2.0,0.7126600284495022,1.0,0,0,2.0,1.0,4.0,63.805093889616906,1.0,0.9937512380600948,0,,0,0,STRONG BUY,1.4823529411764707,5,0,5,Banks & Financial Services
UCB,2026-08-14,2.0,0.5894471336874038,1.0,0,0,3.0,1.0,4.0,62.68174911644349,1.0,0.9603034160262572,0,,0,0,STRONG BUY,1.6588235294117646,4,0,5,Banks & Financial Services
UCFI,2026-08-14,5.0,0.08094488188976377,5.0,0,0,4.0,3.0,2.0,33.43993462973101,5.0,0.1688466233124727,0,,0,0,STRONG SELL,4.470588235294118,0,4,5,Food & Beverage
UCIB,2026-08-14,,,1.0,0,0,2.0,,4.0,55.93213870799187,2.0,0.6973532210570056,0,,0,0,BUY,1.7954545454545454,3,0,3,Banks & Financial Services
UCTT,2026-08-14,4.0,0.38908428858064953,3.0,0,0,1.0,3.0,3.0,46.05137994950363,3.0,0.5232346816867037,0,,0,0,HOLD,2.9529411764705884,1,1,5,Semiconductors & Chips
UDR,2026-08-14,5.0,0.19562245061729674,3.0,0,0,3.0,1.0,2.0,43.48187109522986,2.0,0.6270177104498063,0,,0,0,HOLD,3.0235294117647062,2,1,5,Investment & Holding Companies
UE,2026-08-14,4.0,0.3185434192494858,3.0,0,0,3.0,2.0,2.0,39.999491801955514,2.0,0.6791352018008813,0,,0,0,HOLD,2.8941176470588235,2,1,5,Real Estate & REITs
UEC,2026-08-14,5.0,0.196040877030922,4.0,0,0,4.0,3.0,4.0,58.20993510153681,5.0,0.19549551244661034,0,,0,0,STRONG SELL,4.364705882352941,0,4,5,Mining & Minerals
UEIC,2026-08-14,,,1.0,0,0,2.0,1.0,4.0,59.516982496513094,1.0,0.804487144463084,0,,0,0,STRONG BUY,1.2542372881355932,4,0,4,Industrial Machinery
UFCS,2026-08-14,2.0,0.706350715377394,1.0,0,0,1.0,1.0,4.0,59.776685151747024,1.0,0.9741756333974773,0,,0,0,STRONG BUY,1.3058823529411767,5,0,5,Insurance
UFI,2026-08-14,1.0,0.9482828282828283,1.0,0,0,1.0,4.0,3.0,53.937807894010234,1.0,0.824227971199489,0,,0,0,STRONG BUY,1.5294117647058825,4,1,5,Apparel & Textiles
UFPI,2026-08-14,2.0,0.5950237115365413,3.0,0,0,4.0,2.0,3.0,51.32380624870282,4.0,0.30797737800046476,0,,0,0,HOLD,2.929411764705882,2,2,5,Wood & Furniture
UFPT,2026-08-14,4.0,0.29399649377900566,1.0,0,0,2.0,2.0,4.0,68.7470534406025,1.0,0.9125435491723566,0,,0,0,BUY,2.270588235294118,4,1,5,Medical Devices & Instruments
UG,2026-08-14,4.0,0.40913385826771653,2.0,0,0,3.0,2.0,3.0,48.83415285333517,2.0,0.6744023220163881,0,,0,0,HOLD,2.7882352941176474,3,1,5,Chemicals
UGI,2026-08-14,1.0,0.8392603129445235,4.0,0,0,4.0,1.0,3.0,47.90177095091301,3.0,0.509063616954011,0,,0,0,BUY,2.317647058823529,2,2,5,Utilities
UGP,2026-08-14,,,1.0,0,0,1.0,,3.0,53.38566160086133,1.0,0.8826979139981497,0,,0,0,STRONG BUY,1.0,3,0,3,Utilities
UHAL,2026-08-14,,,1.0,0,0,2.0,3.0,4.0,63.47580079272487,1.0,0.9679565410472636,0,,0,0,BUY,1.7627118644067798,3,0,4,Services
UHAL.B,2026-08-14,,,1.0,0,0,2.0,3.0,4.0,64.40207041103733,1.0,0.9682554226198024,0,,0,0,BUY,1.7627118644067798,3,0,4,Services
UHS,2026-08-14,1.0,0.9298245614035088,3.0,0,0,4.0,1.0,4.0,59.08553428974398,4.0,0.2821876116570814,0,,0,0,BUY,2.447058823529412,2,2,5,Healthcare Services
UHT,2026-08-14,4.0,0.3064347501721348,2.0,0,0,3.0,3.0,2.0,41.55657802195408,2.0,0.6366292406355187,0,,0,0,HOLD,2.9647058823529413,2,1,5,Investment & Holding Companies
UI,2026-08-14,5.0,0.11501083821923083,4.0,0,0,3.0,2.0,4.0,56.11696790469192,4.0,0.26716829355322735,0,,0,0,SELL,3.7764705882352936,1,3,5,Industrial Machinery
UIS,2026-08-14,,,4.0,0,0,3.0,5.0,2.0,37.06198991444408,4.0,0.30935245690327223,0,,0,0,SELL,4.0,0,3,4,Technology & Software
UK,2026-08-14,,,4.0,0,0,5.0,,3.0,53.95941140623696,5.0,0.02624434055243937,0,,0,0,STRONG SELL,4.795454545454546,0,3,3,Services
UL,2026-08-14,,,3.0,0,0,4.0,,3.0,49.99845199008406,3.0,0.4179301263498015,0,,0,0,HOLD,3.3409090909090917,0,1,3,Chemicals
ULBI,2026-08-14,1.0,0.8087253100497435,3.0,0,0,2.0,3.0,5.0,78.33476126864738,1.0,0.8482759868064074,1,2.0,0,0,STRONG BUY,1.4411764705882353,3,0,5,Industrial Machinery
ULCC,2026-08-14,3.0,0.5092871294164173,3.0,0,0,2.0,5.0,3.0,47.8153442470625,2.0,0.7237902781950369,0,,0,0,HOLD,2.941176470588236,2,1,5,Airlines
ULH,2026-08-14,1.0,0.8527295314913069,2.0,0,0,3.0,4.0,4.0,60.738716287908915,3.0,0.4990585641537926,0,,0,0,BUY,2.4588235294117653,2,1,5,Transportation & Logistics
ULS,2026-08-14,5.0,0.215669130601513,4.0,0,0,3.0,2.0,2.0,32.78847829031133,4.0,0.35855112605254297,0,,0,0,SELL,3.7764705882352936,1,3,5,Business & Research Services
ULTA,2026-08-14,4.0,0.38623999541897813,3.0,0,0,4.0,3.0,3.0,49.93917083246169,4.0,0.23431092390305594,0,,0,0,SELL,3.717647058823529,0,3,5,Retail
UMAC,2026-08-14,5.0,0.17214968178803414,1.0,0,0,1.0,4.0,5.0,72.22576754148267,1.0,1.0,0,,0,0,HOLD,2.7529411764705882,3,2,5,Industrial Machinery
UMBF,2026-08-14,2.0,0.6420878974062586,1.0,0,0,2.0,1.0,4.0,66.08774347848568,1.0,1.0,0,,0,0,STRONG BUY,1.4823529411764707,5,0,5,Banks & Financial Services
UMC,2026-08-14,,,3.0,0,0,1.0,,2.0,44.617829952061214,2.0,0.6022824249034722,0,,0,0,BUY,1.863636363636364,2,0,3,Semiconductors & Chips
UMH,2026-08-14,4.0,0.41215497746037877,1.0,1,0,3.0,1.0,4.0,64.62389375629306,1.0,0.9545130181696944,1,2.0,0,0,BUY,1.9705882352941175,3,1,5,Investment & Holding Companies
UNB,2026-08-14,1.0,0.8729255571360834,2.0,0,0,3.0,,4.0,57.16007660006718,2.0,0.7653454016570894,1,1.0,0,0,STRONG BUY,1.5428571428571427,3,0,4,Banks & Financial Services
UNCY,2026-08-14,5.0,0.23323281306430704,5.0,0,1,3.0,4.0,3.0,51.90830526791854,4.0,0.367219931277087,0,,0,0,SELL,4.235294117647059,0,4,5,Pharmaceuticals & Biotech
UNF,2026-08-14,4.0,0.2726410621147463,1.0,0,0,2.0,3.0,3.0,49.97565434946024,1.0,0.9049951286199056,0,,0,0,BUY,2.447058823529412,3,1,5,Services
UNFI,2026-08-14,2.0,0.7473845695152393,3.0,0,0,1.0,3.0,3.0,49.417973729588496,2.0,0.7560136702493141,0,,0,0,BUY,2.1058823529411765,3,0,5,Wholesale Trade
UNH,2026-08-14,2.0,0.6737203933891444,3.0,0,0,1.0,2.0,2.0,42.51265489249567,1.0,0.8063769435859764,0,,0,0,STRONG BUY,1.6941176470588235,4,0,5,Insurance
UNIT,2026-08-14,3.0,0.46838064842109134,3.0,0,0,2.0,3.0,3.0,46.77244253318868,2.0,0.6292287116885694,0,,0,0,HOLD,2.588235294117647,2,0,5,Telecom & Media
UNM,2026-08-14,3.0,0.5073494547178757,2.0,0,0,2.0,4.0,4.0,61.85466561111603,1.0,1.0,0,,0,0,BUY,2.423529411764706,3,1,5,Insurance
UNP,2026-08-14,5.0,0.23510778792447454,1.0,0,0,2.0,1.0,3.0,53.33062717748922,1.0,0.8577226183779991,0,,0,0,BUY,2.4,4,1,5,Railroads
UNTY,2026-08-14,2.0,0.6449963712441118,1.0,0,0,2.0,1.0,4.0,68.51525262483719,1.0,1.0,0,,0,0,STRONG BUY,1.4823529411764707,5,0,5,Banks & Financial Services
UONE,2026-08-14,,,5.0,0,0,5.0,4.0,3.0,45.75336138536559,5.0,0.02168527594915072,0,,0,0,STRONG SELL,4.745762711864407,0,4,4,Telecom & Media
UONEK,2026-08-14,,,3.0,0,0,5.0,4.0,3.0,52.40466130482879,5.0,0.15652173672671868,0,,0,0,STRONG SELL,4.4406779661016955,0,3,4,Telecom & Media
UP,2026-08-14,1.0,0.9373737373737374,5.0,0,0,5.0,4.0,2.0,33.311456707982856,5.0,0.00016399194619068613,0,,0,0,SELL,3.5999999999999996,1,4,5,Airlines
UPB,2026-08-14,4.0,0.36609565299704816,4.0,0,0,5.0,4.0,3.0,53.30532326043022,5.0,0.043103454438778714,0,,0,0,STRONG SELL,4.411764705882353,0,5,5,Pharmaceuticals & Biotech
UPBD,2026-08-14,2.0,0.6842105263157895,2.0,0,0,4.0,2.0,3.0,46.25617618494714,3.0,0.4469347108916704,0,,0,0,HOLD,2.588235294117647,3,1,5,Services
UPC,2026-08-14,1.0,0.9877165354330709,1.0,0,0,1.0,,3.0,53.102291569318325,4.0,0.3425953895709769,0,,0,0,BUY,1.8571428571428574,3,1,4,Pharmaceuticals & Biotech
UPLD,2026-08-14,1.0,0.8036363636363636,4.0,0,0,5.0,3.0,3.0,53.72781082941309,5.0,0.051251953101461876,0,,0,0,HOLD,3.317647058823529,1,3,5,Technology & Software
UPS,2026-08-14,2.0,0.676623992413466,3.0,0,0,3.0,3.0,2.0,42.926888227136175,2.0,0.6609775266807446,0,,0,0,BUY,2.4588235294117644,2,0,5,Transportation & Logistics
UPST,2026-08-14,4.0,0.3602912799339647,5.0,0,0,4.0,3.0,3.0,52.090118162847226,5.0,0.12535326277683842,0,,0,0,SELL,4.1647058823529415,0,4,5,Banks & Financial Services
UPWK,2026-08-14,2.0,0.6576814535617598,4.0,0,0,5.0,2.0,2.0,42.39990874573838,5.0,0.04519968348973948,0,,0,0,HOLD,3.4470588235294115,2,3,5,Technology & Software
URBN,2026-08-14,2.0,0.591298518383257,1.0,0,0,3.0,1.0,4.0,56.521109645147305,2.0,0.7885862529047282,0,,0,0,BUY,1.8941176470588237,4,0,5,Retail
URG,2026-08-14,5.0,0.1591613488528822,5.0,0,0,4.0,4.0,3.0,52.01457119172171,4.0,0.21875005820766583,1,1.0,0,0,SELL,4.111764705882353,0,5,5,Mining & Minerals
URGN,2026-08-14,5.0,0.13535353535353536,1.0,0,0,1.0,5.0,4.0,68.39295770943245,1.0,0.9760589692718407,0,,0,0,HOLD,2.929411764705882,3,2,5,Pharmaceuticals & Biotech
URI,2026-08-14,5.0,0.17780364562990034,1.0,0,0,2.0,2.0,4.0,58.847664621238245,1.0,0.9844923605288429,0,,0,0,HOLD,2.5764705882352943,4,1,5,Services
UROY,2026-08-14,,,2.0,0,0,3.0,,5.0,72.33580886058813,3.0,0.5379309970615322,0,,0,0,HOLD,2.795454545454546,1,0,3,Investment & Brokerage
USA,2026-08-14,,,2.0,0,0,3.0,,5.0,72.98333647587613,1.0,0.989550415222879,0,,0,0,BUY,1.8863636363636362,2,0,3,Other
USAR,2026-08-14,5.0,0.012121212121212121,3.0,0,1,3.0,4.0,4.0,60.84227725209117,4.0,0.30246453225481007,0,,0,0,SELL,4.023529411764706,0,3,5,Mining & Minerals
USAS,2026-08-14,,,4.0,0,0,3.0,,4.0,63.027962388846895,4.0,0.3901973143717054,0,,0,0,SELL,3.659090909090909,0,2,3,Mining & Minerals
USAU,2026-08-14,5.0,0.24251968503937005,4.0,0,0,3.0,4.0,3.0,52.237654500939804,4.0,0.36423300570436473,0,,0,0,SELL,4.129411764705882,0,4,5,Mining & Minerals
USB,2026-08-14,3.0,0.548288651264099,1.0,0,0,2.0,1.0,4.0,66.53468032325368,1.0,1.0,0,,0,0,BUY,1.7882352941176471,4,0,5,Banks & Financial Services
USCB,2026-08-14,2.0,0.6448553816974869,1.0,0,0,2.0,,4.0,62.53998182545137,1.0,0.9701418479070352,0,,0,0,STRONG BUY,1.5857142857142859,4,0,4,Banks & Financial Services
USDE,2026-08-14,,,,0,0,,,4.0,55.430835357544176,,,0,,0,0,,,0,0,0,Banks & Financial Services
USEA,2026-08-14,1.0,0.9155905511811023,1.0,0,0,1.0,,4.0,57.364730130968,1.0,0.9654425606466871,0,,0,0,STRONG BUY,1.0,4,0,4,Transportation & Logistics
USFD,2026-08-14,3.0,0.4760743740851535,1.0,0,0,2.0,1.0,4.0,66.143233026227,1.0,0.9505990632767702,0,,0,0,BUY,1.7882352941176471,4,0,5,Wholesale Trade
USGO,2026-08-14,5.0,0.08692913385826771,4.0,0,0,4.0,3.0,4.0,61.25825106332942,5.0,0.17647058823529413,0,,0,0,STRONG SELL,4.364705882352941,0,4,5,Mining & Minerals
USIO,2026-08-14,3.0,0.5094811973830338,1.0,0,0,1.0,4.0,5.0,73.32064811373384,1.0,1.0,0,,0,0,BUY,2.1411764705882352,3,1,5,Banks & Financial Services
USLM,2026-08-14,4.0,0.26808164038447957,3.0,0,0,3.0,3.0,4.0,59.33763277831975,3.0,0.4755201261761859,0,,0,0,HOLD,3.3058823529411767,0,1,5,Mining & Minerals
USNA,2026-08-14,1.0,0.864035964233534,4.0,0,0,5.0,2.0,1.0,25.37941430080471,5.0,0.0,0,,0,0,HOLD,3.141176470588235,2,3,5,Pharmaceuticals & Biotech
USPH,2026-08-14,5.0,0.1507823613086771,2.0,0,0,4.0,2.0,4.0,62.609471418086805,2.0,0.691497899775143,0,,0,0,HOLD,3.270588235294118,3,2,5,Healthcare Services
UTF,2026-08-14,,,2.0,0,0,3.0,,2.0,40.64940479788407,1.0,0.818129739594449,0,,0,0,BUY,1.8863636363636362,2,0,3,Other
UTG,2026-08-14,,,2.0,0,0,3.0,,4.0,58.24768176020488,2.0,0.6731348859106424,0,,0,0,BUY,2.3409090909090913,2,0,3,Other
UTHR,2026-08-14,4.0,0.3592227617300155,4.0,0,0,2.0,1.0,2.0,32.89205716402549,2.0,0.6677054836325449,0,,0,0,HOLD,2.6470588235294117,3,2,5,Pharmaceuticals & Biotech
UTI,2026-08-14,3.0,0.4575806773676137,4.0,0,0,4.0,2.0,1.0,27.526243761367795,5.0,0.11484876404069114,0,,0,0,SELL,3.576470588235294,1,3,5,Services
UTL,2026-08-14,2.0,0.6027058537141996,1.0,0,0,3.0,3.0,4.0,56.15616988437357,1.0,0.8846939036022504,0,,0,0,BUY,2.011764705882353,3,0,5,Utilities
UTMD,2026-08-14,3.0,0.4479732125855082,1.0,0,0,2.0,2.0,3.0,52.221818251588154,1.0,0.858328226195034,0,,0,0,BUY,1.9647058823529413,4,0,5,Medical Devices & Instruments
UTSI,2026-08-14,1.0,0.8878740157480315,4.0,0,0,3.0,,3.0,50.1710039570706,4.0,0.3643411182238296,0,,0,0,HOLD,2.6714285714285717,1,2,4,Industrial Machinery
UTZ,2026-08-14,2.0,0.6616806414242531,1.0,1,0,2.0,3.0,5.0,84.97070594223871,1.0,1.0,0,,0,0,BUY,1.835294117647059,4,0,5,Food & Beverage
UUU,2026-08-14,3.0,0.4725497848393802,5.0,0,1,4.0,4.0,2.0,40.77263710459651,5.0,0.192359462861362,1,1.0,0,0,SELL,3.735294117647059,0,4,5,Wholesale Trade
UUUU,2026-08-14,5.0,0.17655332886827763,4.0,0,0,3.0,4.0,4.0,63.24616363741052,4.0,0.3444156074234409,0,,0,0,SELL,4.129411764705882,0,4,5,Mining & Minerals
UVE,2026-08-14,2.0,0.6992806740477865,1.0,0,0,1.0,1.0,4.0,55.01890760723741,1.0,0.9149034194344335,0,,0,0,STRONG BUY,1.3058823529411767,5,0,5,Insurance
UVSP,2026-08-14,2.0,0.591287487071566,2.0,0,0,2.0,1.0,3.0,47.99962076436409,1.0,0.8953594112597452,0,,0,0,STRONG BUY,1.588235294117647,5,0,5,Banks & Financial Services
UVV,2026-08-14,1.0,0.7868883725262791,5.0,0,0,4.0,3.0,1.0,23.59106436580059,5.0,0.0,0,,0,0,HOLD,3.2470588235294118,1,3,5,Wholesale Trade
UWMC,2026-08-14,1.0,0.7814129919393077,5.0,0,0,5.0,3.0,2.0,42.288099992907554,5.0,0.07797402627117614,0,,0,0,HOLD,3.423529411764706,1,3,5,Banks & Financial Services
UXIN,2026-08-14,,,5.0,0,0,5.0,,2.0,38.50470369903254,5.0,0.05379745331239978,0,,0,0,STRONG SELL,5.0,0,3,3,Services
UYSC,2026-08-14,,,1.0,0,0,3.0,4.0,5.0,92.54946954536695,1.0,1.0,0,,0,0,BUY,2.2711864406779663,2,1,4,Investment & Holding Companies
V,2026-08-14,,,1.0,0,0,3.0,2.0,4.0,55.867892574575464,1.0,0.9247666381630056,0,,0,1,BUY,1.7627118644067798,3,0,4,Services
VABK,2026-08-14,2.0,0.6906669865733618,1.0,0,0,2.0,2.0,4.0,55.216950807932676,1.0,0.9316177085280923,0,,0,0,STRONG BUY,1.6588235294117648,5,0,5,Banks & Financial Services
VAC,2026-08-14,2.0,0.6349395829529817,1.0,0,0,1.0,2.0,4.0,66.63577288445614,1.0,0.9534941129826634,1,1.0,0,0,STRONG BUY,1.1823529411764706,5,0,5,Real Estate & REITs
VACI,2026-08-14,,,,0,0,3.0,,5.0,70.34985015240449,2.0,0.6981120871765158,0,,0,0,,,1,0,2,Telecom & Media
VAL,2026-08-14,4.0,0.3950434422863888,2.0,0,0,3.0,1.0,4.0,61.785664948526154,3.0,0.5980917137736109,0,,0,0,HOLD,2.847058823529412,2,1,5,Oil & Gas
VALE,2026-08-14,,,5.0,0,1,3.0,,2.0,34.1258029260903,3.0,0.5126806345718965,0,,0,0,HOLD,3.4090909090909096,0,1,3,Mining & Minerals
VALN,2026-08-14,,,4.0,0,0,5.0,,5.0,85.16040419824317,4.0,0.31671159454032993,0,,0,0,STRONG SELL,4.340909090909092,0,3,3,Pharmaceuticals & Biotech
VALU,2026-08-14,,,1.0,1,0,3.0,2.0,3.0,51.379661363267246,2.0,0.6575409123216185,0,,0,0,BUY,2.1016949152542375,3,0,4,Investment & Brokerage
VANI,2026-08-14,5.0,0.2,2.0,0,0,2.0,5.0,4.0,55.15840199445562,3.0,0.4957081137463854,1,1.0,0,0,HOLD,3.3823529411764715,2,2,5,Medical Devices & Instruments
VATE,2026-08-14,1.0,0.9749494949494949,4.0,0,0,1.0,4.0,2.0,44.200674820492,4.0,0.2475124475112139,0,,0,0,HOLD,2.552941176470588,2,3,5,Industrial Machinery
VBF,2026-08-14,,,5.0,0,0,4.0,,3.0,45.48188164109522,4.0,0.3166862652685113,0,,0,0,SELL,4.204545454545455,0,3,3,Other
VBNK,2026-08-14,,,2.0,0,0,1.0,,4.0,57.60198431690293,2.0,0.7521572258465865,0,,0,0,STRONG BUY,1.6590909090909092,3,0,3,Banks & Financial Services
VC,2026-08-14,2.0,0.6758682157427174,2.0,0,0,3.0,1.0,4.0,56.179680050444816,3.0,0.5549374657421329,0,,0,0,BUY,2.235294117647059,3,0,5,Automobiles
VCEL,2026-08-14,5.0,0.1973643702807104,1.0,0,0,2.0,1.0,3.0,46.06331931331294,2.0,0.7833421009026574,0,,0,0,HOLD,2.635294117647059,4,1,5,Pharmaceuticals & Biotech
VCRE,2026-08-14,,,,0,0,,,2.0,36.23084657454801,,,0,,0,0,,,0,0,0,Pharmaceuticals & Biotech
VCTR,2026-08-14,4.0,0.3536583740039003,1.0,0,0,1.0,3.0,5.0,79.20493771417516,1.0,1.0,0,,0,0,BUY,2.2705882352941176,3,1,5,Investment & Brokerage
VCV,2026-08-14,,,4.0,0,0,3.0,,4.0,61.543309203156184,1.0,0.8478284435110596,0,,0,0,BUY,2.2954545454545454,1,1,3,Other
VCX,2026-08-14,,,,0,0,,,2.0,34.08555884545554,5.0,0.007751940191942906,1,1.0,0,0,,,0,1,1,Other
VCYT,2026-08-14,4.0,0.352992683779931,4.0,0,0,2.0,1.0,1.0,29.47279078523546,4.0,0.39648679316671437,0,,0,0,HOLD,3.1176470588235294,2,3,5,Healthcare Services
VECA,2026-08-14,,,,0,0,,,3.0,54.72859743336735,,,0,,0,0,,,0,0,0,Investment & Holding Companies
VECO,2026-08-14,4.0,0.2782427337334978,3.0,0,0,1.0,2.0,3.0,47.852043072980436,3.0,0.48460893193547083,0,,0,0,HOLD,2.776470588235294,2,1,5,Industrial Machinery
VEEE,2026-08-14,1.0,0.8992353699722089,3.0,0,0,5.0,3.0,3.0,47.456485908500234,5.0,0.07085281885396535,1,3.0,0,0,HOLD,2.9117647058823533,1,2,5,Transportation Equipment
VEEV,2026-08-14,5.0,0.2074557882320119,2.0,0,0,3.0,2.0,5.0,72.93276798121545,3.0,0.596420971818904,0,,0,0,HOLD,3.3294117647058825,2,1,5,Technology & Software
VEL,2026-08-14,1.0,0.8210970448905758,3.0,0,0,4.0,3.0,4.0,56.80705033558695,4.0,0.3139842339304658,0,,0,0,HOLD,2.8000000000000003,1,2,5,Banks & Financial Services
VELO,2026-08-14,4.0,0.27192748596498545,2.0,0,0,1.0,4.0,4.0,60.00323214372694,3.0,0.4772069298549524,1,1.0,0,0,HOLD,2.7235294117647064,2,2,5,Industrial Machinery
VENU,2026-08-14,3.0,0.5835672327519597,5.0,0,0,5.0,4.0,2.0,39.0283464310444,5.0,0.0030921502896612274,1,1.0,0,0,SELL,3.9117647058823533,0,4,5,Hospitality & Leisure
VEON,2026-08-14,,,1.0,0,0,3.0,,4.0,65.57171974578216,2.0,0.7054830840599849,0,,0,0,BUY,2.1363636363636367,2,0,3,Telecom & Media
VERA,2026-08-14,,,5.0,0,0,3.0,5.0,2.0,42.64952735252633,4.0,0.301162773032262,0,,0,0,SELL,4.152542372881356,0,3,4,Pharmaceuticals & Biotech
VERI,2026-08-14,2.0,0.5956532709579615,5.0,0,0,5.0,4.0,2.0,43.57391580407833,5.0,0.020430247129265517,0,,0,0,SELL,3.905882352941177,1,4,5,Technology & Software
VERU,2026-08-14,3.0,0.5421311140474996,2.0,0,0,3.0,4.0,4.0,59.707466088202096,4.0,0.2735043283671964,0,,0,0,HOLD,3.305882352941177,1,2,5,Pharmaceuticals & Biotech
VERX,2026-08-14,,,3.0,0,0,4.0,1.0,3.0,52.413306412887664,5.0,0.13932293348221247,1,3.0,0,0,HOLD,3.1237288135593224,1,2,4,Technology & Software
VET,2026-08-14,,,2.0,0,1,2.0,,4.0,56.75586690425376,3.0,0.5977169612063117,0,,0,0,BUY,2.454545454545455,2,0,3,Oil & Gas
VFC,2026-08-14,3.0,0.571048763706032,5.0,0,0,4.0,2.0,2.0,41.678001628121805,4.0,0.2587749168925534,0,,0,0,HOLD,3.4470588235294115,1,3,5,Apparel & Textiles
VFF,2026-08-14,2.0,0.7420724173222532,3.0,0,0,4.0,2.0,5.0,73.49430729618803,4.0,0.29487179421866483,0,,0,0,HOLD,2.929411764705882,2,2,5,Agriculture
VFS,2026-08-14,,,3.0,0,0,4.0,,3.0,51.04444712824866,5.0,0.184615425997696,0,,0,0,STRONG SELL,4.250000000000001,0,2,3,Automobiles
VG,2026-08-14,2.0,0.662873399715505,1.0,0,0,2.0,,4.0,55.43969210499664,2.0,0.6969632531374498,0,,0,0,BUY,1.8714285714285717,4,0,4,Utilities
VGAS,2026-08-14,,,4.0,0,0,3.0,4.0,4.0,58.03418560475167,5.0,0.18503118884405226,0,,0,0,SELL,4.084745762711864,0,3,4,Chemicals
VGI,2026-08-14,,,5.0,0,0,3.0,,3.0,53.942349532645956,2.0,0.6663413424208438,0,,0,0,HOLD,2.9545454545454546,1,1,3,Other
VGM,2026-08-14,,,2.0,0,0,3.0,,4.0,63.36463420996391,1.0,0.9414924157248513,0,,0,0,BUY,1.8863636363636362,2,0,3,Other
VGNT,2026-08-14,5.0,0.02614173228346457,,0,0,,,4.0,60.54210149887171,1.0,0.8291003956004039,0,,0,0,,,1,1,2,Automobiles
VGZ,2026-08-14,5.0,0.18740157480314962,3.0,0,0,3.0,5.0,4.0,69.67637712518682,2.0,0.6205128017026755,0,,0,0,SELL,3.729411764705883,1,2,5,Mining & Minerals
VHC,2026-08-14,5.0,0.2025869127767866,3.0,0,0,4.0,3.0,4.0,58.82584070522521,4.0,0.3269493686995607,0,,0,0,SELL,4.023529411764707,0,3,5,Investment & Holding Companies
VHCP,2026-08-14,,,,0,0,3.0,,4.0,66.07689169005751,1.0,0.8666696336609743,0,,0,0,,,1,0,2,Investment & Holding Companies
VHI,2026-08-14,1.0,0.9310745135031778,1.0,0,0,3.0,3.0,4.0,68.03305946962054,1.0,0.8366180979871984,0,,0,0,STRONG BUY,1.7058823529411764,3,0,5,Chemicals
VIA,2026-08-14,1.0,0.9955951607341427,2.0,0,0,1.0,3.0,5.0,79.69222638526277,4.0,0.31708518342512154,0,,0,0,BUY,2.164705882352941,3,1,5,Technology & Software
VIAV,2026-08-14,5.0,0.13646085837405977,2.0,0,0,1.0,3.0,4.0,56.09016759530166,2.0,0.7367128074217922,0,,0,0,HOLD,2.9176470588235293,3,1,5,Semiconductors & Chips
VICI,2026-08-14,3.0,0.586103299740118,5.0,0,0,4.0,2.0,3.0,47.388737531138,5.0,0.07418849545873371,0,,0,0,SELL,3.6823529411764704,1,3,5,Investment & Holding Companies
VICR,2026-08-14,4.0,0.2732953039525073,3.0,0,0,1.0,1.0,3.0,50.7501271967874,3.0,0.5648234434042918,0,,0,0,HOLD,2.6,2,1,5,Semiconductors & Chips
VIDA,2026-08-14,4.0,0.39559055118110237,,0,0,,,2.0,41.592906570271154,5.0,0.04985332363531411,0,,0,0,,,0,2,2,Technology & Software
VII,2026-08-14,,,,0,0,,,3.0,45.00559784848059,,,0,,0,0,,,0,0,0,Investment & Holding Companies
VIK,2026-08-14,,,2.0,0,0,1.0,,2.0,41.900890015721,2.0,0.7993355957166269,0,,0,0,STRONG BUY,1.6590909090909092,3,0,3,Transportation & Logistics
VINP,2026-08-14,,,5.0,0,0,4.0,,2.0,40.831378753443936,5.0,0.08741441190815609,0,,0,0,STRONG SELL,4.659090909090909,0,3,3,Investment & Brokerage
VIP,2026-08-14,1.0,0.8846998920591314,2.0,0,0,2.0,3.0,3.0,45.374980335445166,3.0,0.4240837830311139,0,,0,0,BUY,2.1058823529411765,3,0,5,Banks & Financial Services
VIPS,2026-08-14,,,3.0,0,0,4.0,,2.0,40.719551122966756,5.0,0.18167509951383018,0,,0,0,STRONG SELL,4.250000000000001,0,2,3,Retail
VIR,2026-08-14,4.0,0.38216028653715195,3.0,0,0,1.0,4.0,3.0,52.62893704414507,2.0,0.7251113854046594,0,,0,0,HOLD,2.8941176470588235,2,2,5,Pharmaceuticals & Biotech
VIRC,2026-08-14,2.0,0.7534975940971858,5.0,0,0,4.0,4.0,3.0,49.0542910166364,5.0,0.1933556830957887,0,,0,0,SELL,3.7294117647058824,1,4,5,Wood & Furniture
VIRT,2026-08-14,1.0,0.8288288288288288,2.0,0,0,1.0,1.0,4.0,56.1173570382456,1.0,0.8056880993459364,0,,0,0,STRONG BUY,1.1058823529411765,5,0,5,Investment & Brokerage
VISN,2026-08-14,1.0,0.7666074672331266,5.0,0,0,2.0,2.0,3.0,47.30498042885834,2.0,0.7582762761024398,0,,0,0,BUY,2.011764705882353,4,1,5,Industrial Machinery
VIST,2026-08-14,,,2.0,0,0,1.0,,3.0,54.1509475460417,2.0,0.7598243112042643,0,,0,0,STRONG BUY,1.6590909090909092,3,0,3,Oil & Gas
VITL,2026-08-14,2.0,0.730998344968861,4.0,0,0,5.0,4.0,2.0,36.48099240019831,5.0,0.059370040307380925,1,2.0,0,0,SELL,3.5000000000000004,1,4,5,Food & Beverage
VIV,2026-08-14,,,5.0,0,0,4.0,,1.0,25.73709958377229,5.0,0.07729702126194087,0,,0,0,STRONG SELL,4.659090909090909,0,3,3,Telecom & Media
VIVK,2026-08-14,1.0,0.9731301493156006,5.0,0,0,5.0,3.0,1.0,28.264109023980325,5.0,0.0,0,,0,0,HOLD,3.423529411764706,1,3,5,Utilities
VIVO,2026-08-14,,,2.0,0,0,2.0,,4.0,61.47808228537035,2.0,0.6790352389746002,0,,0,0,BUY,2.0,3,0,3,Utilities
VKI,2026-08-14,,,3.0,0,0,3.0,,4.0,56.20631767638283,2.0,0.7941169241407066,0,,0,0,HOLD,2.545454545454546,1,0,3,Other
VKQ,2026-08-14,,,2.0,0,0,3.0,,3.0,54.6880701604026,1.0,0.9335132306497034,0,,0,0,BUY,1.8863636363636362,2,0,3,Other
VKTX,2026-08-14,5.0,0.12755905511811025,4.0,1,0,3.0,5.0,2.0,43.78405569961906,3.0,0.5304620792262896,1,1.0,0,0,SELL,3.7705882352941176,0,3,5,Pharmaceuticals & Biotech
VLGEA,2026-08-14,1.0,0.9581953501923988,1.0,0,0,2.0,2.0,3.0,50.457241392716185,2.0,0.7640586178888849,0,,0,0,STRONG BUY,1.5882352941176472,5,0,5,Retail
VLN,2026-08-14,3.0,0.537007874015748,3.0,0,0,3.0,,4.0,56.784798652500506,4.0,0.3429752304273737,0,,0,0,HOLD,3.2857142857142865,0,1,4,Semiconductors & Chips
VLO,2026-08-14,5.0,0.20199146514935987,1.0,0,0,1.0,2.0,5.0,73.08769395974453,1.0,0.9940453466622976,0,,0,0,BUY,2.4,4,1,5,Oil & Gas
VLOS,2026-08-14,,,3.0,0,0,3.0,4.0,3.0,48.43981497816435,2.0,0.7235422308152851,0,,0,0,HOLD,2.915254237288136,1,1,4,Investment & Holding Companies
VLRS,2026-08-14,,,4.0,0,0,3.0,,3.0,46.309387073505725,3.0,0.42588726056353593,0,,0,0,HOLD,3.2045454545454555,0,1,3,Airlines
VLT,2026-08-14,,,5.0,0,0,4.0,,3.0,48.77613998169467,3.0,0.5459037235784111,0,,0,0,SELL,3.750000000000001,0,2,3,Other
VLTO,2026-08-14,4.0,0.27643209514463984,2.0,0,0,3.0,3.0,4.0,59.851460738132744,3.0,0.5884235278650561,0,,0,0,HOLD,3.2,1,1,5,Medical Devices & Instruments
VLY,2026-08-14,2.0,0.7202465623518255,1.0,0,0,2.0,,4.0,60.774506477138104,1.0,0.9692616696800848,1,1.0,0,0,STRONG BUY,1.2857142857142858,4,0,4,Banks & Financial Services
VMC,2026-08-14,4.0,0.31018859127148574,5.0,0,0,4.0,1.0,3.0,48.32438857114089,4.0,0.35119346197525747,0,,0,0,SELL,3.5764705882352943,1,4,5,Mining & Minerals
VMD,2026-08-14,3.0,0.5495777709170805,3.0,0,0,2.0,2.0,1.0,24.657930972413226,3.0,0.4843492138706673,0,,0,0,HOLD,2.6470588235294117,2,0,5,Healthcare Services
VMET,2026-08-14,,,,0,0,,,3.0,53.75038614097495,4.0,0.310344814245304,0,,0,0,,,0,1,1,Investment & Holding Companies
VMI,2026-08-14,4.0,0.3627311522048364,3.0,0,0,2.0,3.0,3.0,45.292586958407334,2.0,0.6046285846697983,0,,0,0,HOLD,2.8941176470588235,2,1,5,Industrial Machinery
VMO,2026-08-14,,,2.0,0,0,3.0,,4.0,57.88425671141167,1.0,0.9717477172117787,0,,0,0,BUY,1.8863636363636362,2,0,3,Other
VNCE,2026-08-14,2.0,0.7505902560555114,1.0,0,0,1.0,2.0,3.0,49.85603053689587,2.0,0.7565891919016564,0,,0,0,STRONG BUY,1.7176470588235297,5,0,5,Retail
VNDA,2026-08-14,2.0,0.649354497107684,5.0,0,0,3.0,4.0,3.0,46.18369060516374,5.0,0.1717556442638449,0,,0,0,SELL,3.552941176470588,1,3,5,Pharmaceuticals & Biotech
VNET,2026-08-14,,,5.0,0,0,4.0,,3.0,51.160040620650015,5.0,0.16925064360696887,0,,0,0,STRONG SELL,4.659090909090909,0,3,3,Technology & Software
VNME,2026-08-14,,,1.0,0,0,3.0,,3.0,52.706365768756086,1.0,0.8921809049359676,0,,0,0,STRONG BUY,1.6818181818181817,2,0,3,Investment & Holding Companies
VNO,2026-08-14,2.0,0.5967190423327657,1.0,0,0,2.0,1.0,3.0,48.64558946897473,1.0,0.8245701811944877,1,1.0,0,0,STRONG BUY,1.1823529411764706,5,0,5,Investment & Holding Companies
VNOM,2026-08-14,,,4.0,0,0,3.0,4.0,3.0,48.36924795818623,3.0,0.4868882322922819,0,,0,0,HOLD,3.406779661016949,0,2,4,Oil & Gas
VNT,2026-08-14,3.0,0.526720252971206,3.0,0,0,5.0,1.0,3.0,54.724581253187175,4.0,0.3202902480720173,0,,0,0,HOLD,3.235294117647059,1,2,5,Medical Devices & Instruments
VOD,2026-08-14,,,1.0,0,0,2.0,,4.0,61.82347345769158,1.0,1.0,0,,0,0,STRONG BUY,1.340909090909091,3,0,3,Telecom & Media
VOGX,2026-08-14,,,,0,0,,,,,,,0,,0,0,,,0,0,0,Pharmaceuticals & Biotech
VOR,2026-08-14,,,1.0,0,0,3.0,3.0,4.0,62.36972729504981,4.0,0.38628762859922483,0,,0,0,HOLD,3.033898305084746,1,1,4,Pharmaceuticals & Biotech
VOXR,2026-08-14,,,3.0,0,1,2.0,,4.0,64.67849306590841,2.0,0.6422314055920928,0,,0,0,BUY,2.2045454545454546,2,0,3,Mining & Minerals
VOYA,2026-08-14,3.0,0.48827213783486456,1.0,0,0,2.0,2.0,4.0,61.462421862797676,1.0,1.0,0,,0,0,BUY,1.9647058823529413,4,0,5,Insurance
VOYG,2026-08-14,,,2.0,0,0,1.0,3.0,4.0,69.14904578806485,2.0,0.7397868343145902,0,,0,0,BUY,2.0,3,0,4,Aerospace & Defense
VPG,2026-08-14,4.0,0.389177211025126,3.0,0,0,1.0,2.0,2.0,38.37983613021929,4.0,0.37177504097066116,0,,0,0,HOLD,3.011764705882353,2,2,5,Industrial Machinery
VPV,2026-08-14,,,2.0,0,0,3.0,,4.0,63.01165459460689,1.0,0.9561293034797571,0,,0,0,BUY,1.8863636363636362,2,0,3,Other
VRA,2026-08-14,1.0,0.8829774632558977,3.0,0,0,2.0,4.0,2.0,36.59957697048174,3.0,0.5975609200591316,0,,0,0,BUY,2.3882352941176475,2,1,5,"Rubber, Plastics & Leather"
VRAX,2026-08-14,,,5.0,0,0,5.0,,2.0,43.86532208309275,5.0,0.015316640784499475,0,,0,0,STRONG SELL,5.0,0,3,3,Pharmaceuticals & Biotech
VRCA,2026-08-14,4.0,0.2765707270541862,5.0,0,0,4.0,2.0,2.0,39.82462996454184,4.0,0.29037795527898635,0,,0,0,SELL,3.752941176470588,1,4,5,Pharmaceuticals & Biotech
VRDN,2026-08-14,4.0,0.31622047244094487,3.0,0,0,4.0,4.0,4.0,61.48246300380369,3.0,0.42871095400732995,0,,0,0,SELL,3.658823529411765,0,3,5,Pharmaceuticals & Biotech
VREX,2026-08-14,2.0,0.6765987073582248,2.0,0,0,1.0,3.0,5.0,90.70134366074834,1.0,0.9902807612998564,0,,0,0,BUY,1.764705882352941,4,0,5,Semiconductors & Chips
VRM,2026-08-14,1.0,0.9383727124730982,4.0,0,0,5.0,4.0,5.0,71.01745454617807,5.0,0.17158993437771994,0,,0,0,HOLD,3.494117647058823,1,4,5,Retail
VRNS,2026-08-14,5.0,0.10362204724409449,1.0,0,0,3.0,3.0,4.0,56.94839232182518,3.0,0.5751391619140349,0,,0,0,HOLD,3.4,1,1,5,Technology & Software
VRRM,2026-08-14,2.0,0.6207369710168315,3.0,0,0,5.0,1.0,3.0,46.50936281844277,5.0,0.04011064292353355,0,,0,0,HOLD,3.164705882352941,2,2,5,Transportation & Logistics
VRSK,2026-08-14,4.0,0.28408412070112565,4.0,0,0,4.0,3.0,2.0,41.72936736331161,4.0,0.22124221812559214,1,3.0,0,0,SELL,3.523529411764706,0,4,5,Technology & Software
VRSN,2026-08-14,5.0,0.17350306451305234,1.0,0,0,2.0,,3.0,51.39508258958332,2.0,0.7399845950612709,1,1.0,0,0,HOLD,2.685714285714286,3,1,4,Technology & Software
VRT,2026-08-14,5.0,0.11466243534737128,3.0,0,0,1.0,3.0,3.0,54.11418811717709,2.0,0.6765312065616941,0,,0,0,HOLD,3.023529411764706,2,1,5,Semiconductors & Chips
VRTS,2026-08-14,2.0,0.7348557446469792,1.0,1,0,3.0,4.0,4.0,60.7074199949932,2.0,0.6969088433236618,1,1.0,0,0,BUY,2.1235294117647063,3,1,5,Investment & Brokerage
VRTX,2026-08-14,5.0,0.2151687367741072,1.0,0,0,3.0,2.0,4.0,56.490747314563286,1.0,0.8438213432757242,0,,0,0,HOLD,2.7529411764705882,3,1,5,Pharmaceuticals & Biotech
VRXA,2026-08-14,,,5.0,0,0,5.0,,2.0,37.93705677977478,5.0,0.006286580330408031,0,,0,0,STRONG SELL,5.0,0,3,3,Pharmaceuticals & Biotech
VS,2026-08-14,2.0,0.6729612647992654,2.0,0,0,3.0,3.0,3.0,54.04815033254506,4.0,0.38977632947589086,0,,0,0,HOLD,2.823529411764706,2,1,5,Technology & Software
VSA,2026-08-14,,,5.0,0,0,5.0,,3.0,46.82732349986246,5.0,0.00019979214465161007,0,,0,0,STRONG SELL,5.0,0,3,3,Services
VSAT,2026-08-14,3.0,0.48864041170749983,1.0,0,0,1.0,3.0,4.0,56.14605581183527,1.0,0.8912908050944495,0,,0,0,BUY,1.964705882352941,3,0,5,Telecom & Media
VSEC,2026-08-14,4.0,0.33952711895556975,1.0,0,0,2.0,3.0,4.0,64.31301366907314,1.0,0.9911318474548694,0,,0,0,BUY,2.447058823529412,3,1,5,Business & Research Services
VSH,2026-08-14,,,3.0,0,0,1.0,3.0,2.0,44.802585023031234,3.0,0.4400056220551907,0,,0,0,BUY,2.491525423728814,1,0,4,Industrial Machinery
VSME,2026-08-14,5.0,0.19653543307086613,5.0,0,0,5.0,,3.0,48.95848538083219,5.0,0.009816908938190188,0,,0,0,STRONG SELL,5.0,0,4,4,Services
VSNT,2026-08-14,,,,0,0,1.0,3.0,4.0,62.333074185307495,2.0,0.6518858038312955,1,4.0,0,0,STRONG BUY,1.7,2,0,3,Telecom & Media
VST,2026-08-14,4.0,0.2740725494742033,5.0,0,0,4.0,2.0,3.0,47.58896888773562,5.0,0.16496089979849682,0,,0,0,SELL,3.9882352941176467,1,4,5,Utilities
VSTM,2026-08-14,5.0,0.12259992452811973,2.0,0,0,3.0,3.0,4.0,61.901729819389566,3.0,0.4275955875237649,0,,0,0,SELL,3.5058823529411764,1,1,5,Pharmaceuticals & Biotech
VSTS,2026-08-14,2.0,0.6619966134204518,2.0,0,0,1.0,4.0,2.0,35.78254883789687,2.0,0.7451768439137583,0,,0,0,BUY,2.176470588235294,4,1,5,Wholesale Trade
VSXY,2026-08-14,4.0,0.3837939721503592,1.0,0,0,1.0,3.0,3.0,52.0638280525295,1.0,0.8607401191798154,0,,0,0,BUY,2.2705882352941176,3,1,5,Retail
VTEX,2026-08-14,,,3.0,0,0,3.0,,2.0,36.39963094868135,3.0,0.488764056983641,0,,0,0,HOLD,3.0000000000000004,0,0,3,Technology & Software
VTIX,2026-08-14,4.0,0.33541316217605677,,0,0,5.0,3.0,2.0,37.76497759280365,5.0,0.01136363624522281,0,,0,0,STRONG SELL,4.2631578947368425,0,3,4,Computer Hardware
VTMX,2026-08-14,,,2.0,0,0,3.0,,3.0,47.30738246987472,2.0,0.7792193293769855,0,,0,0,BUY,2.3409090909090913,2,0,3,Real Estate & REITs
VTN,2026-08-14,,,5.0,0,0,3.0,,3.0,51.489449963431426,1.0,0.8146829345603538,0,,0,0,BUY,2.5,1,1,3,Other
VTOL,2026-08-14,2.0,0.7404762243369103,1.0,0,0,3.0,2.0,4.0,58.24835414591201,2.0,0.7680604893177247,0,,0,0,BUY,2.070588235294118,4,0,5,Airlines
VTR,2026-08-14,4.0,0.27058110941570607,1.0,0,0,2.0,,3.0,48.73185159872678,2.0,0.7431361575706666,1,1.0,0,0,BUY,2.314285714285715,3,1,4,Investment & Holding Companies
VTRS,2026-08-14,1.0,0.9911111111111112,2.0,0,0,2.0,3.0,2.0,41.238140401852306,1.0,0.8110403812491757,1,1.0,0,0,STRONG BUY,1.3352941176470587,4,0,5,Pharmaceuticals & Biotech
VTS,2026-08-14,3.0,0.4272166903745851,4.0,0,0,5.0,1.0,4.0,56.409976589452704,5.0,0.13069048676169123,0,,0,0,SELL,3.5764705882352943,1,3,5,Oil & Gas
VTSI,2026-08-14,2.0,0.643724344684991,4.0,0,0,5.0,3.0,3.0,54.11582527627326,5.0,0.09036143323751826,1,1.0,0,0,HOLD,3.3235294117647056,1,3,5,Misc Manufacturing
VTVT,2026-08-14,,,5.0,0,1,3.0,3.0,2.0,38.00026103560824,3.0,0.5458151766034193,0,,0,0,HOLD,3.305084745762712,0,1,4,Pharmaceuticals & Biotech
VUZI,2026-08-14,5.0,0.10546436158534174,3.0,0,1,2.0,4.0,4.0,67.47665126932216,4.0,0.37037036083144653,0,,0,0,SELL,3.847058823529412,1,3,5,Industrial Machinery
VVR,2026-08-14,,,5.0,0,0,4.0,,3.0,52.822863346433,4.0,0.2423122248169061,0,,0,0,SELL,4.204545454545455,0,3,3,Other
VVV,2026-08-14,4.0,0.3315513257785415,4.0,0,0,4.0,2.0,2.0,35.3966316085947,3.0,0.45084737214982645,0,,0,0,HOLD,3.411764705882353,1,3,5,Oil & Gas
VVX,2026-08-14,2.0,0.5988331144285837,1.0,0,0,2.0,1.0,3.0,52.38468159383969,2.0,0.7979301935033678,0,,0,0,STRONG BUY,1.7176470588235293,5,0,5,Business & Research Services
VWAV,2026-08-14,1.0,0.9388976377952755,5.0,0,0,5.0,4.0,2.0,39.087034972143876,5.0,0.05415712473309645,0,,0,0,SELL,3.5999999999999996,1,4,5,Technology & Software
VXX,2026-08-14,,,5.0,0,0,5.0,,2.0,34.15336924562595,5.0,0.0,0,,0,0,STRONG SELL,5.0,0,3,3,Banks & Financial Services
VXZ,2026-08-14,,,5.0,0,0,4.0,,2.0,41.46011427147785,5.0,0.022369549676082574,0,,0,0,STRONG SELL,4.659090909090909,0,3,3,Banks & Financial Services
VYGR,2026-08-14,3.0,0.5199654987329696,5.0,0,0,4.0,5.0,3.0,52.51846528378221,5.0,0.11587982393452473,0,,0,0,SELL,4.211764705882353,0,4,5,Pharmaceuticals & Biotech
VYX,2026-08-14,2.0,0.7371660058649534,3.0,0,0,4.0,4.0,3.0,49.33923322477563,4.0,0.26552175778927967,0,,0,0,HOLD,3.282352941176471,1,3,5,Computer Hardware
VZ,2026-08-14,1.0,0.8202939781887152,1.0,0,0,3.0,2.0,4.0,65.3888626230844,1.0,0.9023127307344163,0,,0,0,STRONG BUY,1.5294117647058825,4,0,5,Telecom & Media
VZLA,2026-08-14,,,3.0,0,0,3.0,,4.0,61.285759727949184,4.0,0.20512818788557327,0,,0,0,HOLD,3.454545454545455,0,1,3,Mining & Minerals
W,2026-08-14,,,1.0,1,0,2.0,2.0,4.0,56.39264291524588,2.0,0.7174370581154418,0,,0,0,BUY,1.8474576271186443,4,0,4,Retail
WAB,2026-08-14,4.0,0.29877533392355937,1.0,0,0,2.0,3.0,4.0,61.826052370586495,1.0,0.9439626896191287,0,,0,0,BUY,2.447058823529412,3,1,5,Transportation Equipment
WABC,2026-08-14,2.0,0.6375398291749479,1.0,0,0,2.0,2.0,3.0,54.85438439244152,1.0,0.8858480396351037,0,,0,0,STRONG BUY,1.6588235294117648,5,0,5,Banks & Financial Services
WAFD,2026-08-14,3.0,0.4962322029450647,2.0,0,0,2.0,1.0,4.0,56.52598103289421,1.0,0.8865506695068801,0,,0,0,BUY,1.8941176470588235,4,0,5,Banks & Financial Services
WAFDP,2026-08-14,2.0,0.5988994751417419,2.0,0,0,3.0,1.0,4.0,57.691701025258546,1.0,0.9864427553554737,0,,0,0,BUY,1.764705882352941,4,0,5,Banks & Financial Services
WAFU,2026-08-14,1.0,0.8910236220472441,5.0,0,0,4.0,,2.0,40.3814054799767,5.0,0.0,0,,0,0,HOLD,3.3,1,3,4,Services
WAL,2026-08-14,3.0,0.5037394387210132,1.0,1,0,4.0,2.0,3.0,52.420829178922375,3.0,0.5558130921009546,0,,0,0,HOLD,2.788235294117647,2,1,5,Banks & Financial Services
WALD,2026-08-14,1.0,0.9826771653543306,4.0,1,0,5.0,,2.0,35.8501903363464,4.0,0.25334485741292473,0,,0,0,HOLD,3.1,1,3,4,Chemicals
WASH,2026-08-14,3.0,0.4723452983487857,1.0,0,0,2.0,1.0,4.0,64.88411754971631,1.0,1.0,0,,0,0,BUY,1.7882352941176471,4,0,5,Banks & Financial Services
WAT,2026-08-14,4.0,0.30423552138531446,1.0,0,0,2.0,3.0,4.0,67.13866917522992,1.0,0.970037033267449,1,2.0,0,0,BUY,2.147058823529412,3,1,5,Medical Devices & Instruments
WATT,2026-08-14,3.0,0.5228346456692914,3.0,0,0,1.0,3.0,2.0,42.1144909416968,4.0,0.37387172330585694,0,,0,0,HOLD,2.8823529411764706,1,1,5,Industrial Machinery
WAVE,2026-08-14,,,3.0,0,0,3.0,,2.0,40.80551624462134,3.0,0.4793233286566843,0,,0,0,HOLD,3.0000000000000004,0,0,3,Utilities
WAY,2026-08-14,3.0,0.5106186551183123,3.0,0,0,4.0,3.0,4.0,59.684320302675026,4.0,0.31679394592334964,1,1.0,0,0,HOLD,3.111764705882353,0,2,5,Technology & Software
WB,2026-08-14,1.0,0.9168503937007872,4.0,0,0,4.0,,2.0,42.160413381748754,5.0,0.09820850498315037,0,,0,0,HOLD,3.1714285714285713,1,3,4,Technology & Software
WBD,2026-08-14,3.0,0.4763371561500965,3.0,0,1,2.0,2.0,4.0,68.4545388612109,1.0,0.8920824394575827,0,,0,0,BUY,2.1764705882352944,3,0,5,Telecom & Media
WBI,2026-08-14,,,2.0,0,0,2.0,3.0,2.0,43.552083957529334,2.0,0.7442895142490382,0,,0,0,BUY,2.254237288135593,3,0,4,Oil & Gas
WBS,2026-08-14,3.0,0.4527440873866621,1.0,0,0,2.0,1.0,4.0,66.37476454433815,1.0,0.9973284481544964,0,,0,0,BUY,1.7882352941176471,4,0,5,Banks & Financial Services
WBTN,2026-08-14,1.0,0.7879183633158988,5.0,0,0,5.0,3.0,2.0,32.80531524246629,5.0,0.0,0,,0,0,HOLD,3.423529411764706,1,3,5,Publishing & Media
WBX,2026-08-14,,,4.0,0,0,4.0,,2.0,39.98809031099737,5.0,0.1567010243395867,0,,0,0,STRONG SELL,4.454545454545455,0,3,3,Industrial Machinery
WCC,2026-08-14,4.0,0.39023233760075865,1.0,0,0,2.0,4.0,4.0,56.37032679244148,1.0,0.9258877332672778,0,,0,0,HOLD,2.623529411764706,3,2,5,Wholesale Trade
WCN,2026-08-14,4.0,0.28913086399584814,2.0,0,0,3.0,3.0,3.0,49.241639164694696,3.0,0.48085583941225185,0,,0,0,HOLD,3.2,1,1,5,Utilities
WD,2026-08-14,2.0,0.5874766980309685,5.0,0,0,5.0,4.0,2.0,32.94106038750567,5.0,0.005967922960467154,1,4.0,0,0,SELL,3.605882352941177,1,4,5,Banks & Financial Services
WDAY,2026-08-14,5.0,0.10858226647700332,2.0,0,0,3.0,1.0,4.0,69.21850751707494,2.0,0.6374731201971329,0,,0,0,HOLD,2.91764705882353,3,1,5,Technology & Software
WDC,2026-08-14,5.0,0.1002840571404357,3.0,0,0,1.0,3.0,3.0,50.40350604071348,2.0,0.6465615111388336,0,,0,0,HOLD,3.023529411764706,2,1,5,Computer Hardware
WDFC,2026-08-14,5.0,0.22535251476913754,3.0,0,0,4.0,2.0,3.0,45.12876382714056,3.0,0.5614823511855631,0,,0,0,SELL,3.611764705882353,1,2,5,Chemicals
WDI,2026-08-14,,,5.0,0,0,4.0,,3.0,52.33180060141959,2.0,0.6736256400239418,0,,0,0,HOLD,3.295454545454546,1,2,3,Other
WDS,2026-08-14,,,1.0,0,0,2.0,,4.0,59.11232701802853,1.0,0.8520932577291245,0,,0,0,STRONG BUY,1.340909090909091,3,0,3,Oil & Gas
WEA,2026-08-14,,,5.0,0,0,3.0,,4.0,55.37845764788539,2.0,0.6159884584376458,0,,0,0,HOLD,2.9545454545454546,1,1,3,Other
WEAV,2026-08-14,4.0,0.4071237660080464,3.0,0,0,4.0,2.0,2.0,39.53913421301398,4.0,0.3002755146622824,0,,0,0,SELL,3.541176470588235,1,3,5,Technology & Software
WEC,2026-08-14,4.0,0.4231895584272718,4.0,0,0,4.0,3.0,3.0,49.697721726425044,3.0,0.513048062325281,0,,0,0,SELL,3.5882352941176476,0,3,5,Utilities
WELL,2026-08-14,5.0,0.20871468591987666,1.0,0,0,2.0,,3.0,51.551283035748945,1.0,0.819984309096525,0,,0,0,HOLD,2.7,3,1,4,Investment & Holding Companies
WEN,2026-08-14,3.0,0.4813429892068829,2.0,0,0,3.0,3.0,4.0,62.43186566974406,2.0,0.6465910075327098,0,,0,0,HOLD,2.658823529411765,2,0,5,Retail
WENC,2026-08-14,,,,0,0,,,4.0,58.784724488936895,1.0,1.0,0,,0,0,,,1,0,1,Investment & Holding Companies
WENN,2026-08-14,,,1.0,0,0,3.0,,4.0,67.60885095126523,1.0,0.9310328951911788,0,,0,0,STRONG BUY,1.6818181818181817,2,0,3,Investment & Holding Companies
WERN,2026-08-14,2.0,0.6719407626464549,3.0,0,0,2.0,3.0,3.0,46.467952766930786,2.0,0.6556092483690837,0,,0,0,BUY,2.2823529411764705,3,0,5,Transportation & Logistics
WEST,2026-08-14,1.0,0.8105050505050505,2.0,0,0,2.0,4.0,4.0,59.093648980314455,2.0,0.784053265091224,1,1.0,0,0,STRONG BUY,1.7470588235294116,4,1,5,Food & Beverage
WETH,2026-08-14,1.0,0.8764780808162299,4.0,0,0,3.0,1.0,3.0,54.17281352499988,5.0,0.14981272756082653,0,,0,0,HOLD,2.6117647058823525,2,2,5,Computer Hardware
WETO,2026-08-14,4.0,0.29952755905511813,5.0,0,1,5.0,,2.0,33.02701423769901,5.0,0.02221276709373961,0,,0,0,STRONG SELL,4.628571428571429,0,4,4,Transportation & Logistics
WEX,2026-08-14,4.0,0.34838744778605557,1.0,1,0,2.0,3.0,4.0,65.50933648265125,1.0,0.8997921505314032,0,,0,0,BUY,2.447058823529412,3,1,5,Services
WEYS,2026-08-14,2.0,0.6299274195053979,1.0,0,0,1.0,3.0,4.0,69.19876486330998,1.0,0.9233944868072431,0,,0,0,STRONG BUY,1.6588235294117646,4,0,5,Wholesale Trade
WF,2026-08-14,,,2.0,0,0,3.0,,4.0,63.92718126790985,3.0,0.5880504019826828,0,,0,0,HOLD,2.795454545454546,1,0,3,Banks & Financial Services
WFC,2026-08-14,3.0,0.5736288397900928,1.0,1,0,3.0,3.0,4.0,59.20602328596538,2.0,0.7247167899493855,0,,0,0,HOLD,2.552941176470588,2,0,5,Banks & Financial Services
WFCF,2026-08-14,4.0,0.32222616715270846,1.0,1,0,3.0,2.0,3.0,48.67804416988167,4.0,0.35056190707439927,0,,0,0,HOLD,3.152941176470588,2,2,5,Technology & Software
WFF,2026-08-14,2.0,0.6148031496062992,4.0,1,0,5.0,,2.0,34.53189775039856,5.0,0.08297874488243402,0,,0,0,SELL,3.757142857142857,1,3,4,Misc Manufacturing
WFG,2026-08-14,,,2.0,0,0,4.0,,4.0,56.10100753977978,2.0,0.7193611892877163,0,,0,0,HOLD,2.681818181818182,2,1,3,Wood & Furniture
WFRD,2026-08-14,3.0,0.4956403560584996,3.0,0,1,3.0,1.0,4.0,61.357256710849555,2.0,0.7114190644718472,0,,0,0,BUY,2.411764705882353,2,0,5,Industrial Machinery
WGO,2026-08-14,2.0,0.6860478241965122,3.0,0,0,4.0,2.0,3.0,51.83310753546141,5.0,0.1994651659169674,0,,0,0,HOLD,3.164705882352941,2,2,5,Automobiles
WGS,2026-08-14,5.0,0.21792964547768287,3.0,0,0,4.0,2.0,4.0,62.63091420350082,4.0,0.3275816936177323,1,1.0,0,0,SELL,3.547058823529412,1,3,5,Healthcare Services
WH,2026-08-14,5.0,0.21636169785123474,4.0,0,0,4.0,3.0,2.0,41.85190568610042,4.0,0.25608306760473387,0,,0,0,SELL,4.129411764705883,0,4,5,Hospitality & Leisure
WHD,2026-08-14,5.0,0.24276908487434803,1.0,0,0,1.0,3.0,5.0,75.59797450124833,1.0,1.0,0,,0,0,HOLD,2.5764705882352934,3,1,5,Industrial Machinery
WHF,2026-08-14,1.0,0.8810551411681101,2.0,0,0,3.0,1.0,4.0,66.65226187622531,2.0,0.7264050223435472,1,3.0,0,0,STRONG BUY,1.3941176470588232,4,0,5,Other
WHG,2026-08-14,2.0,0.6085969418501739,1.0,0,0,3.0,1.0,3.0,53.565262434481745,1.0,0.8442561667903852,0,,0,0,STRONG BUY,1.6588235294117646,4,0,5,Investment & Brokerage
WHK,2026-08-14,,,,0,0,,,3.0,50.73763757115843,,,0,,0,0,,,0,0,0,Oil & Gas
WHR,2026-08-14,1.0,0.9145794166503471,3.0,0,0,5.0,3.0,3.0,52.17901237012702,5.0,0.09895797507059582,1,1.0,0,0,HOLD,2.9117647058823533,1,2,5,Industrial Machinery
WHWK,2026-08-14,4.0,0.3959217423517843,2.0,0,0,1.0,4.0,4.0,56.7299528920177,1.0,0.8171428890617537,0,,0,0,HOLD,2.552941176470588,3,2,5,Pharmaceuticals & Biotech
WIA,2026-08-14,,,5.0,0,0,3.0,,4.0,56.74842199327135,2.0,0.7466061039744586,0,,0,0,HOLD,2.9545454545454546,1,1,3,Other
WILC,2026-08-14,,,4.0,0,0,3.0,,3.0,47.01056485589603,3.0,0.5705291961929261,0,,0,0,HOLD,3.2045454545454555,0,1,3,Wholesale Trade
WIMI,2026-08-14,1.0,0.9694488188976378,5.0,0,0,5.0,,3.0,54.454101598183435,5.0,0.055137850002869686,0,,0,0,SELL,3.5142857142857147,1,3,4,Technology & Software
WINA,2026-08-14,5.0,0.21422544053234238,5.0,0,0,4.0,3.0,2.0,44.84283249760225,5.0,0.11501113479185955,0,,0,0,STRONG SELL,4.470588235294118,0,4,5,Retail
WING,2026-08-14,4.0,0.39255494039040045,5.0,0,0,5.0,3.0,3.0,45.382949685743895,5.0,0.06648380172981945,0,,0,0,STRONG SELL,4.341176470588236,0,4,5,Retail
WIT,2026-08-14,,,5.0,0,0,4.0,,3.0,47.780293748870065,5.0,0.14221371749291079,0,,0,0,STRONG SELL,4.659090909090909,0,3,3,Technology & Software
WIW,2026-08-14,,,5.0,0,0,3.0,,4.0,57.979627113463614,1.0,0.892569740841485,0,,0,0,BUY,2.5,1,1,3,Other
WIX,2026-08-14,,,3.0,0,0,4.0,,4.0,65.67000532547252,4.0,0.23433694271959443,0,,0,0,SELL,3.795454545454546,0,2,3,Technology & Software
WK,2026-08-14,,,2.0,0,0,3.0,2.0,4.0,69.31264734645353,3.0,0.5346939347476519,0,,0,0,HOLD,2.593220338983051,2,0,4,Technology & Software
WKC,2026-08-14,1.0,0.7943708904900872,1.0,0,0,2.0,3.0,3.0,45.68399809216658,2.0,0.7700858389192503,0,,0,0,BUY,1.7647058823529411,4,0,5,Wholesale Trade
WKEY,2026-08-14,,,5.0,0,0,3.0,,3.0,48.67777436358976,5.0,0.131415253888179,0,,0,0,STRONG SELL,4.318181818181818,0,2,3,Technology & Software
WKHS,2026-08-14,2.0,0.6828119054535923,3.0,0,0,5.0,3.0,3.0,50.76985994419594,5.0,0.03809523989734377,0,,0,0,SELL,3.5176470588235293,1,2,5,Automobiles
WLCO,2026-08-14,,,,0,0,,,,,,,0,,0,0,,,0,0,0,Investment & Holding Companies
WLDN,2026-08-14,3.0,0.4412085530977304,4.0,0,0,5.0,2.0,4.0,63.27008051608989,4.0,0.2864912275979754,0,,0,0,SELL,3.5176470588235293,1,3,5,Business & Research Services
WLDS,2026-08-14,1.0,0.9237795275590552,3.0,0,0,5.0,,3.0,51.264049864398984,5.0,0.018813661788201052,0,,0,0,HOLD,3.257142857142857,1,2,4,Computer Hardware
WLFC,2026-08-14,1.0,0.8855341211473817,5.0,0,1,5.0,1.0,1.0,20.397117525179752,5.0,0.013425360494229464,0,,0,0,HOLD,3.070588235294117,2,3,5,Wholesale Trade
WLII,2026-08-14,,,,0,0,,,3.0,52.13230052069929,1.0,0.9250005960470162,1,1.0,0,0,,,1,0,1,Investment & Holding Companies
WLK,2026-08-14,,,4.0,0,0,4.0,4.0,4.0,55.666735001583405,4.0,0.36025374084587264,0,,0,0,SELL,4.0,0,4,4,Chemicals
WLTH,2026-08-14,3.0,0.4468189086615881,,0,0,2.0,4.0,2.0,44.02784954989635,4.0,0.2874074865270544,0,,0,0,HOLD,3.263157894736842,1,2,4,Banks & Financial Services
WLY,2026-08-14,1.0,0.8070175438596492,1.0,0,0,1.0,1.0,3.0,51.30180629713811,1.0,0.8419107027308288,0,,0,0,STRONG BUY,1.0,5,0,5,Publishing & Media
WM,2026-08-14,4.0,0.27090935529280485,2.0,0,0,4.0,2.0,2.0,42.27242262357947,2.0,0.6021583742116328,0,,0,0,HOLD,2.9647058823529413,3,2,5,Utilities
WMB,2026-08-14,4.0,0.27927927927927926,2.0,0,0,2.0,1.0,4.0,59.19462328681189,1.0,0.8494751954586243,0,,0,1,BUY,2.1999999999999997,4,1,5,Utilities
WMG,2026-08-14,1.0,0.9890508470341646,5.0,0,1,4.0,3.0,2.0,42.348636039492334,5.0,0.19289243978363593,0,,0,0,HOLD,3.2470588235294118,1,3,5,Hospitality & Leisure
WMK,2026-08-14,2.0,0.7597163518748399,3.0,0,0,4.0,2.0,2.0,35.67827162578085,3.0,0.46684987705004205,0,,0,0,HOLD,2.6941176470588237,2,1,5,Retail
WMS,2026-08-14,4.0,0.3173330666332489,3.0,0,0,4.0,3.0,4.0,57.334720523815086,3.0,0.47112969643571856,0,,0,0,HOLD,3.482352941176471,0,2,5,"Rubber, Plastics & Leather"
WMT,2026-08-14,5.0,0.22143195827406353,4.0,0,0,4.0,2.0,4.0,56.51485162689086,3.0,0.5111546963720688,0,,0,0,SELL,3.717647058823529,1,3,5,Retail
WNC,2026-08-14,1.0,0.7792191005015222,1.0,0,0,3.0,3.0,3.0,50.63452580598728,1.0,0.8058097459342408,0,,0,0,STRONG BUY,1.7058823529411764,3,0,5,Automobiles
WNEB,2026-08-14,2.0,0.7072039300498103,3.0,0,0,3.0,1.0,3.0,49.40335699098296,2.0,0.7696453921701707,0,,0,0,BUY,2.1058823529411765,3,0,5,Banks & Financial Services
WNW,2026-08-14,1.0,0.985511811023622,5.0,0,0,5.0,,2.0,41.07619279791087,5.0,0.0005395872523779449,0,,0,0,SELL,3.5142857142857147,1,3,4,Chemicals
WOK,2026-08-14,3.0,0.5634645669291338,5.0,0,0,5.0,,2.0,41.062112869297565,5.0,4.2763242134016956e-07,0,,0,0,STRONG SELL,4.257142857142858,0,3,4,Medical Devices & Instruments
WOLF,2026-08-14,2.0,0.5962885514090389,3.0,0,0,1.0,4.0,3.0,51.42179259270446,4.0,0.2894378327086604,0,,0,0,HOLD,2.7529411764705882,2,2,5,Semiconductors & Chips
WOOF,2026-08-14,5.0,0.0820293978188715,3.0,0,0,3.0,1.0,3.0,54.20103857199343,4.0,0.29518071337420443,0,,0,0,HOLD,3.494117647058823,1,2,5,Retail
WOR,2026-08-14,3.0,0.4968583882240673,1.0,0,0,4.0,2.0,4.0,59.16920673585121,2.0,0.6054049199552458,0,,0,0,HOLD,2.552941176470588,3,1,5,Metals
WPAC,2026-08-14,,,,0,0,,,3.0,53.1443578610543,3.0,0.43589831370554405,0,,0,0,,,0,0,1,Investment & Holding Companies
WPC,2026-08-14,4.0,0.39142816325670593,2.0,0,0,3.0,3.0,2.0,43.879767864925256,2.0,0.671804098355798,0,,0,0,HOLD,2.9647058823529413,2,1,5,Investment & Holding Companies
WPM,2026-08-14,,,2.0,0,0,3.0,,4.0,68.63282427454283,3.0,0.5837138608168907,0,,0,0,HOLD,2.795454545454546,1,0,3,Mining & Minerals
WPP,2026-08-14,,,1.0,1,0,2.0,,5.0,74.95061625704098,1.0,0.9502067115073969,0,,0,0,STRONG BUY,1.340909090909091,3,0,3,Services
WPRT,2026-08-14,1.0,0.9256692913385827,4.0,0,0,4.0,,2.0,42.30018597627283,5.0,0.1527777915751487,0,,0,0,HOLD,3.1714285714285713,1,3,4,Industrial Machinery
WRAP,2026-08-14,5.0,0.14481434733704474,2.0,0,0,3.0,3.0,3.0,53.35669514127047,3.0,0.4019608175419979,0,,0,0,SELL,3.5058823529411764,1,1,5,Industrial Machinery
WRB,2026-08-14,3.0,0.5342260951888871,2.0,1,0,3.0,2.0,2.0,44.71686382271688,3.0,0.5597157907021275,1,2.0,0,0,BUY,2.4176470588235297,2,0,5,Insurance
WRBY,2026-08-14,4.0,0.25500606746718835,3.0,0,0,3.0,2.0,3.0,46.71354934987746,2.0,0.6801443911075415,0,,0,0,HOLD,2.8941176470588235,2,1,5,Medical Devices & Instruments
WRD,2026-08-14,,,5.0,0,0,5.0,,3.0,47.52763241347482,5.0,0.07507078431540738,0,,0,0,STRONG SELL,5.0,0,3,3,Technology & Software
WRLD,2026-08-14,3.0,0.5184963323032674,2.0,0,0,2.0,1.0,3.0,54.81139651944578,2.0,0.7313873890888949,0,,0,0,BUY,2.1294117647058823,4,0,5,Banks & Financial Services
WRN,2026-08-14,,,4.0,0,0,3.0,,4.0,58.342722460176,3.0,0.41489361882011894,0,,0,0,HOLD,3.2045454545454555,0,1,3,Mining & Minerals
WS,2026-08-14,2.0,0.6023262138723227,2.0,0,0,4.0,4.0,4.0,56.05609419920901,3.0,0.49038182325965884,0,,0,0,HOLD,2.941176470588236,2,2,5,Metals
WSBC,2026-08-14,2.0,0.7347325386223252,1.0,0,0,2.0,3.0,4.0,67.53014227280431,1.0,0.9992784860755655,1,1.0,0,0,STRONG BUY,1.535294117647059,4,0,5,Banks & Financial Services
WSBF,2026-08-14,2.0,0.7471761667944304,1.0,0,0,2.0,1.0,4.0,65.81555237815608,1.0,0.9808619531208744,0,,0,0,STRONG BUY,1.4823529411764707,5,0,5,Banks & Financial Services
WSBK,2026-08-14,1.0,0.775748031496063,1.0,0,0,2.0,4.0,3.0,49.31260026186412,1.0,0.9332492882875589,0,,0,0,STRONG BUY,1.7058823529411764,4,1,5,Banks & Financial Services
WSC,2026-08-14,4.0,0.4124311951078405,3.0,0,0,3.0,4.0,2.0,42.777566052301644,2.0,0.6269214046377911,0,,0,0,HOLD,3.2470588235294118,1,2,5,Services
WSE,2026-08-14,,,,0,0,,,4.0,57.8831595604464,3.0,0.5380001068115234,0,,0,0,,,0,0,1,Services
WSFS,2026-08-14,2.0,0.671882408724514,1.0,0,0,2.0,2.0,4.0,61.79593200360092,1.0,0.986728994377864,0,,0,0,STRONG BUY,1.6588235294117648,5,0,5,Banks & Financial Services
WSHP,2026-08-14,,,,0,0,5.0,,2.0,44.50220679225056,5.0,0.0018926793492878508,0,,0,0,,,0,2,2,Retail
WSM,2026-08-14,5.0,0.25342510455987793,1.0,0,0,2.0,3.0,4.0,56.15952318466165,1.0,0.8781379877865813,0,,0,0,HOLD,2.7529411764705882,3,1,5,Retail
WSO,2026-08-14,4.0,0.42484589853010907,5.0,0,1,5.0,2.0,2.0,34.73984480262817,5.0,0.026171752444042923,0,,0,0,SELL,4.1647058823529415,1,4,5,Wholesale Trade
WSO.B,2026-08-14,4.0,0.4035087719298246,5.0,0,0,4.0,2.0,2.0,35.214650118076705,5.0,0.09448830980605744,0,,0,0,SELL,3.9882352941176467,1,4,5,Wholesale Trade
WST,2026-08-14,5.0,0.19007360050777683,1.0,0,0,2.0,2.0,3.0,52.02453801187867,1.0,0.8807700496717924,0,,0,0,HOLD,2.5764705882352943,4,1,5,Medical Devices & Instruments
WSTN,2026-08-14,,,,0,0,3.0,,4.0,68.70285707875264,1.0,0.9629620472246194,0,,0,0,,,1,0,2,Investment & Holding Companies
WT,2026-08-14,5.0,0.22446618079904465,1.0,0,0,1.0,2.0,4.0,66.55660499517818,1.0,1.0,1,1.0,0,0,BUY,2.1,4,1,5,Investment & Brokerage
WTBA,2026-08-14,3.0,0.5863096207401597,1.0,0,0,2.0,2.0,5.0,76.50696734499519,1.0,0.9861350889632328,0,,0,0,BUY,1.9647058823529413,4,0,5,Banks & Financial Services
WTF,2026-08-14,5.0,0.19086614173228347,3.0,0,0,5.0,,3.0,50.941234830189984,5.0,0.09935206273529353,0,,0,0,STRONG SELL,4.742857142857143,0,3,4,Investment & Brokerage
WTFC,2026-08-14,3.0,0.4335761995992558,1.0,0,0,2.0,2.0,4.0,57.387636941662606,1.0,0.9192598683003573,0,,0,0,BUY,1.9647058823529413,4,0,5,Banks & Financial Services
WTG,2026-08-14,5.0,0.24818897637795279,1.0,0,0,3.0,3.0,5.0,77.09450138972214,1.0,1.0,0,,0,0,HOLD,2.929411764705882,2,1,5,Technology & Software
WTI,2026-08-14,2.0,0.7276767676767677,1.0,0,0,1.0,3.0,3.0,53.77960145792309,2.0,0.6393002423245694,0,,0,0,BUY,1.8941176470588237,4,0,5,Oil & Gas
WTM,2026-08-14,1.0,0.7738216805664261,1.0,0,0,3.0,2.0,3.0,50.24552073853012,2.0,0.7277882997591996,0,,0,0,BUY,1.7647058823529411,4,0,5,Insurance
WTRG,2026-08-14,2.0,0.6036036036036037,2.0,0,0,3.0,2.0,4.0,59.29190942848902,1.0,0.8301967010942722,0,,0,0,BUY,1.9411764705882353,4,0,5,Utilities
WTS,2026-08-14,5.0,0.25130393551446184,1.0,0,0,2.0,3.0,4.0,65.89096195925495,1.0,0.9399816087878193,0,,0,0,HOLD,2.7529411764705882,3,1,5,Industrial Machinery
WTTR,2026-08-14,,,1.0,0,0,1.0,4.0,4.0,56.223522817906634,1.0,0.908181334385303,0,,0,0,BUY,1.7627118644067798,3,1,4,Oil & Gas
WTW,2026-08-14,3.0,0.5433854907539118,2.0,0,0,3.0,2.0,4.0,63.13490476586408,1.0,0.8579638635465912,1,1.0,0,0,BUY,1.9470588235294117,3,0,5,Insurance
WU,2026-08-14,1.0,0.869561588641046,5.0,0,0,4.0,2.0,3.0,48.4251553601333,4.0,0.3252869266358906,0,,0,0,HOLD,2.835294117647059,2,3,5,Services
WULF,2026-08-14,5.0,0.05042317460419903,4.0,0,0,2.0,5.0,2.0,44.2346891268302,3.0,0.42772567018911406,1,1.0,0,0,SELL,3.594117647058824,1,3,5,Banks & Financial Services
WVE,2026-08-14,4.0,0.31295994014858347,5.0,0,0,5.0,4.0,2.0,42.42039926386317,5.0,0.022140201274557042,1,1.0,0,0,SELL,4.2176470588235295,0,5,5,Pharmaceuticals & Biotech
WVVI,2026-08-14,1.0,0.9425703395559375,5.0,0,0,5.0,5.0,2.0,35.93541828315142,5.0,0.038754323090023725,0,,0,0,SELL,3.776470588235294,1,4,5,Food & Beverage
WW,2026-08-14,1.0,0.9024651438836102,5.0,0,0,5.0,4.0,2.0,44.12060532273964,5.0,0.19147290165669134,0,,0,0,SELL,3.5999999999999996,1,4,5,Services
WWD,2026-08-14,5.0,0.17069701280227595,3.0,0,0,3.0,1.0,2.0,44.92272758960988,2.0,0.6702243888608486,0,,0,0,HOLD,3.0235294117647062,2,1,5,Industrial Machinery
WWW,2026-08-14,2.0,0.5988620199146515,1.0,1,0,3.0,1.0,4.0,64.64492353157482,4.0,0.3831902741246627,0,,0,0,BUY,2.3647058823529408,3,1,5,"Rubber, Plastics & Leather"
WXM,2026-08-14,5.0,0.17070866141732283,4.0,0,0,4.0,,4.0,55.472943470953844,5.0,0.06206896551724138,0,,0,0,STRONG SELL,4.6571428571428575,0,4,4,Construction & Materials
WY,2026-08-14,3.0,0.4760275551806153,1.0,1,0,4.0,3.0,3.0,49.28847798393781,2.0,0.6446552947892789,1,2.0,0,0,BUY,2.429411764705883,2,1,5,Investment & Holding Companies
WYFI,2026-08-14,4.0,0.2645658781685187,3.0,0,0,1.0,3.0,3.0,54.72966828680657,3.0,0.5513386385756511,0,,0,0,HOLD,2.9529411764705884,1,1,5,Banks & Financial Services
WYHG,2026-08-14,2.0,0.6179527559055118,1.0,0,0,2.0,,3.0,51.47850460934983,3.0,0.43554259010213847,0,,0,0,BUY,2.1571428571428575,3,0,4,Food & Beverage
WYNN,2026-08-14,4.0,0.3129445234708393,4.0,0,0,4.0,2.0,4.0,57.317284012712854,4.0,0.21427207691739036,0,,0,0,SELL,3.6470588235294112,1,4,5,Hospitality & Leisure
WYY,2026-08-14,3.0,0.46962341115868717,3.0,0,0,1.0,4.0,2.0,36.62547164446404,4.0,0.3585918555477085,0,,0,0,HOLD,3.058823529411765,1,2,5,Technology & Software
XAIR,2026-08-14,5.0,0.15250919017921305,5.0,0,0,5.0,2.0,3.0,50.11320288025634,5.0,0.01892202268457583,0,,0,0,STRONG SELL,4.470588235294118,1,4,5,Medical Devices & Instruments
XBIO,2026-08-14,2.0,0.6041152455768911,2.0,0,0,2.0,4.0,4.0,65.39645974677383,5.0,0.15107914142093018,0,,0,0,HOLD,3.058823529411765,3,2,5,Pharmaceuticals & Biotech
XBIT,2026-08-14,1.0,0.9108661417322834,5.0,0,0,4.0,3.0,3.0,50.04075722621421,5.0,0.13043482016675478,0,,0,0,HOLD,3.2470588235294118,1,3,5,Pharmaceuticals & Biotech
XBP,2026-08-14,1.0,0.938876406528628,3.0,0,0,5.0,3.0,3.0,47.55254707215509,5.0,0.06986492693731028,0,,0,0,HOLD,3.211764705882353,1,2,5,Services
XCBE,2026-08-14,,,,0,0,,,5.0,77.40665544376164,1.0,1.0,0,,0,0,,,1,0,1,Investment & Holding Companies
XCUR,2026-08-14,4.0,0.31338582677165355,5.0,0,0,5.0,4.0,1.0,28.23722098428057,5.0,0.0,0,,0,0,STRONG SELL,4.517647058823529,0,5,5,Pharmaceuticals & Biotech
XE,2026-08-14,,,,0,0,,,4.0,57.96603762705901,4.0,0.32257338965307697,0,,0,0,,,0,1,1,Industrial Machinery
XEL,2026-08-14,3.0,0.5048266028732685,3.0,0,0,3.0,3.0,3.0,52.21014387603393,2.0,0.7320853357559947,0,,0,0,HOLD,2.7647058823529416,1,0,5,Utilities
XENE,2026-08-14,5.0,0.25133858267716536,1.0,0,0,1.0,5.0,3.0,45.66299581915115,2.0,0.7560906289960441,0,,0,0,HOLD,3.164705882352941,3,2,5,Pharmaceuticals & Biotech
XERS,2026-08-14,4.0,0.33131313131313134,1.0,0,0,2.0,1.0,4.0,58.18578315320333,2.0,0.7180044828902333,0,,0,0,BUY,2.3294117647058825,4,1,5,Pharmaceuticals & Biotech
XFLH,2026-08-14,5.0,0.010078740157480314,,0,0,,,2.0,44.08103938519305,4.0,0.324324115337923,1,1.0,0,0,,,0,2,2,Investment & Holding Companies
XFLT,2026-08-14,,,3.0,0,0,4.0,,5.0,72.08300080271576,3.0,0.47863808993844786,1,1.0,0,0,HOLD,3.040909090909092,0,1,3,Other
XFOR,2026-08-14,4.0,0.3231514988225671,1.0,0,0,2.0,3.0,3.0,53.090024708340835,2.0,0.7935778567329678,0,,0,0,HOLD,2.6823529411764704,3,1,5,Pharmaceuticals & Biotech
XGN,2026-08-14,4.0,0.29307908991504644,2.0,0,0,3.0,4.0,4.0,69.06671218882319,3.0,0.43071963229759963,0,,0,0,HOLD,3.376470588235294,1,2,5,Healthcare Services
XHG,2026-08-14,,,1.0,0,0,1.0,,5.0,87.0628428515633,1.0,0.9097744484903102,0,,0,0,STRONG BUY,1.0,3,0,3,Insurance
XHLD,2026-08-14,5.0,0.11872000390335324,2.0,0,0,2.0,4.0,5.0,79.51590384321531,1.0,0.9112585362576026,0,,0,0,HOLD,3.035294117647059,3,2,5,Services
XHR,2026-08-14,3.0,0.5782639222115165,2.0,0,0,2.0,1.0,2.0,39.99274215115951,2.0,0.7296002061435709,0,,0,0,BUY,2.1294117647058823,4,0,5,Hospitality & Leisure
XLO,2026-08-14,2.0,0.7601082423688955,1.0,1,0,3.0,2.0,4.0,55.05992219547959,3.0,0.4107649222679194,1,1.0,0,0,BUY,2.005882352941177,3,0,5,Pharmaceuticals & Biotech
XMAX,2026-08-14,5.0,0.10615589774928322,1.0,0,0,1.0,4.0,4.0,56.76998011120529,1.0,0.9648436912466437,0,,0,0,HOLD,2.7529411764705882,3,2,5,Wood & Furniture
XMTR,2026-08-14,1.0,0.9955951607341427,2.0,0,0,1.0,3.0,4.0,57.56594309477596,1.0,0.8750545987215909,1,1.0,0,0,STRONG BUY,1.1588235294117646,4,0,5,Services
XNCR,2026-08-14,4.0,0.26527890384815744,1.0,0,0,1.0,4.0,5.0,73.85338679876958,1.0,1.0,0,,0,0,BUY,2.4470588235294115,3,2,5,Pharmaceuticals & Biotech
XNDU,2026-08-14,5.0,0.08976377952755905,,0,0,,,3.0,53.83654666252155,5.0,0.1417102989323025,0,,0,0,,,0,2,2,Computer Hardware
XNET,2026-08-14,2.0,0.7168503937007874,5.0,0,0,4.0,,3.0,47.35949131818502,5.0,0.09640525549356153,0,,0,0,SELL,3.671428571428572,1,3,4,Technology & Software
XOM,2026-08-14,3.0,0.44125984251968503,1.0,0,0,2.0,,4.0,64.32785873177019,1.0,0.845829222647708,0,,0,0,BUY,1.9571428571428575,3,0,4,Oil & Gas
XOS,2026-08-14,2.0,0.7637301563402262,4.0,0,0,4.0,3.0,2.0,40.66585077845573,5.0,0.08290598501341573,0,,0,0,HOLD,3.447058823529412,1,3,5,Automobiles
XP,2026-08-14,,,4.0,0,0,4.0,,2.0,41.73634226118173,5.0,0.1140410123834544,0,,0,0,STRONG SELL,4.454545454545455,0,3,3,Investment & Brokerage
XPEL,2026-08-14,4.0,0.37279443483566443,3.0,0,1,3.0,2.0,4.0,61.20136422704616,2.0,0.7827041176788758,0,,0,0,HOLD,2.8941176470588235,2,1,5,Industrial Machinery
XPER,2026-08-14,1.0,0.8284436793521941,3.0,0,0,2.0,4.0,2.0,37.35245349347447,3.0,0.46175624383100405,0,,0,0,BUY,2.3882352941176475,2,1,5,Technology & Software
XPEV,2026-08-14,,,5.0,0,0,5.0,,2.0,36.060444029411734,5.0,0.0012202260423504648,0,,0,0,STRONG SELL,5.0,0,3,3,Automobiles
XPO,2026-08-14,5.0,0.24446625826950394,2.0,0,0,2.0,3.0,4.0,55.82073816856215,1.0,0.8346862862077498,0,,0,0,HOLD,2.8588235294117648,3,1,5,Transportation & Logistics
XPOF,2026-08-14,,,5.0,0,0,5.0,2.0,1.0,25.97329532446318,5.0,0.12499992671560241,0,,0,0,SELL,4.237288135593221,1,3,4,Hospitality & Leisure
XPON,2026-08-14,1.0,0.8827049877353788,5.0,0,0,5.0,3.0,2.0,44.4288156448119,5.0,0.017644259784433673,0,,0,0,HOLD,3.423529411764706,1,3,5,Industrial Machinery
XPRO,2026-08-14,,,1.0,0,0,2.0,,5.0,71.6536579693616,1.0,1.0,0,,0,0,STRONG BUY,1.340909090909091,3,0,3,Oil & Gas
XRAY,2026-08-14,2.0,0.692139217047647,3.0,1,0,4.0,3.0,2.0,40.54354522505624,4.0,0.38690472698896444,1,2.0,0,0,HOLD,2.8058823529411767,1,2,5,Medical Devices & Instruments
XRN,2026-08-14,2.0,0.6612990861537913,2.0,0,0,3.0,1.0,4.0,56.688992996406945,1.0,0.9109705734475976,0,,0,0,BUY,1.764705882352941,4,0,5,Investment & Holding Companies
XRPN,2026-08-14,,,1.0,0,0,3.0,,4.0,61.935227577642344,1.0,0.9714279486215334,0,,0,0,STRONG BUY,1.6818181818181817,2,0,3,Investment & Holding Companies
XRTX,2026-08-14,,,4.0,0,0,4.0,,3.0,52.69495813794282,5.0,0.11390727159302612,0,,0,0,STRONG SELL,4.454545454545455,0,3,3,Pharmaceuticals & Biotech
XRX,2026-08-14,1.0,0.8280377629251728,2.0,0,0,3.0,4.0,3.0,52.78446131576643,2.0,0.6872230630083194,0,,0,0,BUY,2.223529411764706,3,1,5,Computer Hardware
XSLL,2026-08-14,,,,0,0,,,4.0,69.58973838117593,1.0,1.0,1,2.0,0,0,,,1,0,1,Investment & Holding Companies
XTIA,2026-08-14,3.0,0.4892929292929293,4.0,0,0,4.0,3.0,4.0,55.50655403146854,4.0,0.2087912138296405,0,,0,0,SELL,3.5176470588235293,0,3,5,Technology & Software
XTLB,2026-08-14,,,3.0,0,0,5.0,,3.0,48.488685526548565,5.0,0.11807820176161046,0,,0,0,STRONG SELL,4.590909090909092,0,2,3,Pharmaceuticals & Biotech
XXI,2026-08-14,,,5.0,0,0,5.0,,3.0,48.478638873424494,5.0,0.02081633546758505,0,,0,0,STRONG SELL,5.0,0,3,3,Banks & Financial Services
XXII,2026-08-14,1.0,0.9669845989289615,5.0,0,0,5.0,3.0,2.0,42.76420813302947,5.0,0.0008446414540111026,0,,0,0,HOLD,3.423529411764706,1,3,5,Food & Beverage
XYF,2026-08-14,1.0,0.9618897637795275,3.0,0,0,4.0,,4.0,61.3935936815688,5.0,0.18927594634409356,0,,0,0,HOLD,3.0428571428571427,1,2,4,Banks & Financial Services
XYL,2026-08-14,4.0,0.41650540496979654,3.0,0,0,4.0,2.0,3.0,49.681796243339974,4.0,0.30241467180068315,0,,0,0,SELL,3.541176470588235,1,3,5,Industrial Machinery
XYZ,2026-08-14,5.0,0.2389758179231863,1.0,0,0,2.0,3.0,4.0,57.943122299562546,1.0,0.9504922032629558,0,,0,0,HOLD,2.7529411764705882,3,1,5,Technology & Software
XZO,2026-08-14,4.0,0.3331875125892208,,0,0,4.0,3.0,2.0,44.40395248620232,4.0,0.22393161780091014,1,3.0,0,0,SELL,3.5026315789473683,0,3,4,Technology & Software
YAAS,2026-08-14,,,2.0,0,0,3.0,,5.0,73.79810658324996,5.0,0.06848176552717854,0,,0,0,SELL,3.7045454545454546,1,1,3,Technology & Software
YALA,2026-08-14,1.0,0.9149606299212598,3.0,0,0,5.0,,3.0,53.22300807640845,5.0,0.1448762750760749,0,,0,0,HOLD,3.257142857142857,1,2,4,Technology & Software
YARW,2026-08-14,5.0,0.015836461701661347,1.0,0,0,1.0,4.0,5.0,84.59115832001046,1.0,0.9870838785011491,0,,0,0,HOLD,2.7529411764705882,3,2,5,Pharmaceuticals & Biotech
YB,2026-08-14,1.0,0.9291338582677166,5.0,0,0,5.0,,3.0,45.23135768081903,5.0,0.12663817849145323,0,,0,0,SELL,3.5142857142857147,1,3,4,Insurance
YCY,2026-08-14,,,,0,0,3.0,,4.0,69.26431314837797,1.0,0.970587575312188,0,,0,0,,,1,0,2,Investment & Holding Companies
YDDL,2026-08-14,,,5.0,0,0,5.0,,3.0,45.44622044306465,5.0,0.01246333986636359,0,,0,0,STRONG SELL,5.0,0,3,3,Wholesale Trade
YDES,2026-08-14,,,4.0,0,0,5.0,,4.0,63.563169268683374,5.0,0.050919378152881174,0,,0,0,STRONG SELL,4.795454545454546,0,3,3,Healthcare Services
YDKG,2026-08-14,1.0,0.9713385826771653,3.0,0,0,4.0,,4.0,57.20775754250975,5.0,0.0005773568830890165,0,,0,0,HOLD,3.0428571428571427,1,2,4,Services
YELP,2026-08-14,2.0,0.6543232170347938,4.0,0,0,3.0,1.0,3.0,46.46511138491555,4.0,0.35017791285032934,0,,0,0,HOLD,2.6823529411764704,2,2,5,Services
YETI,2026-08-14,4.0,0.4218511095217269,2.0,0,0,3.0,2.0,2.0,32.68487337503447,2.0,0.605250410678037,0,,0,0,HOLD,2.7882352941176474,3,1,5,Misc Manufacturing
YEXT,2026-08-14,4.0,0.30980502131292,2.0,0,0,4.0,2.0,4.0,63.69394244583678,3.0,0.445017172487528,0,,0,0,HOLD,3.2,2,2,5,Technology & Software
YHC,2026-08-14,4.0,0.4185129090980782,5.0,0,0,5.0,4.0,1.0,25.01637877427143,5.0,0.0027369772054230542,0,,0,0,STRONG SELL,4.517647058823529,0,5,5,Food & Beverage
YHGJ,2026-08-14,2.0,0.7351181102362204,4.0,0,0,4.0,3.0,4.0,56.02517974749587,5.0,0.12444772651372366,0,,0,0,HOLD,3.447058823529412,1,3,5,"Rubber, Plastics & Leather"
YHNA,2026-08-14,,,1.0,0,0,3.0,3.0,5.0,92.61219771827272,1.0,0.9454550498771495,0,,0,0,BUY,2.016949152542373,2,0,4,Investment & Holding Companies
YI,2026-08-14,,,5.0,0,0,5.0,,2.0,44.03732277236096,5.0,0.19072166679980418,0,,0,0,STRONG SELL,5.0,0,3,3,Retail
YIBO,2026-08-14,,,1.0,1,0,2.0,,4.0,60.63688705742157,2.0,0.6654761821977679,0,,0,0,BUY,1.7954545454545454,3,0,3,Computer Hardware
YICC,2026-08-14,,,,0,0,,,1.0,13.822525204094546,,,0,,0,0,,,0,0,0,Investment & Holding Companies
YJ,2026-08-14,,,2.0,0,0,2.0,,3.0,53.04705290846133,4.0,0.3289473553498591,0,,0,0,HOLD,2.9090909090909096,2,1,3,Retail
YMAT,2026-08-14,,,5.0,0,1,5.0,,3.0,45.302863379310274,5.0,0.028186941475281495,0,,0,0,STRONG SELL,5.0,0,3,3,Misc Manufacturing
YMM,2026-08-14,,,3.0,0,0,4.0,,2.0,41.138422542783815,4.0,0.21470928828058078,0,,0,0,SELL,3.795454545454546,0,2,3,Technology & Software
YORW,2026-08-14,4.0,0.423649854452823,2.0,0,0,3.0,4.0,5.0,71.48227135182162,1.0,0.9686383030618517,1,1.0,0,0,HOLD,2.605882352941177,2,2,5,Utilities
YOU,2026-08-14,5.0,0.200916263910611,4.0,0,0,2.0,2.0,1.0,29.951012845234402,3.0,0.49267570919516995,0,,0,0,HOLD,3.364705882352941,2,2,5,Technology & Software
YPF,2026-08-14,,,1.0,0,0,1.0,,3.0,50.99831543894506,1.0,0.8078096561419188,0,,0,0,STRONG BUY,1.0,3,0,3,Oil & Gas
YQ,2026-08-14,1.0,0.9190551181102362,4.0,0,0,4.0,,3.0,54.15292717940943,5.0,0.132222228580051,0,,0,0,HOLD,3.1714285714285713,1,3,4,Services
YRD,2026-08-14,1.0,0.9833070866141733,5.0,0,0,5.0,,3.0,48.122727130396015,5.0,0.06141569038120511,0,,0,0,SELL,3.5142857142857147,1,3,4,Banks & Financial Services
YSG,2026-08-14,,,3.0,0,0,5.0,,3.0,52.11641480999578,5.0,0.1438763366819472,0,,0,0,STRONG SELL,4.590909090909092,0,2,3,Chemicals
YSS,2026-08-14,1.0,0.8409448818897638,,0,0,5.0,,2.0,30.94970244915976,5.0,0.013648794245627156,0,,0,0,HOLD,3.2950819672131146,1,2,3,Aerospace & Defense
YSWY,2026-08-14,5.0,0.0012598425196850393,,0,0,,,5.0,70.05471282804959,2.0,0.6750000518301216,0,,0,0,,,1,1,2,Retail
YSXT,2026-08-14,1.0,0.8677165354330708,5.0,0,0,5.0,,3.0,51.52844864114201,5.0,0.12181302706147278,0,,0,0,SELL,3.5142857142857147,1,3,4,Services
YUM,2026-08-14,4.0,0.4058795637743006,5.0,0,0,4.0,3.0,3.0,45.17343699921941,4.0,0.3794286546310226,0,,0,0,SELL,3.929411764705882,0,4,5,Retail
YUMC,2026-08-14,3.0,0.5264596457185294,3.0,0,0,4.0,1.0,4.0,60.89392854271375,3.0,0.434063182592665,0,,0,0,HOLD,2.823529411764706,1,1,5,Retail
YXT,2026-08-14,1.0,0.9952755905511812,4.0,0,0,5.0,,3.0,47.38976361122366,5.0,0.046567451270184974,0,,0,0,HOLD,3.3857142857142852,1,3,4,Technology & Software
YYGH,2026-08-14,,,5.0,0,0,5.0,,2.0,34.37492881999475,5.0,7.033194062209329e-05,0,,0,0,STRONG SELL,5.0,0,3,3,Services
Z,2026-08-14,5.0,0.017543859649122806,3.0,0,0,5.0,1.0,3.0,53.98660434983082,5.0,0.08816284592574862,0,,0,0,SELL,4.08235294117647,1,3,5,Services
ZBH,2026-08-14,4.0,0.3807491702228545,1.0,1,0,3.0,3.0,4.0,65.47318913386101,2.0,0.781823369744969,0,,0,0,HOLD,2.8588235294117643,2,1,5,Medical Devices & Instruments
ZBIO,2026-08-14,5.0,0.14309777503332388,1.0,1,0,2.0,4.0,3.0,47.88282204503339,3.0,0.5116196374271195,1,2.0,0,0,HOLD,3.1000000000000005,2,2,5,Pharmaceuticals & Biotech
ZBRA,2026-08-14,5.0,0.19677572309151256,1.0,0,0,2.0,3.0,5.0,78.59959653896166,1.0,0.9617435840800738,1,1.0,0,0,BUY,2.4529411764705884,3,1,5,Industrial Machinery
ZCMD,2026-08-14,,,5.0,0,0,5.0,,1.0,26.488592460062975,5.0,4.951316061261594e-05,0,,0,0,STRONG SELL,5.0,0,3,3,Services
ZD,2026-08-14,2.0,0.6792946089583735,1.0,0,0,1.0,2.0,4.0,58.61752655066069,1.0,0.9819728304022552,0,,0,0,STRONG BUY,1.4823529411764707,5,0,5,Telecom & Media
ZDAI,2026-08-14,5.0,0.24913385826771653,5.0,0,0,5.0,,2.0,35.01683422808556,5.0,0.01651446966100534,0,,0,0,STRONG SELL,5.0,0,4,4,Construction & Materials
ZDGE,2026-08-14,,,4.0,0,0,4.0,2.0,3.0,45.58935755585599,4.0,0.373921810154448,0,,0,0,HOLD,3.491525423728814,1,3,4,Technology & Software
ZENA,2026-08-14,1.0,0.8459842519685039,3.0,0,0,5.0,,5.0,79.76502093294812,5.0,0.1651376307326708,0,,0,0,HOLD,3.257142857142857,1,2,4,Technology & Software
ZEPP,2026-08-14,,,4.0,0,0,5.0,,4.0,56.477217779547004,5.0,0.02496508476898008,0,,0,0,STRONG SELL,4.795454545454546,0,3,3,Computer Hardware
ZETA,2026-08-14,,,1.0,0,0,1.0,3.0,4.0,69.79340178904047,1.0,0.9621764049340209,0,,0,0,STRONG BUY,1.5084745762711864,3,0,4,Technology & Software
ZG,2026-08-14,5.0,0.017069701280227598,3.0,0,0,5.0,1.0,3.0,54.43234480211323,5.0,0.10447761490467428,0,,0,0,SELL,4.08235294117647,1,3,5,Services
ZGN,2026-08-14,,,2.0,0,0,1.0,,2.0,42.1806361157798,2.0,0.7987164514643313,0,,0,0,STRONG BUY,1.6590909090909092,3,0,3,Apparel & Textiles
ZH,2026-08-14,,,4.0,0,0,4.0,,3.0,45.29138359547828,4.0,0.20284702309817712,0,,0,0,SELL,4.0,0,3,3,Services
ZIM,2026-08-14,,,1.0,0,0,1.0,,4.0,63.61391251918776,1.0,0.9751756765098173,0,,0,0,STRONG BUY,1.0,3,0,3,Transportation & Logistics
ZION,2026-08-14,3.0,0.4716042436287442,1.0,0,0,2.0,1.0,4.0,61.988050542574285,1.0,0.9595834391273645,1,1.0,0,0,STRONG BUY,1.488235294117647,4,0,5,Banks & Financial Services
ZIP,2026-08-14,1.0,0.7987878787878788,1.0,0,0,2.0,4.0,4.0,59.16594851627111,2.0,0.7921052575441605,0,,0,0,BUY,1.9411764705882355,4,1,5,Technology & Software
ZJK,2026-08-14,4.0,0.4094488188976378,5.0,0,0,4.0,,4.0,58.541107115471554,5.0,0.1950207518138855,0,,0,0,STRONG SELL,4.414285714285715,0,4,4,Industrial Machinery
ZJYL,2026-08-14,5.0,0.06362204724409448,2.0,0,0,4.0,,5.0,70.4865453638855,5.0,0.10335748293266717,0,,0,0,STRONG SELL,4.4,1,3,4,Medical Devices & Instruments
ZKH,2026-08-14,5.0,0.22551181102362206,3.0,0,0,4.0,,4.0,55.160258354292765,3.0,0.4913295570403352,0,,0,0,SELL,3.9571428571428573,0,2,4,Retail
ZKIN,2026-08-14,1.0,0.948976377952756,5.0,0,0,5.0,,2.0,35.2900457233055,5.0,0.0,0,,0,0,SELL,3.5142857142857147,1,3,4,Industrial Machinery
ZKP,2026-08-14,,,,0,0,3.0,,5.0,80.09260736355048,1.0,1.0,0,,0,0,,,1,0,2,Investment & Holding Companies
ZLAB,2026-08-14,5.0,0.04807423608090097,2.0,0,0,3.0,4.0,5.0,77.48989029394585,3.0,0.49408132942295785,1,1.0,0,0,HOLD,3.3823529411764715,1,2,5,Pharmaceuticals & Biotech
ZM,2026-08-14,2.0,0.6386913229018493,1.0,0,0,2.0,2.0,4.0,63.603454922698305,1.0,0.852073996363741,0,,0,0,STRONG BUY,1.6588235294117648,5,0,5,Technology & Software
ZNB,2026-08-14,1.0,0.8264566929133859,5.0,0,0,5.0,,2.0,32.008154099181255,5.0,0.0,0,,0,0,SELL,3.5142857142857147,1,3,4,Services
ZNTL,2026-08-14,3.0,0.5609448818897638,2.0,0,0,1.0,4.0,2.0,34.01567621681885,3.0,0.4277673362172885,0,,0,0,HOLD,2.7176470588235295,2,1,5,Pharmaceuticals & Biotech
ZOOZ,2026-08-14,5.0,0.1700787401574803,4.0,0,0,5.0,,3.0,51.63729127141773,5.0,0.007635968710486952,0,,0,0,STRONG SELL,4.871428571428571,0,4,4,Industrial Machinery
ZS,2026-08-14,5.0,0.14346908790289697,2.0,0,0,4.0,3.0,5.0,70.77767252171935,4.0,0.3003849659453202,0,,0,0,SELL,3.91764705882353,1,3,5,Technology & Software
ZSQR,2026-08-14,4.0,0.40108006949237923,5.0,0,0,5.0,3.0,2.0,34.993617145775005,5.0,0.004688558251969197,0,,0,0,STRONG SELL,4.341176470588236,0,4,5,Banks & Financial Services
ZSTK,2026-08-14,1.0,0.9537278968904044,5.0,0,0,5.0,4.0,3.0,48.16490208325441,5.0,0.018345773153257756,0,,0,0,SELL,3.5999999999999996,1,4,5,Wholesale Trade
ZTG,2026-08-14,5.0,0.07086614173228346,1.0,0,0,1.0,,5.0,77.05334074298698,1.0,0.9266450586219077,0,,0,0,BUY,2.4857142857142858,3,1,4,Business & Research Services
ZTO,2026-08-14,1.0,0.9514960629921259,2.0,0,0,3.0,,2.0,40.06790943189807,2.0,0.6405700532480971,0,,0,0,BUY,1.8428571428571427,3,0,4,Transportation & Logistics
ZTR,2026-08-14,,,2.0,0,0,3.0,,3.0,51.140083081494545,1.0,0.9206824212278942,0,,0,0,BUY,1.8863636363636362,2,0,3,Other
ZTS,2026-08-14,4.0,0.3488800861793579,5.0,0,0,5.0,3.0,3.0,45.23838113905563,5.0,0.02944392811754843,0,,0,0,STRONG SELL,4.341176470588236,0,4,5,Pharmaceuticals & Biotech
ZUMZ,2026-08-14,1.0,0.7800934395648476,4.0,0,0,4.0,1.0,2.0,43.58186097740677,4.0,0.20819559789513442,0,,0,0,HOLD,2.552941176470588,2,3,5,Retail
ZURA,2026-08-14,5.0,0.2337007874015748,2.0,0,0,2.0,5.0,3.0,52.97146925616031,2.0,0.7267658380121687,1,1.0,0,0,HOLD,3.147058823529412,3,2,5,Pharmaceuticals & Biotech
ZVIA,2026-08-14,,,5.0,0,0,5.0,3.0,2.0,34.025016452423586,5.0,0.09644673398905707,0,,0,0,STRONG SELL,4.491525423728814,0,3,4,Food & Beverage
ZVRA,2026-08-14,3.0,0.5011910245038707,3.0,0,0,2.0,3.0,3.0,48.7485329681364,3.0,0.5438829369846377,0,,0,0,HOLD,2.823529411764706,1,0,5,Pharmaceuticals & Biotech
ZWS,2026-08-14,4.0,0.26975700202446184,1.0,0,0,3.0,1.0,3.0,54.43625474929454,2.0,0.7693993551725511,0,,0,0,HOLD,2.5058823529411764,3,1,5,Industrial Machinery
ZYBT,2026-08-14,1.0,0.9496062992125984,2.0,0,0,3.0,,3.0,50.01866184468285,5.0,0.07604625344264061,0,,0,0,HOLD,2.7,2,1,4,Pharmaceuticals & Biotech
ZYME,2026-08-14,5.0,0.10122468272658523,3.0,0,1,2.0,3.0,4.0,58.357553044259845,2.0,0.7635739651486093,0,,0,0,HOLD,3.2,2,1,5,Pharmaceuticals & Biotech
BNRG,2026-08-14,1.0,0.8623622047244095,4.0,0,0,5.0,,5.0,88.0994255290871,5.0,0.03825281401874051,0,,0,0,HOLD,3.3857142857142852,1,3,4,Industrial Machinery
ANSC,2026-08-14,,,1.0,0,0,3.0,3.0,4.0,63.01814439755625,1.0,0.983050463905861,0,,0,0,BUY,2.016949152542373,2,0,4,Investment & Holding Companies
NA,2026-08-14,1.0,0.9508661417322835,4.0,0,0,5.0,,3.0,50.62971978573439,5.0,0.05882352474207926,0,,0,0,HOLD,3.3857142857142852,1,3,4,Semiconductors & Chips
NUTR,2026-08-14,5.0,0.0847244094488189,5.0,0,0,3.0,,5.0,79.94252391313395,1.0,0.9443413386092695,0,,0,0,HOLD,3.428571428571429,1,2,4,Transportation & Logistics
QMMM,2026-08-14,5.0,0.0031496062992125984,5.0,0,0,2.0,,4.0,62.528859666755935,3.0,0.5712607747516517,0,,0,0,SELL,3.7857142857142865,1,2,4,Services
WLYB,2026-08-14,1.0,0.8065433854907538,1.0,0,0,1.0,1.0,3.0,52.25038958117842,1.0,0.8709734818307261,0,,0,0,STRONG BUY,1.0,5,0,5,Publishing & Media
RDIB,2026-08-14,,,3.0,0,0,5.0,3.0,4.0,56.20407583090385,5.0,0.16393441597770217,0,,0,0,SELL,4.186440677966102,0,2,4,Hospitality & Leisure
