symbol,as_of_date,valuation_rating,valuation_composite,trend_rating,golden_cross,death_cross,momentum_rating,quality_rating,rsi_rating,rsi_14,range52w_rating,range_position_52w,insider_buying_flag,insider_cluster_buy_count,congress_buy_flag,congress_sell_flag,recommendation,recommendation_score,bullish_count,bearish_count,core_indicators_available
AAPL,2026-08-11,5.0,0.12431831606935013,2.0,0,0,2.0,1.0,2.0,42.047377034075815,2.0,0.6982496810499145,0,,0,0,HOLD,2.7411764705882353,4,1,5
MSFT,2026-08-11,5.0,0.1963778296083835,2.0,0,0,3.0,2.0,5.0,77.05855355271461,1.0,0.8066577886954162,1,1.0,0,0,HOLD,2.558823529411765,3,1,5
NVDA,2026-08-11,5.0,0.0960194694965289,1.0,0,0,2.0,3.0,4.0,57.401377050696766,2.0,0.7359038612903757,0,,0,1,HOLD,2.988235294117647,3,1,5
GOOGL,2026-08-11,5.0,0.21126807437663725,3.0,0,0,2.0,3.0,3.0,47.110438528164565,2.0,0.7269774760756506,0,,1,0,HOLD,3.2,2,1,5
A,2026-08-11,4.0,0.2564130724483468,1.0,1,0,2.0,3.0,5.0,74.06226031885825,1.0,0.8574399793064917,0,,0,0,BUY,2.447058823529412,3,1,5
AA,2026-08-11,2.0,0.5956888355778279,5.0,0,1,3.0,3.0,4.0,63.107882826324456,3.0,0.44749700983261687,0,,0,0,HOLD,2.9058823529411764,1,1,5
AADX,2026-08-11,,,,0,0,,,3.0,52.264806719825565,,,0,,0,0,,,0,0,0
AAL,2026-08-11,2.0,0.7297643236628294,3.0,0,0,2.0,3.0,3.0,48.15097962745097,2.0,0.6555834225782713,0,,0,0,BUY,2.2823529411764705,3,0,5
AAME,2026-08-11,1.0,0.9550584320131461,5.0,0,0,5.0,3.0,2.0,33.123738746046854,5.0,0.0,0,,0,0,HOLD,3.423529411764706,1,3,5
AAMI,2026-08-11,5.0,0.22259294566253573,1.0,0,0,1.0,3.0,4.0,68.17569028348623,1.0,0.9992021473694527,0,,0,0,HOLD,2.5764705882352934,3,1,5
AAOI,2026-08-11,5.0,0.1544823275864582,3.0,0,0,1.0,3.0,3.0,54.99724793927224,3.0,0.5501203120932241,0,,0,0,HOLD,3.2588235294117647,1,1,5
AAON,2026-08-11,5.0,0.12535748331744517,4.0,0,0,3.0,4.0,2.0,33.757697746397795,5.0,0.19058574467451714,0,,0,0,STRONG SELL,4.364705882352942,0,4,5
AAP,2026-08-11,2.0,0.6656906073468586,3.0,0,0,4.0,3.0,2.0,42.99108882474983,2.0,0.6353971036186796,0,,0,0,HOLD,2.6352941176470592,2,1,5
AAPG,2026-08-11,,,3.0,0,0,5.0,,3.0,53.987159877846025,5.0,0.06792691010936912,0,,0,0,STRONG SELL,4.590909090909092,0,2,3
AARD,2026-08-11,3.0,0.49888641425389757,3.0,0,0,5.0,5.0,4.0,57.12075865550972,4.0,0.27135680232518533,0,,0,0,SELL,3.9411764705882355,0,3,5
AAT,2026-08-11,3.0,0.4298718909481149,3.0,0,0,2.0,3.0,2.0,31.01310818141087,3.0,0.5970142143300774,1,1.0,0,0,HOLD,2.5235294117647062,1,0,5
AAUC,2026-08-11,,,5.0,0,0,3.0,,4.0,55.623516612790986,3.0,0.5247185586903731,0,,0,0,HOLD,3.4090909090909096,0,1,3
ABAT,2026-08-11,5.0,0.23066815399419982,5.0,0,0,4.0,2.0,4.0,57.00961791369382,5.0,0.06458559155165686,0,,0,0,STRONG SELL,4.294117647058823,1,4,5
ABBV,2026-08-11,5.0,0.07006673021925644,1.0,0,0,2.0,1.0,3.0,53.02068670110202,1.0,0.8203491182827846,0,,0,0,BUY,2.4,4,1,5
ABCB,2026-08-11,2.0,0.723069590085796,2.0,0,0,2.0,,3.0,47.952866095498806,1.0,0.8099058303917249,0,,0,0,STRONG BUY,1.7142857142857144,4,0,4
ABCL,2026-08-11,5.0,0.23019197912510236,2.0,0,0,1.0,3.0,5.0,78.93312871333556,1.0,1.0,1,2.0,0,0,BUY,2.3823529411764706,3,1,5
ABEO,2026-08-11,4.0,0.33893564674552296,1.0,0,0,2.0,3.0,4.0,69.76155291519089,1.0,0.9969512948601311,0,,0,0,BUY,2.447058823529412,3,1,5
ABG,2026-08-11,1.0,0.909437559580553,3.0,0,0,4.0,3.0,2.0,43.19649030604805,3.0,0.40751941750975534,1,2.0,0,0,BUY,2.264705882352941,1,1,5
ABM,2026-08-11,2.0,0.7200580254455855,1.0,0,0,3.0,1.0,4.0,59.485016318968974,1.0,0.932755908108709,0,,0,0,STRONG BUY,1.6588235294117646,4,0,5
ABOS,2026-08-11,3.0,0.5157492841234489,3.0,0,1,2.0,5.0,4.0,58.5652885034087,3.0,0.5817756837544467,0,,0,0,HOLD,3.1764705882352944,1,1,5
ABR,2026-08-11,1.0,0.9264755542849841,4.0,0,0,5.0,,4.0,56.88345116918665,5.0,0.08386222255419705,1,1.0,0,0,HOLD,3.0857142857142854,1,3,4
ABSI,2026-08-11,5.0,0.16664917133708118,2.0,0,0,1.0,4.0,4.0,58.62814255657739,2.0,0.7467811509032802,1,2.0,0,0,HOLD,2.7941176470588243,3,2,5
ABT,2026-08-11,4.0,0.3570066730219256,2.0,0,0,4.0,3.0,5.0,71.15471490184702,3.0,0.542778339101452,0,,0,0,HOLD,3.376470588235295,1,2,5
ABTS,2026-08-11,1.0,0.9370028635062042,5.0,0,0,5.0,,3.0,50.77100965777515,5.0,0.046108287741812456,0,,0,0,SELL,3.5142857142857147,1,3,4
ABUS,2026-08-11,5.0,0.21158424725544234,2.0,0,0,2.0,4.0,4.0,56.29971569744722,2.0,0.7192515237115579,0,,0,0,HOLD,3.270588235294118,3,2,5
ABX,2026-08-11,4.0,0.4105003570341722,2.0,0,0,2.0,3.0,2.0,32.41035868461147,3.0,0.5722076213396654,1,2.0,0,0,HOLD,2.7235294117647064,2,1,5
ACA,2026-08-11,3.0,0.4610254423565197,1.0,0,0,2.0,1.0,4.0,62.139174112649435,1.0,0.993611785559564,0,,0,0,BUY,1.7882352941176471,4,0,5
ACAD,2026-08-11,4.0,0.38970356591314254,1.0,1,0,2.0,3.0,5.0,74.24541233242408,1.0,1.0,0,,0,0,BUY,2.447058823529412,3,1,5
ACB,2026-08-11,,,4.0,0,0,4.0,,5.0,76.14720180838899,4.0,0.24794519116270533,0,,0,0,SELL,4.0,0,3,3
ACCO,2026-08-11,1.0,0.9078858952773706,1.0,0,0,2.0,2.0,4.0,57.351001814953165,1.0,0.9446266494902675,0,,0,0,STRONG BUY,1.3529411764705885,5,0,5
ACCS,2026-08-11,1.0,0.840950185066668,4.0,0,0,5.0,2.0,2.0,30.661286930823564,5.0,0.0,1,2.0,0,0,HOLD,2.841176470588235,2,3,5
ACEL,2026-08-11,4.0,0.36650815498840217,3.0,0,0,3.0,2.0,3.0,49.84753306168217,2.0,0.7000001756768389,1,1.0,0,0,HOLD,2.5941176470588236,2,1,5
ACET,2026-08-11,1.0,0.8841870824053452,3.0,1,0,3.0,4.0,3.0,45.877356204906164,5.0,0.19468184793114018,0,,0,0,HOLD,3.035294117647059,1,2,5
ACFN,2026-08-11,4.0,0.34899160597427853,2.0,0,0,4.0,3.0,2.0,44.110213711366285,4.0,0.2892515749446083,0,,0,0,SELL,3.611764705882353,1,3,5
ACGL,2026-08-11,2.0,0.6577412632896171,1.0,0,0,3.0,1.0,3.0,45.85610363732417,2.0,0.6337775281395254,0,,0,0,BUY,1.8941176470588237,4,0,5
ACH,2026-08-11,1.0,0.9846216106839336,4.0,0,0,5.0,4.0,1.0,20.4084239041551,5.0,0.0,0,,0,0,HOLD,3.494117647058823,1,4,5
ACHC,2026-08-11,2.0,0.6999805370882936,1.0,0,0,1.0,3.0,3.0,50.371467656578645,1.0,0.8096531447101324,0,,0,0,STRONG BUY,1.6588235294117646,4,0,5
ACHR,2026-08-11,5.0,0.21860679324598456,3.0,0,0,4.0,3.0,5.0,72.74896328392148,4.0,0.2657608799594108,0,,0,0,SELL,4.023529411764707,0,3,5
ACHV,2026-08-11,,,1.0,0,0,1.0,5.0,4.0,66.05242035437385,1.0,1.0,0,,0,0,BUY,2.0169491525423733,3,1,4
ACI,2026-08-11,2.0,0.6742570589089854,5.0,0,0,5.0,3.0,2.0,43.39069819893436,5.0,0.15372944308220524,0,,0,0,SELL,3.7294117647058824,1,3,5
ACIC,2026-08-11,2.0,0.7050974809118904,5.0,0,0,4.0,3.0,2.0,38.38411488701381,5.0,0.005408695825724236,1,2.0,0,0,HOLD,3.252941176470589,1,3,5
ACIU,2026-08-11,,,4.0,0,0,3.0,,4.0,61.15246335498241,4.0,0.27692305058887556,0,,0,0,SELL,3.659090909090909,0,2,3
ACIW,2026-08-11,4.0,0.4015486739890816,1.0,0,0,2.0,1.0,2.0,40.036039074372,2.0,0.6264393849674564,1,2.0,0,0,BUY,2.0294117647058827,4,1,5
ACLS,2026-08-11,4.0,0.31620150974796474,3.0,0,0,1.0,3.0,3.0,46.17835482403809,3.0,0.5023407394784594,0,,0,0,HOLD,2.9529411764705884,1,1,5
ACM,2026-08-11,3.0,0.5743774248182045,4.0,0,0,5.0,1.0,2.0,38.89727439830214,5.0,0.003485257543259924,0,,0,0,SELL,3.5764705882352943,1,3,5
ACN,2026-08-11,2.0,0.7206863679694948,3.0,0,0,4.0,1.0,4.0,69.9261036738435,4.0,0.3500316536823529,0,,0,0,HOLD,2.7529411764705882,2,2,5
ACNB,2026-08-11,3.0,0.5400187951867549,1.0,0,0,2.0,2.0,4.0,58.42479865507914,1.0,0.9371590627178391,1,1.0,0,0,STRONG BUY,1.6647058823529413,4,0,5
ACNT,2026-08-11,3.0,0.5024491574197922,1.0,1,0,3.0,3.0,4.0,60.1459034682777,2.0,0.6430919873644445,1,2.0,0,0,BUY,2.2529411764705882,2,0,5
ACOG,2026-08-11,5.0,0.2516943441997555,1.0,0,0,2.0,4.0,4.0,59.04449532660649,2.0,0.797814261757033,1,1.0,0,0,HOLD,2.864705882352941,3,2,5
ACON,2026-08-11,3.0,0.5371440650123697,5.0,0,0,5.0,3.0,2.0,39.822464654001685,5.0,0.037133533145201646,0,,0,0,SELL,4.03529411764706,0,3,5
ACP,2026-08-11,,,5.0,0,0,3.0,,3.0,53.76641202602316,2.0,0.7879233729420742,0,,0,0,HOLD,2.9545454545454546,1,1,3
ACR,2026-08-11,2.0,0.7186094969382982,5.0,0,0,5.0,3.0,1.0,28.932694903442112,5.0,0.01678534558757829,0,,0,0,SELL,3.7294117647058824,1,3,5
ACRE,2026-08-11,2.0,0.6444274605584994,4.0,0,0,3.0,4.0,4.0,55.097804990449625,2.0,0.6180359850755743,0,,0,0,HOLD,2.7411764705882353,2,2,5
ACRS,2026-08-11,5.0,0.1254169649298496,1.0,0,0,1.0,4.0,4.0,57.523451244210264,1.0,0.8993644301362994,0,,0,0,HOLD,2.7529411764705882,3,2,5
ACRV,2026-08-11,1.0,0.8708240534521158,4.0,0,0,2.0,5.0,3.0,52.7254779257448,4.0,0.2696629363980926,0,,0,0,HOLD,2.905882352941177,2,3,5
ACT,2026-08-11,3.0,0.5617269165684895,1.0,0,0,2.0,2.0,4.0,69.15035496632046,1.0,1.0,0,,0,0,BUY,1.9647058823529413,4,0,5
ACTG,2026-08-11,2.0,0.7053854978218462,2.0,0,0,2.0,1.0,3.0,52.37391678538017,2.0,0.7462687487767702,0,,0,0,BUY,1.8235294117647056,5,0,5
ACTU,2026-08-11,5.0,0.19280941775373847,5.0,0,0,5.0,3.0,2.0,35.6416052639393,5.0,0.0,0,,0,0,STRONG SELL,4.647058823529412,0,4,5
ACV,2026-08-11,,,3.0,0,0,3.0,,3.0,48.57525476957609,1.0,0.8490717200861764,0,,0,0,BUY,2.090909090909091,1,0,3
ACVA,2026-08-11,3.0,0.4844261990742824,1.0,1,0,4.0,2.0,3.0,48.824599143736506,4.0,0.3505434569936175,1,2.0,0,0,HOLD,2.723529411764706,2,2,5
ACXP,2026-08-11,1.0,0.8670060451797645,5.0,0,0,5.0,3.0,3.0,46.667712608174966,5.0,0.01777777754230265,0,,0,0,HOLD,3.423529411764706,1,3,5
AD,2026-08-11,4.0,0.2900868727860083,5.0,0,0,4.0,3.0,3.0,46.05491535307869,4.0,0.3973520302218725,0,,0,0,SELL,3.929411764705882,0,4,5
ADAG,2026-08-11,5.0,0.1845370664969774,2.0,0,0,1.0,,3.0,53.036533705150276,2.0,0.7466666082688361,0,,0,0,HOLD,2.9000000000000004,3,1,4
ADAM,2026-08-11,1.0,0.8883721280705238,1.0,0,0,1.0,1.0,5.0,75.61626958723355,1.0,1.0,0,,0,0,STRONG BUY,1.0,5,0,5
ADBE,2026-08-11,4.0,0.30072163907592464,3.0,0,0,4.0,2.0,4.0,61.42174238703709,4.0,0.39982764273828875,0,,0,0,SELL,3.541176470588235,1,3,5
ADC,2026-08-11,4.0,0.4012537550583325,3.0,0,0,3.0,3.0,2.0,31.539767500952493,3.0,0.4608786114187673,0,,0,0,HOLD,3.3058823529411767,0,1,5
ADCT,2026-08-11,2.0,0.6001618777822744,5.0,0,0,5.0,3.0,2.0,44.17845537729875,5.0,0.047924133890847036,0,,0,0,SELL,3.7294117647058824,1,3,5
ADEA,2026-08-11,5.0,0.2489528051322957,3.0,0,0,1.0,1.0,3.0,49.24363708399117,2.0,0.7337380694570619,0,,0,0,HOLD,2.670588235294118,3,1,5
ADI,2026-08-11,5.0,0.1764126380808039,3.0,0,0,2.0,1.0,3.0,51.92573266280426,2.0,0.731279306258206,0,,0,0,HOLD,2.847058823529412,3,1,5
ADIG,2026-08-11,,,,0,0,,,,,,,0,,0,0,,,0,0,0
ADIL,2026-08-11,3.0,0.5669742284441617,2.0,0,0,3.0,2.0,4.0,68.21584092325105,4.0,0.32275710427696974,0,,0,0,HOLD,2.9529411764705884,2,1,5
ADM,2026-08-11,4.0,0.2697807435653003,2.0,0,0,2.0,3.0,3.0,49.17453225978604,2.0,0.7788998268038725,0,,0,0,HOLD,2.7882352941176474,3,1,5
ADMA,2026-08-11,4.0,0.34414741058281556,3.0,0,0,5.0,3.0,4.0,64.97312412733544,5.0,0.1690141197162065,1,1.0,0,0,SELL,3.829411764705883,0,3,5
ADNT,2026-08-11,1.0,0.8934514961187567,5.0,0,0,4.0,2.0,2.0,42.38526894397812,5.0,0.13993552382070842,0,,0,0,HOLD,3.070588235294117,2,3,5
ADP,2026-08-11,5.0,0.22421927703422892,1.0,1,0,3.0,3.0,4.0,64.4124924149316,2.0,0.7411494163713375,0,,0,0,HOLD,3.164705882352942,2,1,5
ADPT,2026-08-11,5.0,0.0983192905467258,1.0,0,0,1.0,3.0,4.0,65.69016672338739,1.0,1.0,0,,0,0,HOLD,2.5764705882352934,3,1,5
ADSK,2026-08-11,5.0,0.1590479901026964,3.0,0,0,3.0,1.0,4.0,67.27064042888506,3.0,0.45779096809643793,0,,0,0,HOLD,3.2588235294117647,1,1,5
ADT,2026-08-11,2.0,0.6449005766051976,2.0,0,0,4.0,1.0,4.0,60.51346907140302,3.0,0.5224636015871111,1,1.0,0,0,BUY,2.1117647058823534,3,1,5
ADTN,2026-08-11,2.0,0.6917974926911614,4.0,0,0,4.0,3.0,1.0,25.144795551015378,5.0,0.034979440664893904,0,,0,0,HOLD,3.447058823529412,1,3,5
ADUR,2026-08-11,,,2.0,0,0,2.0,,3.0,54.445726197363165,2.0,0.7414635388784534,0,,0,0,BUY,2.0,3,0,3
ADUS,2026-08-11,3.0,0.5700656622523779,2.0,0,0,3.0,2.0,4.0,63.36350792365098,1.0,0.8721542037270904,0,,0,0,BUY,2.2470588235294118,3,0,5
ADVB,2026-08-11,2.0,0.7247852370346802,1.0,1,0,2.0,4.0,3.0,48.96504163279652,4.0,0.26789130860420984,0,,0,0,HOLD,2.7176470588235295,3,2,5
ADX,2026-08-11,,,1.0,0,0,2.0,,4.0,63.31359088977372,1.0,1.0,0,,0,0,STRONG BUY,1.340909090909091,3,0,3
AEBI,2026-08-11,2.0,0.6698537872799785,2.0,0,0,4.0,4.0,3.0,49.99297043383173,3.0,0.5685153405562839,0,,0,0,HOLD,2.941176470588236,2,2,5
AEC,2026-08-11,,,3.0,0,0,5.0,,3.0,54.54958248122065,5.0,0.09651750822644123,0,,0,0,STRONG SELL,4.590909090909092,0,2,3
AEE,2026-08-11,3.0,0.472686777471767,3.0,0,0,3.0,3.0,2.0,41.81551004867947,3.0,0.5371001485197914,0,,0,0,HOLD,3.0000000000000004,0,0,5
AEF,2026-08-11,,,3.0,0,0,2.0,,3.0,53.5424594050217,1.0,0.8352469424206167,0,,0,0,BUY,1.7500000000000002,2,0,3
AEG,2026-08-11,,,1.0,0,0,2.0,,4.0,63.784511405362345,1.0,0.9676175191256529,0,,0,0,STRONG BUY,1.340909090909091,3,0,3
AEHR,2026-08-11,5.0,0.06878472806147018,2.0,0,0,1.0,4.0,4.0,62.921050180084904,1.0,0.9843749696569105,0,,0,0,HOLD,2.8588235294117648,3,2,5
AEIS,2026-08-11,5.0,0.1797233931824704,2.0,0,0,2.0,2.0,3.0,53.53991346946275,2.0,0.7292112927613442,0,,0,0,HOLD,2.9176470588235293,4,1,5
AEM,2026-08-11,,,4.0,0,0,3.0,,5.0,73.46112376066579,3.0,0.4271651401117667,0,,0,0,HOLD,3.2045454545454555,0,1,3
AEMD,2026-08-11,1.0,0.7702831689468661,3.0,0,0,3.0,3.0,5.0,76.44860554350211,5.0,0.12447356713862277,0,,0,0,HOLD,2.8588235294117648,1,1,5
AENT,2026-08-11,2.0,0.6611399048243788,3.0,0,0,4.0,2.0,3.0,49.83019698773361,4.0,0.2965879238812788,0,,0,0,HOLD,2.929411764705882,2,2,5
AEO,2026-08-11,2.0,0.6914685861393189,3.0,0,0,3.0,3.0,3.0,50.754612686490916,4.0,0.3618179048974797,0,,0,0,HOLD,2.929411764705882,1,1,5
AEP,2026-08-11,,,4.0,0,0,3.0,,2.0,34.734027699224924,3.0,0.5950534161689023,0,,0,0,HOLD,3.2045454545454555,0,1,3
AER,2026-08-11,2.0,0.6563792554883869,1.0,0,0,3.0,,3.0,49.77018714853636,1.0,0.8897936086685827,0,,0,0,BUY,1.8,3,0,4
AES,2026-08-11,2.0,0.6530758518424147,1.0,0,0,3.0,4.0,4.0,67.47075148730298,3.0,0.5682763406227828,0,,0,0,HOLD,2.6588235294117646,2,1,5
AESI,2026-08-11,2.0,0.6644476740760673,4.0,0,0,3.0,4.0,3.0,45.43549444107457,4.0,0.3459227351871453,1,1.0,0,1,HOLD,2.9117647058823533,1,3,5
AEVA,2026-08-11,5.0,0.03727397285107986,2.0,0,0,1.0,3.0,4.0,59.30348172843404,2.0,0.744278559424273,0,,0,0,HOLD,2.9176470588235293,3,1,5
AEXA,2026-08-11,,,1.0,0,0,3.0,,3.0,53.116718504936294,2.0,0.7538464247121921,0,,0,0,BUY,2.1363636363636367,2,0,3
AEYE,2026-08-11,4.0,0.3014836396215762,5.0,0,0,5.0,3.0,3.0,45.42912063433122,5.0,0.057171485137339384,1,2.0,0,0,SELL,4.041176470588236,0,4,5
AFB,2026-08-11,,,4.0,0,0,3.0,,3.0,47.596946521259305,2.0,0.7578502736733493,0,,0,0,HOLD,2.7500000000000004,1,1,3
AFCG,2026-08-11,2.0,0.7344143891327627,4.0,0,0,3.0,4.0,3.0,45.47396240060861,4.0,0.2821518368218289,1,1.0,0,0,HOLD,2.9117647058823533,1,3,5
AFG,2026-08-11,3.0,0.5731818678024958,1.0,0,0,2.0,3.0,4.0,56.99718346451091,1.0,0.9078202631179707,0,,0,0,BUY,2.1411764705882352,3,0,5
AFJK,2026-08-11,5.0,0.04957102001906578,5.0,0,0,4.0,3.0,1.0,26.844070566614477,5.0,0.05080745531165082,0,,0,0,STRONG SELL,4.470588235294118,0,4,5
AFL,2026-08-11,3.0,0.4922479530784454,1.0,0,0,3.0,3.0,2.0,43.01143944282708,2.0,0.7187780977141481,0,,0,0,HOLD,2.552941176470588,2,0,5
AFRI,2026-08-11,,,1.0,0,0,2.0,,4.0,66.61781791615769,1.0,1.0,0,,0,0,STRONG BUY,1.340909090909091,3,0,3
AG,2026-08-11,,,4.0,0,0,3.0,,4.0,61.34474730561517,3.0,0.43861087826055406,0,,0,0,HOLD,3.2045454545454555,0,1,3
AGBK,2026-08-11,,,,0,0,5.0,,2.0,31.616205671380953,5.0,0.0,0,,0,0,,,0,2,2
AGCO,2026-08-11,2.0,0.7066187000026907,5.0,0,1,4.0,1.0,2.0,36.579412153514596,5.0,0.03978529623981766,0,,0,0,HOLD,3.1999999999999997,2,3,5
AGD,2026-08-11,,,2.0,0,0,3.0,,4.0,64.63204907094642,1.0,0.9400961702111742,0,,0,0,BUY,1.8863636363636362,2,0,3
AGEN,2026-08-11,3.0,0.5159854309995953,1.0,1,0,1.0,3.0,4.0,55.591663230037675,2.0,0.6943942146289668,0,,0,0,BUY,2.2,3,0,5
AGI,2026-08-11,,,4.0,0,0,4.0,,4.0,62.95212205103531,4.0,0.2655317373468263,0,,0,0,SELL,4.0,0,3,3
AGIO,2026-08-11,4.0,0.33347419199074707,2.0,0,0,3.0,4.0,2.0,42.458751600444494,3.0,0.45161975495638723,0,,0,0,HOLD,3.376470588235294,1,2,5
AGL,2026-08-11,2.0,0.6315591233764313,3.0,0,0,1.0,4.0,2.0,42.088852922897125,2.0,0.6652177407549434,1,3.0,0,0,BUY,1.9823529411764704,3,1,5
AGM,2026-08-11,2.0,0.7421353670162059,1.0,0,0,2.0,4.0,5.0,73.91374982074005,1.0,0.9522898477720614,0,,0,0,BUY,2.0117647058823533,4,1,5
AGMB,2026-08-11,,,,0,0,4.0,,4.0,63.627960690274385,2.0,0.6747868375288614,0,,0,0,,,1,1,2
AGNC,2026-08-11,1.0,0.8122056069918153,2.0,0,0,3.0,3.0,4.0,55.14561219527059,1.0,0.8596520025769555,0,,0,0,BUY,1.8117647058823527,3,0,5
AGNT,2026-08-11,2.0,0.6839074768247861,5.0,0,0,5.0,3.0,3.0,47.022641540851914,5.0,0.053456033367962646,0,,0,0,SELL,3.7294117647058824,1,3,5
AGO,2026-08-11,1.0,0.9006124697125902,4.0,0,0,4.0,2.0,1.0,29.81750607061808,5.0,0.1517836839951018,0,,0,0,HOLD,2.964705882352941,2,3,5
AGPU,2026-08-11,2.0,0.7518294622971683,1.0,0,0,3.0,3.0,3.0,50.48088312792723,4.0,0.39119952475517417,0,,0,0,HOLD,2.717647058823529,2,1,5
AGRO,2026-08-11,,,5.0,0,1,3.0,,2.0,41.070498219732684,4.0,0.28316658179638576,0,,0,0,SELL,3.863636363636364,0,2,3
AGX,2026-08-11,5.0,0.14236014940885264,3.0,0,0,1.0,3.0,3.0,46.6160794193363,2.0,0.642307203888367,0,,0,0,HOLD,3.023529411764706,2,1,5
AGYS,2026-08-11,5.0,0.16414863699638263,1.0,1,0,3.0,1.0,3.0,52.34998893263358,3.0,0.5631572626295701,1,1.0,0,0,HOLD,2.7470588235294118,2,1,5
AHCO,2026-08-11,1.0,0.9207506661111307,5.0,0,0,5.0,3.0,1.0,20.867703195783264,5.0,0.04227944280879047,1,5.0,0,0,HOLD,3.1235294117647063,1,3,5
AHR,2026-08-11,4.0,0.3348590395962959,1.0,0,0,3.0,2.0,2.0,40.96969482603886,2.0,0.7081678656652021,0,,0,0,HOLD,2.6823529411764704,3,1,5
AHRT,2026-08-11,2.0,0.7091618586750268,2.0,0,0,3.0,3.0,2.0,39.740427518661136,2.0,0.798677278857559,1,1.0,0,0,BUY,2.0529411764705885,3,0,5
AHT,2026-08-11,1.0,0.9866450829623634,3.0,0,0,4.0,4.0,3.0,48.60648217029604,5.0,0.15844158723354634,0,,0,0,HOLD,3.211764705882353,1,3,5
AI,2026-08-11,1.0,0.9692457860337841,4.0,0,0,4.0,5.0,4.0,69.55323593104987,4.0,0.23235289733479275,1,1.0,0,0,HOLD,2.958823529411765,1,4,5
AIB,2026-08-11,3.0,0.4524339802736239,,0,0,,,3.0,46.43249518695559,4.0,0.3022813667531531,0,,0,0,,,0,1,2
AIBZ,2026-08-11,,,,0,0,,,2.0,36.1184911952989,,,0,,0,0,,,0,0,0
AIFA,2026-08-11,2.0,0.7215242694336913,3.0,0,0,3.0,4.0,5.0,71.23588837667126,5.0,0.15708813135518374,0,,0,0,HOLD,3.3411764705882354,1,2,5
AIFF,2026-08-11,3.0,0.446796691867308,5.0,0,0,3.0,3.0,3.0,47.43478787461981,4.0,0.21576762992885282,0,,0,0,HOLD,3.4470588235294124,0,2,5
AIG,2026-08-11,2.0,0.7216561605098262,2.0,0,0,3.0,2.0,3.0,45.27669466579611,3.0,0.4538276185546151,0,,0,0,BUY,2.4117647058823533,3,0,5
AIHS,2026-08-11,4.0,0.32577903682719545,1.0,1,0,3.0,4.0,4.0,67.65079846896492,4.0,0.27192982529522497,0,,0,0,SELL,3.5058823529411764,1,3,5
AII,2026-08-11,2.0,0.7298731399898113,2.0,0,0,2.0,1.0,4.0,58.78816707784395,3.0,0.4764433332309821,0,,0,0,BUY,2.058823529411765,4,0,5
AIIA,2026-08-11,,,,0,0,3.0,,3.0,50.77967468394438,1.0,0.8550720230871934,0,,0,0,,,1,0,2
AIIR,2026-08-11,,,4.0,0,0,5.0,,4.0,58.972828678787025,5.0,0.14773335774739582,0,,0,0,STRONG SELL,4.795454545454546,0,3,3
AIMD,2026-08-11,5.0,0.21775871908030311,5.0,0,0,5.0,3.0,2.0,44.642018143093885,5.0,0.06250002013670405,0,,0,0,STRONG SELL,4.647058823529412,0,4,5
AIN,2026-08-11,3.0,0.5191905026492647,3.0,0,0,3.0,4.0,2.0,34.222873403841064,2.0,0.624809244287594,0,,0,0,HOLD,2.9411764705882355,1,1,5
AIO,2026-08-11,,,3.0,0,0,2.0,,3.0,53.363200015872074,2.0,0.7743625227418893,0,,0,0,BUY,2.2045454545454546,2,0,3
AIOT,2026-08-11,1.0,0.8065814604894354,5.0,0,0,5.0,2.0,1.0,29.80240488516003,5.0,0.03321679166968858,0,,0,0,HOLD,3.2470588235294118,2,3,5
AIP,2026-08-11,5.0,0.09625918390314478,3.0,0,0,1.0,3.0,2.0,39.56743738255789,3.0,0.4778749942779541,0,,0,0,HOLD,3.2588235294117647,1,1,5
AIR,2026-08-11,4.0,0.3508102955195424,1.0,0,0,1.0,1.0,4.0,58.854316164978435,1.0,0.9559203569653779,0,,0,0,BUY,1.9176470588235293,4,1,5
AIRE,2026-08-11,5.0,0.0656745686709999,5.0,0,0,5.0,3.0,3.0,46.968538391682394,5.0,0.007575757162675505,0,,0,0,STRONG SELL,4.647058823529412,0,4,5
AIRG,2026-08-11,3.0,0.5577294104701006,3.0,0,0,3.0,3.0,2.0,32.6217738230045,3.0,0.5532407735733752,0,,0,0,HOLD,3.0000000000000004,0,0,5
AIRI,2026-08-11,1.0,0.9050051071040008,5.0,0,0,4.0,4.0,2.0,38.560934450216386,5.0,0.040312606481210135,0,,0,0,HOLD,3.423529411764706,1,4,5
AIRO,2026-08-11,2.0,0.7231676762638503,4.0,0,0,5.0,4.0,4.0,64.16200768140786,5.0,0.12688064601531432,0,,0,0,SELL,3.8000000000000003,1,4,5
AIRS,2026-08-11,3.0,0.5674312244708113,4.0,0,0,3.0,4.0,2.0,33.562421420725485,5.0,0.15839125885003233,1,1.0,0,0,HOLD,3.4529411764705884,0,3,5
AIRT,2026-08-11,1.0,0.8616789342874535,1.0,0,0,2.0,3.0,4.0,59.016730239456166,1.0,0.8048712563482888,0,,0,0,STRONG BUY,1.5294117647058825,4,0,5
AIT,2026-08-11,4.0,0.3044223407396462,1.0,0,0,2.0,2.0,4.0,62.98026783537538,1.0,0.9671933819599176,0,,0,0,BUY,2.270588235294118,4,1,5
AIV,2026-08-11,2.0,0.6912555270600633,5.0,0,0,4.0,3.0,2.0,36.12212608038751,5.0,0.03822833646331721,0,,0,0,SELL,3.552941176470589,1,3,5
AIZ,2026-08-11,2.0,0.597262876197996,1.0,0,0,2.0,1.0,3.0,54.29161639462005,1.0,0.8236216051981783,0,,0,0,STRONG BUY,1.4823529411764707,5,0,5
AJG,2026-08-11,4.0,0.3594919728147017,1.0,1,0,3.0,3.0,4.0,56.452854018863164,3.0,0.5480000335800329,0,,0,0,HOLD,3.0941176470588236,1,1,5
AKA,2026-08-11,1.0,0.8161708969426142,3.0,0,0,4.0,3.0,3.0,47.389460190442094,4.0,0.3454834373508467,0,,0,0,HOLD,2.8000000000000003,1,2,5
AKAM,2026-08-11,4.0,0.31039457167109713,3.0,0,0,1.0,1.0,3.0,47.95238045534559,3.0,0.51386277775699,0,,0,0,HOLD,2.6,2,1,5
AKAN,2026-08-11,,,5.0,0,0,4.0,,1.0,28.592852267578763,5.0,0.023625459522861107,0,,0,0,STRONG SELL,4.659090909090909,0,3,3
AKR,2026-08-11,3.0,0.44058773574499094,3.0,0,0,3.0,3.0,2.0,34.95393674011913,3.0,0.5559611694535556,0,,0,0,HOLD,3.0000000000000004,0,0,5
AKTS,2026-08-11,3.0,0.43238943684377984,,0,0,1.0,,3.0,53.40587920856256,3.0,0.5622066255180077,0,,0,0,HOLD,2.5081967213114753,1,0,3
ALAB,2026-08-11,5.0,0.051219364262847344,3.0,0,0,1.0,3.0,3.0,45.66085908899571,3.0,0.5390202326364395,0,,0,0,HOLD,3.2588235294117647,1,1,5
ALB,2026-08-11,3.0,0.5483553392117462,5.0,0,1,3.0,3.0,4.0,55.29230643842801,3.0,0.4090291682060391,0,,0,0,HOLD,3.2117647058823535,0,1,5
ALC,2026-08-11,,,2.0,0,0,4.0,,4.0,69.44729087438978,3.0,0.4743151669659986,0,,0,0,HOLD,3.136363636363637,1,1,3
ALCO,2026-08-11,4.0,0.3304477050327443,2.0,0,0,3.0,3.0,4.0,68.95438247383015,1.0,0.8173556371503351,0,,0,0,HOLD,2.7294117647058824,2,1,5
ALDX,2026-08-11,3.0,0.4587973273942094,5.0,0,0,5.0,4.0,2.0,38.177118975375066,5.0,0.06021504946314031,1,2.0,0,0,SELL,3.9117647058823533,0,4,5
ALEC,2026-08-11,5.0,0.2027519222986645,3.0,0,0,3.0,5.0,4.0,65.74933381751762,3.0,0.41972481792557786,0,,0,0,SELL,3.9647058823529413,0,2,5
ALG,2026-08-11,2.0,0.614482478337555,3.0,0,0,4.0,3.0,4.0,61.554588148617604,4.0,0.2902121667230943,1,2.0,0,0,HOLD,2.8058823529411767,1,2,5
ALGM,2026-08-11,5.0,0.18365821639809388,3.0,0,0,3.0,2.0,2.0,40.99638089453412,3.0,0.421614698821037,0,,0,0,HOLD,3.4352941176470586,1,1,5
ALGN,2026-08-11,4.0,0.4120563132603664,3.0,0,0,3.0,2.0,3.0,49.51221156639519,2.0,0.6725870896521645,0,,0,0,HOLD,2.8941176470588235,2,1,5
ALGS,2026-08-11,4.0,0.4073708379651613,4.0,0,0,4.0,4.0,4.0,69.22194886469727,4.0,0.3423765770554346,0,,0,0,SELL,4.0,0,5,5
ALGT,2026-08-11,1.0,0.8096129101047312,3.0,0,0,3.0,3.0,2.0,37.20596994924795,3.0,0.573730663886776,0,,0,0,BUY,2.3882352941176475,1,0,5
ALH,2026-08-11,4.0,0.25764966024550207,1.0,0,0,3.0,2.0,3.0,48.06341156956896,2.0,0.7832401822700559,0,,0,0,HOLD,2.6823529411764704,3,1,5
ALHC,2026-08-11,3.0,0.43767033759797785,5.0,0,0,4.0,3.0,1.0,28.572431892369636,5.0,0.0,0,,0,0,SELL,3.858823529411765,0,3,5
ALIS,2026-08-11,5.0,0.005727012408526885,,0,0,3.0,2.0,4.0,60.09057779381571,1.0,1.0,0,,0,0,HOLD,2.9605263157894735,2,1,4
ALIT,2026-08-11,,,4.0,0,0,5.0,4.0,2.0,39.67033431934201,5.0,0.0629458087849268,1,2.0,0,0,STRONG SELL,4.293220338983051,0,4,4
ALK,2026-08-11,2.0,0.6681447775998012,2.0,1,0,4.0,3.0,3.0,50.96278943273152,3.0,0.4873610358078807,0,,0,0,HOLD,2.7647058823529416,2,1,5
ALKS,2026-08-11,4.0,0.286510050203947,1.0,0,0,1.0,3.0,3.0,46.85116151599373,2.0,0.7961671730555312,0,,0,0,HOLD,2.5058823529411764,3,1,5
ALKT,2026-08-11,4.0,0.27367151572295906,2.0,0,0,3.0,3.0,4.0,65.76959427554303,3.0,0.43299831198056105,1,5.0,0,0,HOLD,2.9000000000000004,1,1,5
ALL,2026-08-11,2.0,0.6692458497107233,1.0,0,0,2.0,1.0,4.0,55.61825004597549,1.0,0.8688486075907197,0,,0,0,STRONG BUY,1.4823529411764707,5,0,5
ALLE,2026-08-11,4.0,0.284809840872378,2.0,0,0,4.0,3.0,5.0,72.751318309147,1.0,0.8065327666860235,1,1.0,0,0,HOLD,2.605882352941177,2,2,5
ALLO,2026-08-11,3.0,0.5431116767419663,2.0,0,0,1.0,4.0,4.0,61.93763996140031,3.0,0.5418719992877978,0,,0,0,HOLD,2.7176470588235295,2,1,5
ALLR,2026-08-11,4.0,0.3582564428889596,2.0,0,0,1.0,4.0,4.0,63.186687356300304,3.0,0.5301723586446335,0,,0,0,HOLD,3.0235294117647062,2,2,5
ALLT,2026-08-11,4.0,0.3404390709513204,4.0,0,0,4.0,,3.0,51.61010428744199,4.0,0.3238094874790737,0,,0,0,SELL,4.0,0,4,4
ALLY,2026-08-11,3.0,0.5413140572371893,3.0,0,0,3.0,2.0,3.0,48.84848307551646,2.0,0.7451435575220944,0,,0,0,HOLD,2.588235294117647,2,0,5
ALM,2026-08-11,,,4.0,0,0,2.0,,2.0,44.43760024710286,3.0,0.45919420481283857,0,,0,0,HOLD,2.8636363636363646,1,1,3
ALMS,2026-08-11,,,2.0,0,0,2.0,5.0,2.0,42.59552721202952,1.0,0.809677436663062,0,,0,0,BUY,2.4237288135593222,3,1,4
ALMU,2026-08-11,5.0,0.11214877584700675,3.0,0,0,3.0,3.0,3.0,53.21855777570437,4.0,0.35693640489960743,0,,0,0,SELL,3.847058823529412,0,2,5
ALNT,2026-08-11,4.0,0.2749037352427887,1.0,0,0,1.0,2.0,5.0,72.79862720976365,1.0,1.0,0,,0,0,BUY,2.0941176470588236,4,1,5
ALNY,2026-08-11,5.0,0.13223143327196965,5.0,0,0,5.0,2.0,2.0,35.03832714642411,5.0,0.049345579311444884,0,,0,0,STRONG SELL,4.470588235294118,1,4,5
ALOT,2026-08-11,,,1.0,0,0,1.0,3.0,5.0,79.9180758770023,1.0,0.9974931493237476,0,,0,0,STRONG BUY,1.5084745762711864,3,0,4
ALOY,2026-08-11,5.0,0.15399300031816734,2.0,0,0,2.0,5.0,4.0,61.07510159647956,4.0,0.3591968369217321,0,,0,0,SELL,3.9176470588235297,2,3,5
ALRM,2026-08-11,3.0,0.4305753961098137,1.0,1,0,3.0,3.0,4.0,64.59525160384496,1.0,0.8352906338087481,0,,0,0,BUY,2.3176470588235296,2,0,5
ALRS,2026-08-11,3.0,0.533786342716239,1.0,0,0,1.0,3.0,4.0,61.760652418665856,1.0,0.9464845449984433,0,,0,0,BUY,1.964705882352941,3,0,5
ALSN,2026-08-11,2.0,0.6329837940896091,1.0,0,0,2.0,3.0,4.0,60.44581323390706,1.0,0.8151039005849674,0,,0,0,BUY,1.835294117647059,4,0,5
ALT,2026-08-11,4.0,0.3502507300159199,3.0,0,0,5.0,3.0,3.0,51.989021245820744,5.0,0.11281336520128672,1,2.0,0,0,SELL,3.829411764705883,0,3,5
ALTG,2026-08-11,1.0,0.961554026709834,2.0,0,0,3.0,3.0,4.0,64.62562060548109,1.0,0.8013698727073303,1,2.0,0,0,STRONG BUY,1.5117647058823527,3,0,5
ALTO,2026-08-11,2.0,0.7448153370375894,3.0,0,0,1.0,3.0,2.0,36.58862168181285,2.0,0.6291913750170305,0,,0,0,BUY,2.1058823529411765,3,0,5
ALUB,2026-08-11,,,,0,0,3.0,3.0,5.0,75.42424078894754,1.0,1.0,0,,0,0,BUY,2.1999999999999997,1,0,3
ALV,2026-08-11,3.0,0.5687607227050502,2.0,0,0,3.0,2.0,3.0,51.63429659620589,2.0,0.7042560472228757,0,,0,0,BUY,2.482352941176471,3,0,5
ALVO,2026-08-11,,,4.0,0,0,5.0,,4.0,57.389287771489506,5.0,0.13750000794728598,0,,0,0,STRONG SELL,4.795454545454546,0,3,3
ALX,2026-08-11,5.0,0.22962203604986386,1.0,0,0,2.0,1.0,4.0,55.58948134214146,1.0,0.9009585341479213,0,,0,0,BUY,2.4,4,1,5
ALXO,2026-08-11,3.0,0.5265669742284441,1.0,0,0,3.0,5.0,3.0,47.21061514376349,2.0,0.6700252459464936,0,,0,0,HOLD,2.9058823529411764,2,1,5
ALZN,2026-08-11,5.0,0.13935730194082088,3.0,0,0,5.0,5.0,4.0,63.89340289647527,4.0,0.34165725886342596,0,,0,0,STRONG SELL,4.552941176470588,0,4,5
AM,2026-08-11,4.0,0.2542184513351142,1.0,0,0,2.0,2.0,3.0,52.809674792856434,1.0,0.8449975657254138,0,,0,0,BUY,2.270588235294118,4,1,5
AMAL,2026-08-11,3.0,0.5505387746209086,1.0,0,0,1.0,1.0,4.0,64.55074291450163,1.0,0.9976447501955034,0,,0,0,STRONG BUY,1.6117647058823528,4,0,5
AMAT,2026-08-11,5.0,0.11621131751650214,3.0,0,0,1.0,2.0,3.0,47.58910267033878,2.0,0.647894356356804,0,,0,0,HOLD,2.847058823529412,3,1,5
AMBA,2026-08-11,5.0,0.2134999989809862,1.0,0,0,2.0,3.0,4.0,57.65626818047555,2.0,0.7223644479988225,0,,0,0,HOLD,2.988235294117647,3,1,5
AMBO,2026-08-11,5.0,0.09914204003813155,5.0,0,0,5.0,2.0,2.0,37.14814346051223,5.0,0.09219857776272741,0,,0,0,STRONG SELL,4.470588235294118,1,4,5
AMBP,2026-08-11,,,1.0,0,0,2.0,,4.0,58.656749888339235,1.0,0.9071623518929879,0,,0,0,STRONG BUY,1.340909090909091,3,0,3
AMBQ,2026-08-11,5.0,0.22375653663531614,3.0,0,0,1.0,3.0,2.0,44.5359785666375,2.0,0.6324570899387223,0,,0,0,HOLD,3.023529411764706,2,1,5
AMC,2026-08-11,,,1.0,0,0,3.0,4.0,3.0,50.117339528810334,2.0,0.656818146535682,0,,0,0,HOLD,2.610169491525424,2,1,4
AMCI,2026-08-11,5.0,0.13843652352214192,4.0,0,0,5.0,4.0,2.0,44.63245592351654,5.0,0.08939455971148441,0,,0,0,STRONG SELL,4.7176470588235295,0,5,5
AMCR,2026-08-11,5.0,0.051954242135367014,1.0,1,0,4.0,1.0,4.0,62.37880208938743,1.0,0.8734984243602059,0,,0,0,HOLD,2.7529411764705882,3,2,5
AMD,2026-08-11,5.0,0.10470088228894328,3.0,0,0,1.0,2.0,3.0,45.23035869579424,2.0,0.7472602293487347,0,,0,0,HOLD,2.847058823529412,3,1,5
AME,2026-08-11,5.0,0.23809127879550565,1.0,0,0,2.0,3.0,4.0,66.58063246569283,1.0,1.0,0,,0,0,HOLD,2.7529411764705882,3,1,5
AMG,2026-08-11,4.0,0.25655158000869754,1.0,0,0,2.0,1.0,3.0,50.21122287827781,1.0,0.8763735390294803,0,,0,0,BUY,2.0941176470588236,4,1,5
AMGN,2026-08-11,5.0,0.19573348555889467,1.0,0,0,2.0,2.0,5.0,70.67227225146162,1.0,0.9749665366733533,0,,0,0,HOLD,2.5764705882352943,4,1,5
AMH,2026-08-11,4.0,0.36892278360343184,1.0,0,0,3.0,,3.0,54.71620710858212,1.0,0.9308640359852908,1,3.0,0,0,BUY,2.2428571428571433,2,1,4
AMIX,2026-08-11,5.0,0.06172446706967865,4.0,0,0,4.0,5.0,3.0,54.44565716147801,4.0,0.2718262312816772,0,,0,0,STRONG SELL,4.482352941176471,0,5,5
AMKR,2026-08-11,3.0,0.4473883971923493,4.0,0,0,2.0,3.0,2.0,41.80736294382054,3.0,0.4348848150782965,0,,0,0,HOLD,2.929411764705882,1,1,5
AMLX,2026-08-11,5.0,0.10499522748965956,1.0,0,0,1.0,4.0,5.0,70.04760534480022,1.0,0.9621257895230344,0,,0,0,HOLD,2.7529411764705882,3,2,5
AMN,2026-08-11,2.0,0.7121916178884705,1.0,0,0,1.0,3.0,3.0,48.681122898536046,1.0,0.8283721416714817,0,,0,0,STRONG BUY,1.6588235294117646,4,0,5
AMP,2026-08-11,4.0,0.31048807283580343,1.0,1,0,2.0,2.0,5.0,71.46577825218515,1.0,1.0,0,,0,0,BUY,2.270588235294118,4,1,5
AMPG,2026-08-11,4.0,0.3269723799001614,3.0,0,0,1.0,4.0,3.0,54.83301508358633,3.0,0.5595214248375052,0,,0,0,HOLD,3.129411764705883,1,2,5
AMPH,2026-08-11,2.0,0.6473181251347928,3.0,0,0,5.0,2.0,3.0,54.70067510903058,4.0,0.25502143099324165,0,,0,0,HOLD,3.1058823529411765,2,2,5
AMPX,2026-08-11,5.0,0.10144267556016018,5.0,0,1,2.0,3.0,3.0,53.47746654437999,4.0,0.31787262331917115,0,,0,0,SELL,3.8823529411764706,1,3,5
AMPY,2026-08-11,1.0,0.8861591309769321,4.0,0,0,3.0,1.0,4.0,65.505847550847,4.0,0.32958201008472215,0,,0,0,BUY,2.376470588235294,2,2,5
AMR,2026-08-11,2.0,0.713587762648626,5.0,0,0,4.0,3.0,3.0,53.034847055958416,5.0,0.1567464639852335,1,1.0,0,0,HOLD,3.252941176470589,1,3,5
AMRC,2026-08-11,3.0,0.45138226882745464,5.0,0,0,3.0,2.0,3.0,54.49555827072702,4.0,0.2924757177614671,0,,0,0,HOLD,3.270588235294118,1,2,5
AMRZ,2026-08-11,3.0,0.5253320043123197,5.0,0,0,4.0,3.0,2.0,41.59390360913241,5.0,0.06130328987555364,1,5.0,0,0,SELL,3.5588235294117654,0,3,5
AMS,2026-08-11,1.0,0.9166303723286424,3.0,0,0,5.0,3.0,3.0,54.05277968142578,5.0,0.135028566632952,0,,0,0,HOLD,3.211764705882353,1,2,5
AMSC,2026-08-11,3.0,0.5279219992575036,5.0,0,1,4.0,2.0,2.0,44.084975952193275,5.0,0.13979863493215636,0,,0,0,SELL,3.6823529411764704,1,3,5
AMSF,2026-08-11,2.0,0.598069705033452,5.0,0,0,5.0,2.0,2.0,32.3649386973169,5.0,0.005030793112456452,0,,0,0,SELL,3.552941176470588,2,3,5
AMSS,2026-08-11,,,,0,0,,,1.0,18.950307188541316,,,0,,0,0,,,0,0,0
AMST,2026-08-11,5.0,0.20859800063361592,5.0,0,0,5.0,4.0,3.0,49.488279905482095,5.0,0.0839818269991735,0,,0,0,STRONG SELL,4.823529411764706,0,5,5
AMT,2026-08-11,5.0,0.0939374682116386,5.0,0,0,4.0,2.0,3.0,48.46548484460446,5.0,0.18835235085738222,1,1.0,0,0,SELL,3.9941176470588236,1,4,5
AMTB,2026-08-11,2.0,0.6425763737940778,1.0,0,0,1.0,1.0,4.0,62.75828490115805,1.0,0.8967862494056853,0,,0,0,STRONG BUY,1.3058823529411767,5,0,5
AMTM,2026-08-11,2.0,0.7023684090812665,3.0,0,0,4.0,2.0,3.0,51.63159702608986,5.0,0.1579701478042194,0,,0,0,HOLD,3.164705882352941,2,2,5
AMTX,2026-08-11,2.0,0.6349656009712666,5.0,0,0,3.0,2.0,3.0,51.858490996918654,5.0,0.16239315803896237,0,,0,0,HOLD,3.1999999999999997,2,2,5
AMUB,2026-08-11,,,1.0,0,0,2.0,,4.0,59.05808557937245,1.0,0.9804944198693114,0,,0,0,STRONG BUY,1.340909090909091,3,0,3
AMWL,2026-08-11,1.0,0.7680291660549827,1.0,0,0,1.0,3.0,4.0,66.5778353669973,1.0,0.9642856751864574,0,,0,0,STRONG BUY,1.3529411764705885,4,0,5
AMZN,2026-08-11,4.0,0.2908855004072317,1.0,0,0,2.0,3.0,4.0,61.14630742312787,1.0,0.8647190031998164,0,,0,0,BUY,2.447058823529412,3,1,5
AN,2026-08-11,2.0,0.6605161705572987,2.0,0,0,3.0,3.0,3.0,52.875382785999875,2.0,0.6034249880117997,0,,0,0,BUY,2.3529411764705883,3,0,5
ANAB,2026-08-11,5.0,0.12710404534227848,3.0,0,0,1.0,2.0,3.0,51.019288805994464,2.0,0.7707320340770769,0,,0,0,HOLD,2.847058823529412,3,1,5
ANDE,2026-08-11,3.0,0.5662535748331744,3.0,0,0,3.0,3.0,2.0,35.35449910990941,2.0,0.6205078394173384,0,,0,0,HOLD,2.7647058823529416,1,0,5
ANDG,2026-08-11,,,,0,0,1.0,4.0,4.0,65.44487444170339,1.0,0.9745304284958008,0,,0,0,BUY,1.9,2,1,3
ANET,2026-08-11,5.0,0.0935577343300711,1.0,0,0,2.0,3.0,4.0,61.900701087773115,1.0,0.9680956352777262,0,,0,0,HOLD,2.7529411764705882,3,1,5
ANF,2026-08-11,1.0,0.8408007626310772,1.0,1,0,2.0,2.0,5.0,73.8125717992047,1.0,0.8117215470757593,0,,0,0,STRONG BUY,1.3529411764705885,5,0,5
ANGH,2026-08-11,,,3.0,0,0,2.0,,4.0,57.66321870194163,3.0,0.43112947875526325,0,,0,0,HOLD,2.6590909090909096,1,0,3
ANGO,2026-08-11,4.0,0.42330233259411465,1.0,0,0,1.0,3.0,5.0,74.48806052535843,1.0,1.0,0,,0,0,BUY,2.2705882352941176,3,1,5
ANGX,2026-08-11,3.0,0.5382436260623229,3.0,0,0,3.0,4.0,3.0,45.84842022668099,5.0,0.12120115487752056,0,,0,0,SELL,3.647058823529412,0,2,5
ANIK,2026-08-11,3.0,0.5069925669767256,1.0,0,0,1.0,3.0,5.0,71.74121403686492,1.0,1.0,0,,0,0,BUY,1.964705882352941,3,0,5
ANIP,2026-08-11,3.0,0.4908688386881338,5.0,0,0,4.0,2.0,2.0,36.92939139352844,5.0,0.13983047765344392,0,,0,0,SELL,3.6823529411764704,1,3,5
ANIX,2026-08-11,5.0,0.09763577196249602,2.0,0,0,3.0,4.0,3.0,46.554884682999216,4.0,0.31010457853408624,0,,0,0,SELL,3.9176470588235297,1,3,5
ANNX,2026-08-11,4.0,0.30639516385618837,2.0,0,0,2.0,5.0,3.0,48.28258195920603,2.0,0.6639511066142314,1,1.0,0,0,HOLD,2.841176470588236,3,2,5
ANPA,2026-08-11,5.0,0.12726694241170855,5.0,0,0,5.0,,3.0,46.78542803005541,5.0,0.004533971190054104,0,,0,0,STRONG SELL,5.0,0,4,4
ANRO,2026-08-11,4.0,0.29048679605472477,1.0,0,0,1.0,4.0,4.0,58.873831964074725,1.0,1.0,0,,0,0,BUY,2.4470588235294115,3,2,5
ANTX,2026-08-11,4.0,0.4040725421571747,1.0,0,0,1.0,4.0,4.0,68.13274040727477,1.0,0.9702970105378652,0,,0,0,BUY,2.4470588235294115,3,2,5
ANVS,2026-08-11,5.0,0.06363347120585428,4.0,0,0,5.0,4.0,4.0,58.096739915554565,5.0,0.08547007502000492,0,,0,0,STRONG SELL,4.7176470588235295,0,5,5
ANY,2026-08-11,1.0,0.8719239677233962,5.0,0,0,3.0,3.0,3.0,48.70032605477559,5.0,0.11374069998098858,0,,0,0,HOLD,3.0705882352941183,1,2,5
AOD,2026-08-11,,,1.0,0,0,2.0,,4.0,61.37229265585187,1.0,0.9764512156863829,0,,0,0,STRONG BUY,1.340909090909091,3,0,3
AOMR,2026-08-11,1.0,0.850177208752359,1.0,1,0,3.0,4.0,3.0,54.35063128602678,1.0,0.8666351011469673,0,,0,0,BUY,1.8823529411764706,3,1,5
AON,2026-08-11,3.0,0.5257387988560533,1.0,1,0,3.0,1.0,3.0,50.93501668924437,2.0,0.6829627661602894,0,,0,0,BUY,2.2,3,0,5
AORT,2026-08-11,4.0,0.3980169604551239,3.0,0,0,5.0,1.0,4.0,64.21320879541454,4.0,0.3031238323725345,0,,0,0,SELL,3.541176470588235,1,3,5
AOS,2026-08-11,2.0,0.6525262154432793,3.0,0,0,4.0,1.0,4.0,58.48331379334452,4.0,0.3354507784279039,0,,0,0,HOLD,2.7529411764705882,2,2,5
AOSL,2026-08-11,2.0,0.6678838053117153,3.0,0,0,1.0,3.0,3.0,49.98520398135617,3.0,0.4772664528769175,1,1.0,0,0,BUY,2.0411764705882356,2,0,5
AOUT,2026-08-11,1.0,0.7857437012608182,1.0,0,0,1.0,3.0,3.0,51.760985470650056,2.0,0.7933580041343484,0,,0,0,STRONG BUY,1.5882352941176472,4,0,5
AP,2026-08-11,3.0,0.4983574645919617,2.0,0,0,1.0,4.0,4.0,61.64353510250433,2.0,0.796144969602264,1,1.0,0,0,BUY,2.1823529411764713,3,1,5
APA,2026-08-11,2.0,0.5964333518632116,1.0,0,0,1.0,1.0,4.0,68.52137532869529,1.0,0.8839892844017528,0,,0,0,STRONG BUY,1.3058823529411767,5,0,5
APAM,2026-08-11,4.0,0.3745439670252389,2.0,0,0,3.0,2.0,4.0,69.14824657191895,1.0,0.918272635445119,0,,0,0,HOLD,2.552941176470588,3,1,5
APD,2026-08-11,4.0,0.2747541093076378,1.0,0,0,3.0,4.0,4.0,64.07137791205574,1.0,0.936998886327299,0,,0,0,HOLD,2.8,2,2,5
APEI,2026-08-11,3.0,0.5206344381407342,4.0,0,0,2.0,2.0,2.0,35.22368947295402,3.0,0.5070057444135396,0,,0,0,HOLD,2.7529411764705887,2,1,5
APG,2026-08-11,2.0,0.6250796853230699,3.0,0,1,3.0,1.0,4.0,62.93364811933202,3.0,0.5815355122610066,0,,0,0,BUY,2.3411764705882354,2,0,5
APGE,2026-08-11,,,1.0,0,0,1.0,4.0,5.0,78.4600572898747,1.0,0.998153532606316,0,,0,0,BUY,1.7627118644067798,3,1,4
APH,2026-08-11,5.0,0.15603494447067828,1.0,0,0,2.0,2.0,4.0,58.625551368178954,1.0,0.8777145851292268,0,,0,0,HOLD,2.5764705882352943,4,1,5
API,2026-08-11,4.0,0.3935730194082087,2.0,0,0,2.0,,5.0,73.83575546269569,2.0,0.720297031748027,0,,0,0,HOLD,2.742857142857143,3,1,4
APLD,2026-08-11,5.0,0.21183126783946707,4.0,0,0,3.0,3.0,3.0,47.768617679200915,3.0,0.4398769568157562,0,,0,0,SELL,3.717647058823529,0,2,5
APLE,2026-08-11,2.0,0.607269857006026,2.0,0,0,2.0,2.0,2.0,33.56026687950185,2.0,0.7811669572187692,0,,0,0,BUY,2.0,5,0,5
APMC,2026-08-11,,,,0,0,,,2.0,38.80953197175248,,,0,,0,0,,,0,0,0
APMD,2026-08-11,,,,0,0,,,,,,,0,,0,0,,,0,0,0
APO,2026-08-11,4.0,0.4060593953343569,3.0,0,0,3.0,3.0,4.0,69.01671512786817,2.0,0.7779315322652361,0,,0,0,HOLD,3.0705882352941174,1,1,5
APOG,2026-08-11,2.0,0.6727565774492271,1.0,0,0,3.0,2.0,4.0,61.301337269186455,2.0,0.7151146166298324,0,,0,0,BUY,2.070588235294118,4,0,5
APPS,2026-08-11,4.0,0.30011531452789597,2.0,0,0,1.0,2.0,4.0,65.96472686080514,1.0,0.9023336150051953,0,,0,0,BUY,2.1999999999999997,4,1,5
APT,2026-08-11,1.0,0.7852068326575328,2.0,0,0,3.0,3.0,4.0,62.61598359910262,3.0,0.49130425137697115,0,,0,0,BUY,2.2823529411764705,2,0,5
APTV,2026-08-11,2.0,0.693237993339422,5.0,0,0,5.0,2.0,2.0,36.343605679136964,5.0,0.08496583383459196,0,,0,0,SELL,3.552941176470588,2,3,5
APUS,2026-08-11,1.0,0.9245943366210627,5.0,0,0,5.0,4.0,2.0,34.82103968631672,5.0,0.008064521999119417,0,,0,0,SELL,3.5999999999999996,1,4,5
APVO,2026-08-11,1.0,0.7897806445921443,5.0,0,0,5.0,3.0,3.0,46.25214715353925,5.0,0.006185274689954683,0,,0,0,HOLD,3.423529411764706,1,3,5
APWC,2026-08-11,,,5.0,0,0,4.0,,3.0,47.27154877114412,4.0,0.23305264357252403,0,,0,0,SELL,4.204545454545455,0,3,3
APYX,2026-08-11,4.0,0.2936472507049941,4.0,0,0,3.0,3.0,1.0,27.678913356359516,4.0,0.39189185978201374,0,,0,0,SELL,3.647058823529412,0,3,5
AQB,2026-08-11,4.0,0.42096907610188594,2.0,1,0,1.0,3.0,5.0,85.85143982770511,4.0,0.3943661798412714,0,,0,0,HOLD,3.0823529411764707,2,2,5
AQMS,2026-08-11,1.0,0.7811008590518613,5.0,0,0,5.0,3.0,3.0,46.014198354788256,5.0,0.00773765776716492,0,,0,0,HOLD,3.423529411764706,1,3,5
AQN,2026-08-11,1.0,0.7941457206490614,4.0,0,0,4.0,,3.0,49.51771919860681,4.0,0.355096849244677,0,,0,0,HOLD,2.885714285714286,1,3,4
AQST,2026-08-11,5.0,0.1837312828814245,4.0,0,0,2.0,4.0,4.0,66.25446109605764,4.0,0.3337004839634875,0,,0,0,SELL,3.9529411764705884,1,4,5
AR,2026-08-11,2.0,0.5966624406959191,2.0,0,0,3.0,1.0,4.0,63.568556005534546,3.0,0.5199605648198299,0,,0,0,BUY,2.235294117647059,3,0,5
ARBB,2026-08-11,,,5.0,0,0,4.0,,3.0,47.08583593176447,5.0,0.06059392293294271,0,,0,0,STRONG SELL,4.659090909090909,0,3,3
ARCB,2026-08-11,5.0,0.17206863679694948,3.0,0,0,1.0,4.0,2.0,39.84681488188791,2.0,0.6705235221540502,0,,0,0,HOLD,3.2,2,2,5
ARCC,2026-08-11,1.0,0.7907528544992124,2.0,0,0,3.0,5.0,4.0,67.58974240175908,1.0,0.8368021190661503,0,,0,0,BUY,2.164705882352941,3,1,5
ARCI,2026-08-11,,,,0,0,,,5.0,81.36325021242614,1.0,1.0,0,,0,0,,,1,0,1
ARCO,2026-08-11,3.0,0.4906140629971365,4.0,0,0,3.0,,2.0,39.15262357304791,3.0,0.5006222259027775,0,,0,0,HOLD,3.1285714285714286,0,1,4
ARCT,2026-08-11,2.0,0.612921909491381,4.0,0,0,4.0,5.0,4.0,63.04446123200975,5.0,0.1032331101665065,0,,0,0,SELL,3.8000000000000003,1,4,5
ARDC,2026-08-11,,,5.0,0,0,4.0,,3.0,51.75232845028072,3.0,0.5029510433430522,0,,0,0,SELL,3.750000000000001,0,2,3
ARDT,2026-08-11,1.0,0.8269914916834351,1.0,1,0,3.0,3.0,4.0,56.77402072179543,3.0,0.43495934801759156,0,,0,0,BUY,2.1764705882352944,2,0,5
ARDX,2026-08-11,4.0,0.3408711045800513,5.0,0,0,5.0,4.0,1.0,18.262382146372047,5.0,0.0,1,1.0,0,0,SELL,4.2176470588235295,0,5,5
ARE,2026-08-11,1.0,0.9077314667515113,4.0,1,0,4.0,3.0,2.0,44.053323189589825,4.0,0.20082211964905775,1,1.0,0,0,HOLD,2.605882352941177,1,3,5
AREN,2026-08-11,1.0,0.8827253187748693,3.0,0,0,5.0,2.0,4.0,57.65876391220758,5.0,0.12426127432788461,0,,0,0,HOLD,3.0352941176470583,2,2,5
ARES,2026-08-11,5.0,0.16714313200980427,2.0,0,0,3.0,2.0,4.0,68.27150098057508,3.0,0.5353029645204139,1,1.0,0,0,HOLD,3.0294117647058827,2,1,5
ARI,2026-08-11,2.0,0.7074144562281321,5.0,0,1,3.0,2.0,3.0,49.37617930295436,2.0,0.6228840726754978,0,,0,0,BUY,2.4941176470588236,3,1,5
ARIS,2026-08-11,,,3.0,0,0,3.0,,4.0,63.2420143965293,2.0,0.6499372812576918,0,,0,0,HOLD,2.545454545454546,1,0,3
ARKO,2026-08-11,2.0,0.7628470090296274,4.0,0,0,4.0,1.0,1.0,16.297182233001465,5.0,0.1468217773291556,1,1.0,0,0,HOLD,2.794117647058824,2,3,5
ARKR,2026-08-11,1.0,0.9227325459514951,5.0,0,0,4.0,3.0,2.0,40.977837133707915,5.0,0.0,0,,0,0,HOLD,3.2470588235294118,1,3,5
ARL,2026-08-11,2.0,0.6582480096501658,4.0,0,0,4.0,3.0,2.0,43.729717013851456,4.0,0.22094140381764685,0,,0,0,HOLD,3.211764705882353,1,3,5
ARLO,2026-08-11,5.0,0.10532534345139132,2.0,0,0,3.0,1.0,4.0,57.81172171610691,3.0,0.4360536473682193,0,,0,0,HOLD,3.1529411764705886,2,1,5
ARMK,2026-08-11,5.0,0.23833145678257514,1.0,0,0,1.0,1.0,5.0,71.56804350607186,1.0,1.0,0,,0,0,BUY,2.223529411764706,4,1,5
ARMP,2026-08-11,,,5.0,0,0,3.0,4.0,2.0,39.66031705075736,5.0,0.16197749654479932,0,,0,0,SELL,4.237288135593221,0,3,4
AROC,2026-08-11,2.0,0.6086749285033365,3.0,0,0,2.0,1.0,2.0,34.54353698034939,3.0,0.5523510566868178,0,,0,0,BUY,2.1647058823529415,3,0,5
AROW,2026-08-11,2.0,0.6511921305932794,2.0,0,0,2.0,1.0,2.0,42.388617118305135,1.0,0.8031951260426698,0,,0,0,STRONG BUY,1.588235294117647,5,0,5
ARQ,2026-08-11,1.0,0.8281691079030817,5.0,0,0,5.0,4.0,4.0,56.418393779909444,5.0,0.09852217086261505,1,4.0,0,0,HOLD,3.3,1,4,5
ARQQ,2026-08-11,,,3.0,0,0,3.0,,4.0,62.12864568347652,4.0,0.264465494478074,0,,0,0,HOLD,3.454545454545455,0,1,3
ARQT,2026-08-11,5.0,0.1481180563641119,1.0,1,0,2.0,3.0,3.0,48.51586813461192,2.0,0.7204585104325851,0,,0,0,HOLD,2.988235294117647,3,1,5
ARR,2026-08-11,1.0,0.8520224461294339,5.0,0,0,3.0,3.0,3.0,53.55519944392174,1.0,0.8337884011658762,0,,0,0,BUY,2.1294117647058823,2,1,5
ARRY,2026-08-11,,,5.0,0,0,4.0,3.0,2.0,41.39183326734907,5.0,0.07342658578530444,0,,0,0,SELL,4.237288135593221,0,3,4
ARTV,2026-08-11,,,1.0,0,0,1.0,5.0,4.0,67.30929641820336,1.0,0.8874887526414621,0,,0,0,BUY,2.0169491525423733,3,1,4
ARTW,2026-08-11,2.0,0.7464251668255482,2.0,0,0,3.0,4.0,4.0,66.6414492418993,4.0,0.2952755672695621,0,,0,0,HOLD,3.0000000000000004,2,2,5
ARVN,2026-08-11,2.0,0.6588611107052254,3.0,0,0,3.0,3.0,4.0,60.916620299569146,4.0,0.3273480608402082,1,1.0,0,0,HOLD,2.6294117647058823,1,1,5
ARW,2026-08-11,3.0,0.5819828408007627,3.0,0,0,1.0,3.0,2.0,44.55802815939759,2.0,0.7806107222487801,1,1.0,0,0,BUY,2.111764705882353,2,0,5
ARWR,2026-08-11,5.0,0.09854098681939036,1.0,0,0,1.0,3.0,4.0,59.9201293930681,1.0,0.9877037935421252,0,,0,0,HOLD,2.5764705882352934,3,1,5
ARX,2026-08-11,3.0,0.4587318054824169,5.0,0,1,4.0,,3.0,45.485942232144076,5.0,0.1449975863143262,0,,0,0,SELL,4.042857142857144,0,3,4
AS,2026-08-11,,,4.0,0,0,4.0,,2.0,40.47328377800893,4.0,0.3252819252122655,0,,0,0,SELL,4.0,0,3,3
ASA,2026-08-11,,,4.0,0,0,3.0,,4.0,64.52391356945762,3.0,0.5159293368915712,1,1.0,0,0,HOLD,2.9045454545454557,0,1,3
ASAN,2026-08-11,4.0,0.27393111796733755,2.0,0,0,3.0,3.0,4.0,66.73090158912115,4.0,0.3879753130659072,0,,0,0,HOLD,3.4352941176470595,1,2,5
ASB,2026-08-11,2.0,0.5919558065153688,1.0,0,0,2.0,1.0,4.0,61.47134749392529,1.0,1.0,0,,0,0,STRONG BUY,1.4823529411764707,5,0,5
ASBP,2026-08-11,3.0,0.5235111126640458,1.0,0,0,3.0,4.0,4.0,58.35932106402753,4.0,0.31888247874919984,0,,0,0,HOLD,3.2,1,2,5
ASC,2026-08-11,1.0,0.7769646834234808,2.0,0,0,2.0,,3.0,47.21185425524075,2.0,0.6771684845744791,0,,0,0,STRONG BUY,1.6285714285714286,4,0,4
ASG,2026-08-11,,,2.0,0,0,3.0,,4.0,64.73961803482617,1.0,1.0,0,,0,0,BUY,1.8863636363636362,2,0,3
ASGI,2026-08-11,,,1.0,0,0,3.0,,3.0,52.006260543603474,1.0,0.8847121042380651,0,,0,0,STRONG BUY,1.6818181818181817,2,0,3
ASH,2026-08-11,3.0,0.4805151003994312,1.0,0,0,2.0,3.0,4.0,68.2354702869499,1.0,0.9573970103562432,0,,0,0,BUY,2.1411764705882352,3,0,5
ASIC,2026-08-11,3.0,0.5342594265215316,1.0,0,0,2.0,2.0,4.0,57.37011817820356,1.0,0.9332247877427702,0,,0,0,BUY,1.9647058823529413,4,0,5
ASIX,2026-08-11,1.0,0.9081101128025676,4.0,0,0,4.0,2.0,2.0,31.542167736794724,4.0,0.25003856411904896,0,,0,0,HOLD,2.729411764705883,2,3,5
ASLE,2026-08-11,2.0,0.7553539909521401,5.0,0,0,5.0,3.0,2.0,36.398936262450235,5.0,0.0,1,1.0,0,0,HOLD,3.4294117647058826,1,3,5
ASM,2026-08-11,,,3.0,0,0,3.0,,4.0,66.90490275082398,3.0,0.4821192058835771,0,,0,0,HOLD,3.0000000000000004,0,0,3
ASMB,2026-08-11,4.0,0.4016516158880468,3.0,0,0,3.0,4.0,4.0,56.16845493243593,4.0,0.3674095231416103,0,,0,0,SELL,3.7176470588235295,0,3,5
ASML,2026-08-11,5.0,0.02863506204263443,2.0,0,0,1.0,,4.0,55.35326774867966,1.0,0.8400822360960879,0,,0,0,HOLD,2.6142857142857143,3,1,4
ASND,2026-08-11,,,1.0,0,0,2.0,,3.0,51.43237310157929,2.0,0.7249543536329587,0,,0,0,BUY,1.7954545454545454,3,0,3
ASO,2026-08-11,2.0,0.754407063781655,4.0,0,0,4.0,2.0,4.0,55.6978648161502,3.0,0.4339400378488201,0,,0,0,HOLD,2.8,2,2,5
ASPI,2026-08-11,4.0,0.3507778754890428,5.0,0,0,5.0,3.0,3.0,45.84162392951699,5.0,0.07088485911844199,0,,0,0,STRONG SELL,4.341176470588236,0,4,5
ASPN,2026-08-11,3.0,0.5048990340467658,2.0,0,0,2.0,3.0,4.0,59.22169031218815,3.0,0.5688000323791517,0,,0,0,HOLD,2.7176470588235295,2,0,5
ASPS,2026-08-11,2.0,0.7313651776135331,5.0,0,0,4.0,3.0,2.0,43.028052132417336,5.0,0.13697918079172655,0,,0,0,SELL,3.552941176470589,1,3,5
ASR,2026-08-11,,,5.0,0,0,4.0,,2.0,39.543816860085215,5.0,0.027771972832857775,0,,0,0,STRONG SELL,4.659090909090909,0,3,3
ASRV,2026-08-11,2.0,0.6249091449542112,1.0,0,0,1.0,3.0,4.0,68.24086522979134,1.0,0.905052159354974,0,,0,0,STRONG BUY,1.6588235294117646,4,0,5
ASTC,2026-08-11,3.0,0.43183997345616304,3.0,0,0,1.0,4.0,3.0,50.805382394041004,5.0,0.14600882185799946,0,,0,0,HOLD,3.2941176470588234,1,2,5
ASTE,2026-08-11,2.0,0.6786795551798783,4.0,0,0,4.0,3.0,1.0,24.446881304607217,5.0,0.09847379897427373,0,,0,0,HOLD,3.447058823529412,1,3,5
ASTH,2026-08-11,2.0,0.5968922900984965,3.0,0,0,2.0,4.0,2.0,34.82963337288615,3.0,0.5145339356175554,0,,0,0,HOLD,2.6941176470588237,2,1,5
ASTI,2026-08-11,4.0,0.2704530840465979,4.0,0,0,3.0,4.0,3.0,46.89175964163815,4.0,0.269433441319561,0,,0,0,SELL,3.823529411764706,0,4,5
ASTL,2026-08-11,,,3.0,0,1,4.0,,4.0,57.09881277852614,3.0,0.4865900061148425,0,,0,0,HOLD,3.3409090909090917,0,1,3
ASUR,2026-08-11,2.0,0.6412440370221054,4.0,0,0,3.0,3.0,3.0,50.70151745780059,3.0,0.443750050291422,0,,0,0,HOLD,2.8,1,1,5
ASYS,2026-08-11,3.0,0.45253866240534124,3.0,0,0,1.0,4.0,2.0,43.60930466341397,3.0,0.5506198365936171,0,,0,0,HOLD,2.823529411764706,1,1,5
ATAI,2026-08-11,5.0,0.051031320940005356,1.0,0,0,1.0,3.0,5.0,73.45856209855933,1.0,0.9987179194054746,0,,0,0,HOLD,2.5764705882352934,3,1,5
ATCX,2026-08-11,5.0,0.08367801463569838,,0,0,5.0,,3.0,49.98256020272215,5.0,0.05784475686722849,0,,0,0,STRONG SELL,5.0,0,3,3
ATEC,2026-08-11,,,3.0,0,0,5.0,3.0,4.0,55.13792269527173,5.0,0.1650732991988042,0,,0,0,SELL,4.186440677966102,0,2,4
ATEN,2026-08-11,5.0,0.2033287734151676,3.0,0,0,1.0,3.0,2.0,32.350187612015915,3.0,0.48900663320805743,0,,0,0,HOLD,3.2588235294117647,1,1,5
ATEX,2026-08-11,5.0,0.1804709071962522,1.0,0,0,1.0,3.0,3.0,48.34378498104439,1.0,0.8408800861369321,0,,0,0,HOLD,2.5764705882352934,3,1,5
ATHR,2026-08-11,5.0,0.07831662134680478,3.0,0,0,5.0,4.0,3.0,49.22189375082044,4.0,0.24261874920597282,0,,0,0,STRONG SELL,4.376470588235295,0,4,5
ATI,2026-08-11,5.0,0.1553992303067191,1.0,0,0,1.0,1.0,5.0,72.64694171076795,1.0,1.0,0,,0,0,BUY,2.223529411764706,4,1,5
ATII,2026-08-11,,,3.0,0,0,3.0,3.0,2.0,37.02100387680737,4.0,0.3865544804240403,0,,0,0,HOLD,3.3389830508474576,0,1,4
ATKR,2026-08-11,3.0,0.5750655543108593,1.0,0,0,1.0,3.0,5.0,72.81836805570975,1.0,1.0,0,,0,0,BUY,1.964705882352941,3,0,5
ATLC,2026-08-11,2.0,0.6548603417459764,2.0,0,0,1.0,3.0,2.0,40.25837933599939,2.0,0.7236409386868262,0,,0,0,BUY,2.0,4,0,5
ATLO,2026-08-11,2.0,0.6761056315622017,1.0,0,0,2.0,1.0,4.0,63.72610037486213,1.0,0.9932484851086357,1,1.0,0,0,STRONG BUY,1.1823529411764706,5,0,5
ATLX,2026-08-11,4.0,0.2940422484967392,5.0,0,0,5.0,4.0,3.0,52.46677209780778,5.0,0.12269941910701172,0,,0,0,STRONG SELL,4.517647058823529,0,5,5
ATMP,2026-08-11,,,1.0,0,0,2.0,,4.0,56.3999852703267,1.0,0.9548023199912985,0,,0,0,STRONG BUY,1.340909090909091,3,0,3
ATMU,2026-08-11,4.0,0.34748201853205857,4.0,0,0,4.0,3.0,2.0,43.635315744044746,4.0,0.3387520275106193,0,,0,0,SELL,3.8235294117647056,0,4,5
ATNI,2026-08-11,1.0,0.8187865321930774,2.0,0,0,1.0,3.0,5.0,73.4981412958655,1.0,0.9729121943381419,0,,0,0,STRONG BUY,1.4588235294117646,4,0,5
ATO,2026-08-11,3.0,0.43369940351892383,4.0,0,0,3.0,2.0,2.0,37.758648800027686,4.0,0.30335510179558317,0,,0,0,HOLD,3.164705882352941,1,2,5
ATOM,2026-08-11,5.0,0.11679798599979632,3.0,0,0,1.0,4.0,3.0,45.65737330909705,4.0,0.35276680412252126,0,,0,0,SELL,3.670588235294118,1,3,5
ATOS,2026-08-11,1.0,0.8259624562519885,5.0,0,0,5.0,4.0,2.0,44.07531317482145,5.0,0.03385579536195018,0,,0,0,SELL,3.5999999999999996,1,4,5
ATPC,2026-08-11,1.0,0.8045614331913782,5.0,0,0,4.0,4.0,3.0,48.144503490622945,5.0,0.01081281478504124,0,,0,0,HOLD,3.423529411764706,1,4,5
ATR,2026-08-11,3.0,0.47330791229742614,1.0,1,0,4.0,3.0,4.0,58.87375948298481,2.0,0.7018602320834411,0,,0,0,HOLD,2.729411764705883,2,1,5
ATRA,2026-08-11,1.0,0.8640514990689878,4.0,0,0,2.0,3.0,3.0,52.34512157470416,4.0,0.34004312788028407,0,,0,0,HOLD,2.552941176470588,2,2,5
ATRC,2026-08-11,4.0,0.3304663762849592,2.0,0,0,2.0,2.0,5.0,73.73078480584184,1.0,1.0,0,,0,0,BUY,2.376470588235294,4,1,5
ATRO,2026-08-11,5.0,0.08245948522402288,2.0,0,0,1.0,2.0,4.0,55.71767891723146,1.0,0.8088221393962556,0,,0,0,HOLD,2.5058823529411764,4,1,5
ATS,2026-08-11,,,5.0,0,1,5.0,,1.0,28.39477485661925,5.0,0.053674125922535086,0,,0,0,STRONG SELL,5.0,0,3,3
ATTO,2026-08-11,,,,0,0,,,,,,,0,,0,0,,,0,0,0
ATXG,2026-08-11,1.0,0.8898472150649109,4.0,0,0,4.0,4.0,4.0,67.14701165487853,5.0,0.13868612528952412,0,,0,0,HOLD,3.317647058823529,1,4,5
AU,2026-08-11,,,3.0,0,0,3.0,,4.0,68.94512238408998,2.0,0.6336307481613022,0,,0,0,HOLD,2.545454545454546,1,0,3
AUB,2026-08-11,2.0,0.6818897851462574,1.0,0,0,2.0,3.0,3.0,54.31405545027261,1.0,0.9378658009484938,0,,0,0,BUY,1.835294117647059,4,0,5
AUC,2026-08-11,5.0,0.04926448431316032,3.0,0,0,3.0,4.0,3.0,46.633979410118016,4.0,0.3867487913941844,0,,0,0,SELL,4.023529411764706,0,3,5
AUDC,2026-08-11,2.0,0.6041998090995864,1.0,0,0,2.0,,4.0,55.197747433875065,1.0,0.9252138934455459,0,,0,0,STRONG BUY,1.5857142857142859,4,0,4
AUGO,2026-08-11,,,3.0,0,1,2.0,,4.0,68.63688076669607,3.0,0.5978986092146273,0,,0,0,HOLD,2.6590909090909096,1,0,3
AUNA,2026-08-11,,,2.0,0,0,3.0,,4.0,58.80329913572725,3.0,0.45610677367232694,0,,0,0,HOLD,2.795454545454546,1,0,3
AUPH,2026-08-11,4.0,0.39286107441657714,3.0,0,0,2.0,1.0,3.0,48.103528683999805,3.0,0.5746365990943748,1,1.0,0,0,BUY,2.4764705882352946,2,1,5
AURA,2026-08-11,3.0,0.42793509385937,1.0,0,0,2.0,5.0,4.0,66.83184846210459,2.0,0.7964378442737132,0,,0,0,HOLD,2.729411764705883,3,1,5
AUST,2026-08-11,,,4.0,0,0,4.0,,4.0,68.45988773919575,4.0,0.2187500203726824,0,,0,0,SELL,4.0,0,3,3
AUUD,2026-08-11,1.0,0.9573655742920777,4.0,0,0,5.0,4.0,4.0,56.666019329559575,5.0,0.021236468103280354,0,,0,0,HOLD,3.494117647058823,1,4,5
AVA,2026-08-11,2.0,0.6798673605728576,4.0,0,0,3.0,3.0,2.0,33.35256310746955,3.0,0.5138054280753256,0,,0,0,HOLD,2.8,1,1,5
AVAH,2026-08-11,3.0,0.5070708743567486,1.0,1,0,2.0,2.0,2.0,44.86887382886128,2.0,0.6901234796108585,0,,0,0,BUY,2.2000000000000006,4,0,5
AVAV,2026-08-11,5.0,0.19094669571085454,4.0,0,0,4.0,5.0,4.0,68.10636229481611,4.0,0.21039722681627634,0,,0,0,STRONG SELL,4.482352941176471,0,5,5
AVB,2026-08-11,4.0,0.290841779104862,2.0,0,0,3.0,2.0,2.0,40.41438094434035,2.0,0.6699289823811619,0,,0,0,HOLD,2.7882352941176474,3,1,5
AVBC,2026-08-11,2.0,0.7359210944957048,1.0,0,0,2.0,4.0,4.0,55.40161513278476,1.0,0.9032714506990895,1,6.0,0,0,STRONG BUY,1.7117647058823533,4,1,5
AVBH,2026-08-11,2.0,0.6971046770601337,1.0,0,0,2.0,4.0,4.0,56.80487316542399,1.0,0.9249999856948825,0,,0,0,BUY,2.0117647058823533,4,1,5
AVBP,2026-08-11,4.0,0.27744193445752463,3.0,0,0,1.0,5.0,3.0,49.86513918296544,2.0,0.7962337425073045,0,,0,0,HOLD,3.0705882352941174,2,2,5
AVD,2026-08-11,,,5.0,0,0,5.0,3.0,2.0,33.18690560042583,5.0,0.026666704813639322,0,,0,0,STRONG SELL,4.491525423728814,0,3,4
AVEX,2026-08-11,,,,0,0,,,4.0,65.33922556961068,4.0,0.3273343145363984,0,,0,0,,,0,1,1
AVGO,2026-08-11,5.0,0.06246255936064171,1.0,0,0,2.0,2.0,4.0,57.110640847462655,2.0,0.6524906295824985,0,,0,0,HOLD,2.8117647058823527,4,1,5
AVIR,2026-08-11,2.0,0.6386219097031498,1.0,0,0,2.0,4.0,4.0,56.8372806408075,2.0,0.6591591070200807,0,,0,0,BUY,2.2470588235294118,4,1,5
AVK,2026-08-11,,,2.0,0,0,3.0,,4.0,59.493269407154024,1.0,0.9561809787930537,0,,0,0,BUY,1.8863636363636362,2,0,3
AVLN,2026-08-11,,,,0,0,,,5.0,71.1407996362913,1.0,1.0,0,,0,0,,,1,0,1
AVNT,2026-08-11,5.0,0.17349857006673022,1.0,0,0,2.0,3.0,5.0,74.82309587605954,1.0,0.995230392385286,0,,0,0,HOLD,2.7529411764705882,3,1,5
AVNW,2026-08-11,2.0,0.6648092692389693,3.0,0,0,4.0,4.0,3.0,52.249214541169216,3.0,0.49828330431380063,0,,0,0,HOLD,3.047058823529412,1,2,5
AVO,2026-08-11,2.0,0.6676216071165477,2.0,0,0,4.0,1.0,3.0,52.97686672458565,3.0,0.5391970135956017,1,1.0,0,0,BUY,2.1117647058823534,3,1,5
AVR,2026-08-11,5.0,0.1858243695113667,2.0,0,0,1.0,4.0,4.0,59.58394469291681,1.0,0.8219749919786568,0,,0,0,HOLD,2.8588235294117648,3,2,5
AVT,2026-08-11,4.0,0.28026692087702576,1.0,0,0,1.0,3.0,4.0,64.30561167916522,1.0,0.9813984393632366,0,,0,0,BUY,2.2705882352941176,3,1,5
AVTR,2026-08-11,2.0,0.6194536865693147,1.0,1,0,2.0,4.0,4.0,69.45247386390706,2.0,0.772283198635093,1,2.0,0,0,BUY,1.9470588235294117,4,1,5
AVTX,2026-08-11,4.0,0.25286903417322526,1.0,0,0,1.0,5.0,4.0,56.199611569366034,2.0,0.7595706247846129,0,,0,0,HOLD,2.8588235294117643,3,2,5
AVX,2026-08-11,4.0,0.29671518542906783,5.0,0,0,5.0,3.0,2.0,38.977975054661336,5.0,0.006073486859303032,1,2.0,0,0,SELL,4.041176470588236,0,4,5
AVXL,2026-08-11,3.0,0.4416162901686287,3.0,0,0,5.0,5.0,5.0,75.72518283630474,5.0,0.12375138198753285,0,,0,0,SELL,4.176470588235294,0,3,5
AVY,2026-08-11,3.0,0.43027243305831364,2.0,0,0,4.0,3.0,4.0,66.36376429770074,2.0,0.6183779352582319,0,,0,0,HOLD,2.8352941176470594,2,1,5
AWF,2026-08-11,,,4.0,0,0,4.0,,4.0,61.44384926338937,3.0,0.5628779304484569,0,,0,0,SELL,3.545454545454546,0,2,3
AWI,2026-08-11,4.0,0.25455552665968295,2.0,0,0,4.0,1.0,5.0,70.84907866555378,2.0,0.6964590605810161,1,1.0,0,0,BUY,2.4882352941176475,3,2,5
AWK,2026-08-11,3.0,0.453765490943756,2.0,0,0,3.0,2.0,4.0,56.48466062582674,2.0,0.664586690473277,0,,0,0,BUY,2.482352941176471,3,0,5
AWP,2026-08-11,,,3.0,1,0,3.0,,2.0,35.65171645782303,2.0,0.7007294139402882,0,,0,0,HOLD,2.545454545454546,1,0,3
AWR,2026-08-11,4.0,0.35953044017731683,1.0,0,0,2.0,2.0,4.0,59.606882779826,1.0,0.9173438013478169,0,,0,0,BUY,2.270588235294118,4,1,5
AWRE,2026-08-11,2.0,0.6783328030544066,5.0,0,0,5.0,5.0,3.0,49.557571944370274,5.0,0.07567566696791175,1,2.0,0,0,SELL,3.7823529411764705,1,4,5
AWX,2026-08-11,,,2.0,0,0,3.0,2.0,5.0,71.37114468328838,5.0,0.1547169179838318,0,,0,0,HOLD,3.2711864406779663,2,1,4
AX,2026-08-11,4.0,0.38339704016580284,1.0,0,0,3.0,2.0,3.0,54.53573789968737,1.0,0.8376270876092425,0,,0,0,BUY,2.447058823529412,3,1,5
AXGN,2026-08-11,5.0,0.15146305715488456,2.0,0,0,1.0,3.0,5.0,70.54870550246116,1.0,1.0,0,,0,0,HOLD,2.6823529411764704,3,1,5
AXIL,2026-08-11,3.0,0.44243125551513074,5.0,0,1,4.0,3.0,2.0,42.5723334952855,4.0,0.24238579325258405,0,,0,0,SELL,3.623529411764706,0,3,5
AXON,2026-08-11,5.0,0.09885159666283318,1.0,1,0,3.0,3.0,4.0,63.35264749893193,2.0,0.6121839728070465,0,,0,0,HOLD,3.164705882352942,2,1,5
AXP,2026-08-11,4.0,0.2768188683693454,2.0,0,0,3.0,3.0,3.0,49.387596543616795,3.0,0.550366516946621,1,1.0,0,0,HOLD,2.9000000000000004,1,1,5
AXR,2026-08-11,1.0,0.8412774070543374,4.0,0,0,4.0,2.0,1.0,29.045053386959225,4.0,0.27424411118549574,1,2.0,0,0,BUY,2.429411764705883,2,3,5
AXS,2026-08-11,2.0,0.7468921196091184,3.0,0,0,3.0,3.0,2.0,34.301305530912686,3.0,0.42539222777303887,0,,0,0,HOLD,2.6941176470588237,1,0,5
AXSM,2026-08-11,5.0,0.07399354402984572,3.0,0,0,1.0,3.0,2.0,42.75685290439363,2.0,0.75193443069938,0,,0,0,HOLD,3.023529411764706,2,1,5
AXTA,2026-08-11,3.0,0.45241680241869214,1.0,0,0,2.0,3.0,4.0,62.929385430731756,1.0,0.9239217606969737,0,,0,0,BUY,2.1411764705882352,3,0,5
AXTI,2026-08-11,5.0,0.08396298175462716,2.0,0,0,1.0,4.0,3.0,54.92217405464527,3.0,0.5109165652029098,0,,0,0,HOLD,3.329411764705883,2,2,5
AYA,2026-08-11,,,1.0,0,0,1.0,,5.0,74.35441256105732,1.0,0.9943848591375825,0,,0,0,STRONG BUY,1.0,3,0,3
AYI,2026-08-11,4.0,0.3746425166825548,1.0,1,0,3.0,3.0,4.0,59.49991056162213,1.0,0.8300699343746457,0,,0,0,HOLD,2.6235294117647054,2,1,5
AYTU,2026-08-11,1.0,0.8753657860742741,2.0,0,0,3.0,3.0,4.0,65.63451922739898,3.0,0.5798319529766458,0,,0,0,BUY,2.2823529411764705,2,0,5
AZ,2026-08-11,,,3.0,0,0,4.0,,4.0,64.2767160863402,4.0,0.30020075033862137,0,,0,0,SELL,3.795454545454546,0,2,3
AZIO,2026-08-11,,,4.0,0,0,4.0,4.0,3.0,49.71628849760292,4.0,0.3429185752080442,0,,0,0,SELL,4.0,0,4,4
AZN,2026-08-11,,,5.0,0,0,4.0,,2.0,37.43816651281482,4.0,0.21947097078839123,0,,0,0,SELL,4.204545454545455,0,3,3
AZO,2026-08-11,3.0,0.5209723546234509,5.0,0,0,4.0,3.0,3.0,50.22589464528889,5.0,0.09747455446862087,0,,0,0,SELL,3.858823529411765,0,3,5
AZTA,2026-08-11,2.0,0.6631905191000245,2.0,0,0,3.0,3.0,5.0,74.05033074834387,2.0,0.6968788477079301,0,,0,0,BUY,2.3529411764705883,3,0,5
AZZ,2026-08-11,3.0,0.4555074389405761,1.0,0,0,2.0,1.0,4.0,57.11367750325328,1.0,0.8931458601993982,0,,0,0,BUY,1.7882352941176471,4,0,5
B,2026-08-11,,,4.0,0,0,3.0,,4.0,56.5868193697352,2.0,0.6014181266557055,0,,0,0,HOLD,2.7500000000000004,1,1,3
BA,2026-08-11,5.0,0.2238606751146541,1.0,0,0,3.0,2.0,4.0,58.33410644687866,2.0,0.7429824821660419,1,1.0,0,0,HOLD,2.6882352941176473,3,1,5
BAC,2026-08-11,3.0,0.5297177611459474,1.0,0,0,2.0,2.0,5.0,70.55601057893124,1.0,1.0,0,,0,0,BUY,1.9647058823529413,4,0,5
BAER,2026-08-11,1.0,0.8389316066369891,5.0,0,0,5.0,2.0,1.0,27.596468022872074,5.0,0.0,0,,0,0,HOLD,3.2470588235294118,2,3,5
BAFN,2026-08-11,1.0,0.9475023862551702,3.0,0,0,4.0,3.0,3.0,53.795727871807394,4.0,0.2758036683059323,0,,0,0,HOLD,2.8000000000000003,1,2,5
BAH,2026-08-11,3.0,0.49790468443903735,3.0,0,0,4.0,3.0,4.0,68.17972380249964,4.0,0.38262542670620187,0,,0,0,HOLD,3.411764705882353,0,2,5
BAK,2026-08-11,,,5.0,0,1,5.0,,2.0,35.53804148004197,5.0,0.0,0,,0,0,STRONG SELL,5.0,0,3,3
BALL,2026-08-11,3.0,0.572926596758818,1.0,0,0,3.0,,3.0,50.729208602849454,2.0,0.7975673657499134,1,1.0,0,0,BUY,2.157142857142858,2,0,4
BALY,2026-08-11,1.0,0.8805358106223465,4.0,0,0,3.0,3.0,2.0,44.106564721073546,4.0,0.377690887445334,0,,0,0,HOLD,2.7294117647058824,1,2,5
BAM,2026-08-11,,,2.0,0,0,3.0,3.0,5.0,74.26643648465529,2.0,0.6932648212327301,0,,0,0,HOLD,2.508474576271186,2,0,4
BANC,2026-08-11,3.0,0.49531656107061206,2.0,0,0,3.0,1.0,3.0,45.850627660039365,2.0,0.6907706256070782,0,,0,0,BUY,2.3058823529411763,3,0,5
BANF,2026-08-11,3.0,0.5609926650647009,1.0,0,0,4.0,2.0,3.0,49.023207798546906,4.0,0.35551703163163445,0,,0,0,HOLD,3.023529411764706,2,2,5
BANR,2026-08-11,1.0,0.7921830314585319,1.0,0,0,2.0,,4.0,67.12060588984951,1.0,1.0,0,,0,0,STRONG BUY,1.2142857142857144,4,0,4
BANX,2026-08-11,,,3.0,0,0,3.0,,4.0,61.17352204002934,1.0,0.8064746314295226,1,1.0,0,0,BUY,1.7909090909090908,1,0,3
BAP,2026-08-11,,,2.0,0,0,2.0,,2.0,42.14258031603191,1.0,0.8394988301571329,0,,0,0,STRONG BUY,1.5454545454545454,3,0,3
BAR,2026-08-11,1.0,0.9723546234509056,4.0,0,0,3.0,,4.0,65.22339806520927,3.0,0.5012219710165031,0,,0,0,BUY,2.3857142857142857,1,1,4
BARK,2026-08-11,1.0,0.7778794926777608,4.0,0,0,5.0,3.0,4.0,61.7556852584534,4.0,0.24380949509116537,0,,0,0,HOLD,3.0823529411764703,1,3,5
BATL,2026-08-11,1.0,0.9581423816436669,4.0,0,0,4.0,2.0,3.0,45.407879005261094,5.0,0.012707160332040644,0,,0,0,HOLD,2.964705882352941,2,3,5
BATRA,2026-08-11,,,3.0,0,0,2.0,2.0,3.0,47.17249582430525,2.0,0.7833228105857234,0,,0,0,BUY,2.152542372881356,3,0,4
BATRK,2026-08-11,,,2.0,0,0,2.0,2.0,3.0,52.05602162264074,1.0,0.8759271477610193,1,1.0,0,0,STRONG BUY,1.3610169491525423,4,0,4
BAX,2026-08-11,,,1.0,0,0,2.0,3.0,4.0,69.18248249683685,1.0,0.9510280610879135,0,,0,0,BUY,1.7627118644067798,3,0,4
BB,2026-08-11,5.0,0.17657781679237688,3.0,0,0,1.0,2.0,3.0,48.52444488791784,2.0,0.6030020797701151,0,,0,0,HOLD,2.847058823529412,3,1,5
BBAI,2026-08-11,4.0,0.35897301857457103,5.0,0,0,5.0,3.0,4.0,56.22814137361016,5.0,0.11550633335195665,0,,0,0,STRONG SELL,4.341176470588236,0,4,5
BBAR,2026-08-11,,,4.0,0,0,4.0,,2.0,34.120677028379404,2.0,0.6156280319590601,0,,0,0,HOLD,3.090909090909091,1,2,3
BBBY,2026-08-11,2.0,0.7369344666954042,5.0,0,0,5.0,3.0,2.0,36.956153292051425,5.0,0.0,1,1.0,0,0,HOLD,3.4294117647058826,1,3,5
BBCP,2026-08-11,3.0,0.5414809904584327,3.0,0,0,2.0,2.0,2.0,33.48694120945815,3.0,0.5712025372564858,0,,0,0,HOLD,2.6470588235294117,2,0,5
BBDC,2026-08-11,1.0,0.8469414696002375,2.0,0,0,3.0,2.0,4.0,68.8010000948006,1.0,0.9552651720168841,0,,0,0,STRONG BUY,1.6352941176470588,4,0,5
BBIO,2026-08-11,5.0,0.10764872521246459,1.0,0,0,2.0,5.0,4.0,58.06582554162284,1.0,0.8487639686162843,0,,0,0,HOLD,3.105882352941176,3,2,5
BBN,2026-08-11,,,5.0,0,0,3.0,,3.0,54.82649950074661,2.0,0.6181709346627903,0,,0,0,HOLD,2.9545454545454546,1,1,3
BBNX,2026-08-11,4.0,0.3183272717054851,3.0,0,0,2.0,3.0,4.0,61.16974403519671,4.0,0.3653264058563272,0,,0,0,HOLD,3.364705882352941,1,2,5
BBOT,2026-08-11,3.0,0.4699331848552339,3.0,0,0,4.0,4.0,4.0,60.789081866524235,4.0,0.3328290353302447,0,,0,0,SELL,3.5882352941176476,0,3,5
BBSI,2026-08-11,4.0,0.4070649948110943,3.0,1,0,4.0,2.0,1.0,25.85374330442356,4.0,0.21213997540506138,1,2.0,0,0,HOLD,3.2411764705882353,1,3,5
BBT,2026-08-11,4.0,0.4213278887674526,1.0,0,0,2.0,3.0,4.0,62.63581654149917,1.0,0.9693820009363445,0,,0,0,BUY,2.447058823529412,3,1,5
BBUC,2026-08-11,,,5.0,0,0,4.0,,2.0,37.929362118605845,5.0,0.02002164595608297,0,,0,0,STRONG SELL,4.659090909090909,0,3,3
BBVA,2026-08-11,,,1.0,0,0,2.0,,4.0,68.71805156992045,1.0,1.0,0,,0,0,STRONG BUY,1.340909090909091,3,0,3
BBW,2026-08-11,2.0,0.6133206513742434,3.0,0,0,5.0,3.0,4.0,63.128015711587516,5.0,0.15530995929513491,0,,0,0,SELL,3.5176470588235293,1,2,5
BBWI,2026-08-11,1.0,0.8788394115385452,4.0,0,0,4.0,3.0,2.0,40.16371137536759,4.0,0.27229332967213166,0,,0,0,HOLD,2.905882352941177,1,3,5
BBY,2026-08-11,3.0,0.5433673288368701,1.0,0,0,2.0,2.0,3.0,51.777672894268676,1.0,0.8182543931294932,0,,0,0,BUY,1.9647058823529413,4,0,5
BC,2026-08-11,3.0,0.5445781591154512,2.0,0,0,3.0,2.0,3.0,51.48802357115937,2.0,0.7883216518785036,0,,0,0,BUY,2.482352941176471,3,0,5
BCAB,2026-08-11,5.0,0.14366653176851477,5.0,0,0,5.0,5.0,3.0,47.53238315325606,5.0,0.004499826766908929,0,,0,0,STRONG SELL,5.0,0,5,5
BCAL,2026-08-11,2.0,0.7507478742989577,1.0,0,0,2.0,2.0,4.0,58.19243859789666,1.0,0.9785391820007476,0,,0,0,STRONG BUY,1.6588235294117648,5,0,5
BCAT,2026-08-11,,,2.0,0,0,2.0,,4.0,63.23730043961762,1.0,0.9972404225461989,0,,0,0,STRONG BUY,1.5454545454545454,3,0,3
BCAX,2026-08-11,4.0,0.3382118994591155,2.0,0,0,1.0,5.0,2.0,39.557287827741064,2.0,0.705046521177364,1,1.0,0,0,HOLD,2.6647058823529415,3,2,5
BCBP,2026-08-11,1.0,0.9042316258351893,4.0,0,0,3.0,4.0,2.0,30.990467452036896,4.0,0.3336016413833065,1,1.0,0,0,HOLD,2.6058823529411765,1,3,5
BCC,2026-08-11,2.0,0.6923843440787107,2.0,0,0,3.0,3.0,4.0,61.475408493392706,1.0,0.8058316647867491,0,,0,0,BUY,2.1176470588235294,3,0,5
BCE,2026-08-11,,,4.0,0,0,4.0,,4.0,65.05324368774326,3.0,0.5114339018156008,0,,0,0,SELL,3.545454545454546,0,2,3
BCG,2026-08-11,1.0,0.7963487257769672,5.0,0,0,5.0,1.0,2.0,35.579687208938154,5.0,0.0,0,,0,0,HOLD,3.070588235294117,2,3,5
BCH,2026-08-11,,,1.0,0,0,3.0,,3.0,50.65697498053878,1.0,0.8348902493886032,0,,0,0,STRONG BUY,1.6818181818181817,2,0,3
BCHT,2026-08-11,3.0,0.4516705485668979,5.0,0,0,5.0,3.0,2.0,35.23868968030554,5.0,0.01895041953503163,1,1.0,0,0,SELL,3.7352941176470598,0,3,5
BCIC,2026-08-11,1.0,0.9117470986011782,4.0,0,0,5.0,2.0,4.0,67.7327127879428,5.0,0.16024664788286935,1,5.0,0,0,HOLD,2.841176470588235,2,3,5
BCML,2026-08-11,1.0,0.7703153184106858,3.0,0,0,3.0,1.0,2.0,43.199034957097965,3.0,0.543755123832015,0,,0,0,BUY,2.0352941176470587,2,0,5
BCO,2026-08-11,4.0,0.402823566139736,2.0,0,0,4.0,2.0,3.0,51.494661471403354,3.0,0.5117274390702653,0,,0,0,HOLD,3.2,2,2,5
BCPC,2026-08-11,4.0,0.28847993929244276,1.0,1,0,3.0,1.0,4.0,67.99375175011822,1.0,0.9039206755145477,0,,0,0,BUY,2.2705882352941176,3,1,5
BCRX,2026-08-11,1.0,0.9041944709246902,1.0,0,0,2.0,2.0,4.0,63.706628728650784,1.0,0.8470226071733151,0,,0,0,STRONG BUY,1.3529411764705885,5,0,5
BCS,2026-08-11,,,1.0,0,0,2.0,,4.0,55.485675396106,1.0,0.962703360023564,0,,0,0,STRONG BUY,1.340909090909091,3,0,3
BCSF,2026-08-11,1.0,0.8602838419563346,3.0,0,0,3.0,3.0,3.0,54.75865478511422,2.0,0.6311429758151301,1,1.0,0,0,BUY,1.852941176470588,2,0,5
BCSS,2026-08-11,,,,0,0,3.0,,3.0,50.57190407113172,2.0,0.7272743035988313,0,,0,0,,,1,0,2
BCTX,2026-08-11,,,3.0,0,0,5.0,5.0,3.0,48.78574246808765,5.0,0.0651583739110609,0,,0,0,STRONG SELL,4.694915254237288,0,3,4
BCV,2026-08-11,,,3.0,0,0,2.0,,4.0,56.11068077235344,1.0,0.8033898093475339,0,,0,0,BUY,1.7500000000000002,2,0,3
BCX,2026-08-11,,,2.0,0,1,3.0,,5.0,74.82959555385773,1.0,0.862624296858344,0,,0,0,BUY,1.8863636363636362,2,0,3
BDC,2026-08-11,3.0,0.4432571552830087,2.0,0,0,3.0,1.0,5.0,72.44157917509509,2.0,0.6769002420988228,0,,0,0,BUY,2.3058823529411763,3,0,5
BDCZ,2026-08-11,,,4.0,0,0,3.0,,4.0,62.978308558219716,2.0,0.700437690733008,0,,0,0,HOLD,2.7500000000000004,1,1,3
BDJ,2026-08-11,,,1.0,0,0,3.0,,4.0,67.3085678584369,1.0,0.9994463106023338,0,,0,0,STRONG BUY,1.6818181818181817,2,0,3
BDL,2026-08-11,1.0,0.7697733563051413,1.0,0,0,1.0,1.0,4.0,56.95668303248983,1.0,0.9362506200564755,0,,0,0,STRONG BUY,1.0,5,0,5
BDMD,2026-08-11,2.0,0.7352847597836462,4.0,0,0,3.0,,3.0,53.813681830374136,5.0,0.14610486559621788,0,,0,0,HOLD,3.3285714285714287,1,2,4
BDN,2026-08-11,1.0,0.7921401913396486,3.0,1,0,3.0,4.0,3.0,50.644861443927496,3.0,0.43723023244222176,0,,0,0,HOLD,2.5647058823529414,1,1,5
BDSX,2026-08-11,5.0,0.24363969225660237,1.0,0,0,1.0,3.0,4.0,62.912551997432956,1.0,0.9659793903120948,0,,0,0,HOLD,2.5764705882352934,3,1,5
BDTX,2026-08-11,2.0,0.7586000207292699,4.0,0,0,4.0,2.0,4.0,64.69601374554847,5.0,0.14417175704370605,0,,0,0,HOLD,3.2705882352941176,2,3,5
BDX,2026-08-11,4.0,0.3369876072449952,2.0,0,0,3.0,3.0,5.0,76.99237301289303,1.0,0.9683170400525416,0,,0,0,HOLD,2.7294117647058824,2,1,5
BE,2026-08-11,,,3.0,0,0,1.0,3.0,3.0,46.20990644250561,3.0,0.5667910531908655,0,,0,0,BUY,2.491525423728814,1,0,4
BEAM,2026-08-11,4.0,0.2961146953146951,4.0,0,0,2.0,4.0,2.0,44.045879789795315,3.0,0.5002282115431775,0,,0,0,HOLD,3.411764705882353,1,3,5
BEEM,2026-08-11,2.0,0.750679555105281,5.0,0,0,5.0,5.0,3.0,53.66331601636981,5.0,0.062392273496094344,0,,0,0,SELL,4.08235294117647,1,4,5
BEEP,2026-08-11,2.0,0.6539457257442384,2.0,0,0,4.0,3.0,5.0,80.26614039263129,3.0,0.5186567212311616,0,,0,0,HOLD,2.7647058823529416,2,1,5
BEN,2026-08-11,3.0,0.5601136649732205,1.0,0,0,2.0,1.0,3.0,49.94186812266201,1.0,0.8469015651231107,0,,0,0,BUY,1.7882352941176471,4,0,5
BEPC,2026-08-11,,,5.0,0,0,4.0,,3.0,53.74443445028738,4.0,0.2581537913404067,0,,0,0,SELL,4.204545454545455,0,3,3
BESS,2026-08-11,3.0,0.4399193862433923,5.0,0,0,5.0,4.0,4.0,56.29036469417719,5.0,0.13324537218419688,0,,0,0,SELL,4.211764705882353,0,4,5
BETA,2026-08-11,3.0,0.5367720852204594,,0,0,1.0,3.0,5.0,76.01239826005232,3.0,0.4782421723099316,0,,0,0,HOLD,2.6052631578947367,1,0,4
BFAM,2026-08-11,3.0,0.4980512013252434,3.0,0,0,4.0,1.0,2.0,44.42208756587705,4.0,0.2003117407399787,0,,0,0,HOLD,3.058823529411765,1,2,5
BFC,2026-08-11,3.0,0.5047516757408168,1.0,0,0,2.0,1.0,4.0,62.078269072949546,1.0,0.9920672992764888,0,,0,0,BUY,1.7882352941176471,4,0,5
BFH,2026-08-11,3.0,0.5441572059801609,1.0,0,0,1.0,2.0,4.0,57.984027563520925,1.0,0.9313636219289553,0,,0,0,BUY,1.7882352941176471,4,0,5
BFLY,2026-08-11,,,1.0,0,0,1.0,4.0,4.0,64.23759836788392,1.0,0.9718225824394793,0,,0,0,BUY,1.7627118644067798,3,1,4
BFRI,2026-08-11,2.0,0.671252681497975,1.0,0,0,2.0,5.0,4.0,58.660705957333334,1.0,0.9214286450220627,0,,0,0,BUY,2.1882352941176473,4,1,5
BFS,2026-08-11,4.0,0.41800182752595344,3.0,0,0,3.0,3.0,2.0,43.91872672922694,2.0,0.6889976594929852,0,,0,0,HOLD,3.0705882352941174,1,1,5
BFST,2026-08-11,1.0,0.8109156955615611,1.0,0,0,2.0,1.0,4.0,60.614754632884186,1.0,0.9763521006638403,0,,0,0,STRONG BUY,1.1764705882352942,5,0,5
BG,2026-08-11,3.0,0.47902764537654907,4.0,0,0,3.0,3.0,3.0,47.748564366152564,2.0,0.644504110495283,0,,0,0,HOLD,2.8705882352941177,1,1,5
BGB,2026-08-11,,,4.0,0,0,3.0,,4.0,68.71264318587062,2.0,0.6280533374582599,0,,0,0,HOLD,2.7500000000000004,1,1,3
BGDE,2026-08-11,3.0,0.5294902309139068,4.0,1,0,3.0,3.0,3.0,46.82335899955475,5.0,0.1307620031611509,0,,0,0,SELL,3.576470588235294,0,2,5
BGH,2026-08-11,,,3.0,0,0,3.0,,4.0,56.954213785118775,3.0,0.5732269055104448,0,,0,0,HOLD,3.0000000000000004,0,0,3
BGLC,2026-08-11,1.0,0.8954278498345442,5.0,0,0,5.0,3.0,2.0,42.741834859947254,5.0,0.04273502793076233,0,,0,0,HOLD,3.423529411764706,1,3,5
BGR,2026-08-11,,,1.0,0,0,2.0,,4.0,63.176253661884196,1.0,0.9542714491712306,0,,0,0,STRONG BUY,1.340909090909091,3,0,3
BGS,2026-08-11,1.0,0.9115313580573574,5.0,0,0,4.0,3.0,2.0,39.951760112200446,5.0,0.03065035932205829,0,,0,0,HOLD,3.2470588235294118,1,3,5
BGSF,2026-08-11,2.0,0.7294959453493765,1.0,0,0,3.0,3.0,3.0,52.19473091870348,2.0,0.7069486988035709,0,,0,0,BUY,2.2470588235294118,3,0,5
BGSI,2026-08-11,,,,0,0,5.0,,3.0,49.612203487204326,5.0,0.14606464464884247,0,,0,0,,,0,2,2
BGT,2026-08-11,,,3.0,0,0,3.0,,4.0,69.65665046357604,1.0,0.916063059224542,0,,0,0,BUY,2.090909090909091,1,0,3
BGX,2026-08-11,,,4.0,0,0,4.0,,4.0,63.038971468129,3.0,0.47005583448581945,0,,0,0,SELL,3.545454545454546,0,2,3
BGY,2026-08-11,,,2.0,0,0,3.0,,4.0,64.5538866999515,1.0,0.8797783111067126,0,,0,0,BUY,1.8863636363636362,2,0,3
BH,2026-08-11,,,1.0,1,0,3.0,4.0,3.0,53.919363589906155,2.0,0.6248985006503751,0,,0,0,HOLD,2.610169491525424,2,1,4
BHB,2026-08-11,3.0,0.46093307210688156,1.0,0,0,2.0,4.0,4.0,60.659144368530576,1.0,0.9597215399308804,1,1.0,0,0,BUY,2.01764705882353,3,1,5
BHC,2026-08-11,1.0,0.8856357342127131,2.0,0,0,3.0,2.0,4.0,60.78414488309336,3.0,0.4552429826588609,0,,0,0,BUY,2.1058823529411765,3,0,5
BHE,2026-08-11,3.0,0.5001028185044376,3.0,0,0,1.0,2.0,3.0,48.48416485657629,2.0,0.730869344242964,0,,0,0,BUY,2.235294117647059,3,0,5
BHF,2026-08-11,1.0,0.8848904439189761,4.0,0,0,3.0,1.0,1.0,28.667438397686396,2.0,0.6778493901734711,0,,0,0,BUY,1.9058823529411761,3,1,5
BHK,2026-08-11,,,4.0,0,0,3.0,,4.0,62.72531990768306,1.0,0.8104335631528702,0,,0,0,BUY,2.2954545454545454,1,1,3
BHM,2026-08-11,,,5.0,0,0,4.0,3.0,3.0,48.58811968586687,5.0,0.12373377633959126,1,1.0,0,0,SELL,3.9372881355932208,0,3,4
BHR,2026-08-11,1.0,0.8707948832200274,5.0,0,0,4.0,4.0,2.0,39.779762094967374,5.0,0.07377051022449159,0,,0,0,HOLD,3.423529411764706,1,4,5
BHRB,2026-08-11,2.0,0.7409794010937111,1.0,0,0,2.0,3.0,4.0,60.60535328665852,1.0,0.9607529482313425,0,,0,0,BUY,1.835294117647059,4,0,5
BHST,2026-08-11,,,5.0,0,0,5.0,,2.0,40.1776683723533,5.0,0.023317815497810288,0,,0,0,STRONG SELL,5.0,0,3,3
BHV,2026-08-11,,,1.0,0,0,2.0,,4.0,57.3184613916836,1.0,0.9036587747208511,0,,0,0,STRONG BUY,1.340909090909091,3,0,3
BHVN,2026-08-11,5.0,0.004136175628380528,1.0,0,0,3.0,5.0,3.0,49.1179994636372,2.0,0.6119185255382784,1,1.0,0,0,HOLD,3.21764705882353,2,2,5
BIIB,2026-08-11,3.0,0.48619778997367435,1.0,0,0,2.0,3.0,3.0,51.54651902149083,1.0,0.8757755933762776,1,1.0,0,0,BUY,1.8411764705882352,3,0,5
BIII,2026-08-11,,,,0,0,3.0,,4.0,65.1790118615782,1.0,0.9285762942779292,0,,0,0,,,1,0,2
BILL,2026-08-11,3.0,0.5537998015336869,2.0,0,0,3.0,2.0,4.0,66.54157586369152,2.0,0.7121149290630869,0,,0,0,BUY,2.482352941176471,3,0,5
BIO,2026-08-11,1.0,0.7945662535748331,1.0,1,0,2.0,3.0,5.0,75.68053056261033,1.0,1.0,0,,0,0,STRONG BUY,1.5294117647058825,4,0,5
BIOA,2026-08-11,4.0,0.39260359697019664,4.0,0,0,3.0,4.0,2.0,32.00265887238882,4.0,0.32369943125914685,0,,0,0,SELL,3.823529411764706,0,4,5
BIPC,2026-08-11,,,3.0,0,0,4.0,,3.0,49.33517338690011,4.0,0.34761889505863536,0,,0,0,SELL,3.795454545454546,0,2,3
BIRK,2026-08-11,,,4.0,0,0,4.0,,2.0,37.281328284417704,4.0,0.28275553382271723,0,,0,0,SELL,4.0,0,3,3
BIT,2026-08-11,,,5.0,0,0,4.0,,3.0,52.82859393544344,4.0,0.3576177608670816,0,,0,0,SELL,4.204545454545455,0,3,3
BIVI,2026-08-11,1.0,0.8930957683741648,4.0,0,0,4.0,3.0,2.0,43.4287409802539,5.0,0.18961447892994512,0,,0,0,HOLD,3.141176470588235,1,3,5
BIYA,2026-08-11,2.0,0.7276487432389437,5.0,0,0,5.0,,2.0,42.38271250158836,5.0,0.004442577466008346,0,,0,0,SELL,3.8857142857142857,1,3,4
BJ,2026-08-11,3.0,0.5106293693904058,2.0,0,0,4.0,1.0,3.0,50.17545363739516,3.0,0.4268800023328768,0,,0,0,HOLD,2.7176470588235295,2,1,5
BJDX,2026-08-11,2.0,0.6819755492021425,5.0,0,0,5.0,4.0,2.0,40.15822280333854,5.0,0.012937591877452777,0,,0,0,SELL,3.905882352941177,1,4,5
BJRI,2026-08-11,3.0,0.48849256177262534,1.0,0,0,1.0,2.0,4.0,57.68318311377711,1.0,0.8709676393223534,1,1.0,0,0,STRONG BUY,1.488235294117647,4,0,5
BKD,2026-08-11,2.0,0.7498988263860785,3.0,0,0,3.0,3.0,2.0,30.19942391163434,3.0,0.5808976852344294,0,,0,0,HOLD,2.6941176470588237,1,0,5
BKE,2026-08-11,3.0,0.4659869345328793,3.0,0,0,4.0,3.0,4.0,57.88066501686805,4.0,0.3092268658206655,0,,0,0,HOLD,3.411764705882353,0,2,5
BKH,2026-08-11,2.0,0.5883666156134277,1.0,0,0,3.0,3.0,3.0,51.020705011432746,1.0,0.8779680502997371,0,,0,0,BUY,2.011764705882353,3,0,5
BKKT,2026-08-11,1.0,0.876558422842022,5.0,0,0,5.0,4.0,2.0,44.93184264120459,5.0,0.012568735437753793,0,,0,0,SELL,3.5999999999999996,1,4,5
BKNG,2026-08-11,1.0,0.9895138226882746,2.0,0,0,3.0,,5.0,71.44324215892249,1.0,0.8152870704890599,0,,0,0,STRONG BUY,1.557142857142857,3,0,4
BKR,2026-08-11,3.0,0.5090562440419447,2.0,0,0,2.0,2.0,4.0,68.70043548756658,1.0,0.8359255759156091,0,,0,0,BUY,2.070588235294118,4,0,5
BKSY,2026-08-11,5.0,0.20563715881847588,2.0,0,0,1.0,4.0,4.0,62.41407462011201,3.0,0.4298518786974856,0,,0,0,HOLD,3.329411764705883,2,2,5
BKT,2026-08-11,,,4.0,0,0,4.0,,4.0,64.3564435113037,2.0,0.6584044058687942,0,,0,0,HOLD,3.090909090909091,1,2,3
BKTI,2026-08-11,4.0,0.3214872364575481,4.0,0,0,2.0,2.0,2.0,40.84463587046971,2.0,0.6386251529936455,0,,0,0,HOLD,2.823529411764706,3,2,5
BKU,2026-08-11,2.0,0.7464627390020768,3.0,0,0,3.0,1.0,3.0,48.86205446001238,2.0,0.7924644992091907,0,,0,0,BUY,2.1058823529411765,3,0,5
BKV,2026-08-11,2.0,0.6051244164005761,4.0,0,0,3.0,2.0,4.0,58.04170629856781,3.0,0.5165289093355254,0,,0,0,HOLD,2.623529411764706,2,1,5
BKYI,2026-08-11,1.0,0.8224626153356666,5.0,0,0,5.0,3.0,2.0,41.866602274018874,5.0,0.06432749231065243,0,,0,0,HOLD,3.423529411764706,1,3,5
BL,2026-08-11,4.0,0.33266901412050154,4.0,0,0,5.0,2.0,2.0,43.733820695533495,5.0,0.09821431308376359,0,,0,0,SELL,4.0588235294117645,1,4,5
BLBD,2026-08-11,3.0,0.5216695569995998,2.0,0,0,2.0,1.0,2.0,36.49003630438349,3.0,0.5663133928437765,0,,0,0,BUY,2.3647058823529417,3,0,5
BLCO,2026-08-11,2.0,0.7575976645326572,2.0,0,0,3.0,4.0,4.0,57.09996715519106,2.0,0.6529174469238056,1,9.0,0,0,BUY,2.229411764705883,3,1,5
BLDP,2026-08-11,,,4.0,0,0,2.0,,2.0,37.87083856279668,5.0,0.18808600337354592,0,,0,0,SELL,3.7727272727272734,1,2,3
BLDR,2026-08-11,2.0,0.6629771877460202,5.0,0,0,5.0,3.0,3.0,50.54295780290195,5.0,0.09951921062180387,1,1.0,0,0,HOLD,3.4294117647058826,1,3,5
BLFS,2026-08-11,4.0,0.2936684696150175,1.0,0,0,1.0,2.0,5.0,75.84453610386757,1.0,1.0,0,,0,0,BUY,2.0941176470588236,4,1,5
BLIN,2026-08-11,2.0,0.6822855585832622,2.0,0,0,3.0,3.0,2.0,44.1550670918348,3.0,0.47701148362184376,1,2.0,0,0,BUY,2.2882352941176474,2,0,5
BLIV,2026-08-11,,,4.0,0,0,5.0,,2.0,41.82292728496254,5.0,0.015519901721720018,0,,0,0,STRONG SELL,4.795454545454546,0,3,3
BLK,2026-08-11,4.0,0.3185872357886651,2.0,0,0,3.0,4.0,4.0,66.40675994751021,1.0,0.8529584091176875,0,,0,1,HOLD,2.905882352941177,2,2,5
BLKB,2026-08-11,4.0,0.3333003664745117,2.0,0,0,4.0,1.0,5.0,74.69554459736156,3.0,0.4361677739460794,0,,0,0,HOLD,3.0235294117647062,2,2,5
BLMN,2026-08-11,2.0,0.6110464481396922,1.0,0,0,1.0,2.0,4.0,69.07259285532999,1.0,0.888467284774959,1,2.0,0,0,STRONG BUY,1.1823529411764706,5,0,5
BLND,2026-08-11,3.0,0.4965600971266694,4.0,0,0,5.0,3.0,2.0,33.52896475258004,5.0,0.010033435615439111,0,,0,0,SELL,3.9294117647058826,0,3,5
BLNE,2026-08-11,2.0,0.6407761251186791,4.0,0,0,5.0,3.0,4.0,55.73330563013245,5.0,0.06591826061769526,0,,0,0,SELL,3.6235294117647054,1,3,5
BLSH,2026-08-11,,,5.0,0,0,5.0,,3.0,51.760106290288014,5.0,0.051192280680881636,0,,0,0,STRONG SELL,5.0,0,3,3
BLSM,2026-08-11,,,,0,0,,,,,,,0,,0,0,,,0,0,0
BLW,2026-08-11,,,3.0,0,0,4.0,,4.0,58.74778668494751,2.0,0.6085260489486802,0,,0,0,HOLD,2.8863636363636367,1,1,3
BLX,2026-08-11,,,3.0,0,0,2.0,,2.0,44.232449314429005,2.0,0.7478807235308856,0,,0,0,BUY,2.2045454545454546,2,0,3
BLZE,2026-08-11,4.0,0.4023671118427819,1.0,0,0,1.0,2.0,4.0,65.00664763053994,1.0,0.9368931520545937,0,,0,0,BUY,2.0941176470588236,4,1,5
BMA,2026-08-11,,,4.0,0,0,3.0,,2.0,35.75826986845203,2.0,0.6727287795732485,0,,0,0,HOLD,2.7500000000000004,1,1,3
BMBL,2026-08-11,,,5.0,0,0,4.0,4.0,2.0,40.70158316678096,5.0,0.00671140295251806,0,,0,0,STRONG SELL,4.491525423728814,0,4,4
BME,2026-08-11,,,1.0,0,0,2.0,,5.0,71.20152899206315,1.0,1.0,0,,0,0,STRONG BUY,1.340909090909091,3,0,3
BMEA,2026-08-11,5.0,0.15431116767419661,4.0,0,0,4.0,4.0,3.0,54.98219481128337,4.0,0.2031523166198621,0,,0,0,STRONG SELL,4.305882352941177,0,5,5
BMEZ,2026-08-11,,,1.0,1,0,2.0,,5.0,74.2260298985294,1.0,0.9960874292589693,0,,0,0,STRONG BUY,1.340909090909091,3,0,3
BMGL,2026-08-11,,,5.0,0,0,5.0,,2.0,37.68081722788099,5.0,0.0,0,,0,0,STRONG SELL,5.0,0,3,3
BMI,2026-08-11,4.0,0.25360414662129993,4.0,0,0,4.0,2.0,3.0,48.795811819100244,4.0,0.29439976163957254,0,,0,0,SELL,3.6470588235294112,1,4,5
BMM,2026-08-11,,,,0,0,1.0,,2.0,42.020916349166384,4.0,0.353783276151068,0,,0,0,,,1,1,2
BMN,2026-08-11,,,5.0,0,0,3.0,,3.0,46.22433540382382,3.0,0.48277511728679345,0,,0,0,HOLD,3.4090909090909096,0,1,3
BMNR,2026-08-11,3.0,0.518660627234465,3.0,0,0,5.0,3.0,3.0,53.8445314774397,5.0,0.08979497549123851,0,,0,0,SELL,3.8235294117647065,0,2,5
BMO,2026-08-11,,,1.0,0,0,1.0,,4.0,60.080777373713104,1.0,0.9839353145392828,0,,0,0,STRONG BUY,1.0,3,0,3
BMR,2026-08-11,2.0,0.6942411708558702,5.0,0,0,5.0,,3.0,45.408199564124594,5.0,0.0424528458378161,0,,0,0,SELL,3.8857142857142857,1,3,4
BMRA,2026-08-11,2.0,0.6958535097513339,5.0,0,0,5.0,4.0,2.0,41.51596012481648,5.0,0.03960398201521299,0,,0,0,SELL,3.905882352941177,1,4,5
BMRC,2026-08-11,2.0,0.7273305758829144,1.0,0,0,2.0,4.0,3.0,52.33294861461763,1.0,0.8220802255055664,0,,0,0,BUY,2.0117647058823533,4,1,5
BMRN,2026-08-11,4.0,0.41454769062621755,1.0,0,0,2.0,3.0,5.0,78.47311937769277,1.0,1.0,0,,0,0,BUY,2.447058823529412,3,1,5
BMY,2026-08-11,2.0,0.5948522402287894,1.0,0,0,2.0,1.0,4.0,58.40655932561992,1.0,0.9163372148374183,0,,0,0,STRONG BUY,1.4823529411764707,5,0,5
BN,2026-08-11,,,3.0,0,0,3.0,,4.0,61.58146169187974,2.0,0.6273991666860839,0,,0,0,HOLD,2.545454545454546,1,0,3
BNAI,2026-08-11,5.0,0.060426478310363484,5.0,0,0,2.0,2.0,4.0,57.47539259701282,4.0,0.22524271599701903,0,,0,0,SELL,3.7058823529411757,2,3,5
BNC,2026-08-11,2.0,0.7297769589943668,4.0,0,0,5.0,4.0,2.0,40.38740107092771,5.0,0.015140257135785151,0,,0,0,SELL,3.8000000000000003,1,4,5
BNED,2026-08-11,2.0,0.720676627485126,1.0,0,0,1.0,1.0,3.0,51.80312466884103,1.0,0.8476609843225136,0,,0,0,STRONG BUY,1.3058823529411767,5,0,5
BNGO,2026-08-11,1.0,0.8996527411708509,4.0,0,0,4.0,3.0,4.0,56.43511196969737,5.0,0.02720207653927909,0,,0,0,HOLD,3.141176470588235,1,3,5
BNKK,2026-08-11,2.0,0.6897080650228428,5.0,0,0,5.0,3.0,2.0,39.44799729421638,5.0,0.007049713554278478,0,,0,0,SELL,3.7294117647058824,1,3,5
BNL,2026-08-11,4.0,0.424058721388968,2.0,0,0,2.0,4.0,2.0,36.05750879372677,2.0,0.7048964564197441,1,1.0,0,0,HOLD,2.6647058823529415,3,2,5
BNS,2026-08-11,,,1.0,0,0,2.0,,4.0,57.54904611720857,1.0,0.9576940262540498,0,,0,0,STRONG BUY,1.340909090909091,3,0,3
BNT,2026-08-11,,,3.0,0,0,3.0,,4.0,63.07724981751852,3.0,0.581353181850462,0,,0,0,HOLD,3.0000000000000004,0,0,3
BNTC,2026-08-11,5.0,0.23823828760725815,2.0,0,0,2.0,4.0,4.0,62.55694620816075,3.0,0.5278637503522764,0,,0,0,SELL,3.505882352941177,2,2,5
BNY,2026-08-11,4.0,0.40515638734914516,1.0,0,0,1.0,1.0,4.0,62.784659541498534,1.0,0.9765939624481357,0,,0,0,BUY,1.9176470588235293,4,1,5
BOBS,2026-08-11,4.0,0.2666242443525294,,0,0,4.0,,4.0,64.06649062608517,2.0,0.674290144422991,0,,0,0,HOLD,3.3442622950819674,1,2,3
BOC,2026-08-11,,,1.0,0,0,3.0,4.0,3.0,50.84152046386879,2.0,0.7791562277185103,0,,0,0,HOLD,2.610169491525424,2,1,4
BOE,2026-08-11,,,1.0,0,0,3.0,,4.0,67.37181141660943,1.0,1.0,0,,0,0,STRONG BUY,1.6818181818181817,2,0,3
BOF,2026-08-11,5.0,0.229420602351438,2.0,0,0,1.0,4.0,3.0,54.014801840072444,2.0,0.7086970899111359,0,,0,0,HOLD,3.094117647058824,3,2,5
BOH,2026-08-11,4.0,0.4030277630673534,2.0,0,0,3.0,1.0,2.0,41.91503779415222,2.0,0.7600876273081439,0,,0,0,HOLD,2.6117647058823534,3,1,5
BOKF,2026-08-11,2.0,0.6475314171324748,1.0,0,0,2.0,1.0,4.0,60.682148900797216,1.0,0.9856611837230865,0,,0,0,STRONG BUY,1.4823529411764707,5,0,5
BOLD,2026-08-11,1.0,0.7986000636334712,1.0,0,0,1.0,5.0,4.0,68.54548535730721,1.0,0.9402173236998413,0,,0,0,STRONG BUY,1.7058823529411764,4,1,5
BOLT,2026-08-11,1.0,0.8206777645605241,5.0,0,0,5.0,3.0,3.0,48.90536516704063,5.0,0.07099694327229986,0,,0,0,HOLD,3.423529411764706,1,3,5
BOOM,2026-08-11,1.0,0.9163627486045718,2.0,0,0,3.0,3.0,4.0,65.45183157919091,2.0,0.6698113175718419,0,,0,0,BUY,2.0470588235294116,3,0,5
BOOT,2026-08-11,3.0,0.42616943970766324,4.0,0,0,4.0,1.0,4.0,59.18190382800301,3.0,0.44774786157959284,0,,0,0,HOLD,2.929411764705882,1,2,5
BORR,2026-08-11,2.0,0.6878778237352847,5.0,0,1,3.0,,3.0,53.35710725654403,3.0,0.4647727345385826,1,2.0,0,0,HOLD,2.5857142857142863,1,1,4
BOSC,2026-08-11,2.0,0.7451479478205536,3.0,0,0,4.0,,4.0,55.49518331500226,5.0,0.15662646680102368,0,,0,0,HOLD,3.4142857142857146,1,2,4
BOT,2026-08-11,,,,0,0,,,3.0,47.46902388044666,3.0,0.411239701997269,0,,0,0,,,0,0,1
BOTJ,2026-08-11,2.0,0.6499484417763546,1.0,0,0,1.0,1.0,4.0,62.852823752990275,1.0,0.9620179216713209,1,2.0,0,0,STRONG BUY,1.0058823529411767,5,0,5
BOW,2026-08-11,3.0,0.5165933420108474,1.0,0,0,2.0,4.0,4.0,62.772366188211926,1.0,0.9646018758308208,0,,0,0,BUY,2.3176470588235296,3,1,5
BOX,2026-08-11,4.0,0.3319835527831957,1.0,1,0,2.0,2.0,4.0,64.84562915902417,1.0,0.948487540862574,0,,0,0,BUY,2.270588235294118,4,1,5
BP,2026-08-11,,,1.0,0,0,2.0,,3.0,54.70022056574244,2.0,0.7482123525191595,0,,0,0,BUY,1.7954545454545454,3,0,3
BPOP,2026-08-11,2.0,0.6086655930184921,1.0,0,0,2.0,1.0,4.0,59.3385575820687,1.0,0.9686340567804087,0,,0,0,STRONG BUY,1.4823529411764707,5,0,5
BPRE,2026-08-11,,,,0,0,4.0,,3.0,50.81102924483387,5.0,0.17622705007875367,0,,0,0,,,0,2,2
BPRN,2026-08-11,2.0,0.7489105216936038,1.0,0,0,2.0,1.0,4.0,69.93530313095428,1.0,1.0,0,,0,0,STRONG BUY,1.4823529411764707,5,0,5
BR,2026-08-11,4.0,0.36911491967072113,3.0,0,0,4.0,1.0,4.0,66.3428641346182,4.0,0.2869555789257465,1,1.0,0,0,HOLD,3.0647058823529414,1,3,5
BRAG,2026-08-11,,,5.0,0,0,5.0,,3.0,49.18599353746471,5.0,0.06538460127700664,0,,0,0,STRONG SELL,5.0,0,3,3
BRAI,2026-08-11,,,,0,0,,,3.0,45.48659589446993,5.0,0.10152944626171694,0,,0,0,,,0,1,1
BRBR,2026-08-11,1.0,0.8460915569462861,3.0,0,0,5.0,3.0,2.0,41.40802666918815,5.0,0.10307646750096351,1,1.0,0,0,HOLD,2.9117647058823533,1,2,5
BRBS,2026-08-11,4.0,0.3690111172649427,3.0,0,0,3.0,1.0,4.0,68.14729434936459,2.0,0.7982310264093497,0,,0,0,HOLD,2.7176470588235295,2,1,5
BRC,2026-08-11,,,1.0,0,0,3.0,4.0,4.0,57.095955513721854,1.0,0.9185301503617045,0,,0,0,BUY,2.2711864406779663,2,1,4
BRFH,2026-08-11,4.0,0.3088642958184542,5.0,0,0,5.0,4.0,2.0,39.8504259890316,5.0,0.020833363342616592,0,,0,0,STRONG SELL,4.517647058823529,0,5,5
BRIA,2026-08-11,,,5.0,0,0,5.0,,3.0,50.00249988707514,5.0,0.09180326715524234,0,,0,0,STRONG SELL,5.0,0,3,3
BRID,2026-08-11,1.0,0.9218330182098305,5.0,0,0,4.0,3.0,3.0,45.45312722788823,5.0,0.06739138998020089,0,,0,0,HOLD,3.2470588235294118,1,3,5
BRKR,2026-08-11,4.0,0.41328809435249525,2.0,0,0,1.0,3.0,3.0,49.13084900708966,2.0,0.7970668001686364,0,,0,0,HOLD,2.6117647058823534,3,1,5
BRO,2026-08-11,4.0,0.35082423209766284,2.0,0,0,4.0,4.0,4.0,59.5368081296521,3.0,0.415875338188874,0,,0,0,SELL,3.552941176470589,1,3,5
BROS,2026-08-11,5.0,0.2114764897352407,4.0,0,0,4.0,1.0,1.0,24.84113195237424,5.0,0.11687845044915811,0,,0,0,SELL,4.011764705882353,1,4,5
BRR,2026-08-11,3.0,0.49732074601629994,3.0,0,0,5.0,,3.0,49.83642751180609,5.0,0.037725228528430764,0,,0,0,SELL,4.000000000000001,0,2,4
BRSL,2026-08-11,3.0,0.4600699968183265,4.0,0,0,4.0,,4.0,59.35900164304489,5.0,0.17026112152395342,0,,0,0,SELL,3.914285714285714,0,3,4
BRSP,2026-08-11,2.0,0.7285327848480063,5.0,0,0,4.0,3.0,2.0,39.17990097600932,4.0,0.2463035742686383,0,,0,0,HOLD,3.3176470588235296,1,3,5
BRT,2026-08-11,3.0,0.5530885437783084,4.0,0,0,4.0,3.0,2.0,36.371578343891265,3.0,0.439579149126399,0,,0,0,HOLD,3.28235294117647,0,2,5
BRVE,2026-08-11,,,,0,0,,,,,,,0,,0,0,,,0,0,0
BRW,2026-08-11,,,4.0,0,0,3.0,,3.0,46.03494640646462,3.0,0.44236474908719337,0,,0,0,HOLD,3.2045454545454555,0,1,3
BRX,2026-08-11,4.0,0.399868764672395,2.0,0,0,3.0,2.0,2.0,31.484541790695232,2.0,0.6600727332239816,0,,0,0,HOLD,2.7882352941176474,3,1,5
BSAC,2026-08-11,,,1.0,0,0,3.0,,4.0,56.65138159819161,1.0,0.9421193531163635,0,,0,0,STRONG BUY,1.6818181818181817,2,0,3
BSBK,2026-08-11,2.0,0.6795928024300601,3.0,0,0,3.0,1.0,3.0,48.40632432369407,2.0,0.6035825412143832,0,,0,0,BUY,2.1058823529411765,3,0,5
BSEM,2026-08-11,,,5.0,0,0,5.0,,3.0,49.408603782269196,5.0,0.06617258022173307,0,,0,0,STRONG SELL,5.0,0,3,3
BSET,2026-08-11,2.0,0.7489836899670055,1.0,0,0,2.0,1.0,3.0,52.39561459884827,2.0,0.7491638098910359,0,,0,0,STRONG BUY,1.7176470588235293,5,0,5
BSIN,2026-08-11,4.0,0.3647364777012394,1.0,0,0,2.0,4.0,5.0,74.05146021130712,1.0,1.0,0,,0,0,HOLD,2.623529411764706,3,2,5
BSL,2026-08-11,,,3.0,0,0,3.0,,4.0,67.23546326957549,1.0,0.8145306949859834,0,,0,0,BUY,2.090909090909091,1,0,3
BSP,2026-08-11,,,,0,0,,,4.0,63.11476958976191,,,0,,0,0,,,0,0,0
BSRR,2026-08-11,2.0,0.6720059488070784,1.0,0,0,2.0,2.0,3.0,50.653839034192515,1.0,0.8855781831617413,0,,0,0,STRONG BUY,1.6588235294117648,5,0,5
BST,2026-08-11,,,2.0,0,0,2.0,,4.0,62.04108427024744,1.0,0.9210964798105596,0,,0,0,STRONG BUY,1.5454545454545454,3,0,3
BSTZ,2026-08-11,,,2.0,0,0,1.0,,4.0,56.983193767618886,1.0,0.8808631557419446,0,,0,0,STRONG BUY,1.2045454545454548,3,0,3
BSVN,2026-08-11,2.0,0.6183698648432985,1.0,0,0,2.0,3.0,4.0,57.99747243218535,1.0,0.9417602961931121,0,,0,0,BUY,1.835294117647059,4,0,5
BSX,2026-08-11,4.0,0.40570330764595514,3.0,0,0,5.0,,5.0,70.880500592851,5.0,0.13295678991964913,0,,0,0,STRONG SELL,4.371428571428572,0,3,4
BTBD,2026-08-11,2.0,0.7507962513474955,3.0,0,0,4.0,4.0,4.0,60.648281266840414,5.0,0.10804021726042677,0,,0,0,SELL,3.51764705882353,1,3,5
BTBT,2026-08-11,2.0,0.6136464733650501,5.0,0,0,5.0,5.0,2.0,39.798032449533515,5.0,0.03322256241537526,0,,0,0,SELL,4.08235294117647,1,4,5
BTCS,2026-08-11,2.0,0.6571927820403377,5.0,0,0,5.0,5.0,3.0,51.70440197755303,5.0,0.02426189153058466,0,,0,0,SELL,4.08235294117647,1,4,5
BTDR,2026-08-11,,,4.0,0,0,5.0,,2.0,34.11006906066089,5.0,0.06497848893270396,0,,0,0,STRONG SELL,4.795454545454546,0,3,3
BTE,2026-08-11,,,2.0,0,0,1.0,,4.0,56.05785776730658,2.0,0.736525355586176,0,,0,0,STRONG BUY,1.6590909090909092,3,0,3
BTG,2026-08-11,,,3.0,0,0,3.0,,5.0,77.09187739426018,3.0,0.5765887963124753,0,,0,0,HOLD,3.0000000000000004,0,0,3
BTGO,2026-08-11,,,,0,0,5.0,,3.0,46.1829527496915,5.0,0.02101449042502328,0,,0,0,,,0,2,2
BTI,2026-08-11,,,4.0,0,0,4.0,,2.0,36.14713564946764,3.0,0.47712410581577336,0,,0,0,SELL,3.545454545454546,0,2,3
BTO,2026-08-11,,,1.0,0,0,2.0,,4.0,56.29605543332341,1.0,0.9194129957891021,0,,0,0,STRONG BUY,1.340909090909091,3,0,3
BTQ,2026-08-11,,,3.0,0,0,1.0,,4.0,60.40604541091509,5.0,0.1901501273441527,0,,0,0,HOLD,3.2272727272727275,1,1,3
BTSG,2026-08-11,3.0,0.42709773872018075,2.0,0,0,1.0,2.0,2.0,35.31195233562538,2.0,0.7048803663569279,0,,0,0,BUY,2.1294117647058823,4,0,5
BTT,2026-08-11,,,5.0,0,1,3.0,,3.0,50.21211591349679,2.0,0.7137201387931779,0,,0,0,HOLD,2.9545454545454546,1,1,3
BTU,2026-08-11,1.0,0.7865260497883104,4.0,0,0,3.0,3.0,4.0,58.435265337758416,4.0,0.3670202828117556,0,,0,0,HOLD,2.7294117647058824,1,2,5
BTX,2026-08-11,,,3.0,0,0,2.0,,3.0,54.67752642034786,2.0,0.7727301970508346,0,,0,0,BUY,2.2045454545454546,2,0,3
BTZ,2026-08-11,,,4.0,0,0,3.0,,4.0,64.45436361856397,1.0,0.8651172860926485,0,,0,0,BUY,2.2954545454545454,1,1,3
BUD,2026-08-11,,,2.0,0,0,2.0,,2.0,42.90881699762423,2.0,0.7970913164986952,0,,0,0,BUY,2.0,3,0,3
BUDA,2026-08-11,5.0,0.24326537952302763,,0,0,4.0,4.0,2.0,44.92895179562054,4.0,0.26891890185170053,0,,0,0,STRONG SELL,4.342105263157895,0,4,4
BUI,2026-08-11,,,4.0,0,0,3.0,,2.0,33.522400274350716,3.0,0.5307580120079336,0,,0,0,HOLD,3.2045454545454555,0,1,3
BUR,2026-08-11,2.0,0.6442807904486597,4.0,0,0,5.0,4.0,3.0,53.58764608473113,5.0,0.04190984758479454,0,,0,0,SELL,3.8000000000000003,1,4,5
BURL,2026-08-11,4.0,0.30690539990127674,1.0,0,0,2.0,2.0,4.0,56.49849808611565,1.0,0.9257860345401762,0,,0,0,BUY,2.270588235294118,4,1,5
BUSE,2026-08-11,3.0,0.5818838863203547,1.0,0,0,2.0,2.0,4.0,62.297161841401994,1.0,0.9566005379265367,1,1.0,0,0,STRONG BUY,1.6647058823529413,4,0,5
BV,2026-08-11,2.0,0.6572802676711132,4.0,0,0,4.0,2.0,2.0,31.82435758814725,5.0,0.14537441695103598,0,,0,0,HOLD,3.2705882352941176,2,3,5
BVC,2026-08-11,5.0,0.011135857461024499,1.0,0,0,1.0,,4.0,66.0022364894406,1.0,0.926812106726005,0,,0,0,BUY,2.4857142857142858,3,1,4
BVN,2026-08-11,,,2.0,0,1,3.0,,4.0,63.01859940581349,2.0,0.6830353446989107,0,,0,0,BUY,2.3409090909090913,2,0,3
BW,2026-08-11,4.0,0.27316151209085165,4.0,0,0,2.0,5.0,2.0,38.16380438572794,4.0,0.3757823123955717,1,2.0,0,0,SELL,3.5235294117647062,1,4,5
BWA,2026-08-11,3.0,0.5220623059111574,2.0,0,0,2.0,2.0,4.0,62.498574871421006,1.0,0.8003701054376504,0,,0,0,BUY,2.070588235294118,4,0,5
BWB,2026-08-11,2.0,0.7396941684572069,1.0,0,0,2.0,3.0,4.0,60.53293008209982,1.0,0.8932749231065243,0,,0,0,BUY,1.835294117647059,4,0,5
BWEN,2026-08-11,3.0,0.5584844076635289,1.0,0,0,1.0,2.0,4.0,57.285624745873875,1.0,0.9719937624942299,0,,0,0,BUY,1.7882352941176471,4,0,5
BWFG,2026-08-11,4.0,0.38198630209884615,1.0,0,0,1.0,2.0,5.0,73.02070965196687,1.0,0.9924845102059375,1,5.0,0,0,BUY,1.7941176470588236,4,1,5
BWG,2026-08-11,,,5.0,0,0,4.0,,3.0,51.54612874058831,2.0,0.6174796013880256,0,,0,0,HOLD,3.295454545454546,1,2,3
BWLP,2026-08-11,,,1.0,0,0,1.0,,3.0,52.38446005361907,1.0,0.886806432474002,0,,0,0,STRONG BUY,1.0,3,0,3
BWMN,2026-08-11,3.0,0.46862727084945566,3.0,0,0,2.0,2.0,5.0,85.79183436747398,1.0,0.8933053961304567,0,,0,0,BUY,2.1764705882352944,3,0,5
BWMX,2026-08-11,,,4.0,0,0,3.0,,2.0,41.01366380289593,2.0,0.6851445050988382,0,,0,0,HOLD,2.7500000000000004,1,1,3
BWXT,2026-08-11,5.0,0.19208770257387986,5.0,0,0,4.0,1.0,2.0,43.22231635031779,5.0,0.14455527993291228,0,,0,0,SELL,4.11764705882353,1,4,5
BX,2026-08-11,5.0,0.17780368546281958,2.0,0,0,3.0,3.0,5.0,72.79833551204442,3.0,0.5801756012823471,1,1.0,0,0,HOLD,3.2058823529411766,1,1,5
BXBL,2026-08-11,,,5.0,0,1,5.0,1.0,2.0,35.56299793496416,5.0,0.07214611335268116,0,,0,0,SELL,3.9830508474576267,1,3,4
BXC,2026-08-11,2.0,0.7137382570330247,2.0,0,0,2.0,3.0,5.0,79.66989385357208,1.0,0.9945734755598981,0,,0,0,BUY,1.9411764705882353,4,0,5
BXDC,2026-08-11,2.0,0.7613744829780464,,0,0,,,3.0,46.30125165236512,,,0,,0,0,,,1,0,1
BXMT,2026-08-11,1.0,0.7637961446773338,5.0,0,0,4.0,1.0,2.0,34.430450853960096,5.0,0.13625955970282458,0,,0,0,HOLD,2.8941176470588235,2,3,5
BXP,2026-08-11,3.0,0.4473914106341816,1.0,0,0,3.0,3.0,3.0,47.62033856176861,2.0,0.7001335079341321,0,,0,0,HOLD,2.552941176470588,2,0,5
BXSL,2026-08-11,1.0,0.8134173252917262,4.0,0,0,3.0,5.0,4.0,62.78280642236087,3.0,0.5167673793383577,1,3.0,0,0,HOLD,2.547058823529412,1,2,5
BY,2026-08-11,2.0,0.6904659470031362,1.0,0,0,2.0,2.0,4.0,57.39882466784114,1.0,0.9340488455959317,1,2.0,0,0,STRONG BUY,1.3588235294117648,5,0,5
BYD,2026-08-11,2.0,0.610004585455049,4.0,0,0,3.0,2.0,2.0,40.150858780202576,3.0,0.43539530490408157,0,,0,0,HOLD,2.623529411764706,2,1,5
BYRN,2026-08-11,2.0,0.672433493269395,5.0,0,0,5.0,4.0,3.0,51.178767951590665,5.0,0.059918199118799045,0,,0,0,SELL,3.905882352941177,1,4,5
BZ,2026-08-11,1.0,0.9732739420935411,3.0,0,0,4.0,,4.0,61.65281167011987,4.0,0.33220285326016197,0,,0,0,HOLD,2.7571428571428576,1,2,4
BZAI,2026-08-11,4.0,0.32916849800078224,5.0,0,0,5.0,4.0,3.0,50.17312872011067,5.0,0.053907366466752094,0,,0,0,STRONG SELL,4.517647058823529,0,5,5
BZH,2026-08-11,1.0,0.8161645040138242,1.0,0,0,2.0,3.0,4.0,60.50264630717809,1.0,0.95074806955259,0,,0,0,STRONG BUY,1.5294117647058825,4,0,5
C,2026-08-11,3.0,0.5667302192564347,3.0,0,0,2.0,4.0,3.0,52.48104009005685,1.0,0.825102513642488,0,,0,0,HOLD,2.5294117647058822,2,1,5
CAAP,2026-08-11,,,4.0,0,0,4.0,,2.0,41.82173449712369,3.0,0.5524882741076397,0,,0,0,SELL,3.545454545454546,0,2,3
CAAS,2026-08-11,,,2.0,0,0,3.0,,4.0,58.55017680813553,3.0,0.5901963213415019,0,,0,0,HOLD,2.795454545454546,1,0,3
CABA,2026-08-11,4.0,0.4209354120267261,4.0,0,0,2.0,5.0,3.0,48.00680689583312,3.0,0.5159574524298932,0,,0,0,SELL,3.5882352941176476,1,3,5
CABO,2026-08-11,1.0,0.8940502704422526,5.0,0,0,5.0,4.0,2.0,38.313460362544845,5.0,0.0,1,1.0,0,0,HOLD,3.3,1,4,5
CABR,2026-08-11,5.0,0.0113314447592068,,0,0,1.0,4.0,3.0,49.65042894129781,2.0,0.7803467570801359,0,,0,0,HOLD,3.223684210526316,2,2,4
CAC,2026-08-11,3.0,0.4522406127706997,1.0,0,0,2.0,3.0,4.0,60.8644879821034,1.0,0.933562412289163,0,,0,0,BUY,2.1411764705882352,3,0,5
CACC,2026-08-11,3.0,0.4400218432537525,3.0,0,0,2.0,1.0,2.0,44.092769195816885,2.0,0.6678359533910203,0,,0,0,BUY,2.235294117647059,3,0,5
CACI,2026-08-11,3.0,0.450026287374461,2.0,0,0,2.0,3.0,5.0,80.23618329466774,1.0,1.0,0,,0,0,BUY,2.2470588235294118,3,0,5
CADL,2026-08-11,5.0,0.11895611763337698,1.0,0,0,1.0,4.0,4.0,60.189192523553835,1.0,0.9927066327816036,1,1.0,0,0,BUY,2.4529411764705884,3,2,5
CAE,2026-08-11,,,3.0,0,0,4.0,,4.0,63.74345818792046,4.0,0.35720841209101467,0,,0,0,SELL,3.795454545454546,0,2,3
CAF,2026-08-11,,,3.0,0,0,2.0,,2.0,44.800237639800244,2.0,0.7377365131580652,0,,0,0,BUY,2.2045454545454546,2,0,3
CAG,2026-08-11,,,3.0,0,0,4.0,3.0,4.0,55.759247957235786,4.0,0.36351403789485376,0,,0,0,SELL,3.593220338983051,0,2,4
CAH,2026-08-11,4.0,0.3031458531935176,1.0,0,0,2.0,1.0,4.0,62.10261302964346,1.0,1.0,0,,0,0,BUY,2.0941176470588236,4,1,5
CAI,2026-08-11,5.0,0.16810157133986026,3.0,0,0,3.0,3.0,5.0,79.98787468547059,4.0,0.35797979790195494,0,,0,0,SELL,3.847058823529412,0,2,5
CAKE,2026-08-11,4.0,0.34689903829713037,1.0,0,0,1.0,3.0,5.0,88.06009152655938,1.0,1.0,0,,0,0,BUY,2.2705882352941176,3,1,5
CAL,2026-08-11,1.0,0.8412344893413936,1.0,0,0,2.0,4.0,4.0,63.26536051158175,1.0,0.8440716873594821,0,,0,0,STRONG BUY,1.7058823529411764,4,1,5
CALM,2026-08-11,2.0,0.6619128620159367,2.0,1,0,4.0,3.0,2.0,43.474609917504935,4.0,0.26876342685017496,0,,0,0,HOLD,3.0000000000000004,2,2,5
CALX,2026-08-11,4.0,0.36797069370959956,4.0,0,0,5.0,2.0,4.0,56.84554747783167,5.0,0.12244283863990196,0,,0,0,SELL,4.0588235294117645,1,4,5
CALY,2026-08-11,2.0,0.635069082225287,2.0,0,0,2.0,3.0,2.0,38.90373882759668,2.0,0.773123876717706,0,,0,0,BUY,2.176470588235294,4,0,5
CAMP,2026-08-11,5.0,0.12656431820880185,4.0,0,0,2.0,4.0,4.0,56.809253036147815,3.0,0.5025996818454936,0,,0,0,SELL,3.7176470588235295,1,3,5
CAMT,2026-08-11,5.0,0.09545020680878141,2.0,0,0,2.0,,4.0,57.33692431846595,2.0,0.6560850182867939,0,,0,0,HOLD,3.1142857142857148,3,1,4
CANG,2026-08-11,,,5.0,0,0,5.0,,2.0,40.861824972914285,5.0,0.010727968242681832,0,,0,0,STRONG SELL,5.0,0,3,3
CAPR,2026-08-11,1.0,0.8367801463569837,5.0,0,1,5.0,4.0,1.0,14.479212569620529,5.0,0.0020641491492106134,0,,0,0,SELL,3.5999999999999996,1,4,5
CAR,2026-08-11,,,4.0,0,0,3.0,4.0,2.0,39.47899428911442,5.0,0.08514562120875305,1,1.0,0,0,SELL,3.7847457627118644,0,3,4
CARE,2026-08-11,4.0,0.41523136722351683,2.0,0,0,1.0,1.0,2.0,42.56245897397902,1.0,0.8070185530372871,0,,0,0,BUY,2.023529411764706,4,1,5
CARL,2026-08-11,4.0,0.2768055997454661,2.0,0,0,3.0,3.0,4.0,62.95377438926942,3.0,0.5723039416201712,0,,0,0,HOLD,3.2,1,1,5
CARR,2026-08-11,4.0,0.27185726886823636,3.0,0,0,4.0,3.0,2.0,41.93919431872928,3.0,0.5199390820125172,0,,0,0,HOLD,3.482352941176471,0,2,5
CARS,2026-08-11,2.0,0.6358363415101557,1.0,1,0,3.0,2.0,3.0,52.19505675808808,2.0,0.6859903708073076,1,1.0,0,0,BUY,1.7705882352941178,4,0,5
CART,2026-08-11,4.0,0.34307664547031097,1.0,0,0,2.0,2.0,4.0,62.88814944205927,1.0,0.8816348447890001,0,,0,0,BUY,2.270588235294118,4,1,5
CASH,2026-08-11,1.0,0.9744086194890452,1.0,0,0,3.0,1.0,3.0,48.6942655691915,2.0,0.6325197430844298,0,,0,0,STRONG BUY,1.588235294117647,4,0,5
CASS,2026-08-11,4.0,0.353371311482899,1.0,0,0,2.0,1.0,5.0,71.89812475535854,1.0,0.985060197518737,0,,0,0,BUY,2.0941176470588236,4,1,5
CASY,2026-08-11,4.0,0.345814195107202,1.0,0,0,1.0,1.0,3.0,46.65170721479803,1.0,0.80316804725869,1,1.0,0,0,STRONG BUY,1.6176470588235292,4,1,5
CAT,2026-08-11,4.0,0.2799785428918974,3.0,0,0,2.0,2.0,2.0,43.580540058853884,2.0,0.6669533853590022,0,,0,0,HOLD,2.7176470588235295,3,1,5
CATO,2026-08-11,,,1.0,1,0,3.0,2.0,3.0,48.999771180343295,4.0,0.30582522642534693,0,,0,0,HOLD,2.7796610169491527,2,1,4
CATX,2026-08-11,4.0,0.42068519598538917,4.0,0,0,5.0,4.0,3.0,54.42190063917007,4.0,0.3000000331136902,0,,0,0,SELL,4.176470588235294,0,5,5
CATY,2026-08-11,2.0,0.6720357101004236,1.0,0,0,2.0,1.0,4.0,59.29267811855882,1.0,0.9761382901658556,0,,0,0,STRONG BUY,1.4823529411764707,5,0,5
CAVA,2026-08-11,5.0,0.19366196535609273,4.0,0,0,4.0,3.0,2.0,34.64085637712631,4.0,0.3111524519676074,0,,0,0,SELL,4.129411764705883,0,4,5
CB,2026-08-11,3.0,0.5738661529203982,1.0,0,0,2.0,1.0,3.0,49.40588332083787,1.0,0.8452359511220714,0,,0,0,BUY,1.7882352941176471,4,0,5
CBAN,2026-08-11,2.0,0.7240975696738589,1.0,0,0,2.0,4.0,4.0,61.83685403417221,1.0,0.9832965353728179,1,2.0,0,0,STRONG BUY,1.7117647058823533,4,1,5
CBFV,2026-08-11,3.0,0.5134217851270001,1.0,0,0,3.0,2.0,3.0,53.23991513385952,1.0,0.8752214714493581,0,,0,0,BUY,2.1411764705882352,3,0,5
CBIO,2026-08-11,4.0,0.25747792349451215,3.0,0,0,2.0,2.0,3.0,52.63972688830167,3.0,0.43736143902476543,0,,0,0,HOLD,2.9529411764705884,2,1,5
CBK,2026-08-11,2.0,0.64743598164291,1.0,0,0,1.0,2.0,4.0,58.5756985974757,1.0,0.9259019531931098,0,,0,0,STRONG BUY,1.4823529411764707,5,0,5
CBL,2026-08-11,4.0,0.2670131100437631,1.0,0,0,1.0,1.0,3.0,54.121771369874956,1.0,0.8940232816496353,0,,0,0,BUY,1.9176470588235293,4,1,5
CBLL,2026-08-11,5.0,0.20796456720482243,3.0,0,1,2.0,4.0,5.0,70.41578876837751,1.0,0.8233412508883046,0,,0,0,HOLD,3.1411764705882352,2,2,5
CBNA,2026-08-11,2.0,0.6997140133460439,1.0,0,0,1.0,,4.0,61.76628522484924,1.0,0.9471681635254269,1,2.0,0,0,STRONG BUY,1.0714285714285714,4,0,4
CBNK,2026-08-11,2.0,0.6796738965606152,1.0,0,0,2.0,1.0,4.0,64.24411529974716,1.0,0.9965690632131006,0,,0,0,STRONG BUY,1.4823529411764707,5,0,5
CBOE,2026-08-11,4.0,0.2699011521896086,2.0,0,1,3.0,1.0,3.0,48.02674997937294,4.0,0.375662168018136,0,,0,0,HOLD,3.0823529411764707,2,2,5
CBRE,2026-08-11,3.0,0.43691967552507793,3.0,0,0,4.0,3.0,4.0,55.94966990356163,3.0,0.4836064668416159,0,,0,0,HOLD,3.176470588235294,0,1,5
CBRL,2026-08-11,2.0,0.6083729170938184,1.0,0,0,2.0,2.0,4.0,59.74769231952161,1.0,0.8862722730344094,0,,0,0,STRONG BUY,1.6588235294117648,5,0,5
CBSH,2026-08-11,2.0,0.724976167778837,1.0,0,0,3.0,,4.0,55.38165842617345,1.0,0.9151958745640375,1,1.0,0,0,STRONG BUY,1.5,3,0,4
CBT,2026-08-11,3.0,0.5679386124125532,1.0,0,0,2.0,2.0,3.0,50.51698450808933,1.0,0.8501229604590523,0,,0,0,BUY,1.9647058823529413,4,0,5
CBU,2026-08-11,2.0,0.655862726406101,2.0,0,0,3.0,1.0,3.0,46.41694796967163,2.0,0.6851173672708575,0,,0,0,BUY,2.0,4,0,5
CBZ,2026-08-11,2.0,0.6163686642052322,1.0,1,0,2.0,2.0,5.0,81.04921643434572,2.0,0.7114920937586687,1,2.0,0,0,STRONG BUY,1.5941176470588236,5,0,5
CC,2026-08-11,1.0,0.8935653581545933,4.0,0,0,4.0,3.0,2.0,38.242043385165616,4.0,0.26445984628531216,0,,0,0,HOLD,2.905882352941177,1,3,5
CCAP,2026-08-11,1.0,0.8978297330003053,3.0,0,0,4.0,2.0,3.0,52.94864334221483,4.0,0.21351470270023712,0,,0,0,HOLD,2.6235294117647063,2,2,5
CCB,2026-08-11,3.0,0.5815172758095941,5.0,0,0,5.0,3.0,2.0,39.007469564481056,5.0,0.16493803047077446,0,,0,0,SELL,4.03529411764706,0,3,5
CCBG,2026-08-11,2.0,0.6301695072645871,1.0,0,0,2.0,1.0,4.0,57.553654904848045,1.0,0.9459210023471236,0,,0,0,STRONG BUY,1.4823529411764707,5,0,5
CCC,2026-08-11,3.0,0.4403270986332066,2.0,0,0,3.0,3.0,5.0,70.03688358764869,3.0,0.44836489582256994,0,,0,0,HOLD,2.894117647058824,1,0,5
CCCC,2026-08-11,4.0,0.36681654352225607,3.0,0,0,1.0,3.0,3.0,54.82452618854268,2.0,0.7347972717182408,0,,0,0,HOLD,2.7176470588235295,2,1,5
CCD,2026-08-11,,,2.0,0,0,2.0,,4.0,59.808887307509856,1.0,1.0,0,,0,0,STRONG BUY,1.5454545454545454,3,0,3
CCEC,2026-08-11,1.0,0.8145084314349348,1.0,0,0,3.0,,3.0,53.24910974929577,1.0,0.855785506182919,0,,0,0,STRONG BUY,1.4285714285714286,3,0,4
CCEL,2026-08-11,,,4.0,0,0,4.0,3.0,3.0,54.027549130933714,4.0,0.3398057814198986,0,,0,0,SELL,3.745762711864407,0,3,4
CCEP,2026-08-11,,,1.0,0,0,3.0,,3.0,49.86887171837749,2.0,0.7980313876122135,0,,0,0,BUY,2.1363636363636367,2,0,3
CCI,2026-08-11,5.0,0.06673426192324848,5.0,0,0,4.0,2.0,2.0,40.67734780629436,5.0,0.007475621082308077,0,,0,0,STRONG SELL,4.294117647058823,1,4,5
CCIF,2026-08-11,,,5.0,0,0,5.0,,3.0,51.814923003815295,5.0,0.08274830826221943,1,1.0,0,0,STRONG SELL,4.700000000000001,0,3,3
CCJ,2026-08-11,,,4.0,0,0,3.0,,4.0,59.04170466588184,3.0,0.44131575568441744,0,,0,0,HOLD,3.2045454545454555,0,1,3
CCK,2026-08-11,3.0,0.4857335871706277,1.0,0,0,3.0,1.0,4.0,63.808576653557644,1.0,0.9759818615107767,0,,0,0,BUY,1.964705882352941,3,0,5
CCL,2026-08-11,1.0,0.763584366062917,5.0,0,0,4.0,1.0,3.0,49.32616801813705,3.0,0.4013993694139496,0,,0,0,BUY,2.4235294117647053,2,2,5
CCLD,2026-08-11,3.0,0.4615873144031482,3.0,0,0,3.0,3.0,3.0,53.87254456301941,4.0,0.2272727826902692,0,,0,0,HOLD,3.2352941176470593,0,1,5
CCNE,2026-08-11,1.0,0.8178588914806415,1.0,0,0,2.0,2.0,3.0,51.23004115307794,1.0,0.9118572242368665,1,1.0,0,0,STRONG BUY,1.0529411764705885,5,0,5
CCO,2026-08-11,5.0,0.13918017159199236,1.0,0,0,2.0,2.0,3.0,51.317057503747726,1.0,0.9893616283751234,0,,0,0,HOLD,2.5764705882352943,4,1,5
CCOI,2026-08-11,,,5.0,0,0,5.0,4.0,2.0,38.40393329497203,5.0,0.022550979301202353,0,,0,0,STRONG SELL,4.745762711864407,0,4,4
CCS,2026-08-11,1.0,0.836483866376282,1.0,1,0,3.0,2.0,4.0,57.08688573373746,1.0,0.8740765119971234,0,,0,0,STRONG BUY,1.5294117647058825,4,0,5
CCSI,2026-08-11,4.0,0.3900150111958477,1.0,0,0,1.0,2.0,3.0,51.4950578531813,1.0,0.8957885182752747,0,,0,0,BUY,2.0941176470588236,4,1,5
CCU,2026-08-11,,,3.0,0,0,4.0,,4.0,59.54309605228744,4.0,0.305041856491169,0,,0,0,SELL,3.795454545454546,0,2,3
CD,2026-08-11,5.0,0.15622367891129052,5.0,0,0,5.0,3.0,2.0,39.81213849475574,5.0,0.008449003152089221,0,,0,0,STRONG SELL,4.647058823529412,0,4,5
CDE,2026-08-11,4.0,0.4247510964788948,4.0,0,0,3.0,2.0,4.0,60.94247603049389,3.0,0.4389839635233214,0,,0,0,HOLD,3.2352941176470584,1,2,5
CDIO,2026-08-11,3.0,0.4726557215359514,5.0,0,0,3.0,5.0,4.0,55.82230021476866,5.0,0.14363637214849767,0,,0,0,SELL,4.035294117647059,0,3,5
CDLX,2026-08-11,1.0,0.9708619991906111,5.0,0,0,5.0,3.0,2.0,41.601770606579244,5.0,0.010129659322466586,0,,0,0,HOLD,3.423529411764706,1,3,5
CDNA,2026-08-11,5.0,0.24693372244334963,1.0,0,0,1.0,3.0,5.0,74.53091189304033,1.0,0.9965545754077773,0,,0,0,HOLD,2.5764705882352934,3,1,5
CDNS,2026-08-11,5.0,0.11561986870666081,4.0,0,0,3.0,2.0,2.0,37.420864294905705,3.0,0.4044316792400915,1,1.0,0,0,HOLD,3.2411764705882353,1,2,5
CDP,2026-08-11,4.0,0.2729945673286884,1.0,0,0,2.0,4.0,2.0,44.0127660146885,1.0,0.8442012766624685,0,,0,0,HOLD,2.623529411764706,3,2,5
CDRE,2026-08-11,4.0,0.38669948378365127,3.0,0,0,4.0,2.0,4.0,61.73975253251385,4.0,0.35422222592060776,0,,0,0,SELL,3.541176470588235,1,3,5
CDRO,2026-08-11,,,3.0,0,0,3.0,,2.0,39.24152550120672,2.0,0.7295597553435502,0,,0,0,HOLD,2.545454545454546,1,0,3
CDT,2026-08-11,1.0,0.9656379255488386,3.0,0,0,5.0,3.0,4.0,58.72508297246988,5.0,0.007456961897886728,0,,0,0,HOLD,3.211764705882353,1,2,5
CDTG,2026-08-11,1.0,0.9226853324848869,5.0,0,0,5.0,,2.0,42.54943324497028,5.0,0.01653596689768575,0,,0,0,SELL,3.5142857142857147,1,3,4
CDW,2026-08-11,3.0,0.4890371996093495,2.0,1,0,4.0,3.0,3.0,46.65341624052887,3.0,0.5270259031952053,0,,0,0,HOLD,3.0705882352941174,1,1,5
CDXS,2026-08-11,3.0,0.42639261330247563,4.0,0,0,3.0,4.0,2.0,31.604556546121273,4.0,0.23820755777939623,0,,0,0,SELL,3.51764705882353,0,3,5
CDZI,2026-08-11,5.0,0.10192494002111872,5.0,0,0,4.0,4.0,3.0,51.976598816385945,5.0,0.13578682184286908,0,,0,0,STRONG SELL,4.647058823529412,0,5,5
CE,2026-08-11,1.0,0.7846477210625229,5.0,0,1,4.0,3.0,3.0,46.280581565968966,4.0,0.28186892846142386,0,,0,0,HOLD,3.011764705882354,1,3,5
CECO,2026-08-11,4.0,0.3891731370338874,3.0,0,0,3.0,3.0,3.0,46.0543193555789,3.0,0.5063348140112415,0,,0,0,HOLD,3.3058823529411767,0,1,5
CEE,2026-08-11,,,2.0,0,0,2.0,,4.0,55.367032151859256,1.0,0.9074684956119776,0,,0,0,STRONG BUY,1.5454545454545454,3,0,3
CEG,2026-08-11,4.0,0.3519545308042157,3.0,0,0,4.0,2.0,4.0,61.04923010762752,4.0,0.26172645516258486,0,,0,0,SELL,3.541176470588235,1,3,5
CELC,2026-08-11,5.0,0.010499522748965956,5.0,0,1,3.0,3.0,2.0,43.15144999134184,3.0,0.42842822992377794,0,,0,0,SELL,3.823529411764706,0,2,5
CELH,2026-08-11,4.0,0.3031369568666553,5.0,0,0,5.0,3.0,3.0,45.90534635634165,5.0,0.08907276305234083,0,,0,0,STRONG SELL,4.341176470588236,0,4,5
CELZ,2026-08-11,3.0,0.43268211902063586,5.0,0,0,5.0,3.0,4.0,58.27221429480053,5.0,0.12678794456905854,0,,0,0,SELL,4.03529411764706,0,3,5
CENN,2026-08-11,1.0,0.94654364816028,5.0,0,0,5.0,4.0,3.0,50.65998633021445,5.0,0.008176383066021711,0,,0,0,SELL,3.5999999999999996,1,4,5
CENT,2026-08-11,2.0,0.6253574833174452,1.0,0,0,2.0,1.0,3.0,53.65064517276517,1.0,0.8772323634893529,0,,0,0,STRONG BUY,1.4823529411764707,5,0,5
CENX,2026-08-11,4.0,0.38031281576429893,2.0,0,0,2.0,2.0,4.0,63.809851988660824,2.0,0.6503823995298555,0,,0,0,HOLD,2.6117647058823534,4,1,5
CEPL,2026-08-11,2.0,0.6689599352488872,,0,0,,3.0,2.0,30.535360040475666,,,0,,0,0,,,1,0,2
CERS,2026-08-11,4.0,0.3467975093816455,3.0,0,0,1.0,3.0,3.0,46.88178115564896,2.0,0.6807075903534718,0,,0,0,HOLD,2.7176470588235295,2,1,5
CERT,2026-08-11,3.0,0.5837194084431645,2.0,0,0,3.0,3.0,4.0,63.672927184650625,4.0,0.39638159038466275,0,,0,0,HOLD,3.1294117647058832,1,1,5
CET,2026-08-11,,,1.0,0,0,3.0,,4.0,65.81960780074559,1.0,0.9575464458772239,0,,0,0,STRONG BUY,1.6818181818181817,2,0,3
CETX,2026-08-11,2.0,0.7426752889396673,5.0,0,0,5.0,3.0,3.0,48.465359532075915,5.0,0.002719991749009454,0,,0,0,SELL,3.7294117647058824,1,3,5
CEV,2026-08-11,,,2.0,0,0,3.0,,4.0,66.63353413115954,1.0,1.0,0,,0,0,BUY,1.8863636363636362,2,0,3
CEVA,2026-08-11,3.0,0.43970728603245307,3.0,0,0,2.0,3.0,2.0,39.54827591990297,3.0,0.41430744785622736,1,3.0,0,0,HOLD,2.5235294117647062,1,0,5
CF,2026-08-11,3.0,0.48155182754370907,1.0,0,0,2.0,1.0,3.0,48.31836408309652,2.0,0.6860397698547994,0,,0,0,BUY,2.0235294117647062,4,0,5
CFBK,2026-08-11,1.0,0.7816968541468063,1.0,0,0,2.0,2.0,4.0,64.78126367306115,1.0,0.9574646799885608,0,,0,0,STRONG BUY,1.3529411764705885,5,0,5
CFFI,2026-08-11,2.0,0.701875194032412,1.0,0,0,2.0,2.0,4.0,62.13272181889716,1.0,0.9510219648716464,0,,0,0,STRONG BUY,1.6588235294117648,5,0,5
CFFN,2026-08-11,3.0,0.4633440047531519,1.0,0,0,2.0,1.0,4.0,58.95515679515737,1.0,0.9272277406091073,0,,0,0,BUY,1.7882352941176471,4,0,5
CFG,2026-08-11,3.0,0.47064163609240706,1.0,0,0,2.0,1.0,4.0,58.40339625042454,1.0,0.9672056308845879,0,,0,0,BUY,1.7882352941176471,4,0,5
CFND,2026-08-11,,,5.0,0,0,5.0,,2.0,32.48266532244915,5.0,0.006973907743589516,0,,0,0,STRONG SELL,5.0,0,3,3
CFR,2026-08-11,2.0,0.6444232602478551,1.0,0,0,2.0,2.0,4.0,61.78612318315614,1.0,0.9509358796301755,0,,0,0,STRONG BUY,1.6588235294117648,5,0,5
CG,2026-08-11,3.0,0.43508833884969184,3.0,0,0,4.0,5.0,4.0,58.302976353157696,4.0,0.28805425877740265,0,,0,0,SELL,3.7647058823529416,0,3,5
CGAU,2026-08-11,,,1.0,0,0,2.0,,5.0,75.1983754924814,1.0,1.0,0,,0,0,STRONG BUY,1.340909090909091,3,0,3
CGBD,2026-08-11,1.0,0.8607066070413487,4.0,0,0,4.0,5.0,4.0,65.31301008834946,3.0,0.52724136033065,1,3.0,0,0,HOLD,2.723529411764706,1,3,5
CGEM,2026-08-11,4.0,0.37193763919821826,1.0,0,0,1.0,5.0,4.0,66.5175795555041,1.0,1.0,0,,0,0,HOLD,2.6235294117647054,3,2,5
CGEN,2026-08-11,3.0,0.48393254852052187,1.0,0,0,1.0,,3.0,54.53792277610998,2.0,0.6073446398077564,0,,0,0,BUY,2.028571428571429,3,0,4
CGNT,2026-08-11,4.0,0.35221126312440343,2.0,0,0,2.0,,4.0,59.20237633184577,3.0,0.5101695633044203,0,,0,0,HOLD,3.028571428571429,2,1,4
CGNX,2026-08-11,5.0,0.1797891685098015,3.0,0,0,1.0,1.0,3.0,46.239455674194346,2.0,0.7542296497221768,0,,0,0,HOLD,2.670588235294118,3,1,5
CGO,2026-08-11,,,3.0,0,0,2.0,,4.0,55.259417519872706,2.0,0.7890516930435123,0,,0,0,BUY,2.2045454545454546,2,0,3
CGON,2026-08-11,5.0,0.18612790327712378,1.0,0,0,1.0,5.0,4.0,59.562175441065946,1.0,0.9914473635557809,0,,0,0,HOLD,2.929411764705882,3,2,5
CGTX,2026-08-11,4.0,0.3913458479160038,5.0,0,0,3.0,4.0,3.0,49.37213956682807,5.0,0.16441003715456054,0,,0,0,SELL,4.1647058823529415,0,4,5
CHCO,2026-08-11,2.0,0.6563393708293613,1.0,0,0,2.0,1.0,5.0,72.24664421546463,1.0,1.0,1,4.0,0,0,STRONG BUY,1.1823529411764706,5,0,5
CHCT,2026-08-11,3.0,0.5209629236962481,4.0,0,0,3.0,2.0,1.0,26.726549302040212,3.0,0.43726109491189835,0,,0,0,HOLD,2.929411764705882,1,1,5
CHD,2026-08-11,4.0,0.29122974261201146,1.0,0,0,3.0,2.0,4.0,61.961801555370634,1.0,0.9185740092297612,0,,0,0,BUY,2.447058823529412,3,1,5
CHDN,2026-08-11,3.0,0.4352502758808632,4.0,0,0,4.0,2.0,4.0,55.97050893742444,5.0,0.18406211812671122,0,,0,0,SELL,3.576470588235294,1,3,5
CHE,2026-08-11,4.0,0.35843660629170637,1.0,0,0,2.0,2.0,4.0,67.1506174518424,1.0,0.9371457784819761,0,,0,0,BUY,2.270588235294118,4,1,5
CHEF,2026-08-11,4.0,0.3861773863916379,1.0,0,0,1.0,1.0,4.0,63.81683433950237,1.0,0.9074074074074074,0,,0,0,BUY,1.9176470588235293,4,1,5
CHH,2026-08-11,4.0,0.3144233391241457,4.0,0,0,4.0,2.0,2.0,37.62216928061578,3.0,0.4923494790312113,0,,0,0,HOLD,3.411764705882353,1,3,5
CHI,2026-08-11,,,2.0,0,0,2.0,,4.0,58.386414225229764,1.0,0.9521809552508663,0,,0,0,STRONG BUY,1.5454545454545454,3,0,3
CHKP,2026-08-11,4.0,0.25739739102768056,5.0,0,0,5.0,,3.0,48.38849722683625,5.0,0.17196108718061404,0,,0,0,STRONG SELL,4.628571428571429,0,4,4
CHMG,2026-08-11,4.0,0.40991420400381323,1.0,0,0,1.0,,4.0,64.31325529673589,1.0,0.9822265202791081,0,,0,0,BUY,2.1142857142857143,3,1,4
CHMI,2026-08-11,1.0,0.9179128221444479,2.0,0,0,2.0,,5.0,82.06517851177345,1.0,1.0,0,,0,0,STRONG BUY,1.342857142857143,4,0,4
CHNR,2026-08-11,,,3.0,0,0,2.0,,4.0,57.10360799600843,4.0,0.2296954813870733,0,,0,0,HOLD,3.113636363636364,1,1,3
CHPT,2026-08-11,1.0,0.8923512747875354,5.0,0,0,4.0,2.0,4.0,56.92982852028094,4.0,0.220100717141504,0,,0,0,HOLD,2.835294117647059,2,3,5
CHRD,2026-08-11,2.0,0.6312873530359496,1.0,0,0,1.0,3.0,4.0,59.030925536580966,1.0,0.863952844804033,0,,0,0,STRONG BUY,1.6588235294117646,4,0,5
CHRN,2026-08-11,5.0,0.02990773146675151,2.0,0,0,1.0,5.0,3.0,45.51403655367051,2.0,0.630956870498127,1,3.0,0,0,HOLD,2.970588235294118,3,2,5
CHRS,2026-08-11,3.0,0.5184732312223976,5.0,0,0,4.0,3.0,2.0,32.50012189074643,5.0,0.1993865329045797,0,,0,0,SELL,3.858823529411765,0,3,5
CHRW,2026-08-11,4.0,0.39401471833107476,4.0,0,0,4.0,2.0,2.0,30.138585943847588,4.0,0.32192481241656934,1,4.0,0,0,HOLD,3.3470588235294114,1,4,5
CHT,2026-08-11,,,4.0,0,0,3.0,,3.0,48.41878772337583,3.0,0.5989972888652744,0,,0,0,HOLD,3.2045454545454555,0,1,3
CHW,2026-08-11,,,3.0,0,0,2.0,,3.0,54.108480862187754,1.0,0.8300446305612433,0,,0,0,BUY,1.7500000000000002,2,0,3
CHWY,2026-08-11,5.0,0.2121067683508103,3.0,0,0,4.0,2.0,3.0,52.68965814940399,5.0,0.19923446315939447,0,,0,0,SELL,4.08235294117647,1,3,5
CHY,2026-08-11,,,2.0,0,0,2.0,,4.0,59.49344322650181,1.0,0.9173583131250053,0,,0,0,STRONG BUY,1.5454545454545454,3,0,3
CI,2026-08-11,2.0,0.7533211759304961,4.0,0,0,4.0,1.0,2.0,41.75048917912375,3.0,0.4886867251407066,0,,0,0,HOLD,2.623529411764706,2,2,5
CIA,2026-08-11,,,5.0,0,1,5.0,1.0,1.0,17.379644467637533,5.0,0.0,1,1.0,0,0,SELL,3.683050847457627,1,3,4
CIEN,2026-08-11,5.0,0.10792782412098995,3.0,0,0,1.0,2.0,2.0,44.38573520589085,3.0,0.5522799755671873,0,,0,0,HOLD,3.0823529411764707,2,1,5
CIFR,2026-08-11,5.0,0.09832626558717618,4.0,0,0,2.0,4.0,2.0,42.05127993008961,3.0,0.5169664642149219,0,,0,0,SELL,3.7176470588235295,1,3,5
CIGI,2026-08-11,4.0,0.4215717467387846,3.0,0,0,5.0,,4.0,57.7520361074684,5.0,0.18213355223513053,0,,0,0,STRONG SELL,4.371428571428572,0,3,4
CII,2026-08-11,,,3.0,0,0,2.0,,3.0,53.45095446706553,1.0,0.8415306459792855,0,,0,0,BUY,1.7500000000000002,2,0,3
CIIT,2026-08-11,4.0,0.41204922517495673,2.0,0,0,5.0,5.0,4.0,68.91718036877982,3.0,0.49745800117984107,0,,0,0,SELL,3.905882352941177,1,3,5
CIK,2026-08-11,,,5.0,0,0,4.0,,3.0,48.09061065104416,5.0,0.15449969383463985,0,,0,0,STRONG SELL,4.659090909090909,0,3,3
CIM,2026-08-11,1.0,0.9320926655245232,5.0,0,1,4.0,4.0,2.0,36.95766414741889,3.0,0.4588285897056754,0,,0,0,HOLD,2.952941176470588,1,3,5
CINF,2026-08-11,3.0,0.5493151123478195,2.0,0,0,3.0,2.0,2.0,42.83353093930796,3.0,0.5975564831565339,1,1.0,0,0,BUY,2.4176470588235297,2,0,5
CING,2026-08-11,4.0,0.35125676105631565,3.0,0,0,3.0,5.0,4.0,61.46927337273978,4.0,0.23169271582863538,0,,0,0,SELL,3.894117647058824,0,3,5
CINT,2026-08-11,,,4.0,0,0,5.0,,4.0,60.38560851566147,4.0,0.2252290365450198,0,,0,0,STRONG SELL,4.340909090909092,0,3,3
CION,2026-08-11,1.0,0.9010499522748966,4.0,0,0,4.0,3.0,5.0,74.08860471500333,3.0,0.4716282622865781,0,,0,0,HOLD,2.670588235294118,1,2,5
CITR,2026-08-11,5.0,0.08142678073727505,,0,0,4.0,3.0,3.0,53.28436190046827,4.0,0.22018050610497888,1,1.0,0,0,SELL,3.844736842105264,0,3,4
CIVB,2026-08-11,1.0,0.8555767397521449,1.0,0,0,2.0,3.0,3.0,54.10931185008463,1.0,0.9449319456850246,0,,0,0,STRONG BUY,1.5294117647058825,4,0,5
CIX,2026-08-11,3.0,0.4796205417197767,1.0,0,0,2.0,2.0,5.0,70.22760339755203,1.0,1.0,0,,0,0,BUY,1.9647058823529413,4,0,5
CJMB,2026-08-11,4.0,0.3806225278507445,2.0,0,0,4.0,5.0,4.0,58.186441522380534,4.0,0.2541129525828729,1,1.0,0,0,SELL,3.6647058823529415,1,4,5
CKX,2026-08-11,3.0,0.5278289341657895,3.0,0,0,3.0,4.0,3.0,49.26979788538268,3.0,0.5493826724428723,0,,0,0,HOLD,3.1764705882352944,0,1,5
CL,2026-08-11,5.0,0.20367740808454415,1.0,0,0,3.0,3.0,3.0,51.88578555556432,2.0,0.7701509829984952,0,,0,0,HOLD,3.164705882352942,2,1,5
CLAR,2026-08-11,1.0,0.8470892640136505,1.0,1,0,2.0,4.0,5.0,78.26177411394791,1.0,0.964967690284407,0,,0,0,STRONG BUY,1.7058823529411764,4,1,5
CLB,2026-08-11,2.0,0.601207877226592,4.0,0,0,4.0,2.0,4.0,61.910379337164585,4.0,0.27812759416425464,0,,0,0,HOLD,3.0352941176470583,2,3,5
CLBK,2026-08-11,1.0,0.7947820553611199,1.0,0,0,1.0,,4.0,67.98866442638152,1.0,0.9833797512358871,0,,0,0,STRONG BUY,1.0,4,0,4
CLBT,2026-08-11,5.0,0.14253897550111358,2.0,0,0,2.0,,4.0,61.48441431869288,3.0,0.5920281768843425,0,,0,0,HOLD,3.400000000000001,2,1,4
CLDI,2026-08-11,5.0,0.1750338723341161,5.0,0,0,5.0,4.0,2.0,40.78524529506345,5.0,0.0017556781817193723,0,,0,0,STRONG SELL,4.823529411764706,0,5,5
CLDT,2026-08-11,2.0,0.6278283496521339,2.0,0,0,1.0,1.0,2.0,38.78987566625816,1.0,0.829786878197983,0,,0,0,STRONG BUY,1.411764705882353,5,0,5
CLDX,2026-08-11,5.0,0.13985895853757294,1.0,0,0,1.0,5.0,5.0,78.07239311621773,1.0,1.0,0,,0,0,HOLD,2.929411764705882,3,2,5
CLF,2026-08-11,1.0,0.7842627571336271,2.0,1,0,3.0,4.0,4.0,61.35410221926419,3.0,0.5514114579290176,1,1.0,0,0,BUY,2.1588235294117655,2,1,5
CLFD,2026-08-11,3.0,0.5515824363304099,4.0,0,0,4.0,3.0,2.0,42.00298967477755,5.0,0.11955663730940293,0,,0,0,SELL,3.7529411764705882,0,3,5
CLH,2026-08-11,4.0,0.3218687165823709,1.0,0,0,2.0,2.0,4.0,57.415369608122276,1.0,0.8916228011688323,0,,0,0,BUY,2.270588235294118,4,1,5
CLIK,2026-08-11,1.0,0.9147311485841553,5.0,0,0,5.0,,3.0,46.5308479189776,5.0,0.00786170008493915,0,,0,0,SELL,3.5142857142857147,1,3,4
CLIR,2026-08-11,3.0,0.517021953547566,4.0,0,0,5.0,4.0,4.0,57.63411589290016,5.0,0.11156464341535278,1,1.0,0,0,SELL,3.805882352941177,0,4,5
CLM,2026-08-11,,,4.0,0,0,3.0,,4.0,57.8265542883123,1.0,0.9230650522418963,0,,0,0,BUY,2.2954545454545454,1,1,3
CLMB,2026-08-11,3.0,0.5854131768335752,2.0,0,0,4.0,2.0,4.0,58.621985915656616,3.0,0.5561117823217876,0,,0,0,HOLD,2.8941176470588235,2,1,5
CLMT,2026-08-11,2.0,0.7462565762849049,1.0,0,0,1.0,2.0,4.0,64.50344371065228,1.0,1.0,0,,0,0,STRONG BUY,1.4823529411764707,5,0,5
CLNE,2026-08-11,1.0,0.8220924195822418,5.0,0,0,5.0,3.0,2.0,36.38106012996567,5.0,0.09459459132918287,0,,0,0,HOLD,3.423529411764706,1,3,5
CLNN,2026-08-11,5.0,0.036827195467422094,5.0,0,0,3.0,5.0,1.0,28.884241870439567,5.0,0.08539328322899975,0,,0,0,STRONG SELL,4.647058823529412,0,4,5
CLPR,2026-08-11,,,5.0,0,0,4.0,,3.0,52.83192630746541,5.0,0.13048073980017294,0,,0,0,STRONG SELL,4.659090909090909,0,3,3
CLPT,2026-08-11,5.0,0.0992188987837167,3.0,0,0,2.0,3.0,3.0,49.30566589062209,4.0,0.29035337959124263,0,,0,0,SELL,3.6705882352941175,1,2,5
CLRB,2026-08-11,4.0,0.3468024180719058,4.0,0,0,5.0,3.0,3.0,53.82970773442607,5.0,0.10152286537011337,0,,0,0,SELL,4.235294117647059,0,4,5
CLRO,2026-08-11,5.0,0.03436207445116131,1.0,1,0,3.0,4.0,3.0,49.24573627660817,4.0,0.28642087641082103,1,1.0,0,0,SELL,3.511764705882353,1,3,5
CLS,2026-08-11,4.0,0.25778899775697084,4.0,0,0,2.0,2.0,2.0,43.39295719472348,3.0,0.4436370545011279,0,,0,0,HOLD,3.058823529411765,2,2,5
CLSK,2026-08-11,4.0,0.34602935242103283,4.0,0,0,2.0,3.0,2.0,38.90943199071957,4.0,0.22536612330513284,0,,0,0,HOLD,3.4705882352941173,1,3,5
CLST,2026-08-11,2.0,0.7153396787102856,1.0,0,0,2.0,1.0,4.0,55.62848620243695,1.0,0.9593326943681096,0,,0,0,STRONG BUY,1.4823529411764707,5,0,5
CLVT,2026-08-11,1.0,0.9103976328780007,5.0,0,0,4.0,3.0,2.0,43.705154275313035,5.0,0.09397166665785983,0,,0,0,HOLD,3.2470588235294118,1,3,5
CLW,2026-08-11,,,1.0,1,0,2.0,3.0,5.0,75.69762504835936,1.0,0.9664213638490401,0,,0,0,BUY,1.7627118644067798,3,0,4
CLWT,2026-08-11,1.0,0.8281896277441935,1.0,0,0,2.0,,4.0,58.71245357394229,2.0,0.727272714957718,0,,0,0,STRONG BUY,1.5000000000000002,4,0,4
CLX,2026-08-11,2.0,0.6101258929936187,2.0,0,0,4.0,2.0,4.0,67.88422148724811,3.0,0.5459101179995646,0,,0,0,HOLD,2.588235294117647,3,1,5
CLYM,2026-08-11,4.0,0.3499840916321985,1.0,0,0,1.0,4.0,4.0,60.54135179928328,1.0,0.9907183396891898,0,,0,0,BUY,2.4470588235294115,3,2,5
CM,2026-08-11,,,1.0,0,0,1.0,,4.0,55.25759824257225,1.0,0.9528277649559178,0,,0,0,STRONG BUY,1.0,3,0,3
CMBT,2026-08-11,,,1.0,0,0,1.0,,4.0,59.002688068858305,1.0,0.9697514185007036,0,,0,0,STRONG BUY,1.0,3,0,3
CMC,2026-08-11,3.0,0.45049195098019734,2.0,0,0,3.0,3.0,4.0,56.630783550404445,2.0,0.6668211872548865,0,,0,0,HOLD,2.658823529411765,2,0,5
CMCL,2026-08-11,,,4.0,0,0,4.0,,4.0,69.85165217090737,4.0,0.28325709983030084,0,,0,0,SELL,4.0,0,3,3
CMCO,2026-08-11,1.0,0.9037081142684131,2.0,0,0,3.0,4.0,4.0,59.54365413535769,2.0,0.670643137508081,0,,0,0,BUY,2.223529411764706,3,1,5
CMCT,2026-08-11,1.0,0.9493342472787386,4.0,0,0,5.0,3.0,4.0,68.32779507604862,5.0,0.0017501827969737616,0,,0,0,HOLD,3.317647058823529,1,3,5
CMDB,2026-08-11,1.0,0.8889595927457843,2.0,0,0,3.0,,2.0,35.3672737763319,2.0,0.7230633277137598,1,1.0,0,0,STRONG BUY,1.5428571428571427,3,0,4
CMG,2026-08-11,4.0,0.3784556720686368,4.0,0,0,4.0,2.0,2.0,43.07186179570371,4.0,0.2449557485513291,0,,0,0,SELL,3.6470588235294112,1,4,5
CMI,2026-08-11,4.0,0.3398474737845567,3.0,0,0,2.0,,2.0,43.7303535116842,2.0,0.7261148776016004,0,,0,0,HOLD,2.8714285714285714,2,1,4
CMND,2026-08-11,,,5.0,0,0,5.0,,2.0,38.06632933621155,5.0,0.00037931459426472435,0,,0,0,STRONG SELL,5.0,0,3,3
CMP,2026-08-11,,,3.0,0,0,2.0,3.0,2.0,38.87790437124152,2.0,0.6051856287721281,0,,0,0,BUY,2.406779661016949,2,0,4
CMPR,2026-08-11,2.0,0.7215450725467187,1.0,0,0,1.0,1.0,3.0,48.33266742976005,1.0,0.8290632291428216,0,,0,0,STRONG BUY,1.3058823529411767,5,0,5
CMPS,2026-08-11,5.0,0.050588609608654155,2.0,0,0,1.0,4.0,4.0,59.100591817729246,1.0,0.8484986354386772,0,,0,0,HOLD,2.8588235294117648,3,2,5
CMPX,2026-08-11,3.0,0.4578428253261215,4.0,0,0,5.0,3.0,4.0,59.027752359597805,5.0,0.11254978620336777,0,,0,0,SELL,3.9294117647058826,0,3,5
CMRC,2026-08-11,3.0,0.5774703845471595,5.0,0,0,5.0,2.0,2.0,34.26333042743626,5.0,0.026470630515401314,1,1.0,0,0,SELL,3.5588235294117654,1,3,5
CMRE,2026-08-11,1.0,0.839325485205218,5.0,0,1,3.0,,2.0,33.00957281379068,3.0,0.4773484160570071,0,,0,0,HOLD,2.5142857142857147,1,1,4
CMS,2026-08-11,3.0,0.4991761754054897,5.0,0,0,4.0,3.0,2.0,35.4932173323799,5.0,0.19791735355533574,1,1.0,0,0,SELL,3.5588235294117654,0,3,5
CMT,2026-08-11,2.0,0.6932361998254052,1.0,0,0,2.0,1.0,4.0,59.48285216997746,2.0,0.7690265180510275,1,2.0,0,0,STRONG BUY,1.4176470588235293,5,0,5
CMTG,2026-08-11,1.0,0.8316122141791804,5.0,0,0,5.0,4.0,2.0,39.57490061997024,5.0,0.06222221586439344,1,3.0,0,0,HOLD,3.3,1,4,5
CMTL,2026-08-11,,,5.0,0,0,5.0,4.0,2.0,38.443434968457126,5.0,0.02752293678317725,0,,0,0,STRONG SELL,4.745762711864407,0,4,4
CMTV,2026-08-11,3.0,0.5790800631749345,1.0,0,0,1.0,,3.0,53.00300932579366,1.0,0.9391918793826509,1,5.0,0,0,STRONG BUY,1.4428571428571428,3,0,4
CNA,2026-08-11,3.0,0.5321880135645871,1.0,1,0,3.0,1.0,3.0,47.072089370264145,2.0,0.7073403904121142,0,,0,0,BUY,2.2,3,0,5
CNC,2026-08-11,1.0,0.7857749541733869,1.0,0,0,1.0,3.0,3.0,51.88807902822896,1.0,0.9208649104024431,0,,0,0,STRONG BUY,1.3529411764705885,4,0,5
CNCK,2026-08-11,,,4.0,0,0,5.0,,2.0,42.08961394448328,5.0,0.09413580266786337,0,,0,0,STRONG SELL,4.795454545454546,0,3,3
CNDT,2026-08-11,1.0,0.9574641476980353,3.0,0,0,3.0,4.0,3.0,45.836440489139996,4.0,0.2055555500366072,1,3.0,0,0,BUY,2.5,1,2,5
CNET,2026-08-11,2.0,0.7587774781540726,2.0,0,0,2.0,4.0,4.0,56.00663706605465,4.0,0.373684235292789,0,,0,0,HOLD,2.8235294117647065,3,2,5
CNH,2026-08-11,2.0,0.6792403505729805,2.0,1,0,4.0,2.0,3.0,49.13956679145379,4.0,0.39476770715720616,0,,0,0,HOLD,2.823529411764706,3,2,5
CNI,2026-08-11,4.0,0.32516703786191536,1.0,0,0,2.0,,3.0,51.72076643799885,1.0,0.8900022029419016,0,,0,0,BUY,2.3285714285714287,3,1,4
CNK,2026-08-11,4.0,0.326962825563446,1.0,0,0,1.0,3.0,4.0,64.51832515916348,1.0,0.9226117460862292,0,,0,0,BUY,2.2705882352941176,3,1,5
CNL,2026-08-11,,,4.0,0,0,3.0,,4.0,60.22899235126679,3.0,0.4281914565328293,0,,0,0,HOLD,3.2045454545454555,0,1,3
CNM,2026-08-11,3.0,0.5419447092469019,4.0,0,0,4.0,1.0,4.0,56.429200281686974,5.0,0.17980489400305208,0,,0,0,HOLD,3.4,1,3,5
CNMD,2026-08-11,4.0,0.30457578646329836,2.0,0,0,3.0,3.0,4.0,66.72304976725661,2.0,0.7661032886723508,0,,0,0,HOLD,2.9647058823529413,2,1,5
CNNE,2026-08-11,1.0,0.7681278350075927,1.0,1,0,3.0,3.0,4.0,55.468369733453315,3.0,0.5076637775474109,0,,0,0,BUY,2.1764705882352944,2,0,5
CNO,2026-08-11,2.0,0.5922308853477394,1.0,0,0,2.0,1.0,4.0,63.29044231759869,1.0,0.9646812789459346,0,,0,0,STRONG BUY,1.4823529411764707,5,0,5
CNOB,2026-08-11,2.0,0.7184487482637181,1.0,0,0,2.0,2.0,3.0,51.46996726236724,1.0,0.901126709801708,0,,0,0,STRONG BUY,1.6588235294117648,5,0,5
CNP,2026-08-11,3.0,0.470626785444344,4.0,0,0,3.0,3.0,2.0,31.330097454572552,3.0,0.42089537341716804,0,,0,0,HOLD,3.1058823529411765,0,1,5
CNQ,2026-08-11,,,1.0,0,0,2.0,,4.0,62.17023292975809,1.0,0.9092412236299517,0,,0,0,STRONG BUY,1.340909090909091,3,0,3
CNR,2026-08-11,2.0,0.7076092603084382,3.0,0,0,3.0,4.0,4.0,64.91201474573623,3.0,0.5420942934737939,0,,0,0,HOLD,2.8705882352941177,1,1,5
CNS,2026-08-11,5.0,0.21029717530211495,1.0,0,0,2.0,5.0,4.0,65.4791524778513,1.0,1.0,0,,0,0,HOLD,3.105882352941176,3,2,5
CNSP,2026-08-11,5.0,0.013999363665287942,1.0,1,0,3.0,4.0,3.0,54.93382376991301,4.0,0.39927724138616794,0,,0,0,SELL,3.8117647058823527,1,3,5
CNSY,2026-08-11,,,5.0,0,0,5.0,,2.0,44.092985807061766,5.0,0.04406103634056662,0,,0,0,STRONG SELL,5.0,0,3,3
CNTB,2026-08-11,5.0,0.19734519817284238,4.0,0,0,4.0,5.0,3.0,51.69971668118089,4.0,0.37842388240789904,0,,0,0,STRONG SELL,4.482352941176471,0,5,5
CNTN,2026-08-11,1.0,0.957683741648107,5.0,0,0,3.0,3.0,2.0,36.56393828822255,5.0,0.10932722087404943,0,,0,0,HOLD,3.0705882352941183,1,2,5
CNTY,2026-08-11,1.0,0.9805746661270741,5.0,0,0,5.0,3.0,3.0,48.63543627323452,5.0,0.03703707519273088,0,,0,0,HOLD,3.423529411764706,1,3,5
CNX,2026-08-11,2.0,0.674436163410393,3.0,0,0,3.0,1.0,4.0,63.41028446191227,3.0,0.5631035114156788,0,,0,0,BUY,2.3411764705882354,2,0,5
CNXC,2026-08-11,1.0,0.9255818151723663,4.0,0,0,5.0,3.0,3.0,53.4212618398747,5.0,0.14133060165174327,1,1.0,0,0,HOLD,3.0176470588235293,1,3,5
CNXN,2026-08-11,2.0,0.6128966771792528,1.0,0,0,2.0,3.0,3.0,51.276260185925246,1.0,0.8151892918532998,0,,0,0,BUY,1.835294117647059,4,0,5
CNXU,2026-08-11,5.0,0.051224944320712694,,0,0,,,2.0,41.14622163661976,,,0,,0,0,,,0,1,1
COAG,2026-08-11,,,,0,0,,,4.0,61.26090019428139,1.0,0.965783653615387,0,,0,0,,,1,0,1
COCO,2026-08-11,5.0,0.1352876314816987,3.0,0,0,2.0,2.0,2.0,40.70534957272267,2.0,0.6193611441640262,0,,0,0,HOLD,3.023529411764706,3,1,5
COCP,2026-08-11,4.0,0.2866338531287122,3.0,0,0,3.0,4.0,4.0,66.47125833523017,4.0,0.3295454583938947,1,1.0,0,0,HOLD,3.4176470588235297,0,3,5
CODA,2026-08-11,3.0,0.4521247223231566,5.0,0,0,3.0,2.0,3.0,49.23066865489159,4.0,0.32234810526717955,0,,0,0,HOLD,3.270588235294118,1,2,5
CODI,2026-08-11,2.0,0.6831519015245273,1.0,0,0,1.0,4.0,5.0,72.26131563900925,1.0,0.9936144009460255,0,,0,0,BUY,1.835294117647059,4,1,5
CODX,2026-08-11,2.0,0.6142084135450985,5.0,0,0,5.0,5.0,2.0,31.264264523705265,5.0,0.004521429049585597,0,,0,0,SELL,4.08235294117647,1,4,5
COF,2026-08-11,4.0,0.4129045021453097,2.0,0,0,3.0,3.0,4.0,62.05104422886077,3.0,0.5378464755117284,0,,0,0,HOLD,3.2,1,1,5
COFS,2026-08-11,2.0,0.6531134832776639,1.0,0,0,2.0,2.0,3.0,53.709785189896465,1.0,0.9410212809442516,1,5.0,0,0,STRONG BUY,1.3588235294117648,5,0,5
COGT,2026-08-11,5.0,0.09131403118040089,1.0,0,0,2.0,3.0,3.0,46.812411806417906,1.0,0.8735506152708632,0,,0,0,HOLD,2.7529411764705882,3,1,5
COHN,2026-08-11,1.0,0.9328740284033289,4.0,0,0,4.0,2.0,2.0,40.058832785586844,5.0,0.1854446637696128,0,,0,0,HOLD,2.964705882352941,2,3,5
COHR,2026-08-11,,,3.0,0,0,1.0,1.0,3.0,52.84609688440081,2.0,0.7151671882873263,0,,0,0,STRONG BUY,1.6440677966101698,3,0,4
COHU,2026-08-11,4.0,0.3417117403754375,3.0,0,0,1.0,3.0,3.0,50.18909430854557,2.0,0.6068895626550499,0,,0,0,HOLD,2.7176470588235295,2,1,5
COKE,2026-08-11,5.0,0.052430886558627265,2.0,0,0,2.0,3.0,2.0,44.29193000422426,2.0,0.6408422700668893,0,,0,0,HOLD,3.094117647058824,3,1,5
COLA,2026-08-11,,,1.0,0,0,3.0,4.0,4.0,60.69588965756328,3.0,0.5894742442631459,0,,0,0,HOLD,2.9491525423728815,1,1,4
COLB,2026-08-11,3.0,0.4688342967868776,1.0,0,0,2.0,3.0,3.0,52.73628066174241,1.0,0.8268957100321414,0,,0,0,BUY,2.1411764705882352,3,0,5
COLD,2026-08-11,2.0,0.5988575022954714,3.0,0,0,3.0,4.0,3.0,46.30636654693133,2.0,0.735058499790257,0,,0,0,HOLD,2.6352941176470592,2,1,5
COLL,2026-08-11,3.0,0.5772892521343489,5.0,0,0,5.0,2.0,1.0,21.32982191625571,5.0,0.0,0,,0,0,SELL,3.858823529411765,1,3,5
COLM,2026-08-11,2.0,0.6527026039463802,4.0,0,0,3.0,3.0,2.0,31.370056838254555,3.0,0.4172403391097019,0,,0,0,HOLD,2.8,1,1,5
COMP,2026-08-11,3.0,0.510231682288459,1.0,0,0,2.0,4.0,4.0,61.101526488097655,1.0,0.8615942158686014,0,,0,0,BUY,2.3176470588235296,3,1,5
CON,2026-08-11,4.0,0.34936797772653344,1.0,0,0,1.0,3.0,4.0,64.1482982752022,1.0,0.95882841146852,0,,0,0,BUY,2.2705882352941176,3,1,5
COO,2026-08-11,3.0,0.44712571452349653,2.0,0,0,4.0,2.0,4.0,68.2403605262453,2.0,0.7168507100018682,0,,0,0,HOLD,2.658823529411765,3,1,5
COOK,2026-08-11,1.0,0.8376086633136465,3.0,0,0,3.0,3.0,3.0,45.099795933838806,2.0,0.6533518737249078,0,,0,0,BUY,2.152941176470588,2,0,5
COP,2026-08-11,3.0,0.5543374642516683,1.0,0,0,2.0,1.0,4.0,66.82351054425891,1.0,0.8573063094540897,0,,0,0,BUY,1.7882352941176471,4,0,5
COPL,2026-08-11,,,1.0,0,0,3.0,,5.0,74.11180126461207,1.0,1.0,0,,0,0,STRONG BUY,1.6818181818181817,2,0,3
COPR,2026-08-11,5.0,0.08174828004856334,,0,0,,4.0,2.0,34.144362909080215,,,0,,0,0,,,0,2,2
COR,2026-08-11,3.0,0.4374574280210284,2.0,0,0,3.0,2.0,4.0,68.12841067826882,2.0,0.6491894824890868,0,,0,0,BUY,2.482352941176471,3,0,5
CORT,2026-08-11,5.0,0.10353674088896173,1.0,0,0,1.0,3.0,4.0,64.19472459331678,1.0,0.9311825411258638,1,1.0,0,0,BUY,2.2764705882352936,3,1,5
CORZ,2026-08-11,5.0,0.14042897612302713,4.0,0,0,2.0,4.0,2.0,40.69760312095524,4.0,0.3875720899293517,1,1.0,0,0,SELL,3.6529411764705886,1,4,5
COSO,2026-08-11,1.0,0.78836987607245,1.0,0,0,2.0,2.0,4.0,63.789084552976426,1.0,1.0,1,1.0,0,0,STRONG BUY,1.0529411764705885,5,0,5
COST,2026-08-11,4.0,0.32743876585442344,5.0,0,1,4.0,3.0,3.0,47.891012676574846,4.0,0.3928663199421757,0,,0,0,SELL,3.929411764705882,0,4,5
COTY,2026-08-11,1.0,0.8617522294361017,2.0,0,0,4.0,3.0,4.0,61.1436094612956,4.0,0.29658385064424286,1,2.0,0,0,BUY,2.3941176470588243,2,2,5
COUR,2026-08-11,2.0,0.6192914653523255,3.0,0,0,4.0,3.0,3.0,49.38484284951489,5.0,0.07594936539074158,0,,0,0,HOLD,3.341176470588236,1,2,5
COYA,2026-08-11,4.0,0.30986498786784394,5.0,0,0,4.0,4.0,4.0,55.40291334908541,4.0,0.2960894226800924,0,,0,0,SELL,4.105882352941177,0,5,5
CP,2026-08-11,3.0,0.4612198681240831,1.0,0,0,2.0,1.0,4.0,55.38958966569852,1.0,0.9251682170135372,0,,0,0,BUY,1.7882352941176471,4,0,5
CPA,2026-08-11,,,3.0,0,0,3.0,,2.0,40.82584343571638,3.0,0.564100572210399,0,,0,0,HOLD,3.0000000000000004,0,0,3
CPAY,2026-08-11,5.0,0.2500974300806843,1.0,0,0,2.0,3.0,4.0,68.42050670787452,1.0,1.0,0,,0,0,HOLD,2.7529411764705882,3,1,5
CPB,2026-08-11,1.0,0.8398474737845568,3.0,0,0,4.0,1.0,3.0,53.17310109864669,4.0,0.24267874785353769,0,,0,0,BUY,2.447058823529412,2,2,5
CPF,2026-08-11,3.0,0.42990116754094587,1.0,0,0,2.0,1.0,3.0,51.641191728636,1.0,0.9185203991255239,0,,0,0,BUY,1.7882352941176471,4,0,5
CPHC,2026-08-11,2.0,0.7369493022248942,2.0,0,0,4.0,3.0,3.0,54.663843455208365,3.0,0.451388865011444,1,1.0,0,0,BUY,2.4647058823529417,2,1,5
CPHI,2026-08-11,3.0,0.46754932974758456,1.0,1,0,3.0,2.0,3.0,48.66635276981907,5.0,0.07920843526146433,0,,0,0,HOLD,3.0823529411764703,2,1,5
CPIX,2026-08-11,4.0,0.32271982988803194,1.0,0,0,1.0,4.0,5.0,73.54811810615014,1.0,1.0,0,,0,0,BUY,2.4470588235294115,3,2,5
CPK,2026-08-11,3.0,0.48903717826501425,2.0,0,0,3.0,1.0,4.0,55.91676491784521,2.0,0.7931399050009381,0,,0,0,BUY,2.3058823529411763,3,0,5
CPNG,2026-08-11,5.0,0.05100095328884652,5.0,0,0,4.0,2.0,3.0,49.22427002511746,5.0,0.07360133499907767,1,1.0,0,0,SELL,3.9941176470588236,1,4,5
CPRI,2026-08-11,3.0,0.493757404090573,5.0,0,0,5.0,2.0,2.0,39.535902145282186,5.0,0.038704563745972496,1,1.0,0,0,SELL,3.5588235294117654,1,3,5
CPRT,2026-08-11,4.0,0.3390290418596718,4.0,0,0,5.0,3.0,3.0,53.56542288812925,5.0,0.10657895540376519,0,,0,0,SELL,4.235294117647059,0,4,5
CPS,2026-08-11,,,4.0,0,0,4.0,4.0,2.0,44.962901128507504,5.0,0.07966885743698719,1,1.0,0,0,SELL,4.038983050847458,0,4,4
CPSH,2026-08-11,4.0,0.4080472346252992,4.0,0,0,3.0,2.0,3.0,47.71231024019403,5.0,0.16725143817987637,1,1.0,0,0,HOLD,3.405882352941177,1,3,5
CPSS,2026-08-11,1.0,0.8740483582517291,3.0,0,0,3.0,3.0,3.0,47.5264882574503,2.0,0.6589404836170909,0,,0,0,BUY,2.152941176470588,2,0,5
CPT,2026-08-11,5.0,0.23910672891280235,3.0,0,0,3.0,1.0,2.0,40.327940337587044,2.0,0.6174138539703663,0,,0,0,HOLD,3.0235294117647062,2,1,5
CPZ,2026-08-11,,,3.0,0,0,4.0,,5.0,70.51107912384691,3.0,0.43775344020229684,0,,0,0,HOLD,3.3409090909090917,0,1,3
CR,2026-08-11,4.0,0.2618105835716829,1.0,0,0,3.0,3.0,3.0,53.68436658083021,1.0,0.9072775186572571,0,,0,0,HOLD,2.6235294117647054,2,1,5
CRAI,2026-08-11,3.0,0.4363160212519864,3.0,0,0,3.0,3.0,3.0,51.395352663990664,4.0,0.3961221972217794,0,,0,0,HOLD,3.2352941176470593,0,1,5
CRBG,2026-08-11,2.0,0.7131311444803328,1.0,1,0,3.0,4.0,4.0,60.63741498724428,1.0,0.9050827944769169,0,,0,0,BUY,2.1882352941176473,3,1,5
CRBP,2026-08-11,3.0,0.5714285714285714,3.0,0,0,2.0,4.0,3.0,53.833949015337524,5.0,0.17278794734030353,0,,0,0,HOLD,3.4705882352941178,1,2,5
CRBU,2026-08-11,4.0,0.3965214291995194,5.0,0,0,3.0,4.0,3.0,53.27703533611439,4.0,0.20344825630097174,0,,0,0,SELL,3.929411764705882,0,4,5
CRC,2026-08-11,2.0,0.6551465608588694,5.0,0,1,3.0,3.0,4.0,55.15940838182361,3.0,0.4175075728011001,0,,0,0,HOLD,2.9058823529411764,1,1,5
CRCL,2026-08-11,,,5.0,0,0,3.0,2.0,4.0,56.054435227341585,5.0,0.18423612414087015,0,,0,0,SELL,3.728813559322034,1,2,4
CRDF,2026-08-11,4.0,0.2530381499353385,5.0,0,0,5.0,4.0,3.0,51.70030155629207,5.0,0.09374998370185518,0,,0,0,STRONG SELL,4.517647058823529,0,5,5
CRDO,2026-08-11,5.0,0.07651684198531168,2.0,0,0,1.0,2.0,3.0,54.563511681406084,2.0,0.720180760265944,0,,0,0,HOLD,2.7411764705882353,4,1,5
CREX,2026-08-11,3.0,0.52357850065115,4.0,0,0,3.0,4.0,2.0,40.03059726447412,3.0,0.420212720086967,0,,0,0,HOLD,3.282352941176471,0,2,5
CRF,2026-08-11,,,4.0,0,0,3.0,,4.0,66.96960345594644,1.0,0.9708078995561049,0,,0,0,BUY,2.2954545454545454,1,1,3
CRGO,2026-08-11,,,5.0,0,0,5.0,,3.0,46.164494664867945,5.0,0.03559322766756351,0,,0,0,STRONG SELL,5.0,0,3,3
CRGY,2026-08-11,,,1.0,0,0,2.0,2.0,4.0,68.43481590425515,2.0,0.7832534806523964,0,,0,0,BUY,1.8474576271186443,4,0,4
CRH,2026-08-11,3.0,0.5131588491116618,5.0,0,0,4.0,2.0,3.0,49.445963582022664,5.0,0.17412440324076356,1,2.0,0,0,HOLD,3.3823529411764706,1,3,5
CRI,2026-08-11,2.0,0.7333096562471337,2.0,0,0,2.0,3.0,3.0,53.693201843377985,1.0,0.820636543969571,0,,0,0,BUY,1.9411764705882353,4,0,5
CRIS,2026-08-11,5.0,0.18432338571141388,5.0,0,0,5.0,4.0,1.0,24.76752514409931,5.0,0.0,0,,0,0,STRONG SELL,4.823529411764706,0,5,5
CRK,2026-08-11,2.0,0.6276619077277403,4.0,0,0,4.0,1.0,4.0,60.228803573649145,5.0,0.1314209587575641,0,,0,0,HOLD,3.0941176470588236,2,3,5
CRL,2026-08-11,4.0,0.3411716716185428,1.0,0,0,1.0,3.0,5.0,80.14106152745717,1.0,1.0,1,1.0,0,0,BUY,1.9705882352941175,3,1,5
CRM,2026-08-11,4.0,0.3104156696447433,3.0,0,0,3.0,2.0,4.0,64.60473015175765,3.0,0.40784602796363384,1,2.0,0,0,HOLD,2.829411764705882,1,1,5
CRMD,2026-08-11,2.0,0.6841570643991798,5.0,0,0,4.0,3.0,2.0,38.568578906624516,5.0,0.12237764569598329,0,,0,0,SELL,3.552941176470589,1,3,5
CRML,2026-08-11,,,5.0,0,0,4.0,,3.0,46.403263943896796,5.0,0.07560683175416044,0,,0,0,STRONG SELL,4.659090909090909,0,3,3
CRMT,2026-08-11,1.0,0.981196620626972,5.0,0,0,5.0,2.0,2.0,43.414239906472055,5.0,0.02436604300868357,0,,0,0,HOLD,3.2470588235294118,2,3,5
CRNC,2026-08-11,3.0,0.5537850464995233,4.0,0,0,3.0,3.0,2.0,41.41604075917888,4.0,0.33531742152213223,0,,0,0,HOLD,3.341176470588236,0,2,5
CRNT,2026-08-11,2.0,0.7295577473751194,4.0,0,0,3.0,,3.0,46.302338838101164,4.0,0.2484848003194809,0,,0,0,HOLD,3.0428571428571427,1,2,4
CRNX,2026-08-11,5.0,0.09485182590318258,1.0,0,0,1.0,4.0,5.0,90.18841636947126,1.0,1.0,0,,0,0,HOLD,2.7529411764705882,3,2,5
CRON,2026-08-11,3.0,0.5225445713589714,1.0,0,0,2.0,2.0,4.0,62.03336187313881,2.0,0.7525773170536872,0,,0,0,BUY,2.2000000000000006,4,0,5
CROX,2026-08-11,3.0,0.4369283903973145,1.0,0,0,1.0,3.0,3.0,50.65241004737332,1.0,0.8752211455299065,0,,0,0,BUY,1.964705882352941,3,0,5
CRS,2026-08-11,5.0,0.14445586479719283,3.0,0,0,1.0,1.0,3.0,45.3803534012986,1.0,0.8014892693899492,0,,0,0,BUY,2.4352941176470586,3,1,5
CRSP,2026-08-11,5.0,0.2165072512194901,3.0,0,0,3.0,5.0,4.0,57.69089620480607,4.0,0.28051784399980667,0,,0,0,SELL,4.2,0,3,5
CRSR,2026-08-11,2.0,0.6237366040454237,1.0,0,0,1.0,2.0,4.0,62.00701081825955,1.0,0.8326509567783497,0,,0,0,STRONG BUY,1.4823529411764707,5,0,5
CRT,2026-08-11,,,1.0,0,0,2.0,,4.0,55.28173517084293,1.0,0.8098215709110556,1,2.0,0,0,STRONG BUY,1.040909090909091,3,0,3
CRTO,2026-08-11,1.0,0.8792764587739466,3.0,1,0,4.0,1.0,2.0,36.70688648772873,5.0,0.14046835507770958,1,1.0,0,0,BUY,2.3823529411764706,2,2,5
CRUS,2026-08-11,3.0,0.4682573592295868,4.0,0,0,4.0,1.0,1.0,29.89521287536978,4.0,0.224022083094669,0,,0,0,HOLD,3.164705882352941,1,3,5
CRVL,2026-08-11,4.0,0.3029643625078151,4.0,0,0,3.0,2.0,3.0,50.471715982570984,4.0,0.32879501040208414,0,,0,0,HOLD,3.4705882352941173,1,3,5
CRVO,2026-08-11,3.0,0.47490130929633534,4.0,0,0,5.0,5.0,4.0,55.784940160603774,5.0,0.10086493406031041,0,,0,0,STRONG SELL,4.2823529411764705,0,4,5
CRVS,2026-08-11,5.0,0.2268533248488705,1.0,0,0,3.0,4.0,4.0,56.1540100596779,3.0,0.47139479892645586,0,,0,0,SELL,3.5764705882352943,1,2,5
CRWS,2026-08-11,2.0,0.6163012392755005,1.0,0,0,3.0,1.0,4.0,59.46204883646334,1.0,0.9680040339190958,0,,0,0,STRONG BUY,1.6588235294117646,4,0,5
CSAN,2026-08-11,,,4.0,0,0,5.0,,2.0,30.58345159288156,5.0,0.007440504805943946,0,,0,0,STRONG SELL,4.795454545454546,0,3,3
CSBR,2026-08-11,4.0,0.3611597467749527,5.0,0,0,4.0,4.0,2.0,37.670356525285456,5.0,0.012658214477408409,0,,0,0,STRONG SELL,4.341176470588236,0,5,5
CSCO,2026-08-11,5.0,0.176720339907256,2.0,0,0,1.0,1.0,4.0,57.715759028559404,1.0,0.8611088823105184,0,,0,0,BUY,2.329411764705882,4,1,5
CSGP,2026-08-11,4.0,0.4242700921335913,4.0,0,0,5.0,3.0,4.0,57.48822814954207,5.0,0.06380049016758287,1,4.0,0,0,SELL,3.935294117647059,0,4,5
CSHR,2026-08-11,,,,0,0,,,4.0,55.41690189010009,4.0,0.24850895951472193,0,,0,0,,,0,1,1
CSIQ,2026-08-11,1.0,0.9363665287941458,4.0,0,0,3.0,,3.0,54.68849785772633,4.0,0.26609884946551055,0,,0,0,HOLD,2.6714285714285717,1,2,4
CSL,2026-08-11,4.0,0.30398294792634867,1.0,0,0,3.0,3.0,4.0,64.58557003095655,1.0,0.8051803730537753,0,,0,0,HOLD,2.6235294117647054,2,1,5
CSPI,2026-08-11,2.0,0.6118252853304753,5.0,0,0,4.0,3.0,3.0,45.32837968034044,5.0,0.027152185115129325,1,1.0,0,0,HOLD,3.252941176470589,1,3,5
CSQ,2026-08-11,,,1.0,0,0,2.0,,4.0,58.96457857928985,1.0,0.9635176483550044,0,,0,0,STRONG BUY,1.340909090909091,3,0,3
CSQR,2026-08-11,,,,0,0,,,3.0,49.28913090456269,,,0,,0,0,,,0,0,0
CSR,2026-08-11,3.0,0.4994580344858249,5.0,0,0,4.0,2.0,2.0,44.21550438118371,4.0,0.23671115271973336,0,,0,0,HOLD,3.4470588235294115,1,3,5
CSTE,2026-08-11,1.0,0.8606426980591791,1.0,0,0,1.0,,5.0,73.0968532459186,1.0,1.0,0,,0,0,STRONG BUY,1.0,4,0,4
CSTL,2026-08-11,3.0,0.4876481725450005,2.0,0,0,2.0,3.0,5.0,78.99345989196037,3.0,0.5887906758933599,0,,0,0,HOLD,2.7176470588235295,2,0,5
CSTM,2026-08-11,2.0,0.5919322696244629,3.0,0,0,1.0,1.0,3.0,51.82787924860379,2.0,0.7282183818954844,1,4.0,0,0,STRONG BUY,1.4529411764705882,4,0,5
CSV,2026-08-11,2.0,0.6421883981116909,5.0,0,0,5.0,3.0,2.0,31.574672565052566,5.0,0.0,0,,0,0,SELL,3.7294117647058824,1,3,5
CSW,2026-08-11,5.0,0.1682554814108675,1.0,1,0,2.0,4.0,4.0,69.87497537091875,1.0,1.0,1,1.0,0,0,HOLD,2.6294117647058823,3,2,5
CSWC,2026-08-11,2.0,0.6576301655647293,1.0,0,0,2.0,4.0,4.0,65.4101073362056,1.0,0.9784202255012604,1,1.0,0,0,STRONG BUY,1.7117647058823533,4,1,5
CSX,2026-08-11,4.0,0.28912195928875956,1.0,0,0,2.0,3.0,3.0,50.677137730536046,1.0,0.8537217135100043,1,1.0,0,0,BUY,2.147058823529412,3,1,5
CTAS,2026-08-11,5.0,0.15419406809788944,1.0,1,0,3.0,2.0,4.0,60.8887135519508,2.0,0.7117629310388764,0,,0,0,HOLD,2.988235294117647,3,1,5
CTBI,2026-08-11,2.0,0.629254881205303,1.0,0,0,2.0,1.0,4.0,63.159027130254884,1.0,0.9621428605354289,1,1.0,0,0,STRONG BUY,1.1823529411764706,5,0,5
CTEV,2026-08-11,1.0,0.8336705787130716,3.0,0,0,3.0,3.0,4.0,67.84609169137485,4.0,0.35569274418107427,1,4.0,0,0,BUY,2.323529411764706,1,1,5
CTGO,2026-08-11,3.0,0.542793509385937,3.0,0,0,4.0,2.0,4.0,67.4807853983935,4.0,0.26683632013852343,0,,0,0,HOLD,3.235294117647059,1,2,5
CTKB,2026-08-11,3.0,0.5018617363255877,2.0,0,0,3.0,4.0,4.0,62.52287578067819,3.0,0.5346534073837806,0,,0,0,HOLD,3.0705882352941183,1,1,5
CTMX,2026-08-11,4.0,0.40152810559603447,3.0,0,0,3.0,5.0,3.0,51.129081877003976,4.0,0.33266534722608104,0,,0,0,SELL,3.894117647058824,0,3,5
CTNM,2026-08-11,1.0,0.9643652561247216,1.0,0,0,2.0,4.0,3.0,51.14608995532153,1.0,0.8403615191821878,0,,0,0,STRONG BUY,1.7058823529411764,4,1,5
CTO,2026-08-11,3.0,0.45998648860488417,1.0,0,0,2.0,2.0,3.0,48.215637968705,1.0,0.8889561341613396,0,,0,0,BUY,1.9647058823529413,4,0,5
CTOS,2026-08-11,3.0,0.49605779537676403,2.0,0,0,1.0,3.0,3.0,51.626101268043655,1.0,0.8009048829994106,0,,0,0,BUY,2.0705882352941174,3,0,5
CTRE,2026-08-11,4.0,0.30060773300522337,2.0,0,0,3.0,3.0,2.0,34.70501315729828,2.0,0.6075221364135008,0,,0,0,HOLD,2.9647058823529413,2,1,5
CTRI,2026-08-11,3.0,0.5092960095749723,5.0,0,1,4.0,2.0,2.0,43.251712389231784,4.0,0.22559071900926028,0,,0,0,HOLD,3.4470588235294115,1,3,5
CTRM,2026-08-11,1.0,0.9796372892141266,4.0,0,0,4.0,,3.0,50.64756739342753,4.0,0.38144324575630356,0,,0,0,HOLD,2.885714285714286,1,3,4
CTRN,2026-08-11,3.0,0.43521632424307755,1.0,0,0,1.0,1.0,5.0,75.41128314364818,1.0,1.0,1,1.0,0,0,STRONG BUY,1.3117647058823527,4,0,5
CTS,2026-08-11,4.0,0.3865558133467922,2.0,0,0,2.0,1.0,3.0,52.0278340212374,1.0,0.8654766469752486,0,,0,0,BUY,2.1999999999999997,4,1,5
CTVA,2026-08-11,3.0,0.45142514740051953,2.0,0,0,3.0,2.0,2.0,35.36264077153008,3.0,0.5355468491770867,0,,0,0,HOLD,2.7176470588235295,2,0,5
CUBE,2026-08-11,4.0,0.30117324045747895,1.0,0,0,3.0,,3.0,47.48757816585306,1.0,0.830651491539433,0,,0,0,HOLD,2.542857142857143,2,1,4
CUBI,2026-08-11,2.0,0.7053702405305194,1.0,0,0,2.0,1.0,4.0,65.03214574424644,1.0,0.9822739453879851,0,,0,0,STRONG BUY,1.4823529411764707,5,0,5
CUE,2026-08-11,4.0,0.3383682493537515,1.0,0,0,2.0,3.0,3.0,51.93287976850936,2.0,0.7767715323084612,0,,0,0,HOLD,2.6823529411764704,3,1,5
CULP,2026-08-11,1.0,0.94484830478218,2.0,0,0,4.0,3.0,3.0,47.30975372643688,4.0,0.35323389339960026,1,3.0,0,0,BUY,2.3941176470588243,2,2,5
CURB,2026-08-11,4.0,0.3456543236766528,2.0,0,0,2.0,2.0,2.0,40.81643587142973,1.0,0.8017397887248041,0,,0,0,BUY,2.376470588235294,4,1,5
CURR,2026-08-11,4.0,0.29704573047349253,1.0,0,0,1.0,3.0,4.0,61.565998056539506,2.0,0.7333334140676737,0,,0,0,HOLD,2.5058823529411764,3,1,5
CURV,2026-08-11,1.0,0.9380817482800485,1.0,0,0,2.0,4.0,3.0,54.32502654603136,1.0,0.8318385898182369,0,,0,0,STRONG BUY,1.7058823529411764,4,1,5
CUZ,2026-08-11,3.0,0.49039432380664066,2.0,0,0,2.0,3.0,2.0,39.52579289057207,2.0,0.7604634189658933,0,,0,0,BUY,2.482352941176471,3,0,5
CV,2026-08-11,5.0,0.09519005742740913,4.0,0,0,1.0,4.0,3.0,46.70227163020374,4.0,0.2753223030567062,0,,0,0,SELL,3.776470588235294,1,4,5
CVBF,2026-08-11,2.0,0.6906518788421034,1.0,0,0,2.0,1.0,4.0,55.7729199849712,1.0,0.9126020245472893,0,,0,0,STRONG BUY,1.4823529411764707,5,0,5
CVCO,2026-08-11,4.0,0.4206722403974758,2.0,1,0,3.0,1.0,4.0,56.65052186601423,3.0,0.5780644064463445,0,,0,0,HOLD,2.847058823529412,2,1,5
CVE,2026-08-11,,,1.0,0,0,1.0,,4.0,59.92604537816477,1.0,0.9026587811334393,0,,0,0,STRONG BUY,1.0,3,0,3
CVEO,2026-08-11,2.0,0.6500829413276449,3.0,0,0,2.0,2.0,3.0,49.497575875584054,1.0,0.8098277495212154,0,,0,0,BUY,1.8705882352941179,4,0,5
CVGI,2026-08-11,1.0,0.8948253282612626,3.0,0,0,1.0,2.0,1.0,24.61767940163348,3.0,0.41691436378179214,0,,0,0,BUY,1.8588235294117648,3,0,5
CVI,2026-08-11,5.0,0.060057197330791234,1.0,0,0,2.0,1.0,3.0,53.07679258429945,2.0,0.6751467838874954,1,1.0,0,0,BUY,2.335294117647059,4,1,5
CVKD,2026-08-11,4.0,0.4059815462933503,5.0,0,0,5.0,5.0,2.0,37.2161600338834,5.0,0.0121654483809024,0,,0,0,STRONG SELL,4.694117647058824,0,5,5
CVLG,2026-08-11,5.0,0.060533841754051486,3.0,0,0,2.0,3.0,1.0,24.383266273274643,3.0,0.4809227203466958,0,,0,0,HOLD,3.4352941176470595,1,1,5
CVLT,2026-08-11,5.0,0.15217798121319576,1.0,0,0,3.0,3.0,4.0,55.05899591936417,3.0,0.5371370905641405,0,,0,0,HOLD,3.4,1,1,5
CVM,2026-08-11,3.0,0.5408845052497614,3.0,0,0,5.0,2.0,4.0,58.91306823031684,5.0,0.04556751908519008,0,,0,0,SELL,3.647058823529412,1,2,5
CVNA,2026-08-11,1.0,0.9051477597712108,4.0,0,0,3.0,3.0,4.0,57.563448399402155,4.0,0.39113452945120464,0,,0,0,HOLD,2.7294117647058824,1,2,5
CVR,2026-08-11,1.0,0.9009238462277944,4.0,0,0,4.0,3.0,3.0,50.44009965172294,4.0,0.2737971424906162,0,,0,0,HOLD,2.905882352941177,1,3,5
CVRX,2026-08-11,3.0,0.5066585736518555,5.0,0,0,5.0,4.0,1.0,28.819501782740502,5.0,0.02606635245133832,1,1.0,0,0,SELL,3.9117647058823533,0,4,5
CVS,2026-08-11,2.0,0.674131327003475,2.0,0,0,2.0,2.0,1.0,28.39962070312376,2.0,0.6463434029542605,0,,0,0,BUY,2.0,5,0,5
CVSA,2026-08-11,3.0,0.4816470517779358,2.0,0,0,2.0,3.0,3.0,50.438666859111294,3.0,0.5684437253295913,1,1.0,0,0,BUY,2.4176470588235297,2,0,5
CVU,2026-08-11,3.0,0.5772821950561998,2.0,0,0,1.0,5.0,4.0,61.5590726216527,1.0,0.9534884140000228,0,,0,0,BUY,2.423529411764706,3,1,5
CVV,2026-08-11,3.0,0.5106955169831815,1.0,0,0,1.0,3.0,3.0,53.94273097398013,1.0,0.8942190302194042,0,,0,0,BUY,1.964705882352941,3,0,5
CVX,2026-08-11,4.0,0.35605338417540516,1.0,0,0,2.0,2.0,4.0,60.866556536168446,1.0,0.80331572830361,0,,0,0,BUY,2.270588235294118,4,1,5
CW,2026-08-11,5.0,0.181814766558869,3.0,0,0,2.0,1.0,2.0,43.58130299063448,2.0,0.7182670050346142,0,,0,0,HOLD,2.847058823529412,3,1,5
CWBC,2026-08-11,1.0,0.9496237855649817,2.0,0,0,2.0,1.0,3.0,46.603802806882975,2.0,0.7337941814506286,1,6.0,0,0,STRONG BUY,1.217647058823529,5,0,5
CWCO,2026-08-11,3.0,0.4270896520003522,3.0,0,0,4.0,3.0,5.0,72.21419624404531,4.0,0.38837478162267963,1,1.0,0,0,HOLD,3.111764705882353,0,2,5
CWEN,2026-08-11,4.0,0.2988708897835007,5.0,0,1,3.0,4.0,4.0,58.6068821306791,3.0,0.5367527086537675,0,,0,0,SELL,3.6941176470588233,0,3,5
CWH,2026-08-11,1.0,0.9842707340324118,5.0,0,0,5.0,4.0,3.0,48.39584956479333,5.0,0.05908927448529307,0,,0,0,SELL,3.5999999999999996,1,4,5
CWK,2026-08-11,2.0,0.6838934491083889,3.0,0,0,4.0,3.0,3.0,51.930255987659685,4.0,0.338888838850427,0,,0,0,HOLD,3.1058823529411765,1,2,5
CWT,2026-08-11,4.0,0.4041965087444591,1.0,0,0,3.0,3.0,3.0,53.31956576164882,1.0,0.8114798337361595,0,,0,0,HOLD,2.6235294117647054,2,1,5
CX,2026-08-11,,,4.0,0,0,3.0,,2.0,32.00788414796982,3.0,0.5426010186603502,0,,0,0,HOLD,3.2045454545454555,0,1,3
CXDO,2026-08-11,4.0,0.4067913826768191,4.0,0,0,3.0,2.0,2.0,39.073179754730916,5.0,0.164271074169126,0,,0,0,SELL,3.7058823529411766,1,3,5
CXM,2026-08-11,1.0,0.8730061177795599,2.0,0,0,3.0,2.0,4.0,69.0713436399915,3.0,0.507672566276709,0,,0,0,BUY,2.1058823529411765,3,0,5
CXT,2026-08-11,3.0,0.5314002915532091,2.0,0,0,4.0,3.0,3.0,50.35953528591976,3.0,0.4790023636870372,0,,0,0,HOLD,3.0705882352941174,1,1,5
CXW,2026-08-11,3.0,0.5218817547452083,1.0,0,0,1.0,1.0,5.0,73.22124972352243,1.0,1.0,0,,0,0,STRONG BUY,1.6117647058823528,4,0,5
CYCN,2026-08-11,4.0,0.32583817174884694,1.0,0,0,1.0,5.0,3.0,54.91890968666688,3.0,0.4698112937214965,0,,0,0,HOLD,3.0941176470588236,2,2,5
CYD,2026-08-11,,,3.0,0,0,3.0,,3.0,49.55140279427837,2.0,0.6134504887177368,0,,0,0,HOLD,2.545454545454546,1,0,3
CYH,2026-08-11,1.0,0.9875160942235581,5.0,0,0,4.0,1.0,2.0,43.22932442238039,4.0,0.21428565346464198,0,,0,0,HOLD,2.6588235294117646,2,3,5
CYN,2026-08-11,3.0,0.5360878421782929,4.0,0,0,5.0,4.0,4.0,56.852915677935364,5.0,0.04054054518468139,0,,0,0,SELL,4.105882352941177,0,4,5
CYRX,2026-08-11,3.0,0.5491345381393509,2.0,0,0,1.0,3.0,3.0,45.25415365933916,1.0,0.8135593631287414,0,,0,0,BUY,2.0705882352941174,3,0,5
CYTK,2026-08-11,5.0,0.05827600161877782,2.0,0,0,1.0,4.0,2.0,43.15584235301697,1.0,0.8040903465429546,0,,0,0,HOLD,2.8588235294117648,3,2,5
CZFS,2026-08-11,1.0,0.8603431839847474,1.0,0,0,2.0,2.0,4.0,63.730384338654034,1.0,0.9485530394853242,1,2.0,0,0,STRONG BUY,1.0529411764705885,5,0,5
CZNC,2026-08-11,2.0,0.6782789763382305,1.0,0,0,2.0,3.0,5.0,73.3821936765996,1.0,1.0,1,2.0,0,0,STRONG BUY,1.535294117647059,4,0,5
CZR,2026-08-11,2.0,0.6969416294605896,1.0,0,0,2.0,2.0,3.0,48.28545444880629,1.0,0.949877771134961,0,,0,0,STRONG BUY,1.6588235294117648,5,0,5
CZWI,2026-08-11,2.0,0.7617988948555623,2.0,0,0,2.0,1.0,2.0,35.168388935124696,2.0,0.6364448006784996,0,,0,0,BUY,1.8235294117647056,5,0,5
D,2026-08-11,3.0,0.47794257526774786,2.0,0,0,3.0,2.0,2.0,43.387465932601636,2.0,0.7596977035102809,0,,0,0,BUY,2.482352941176471,3,0,5
DAC,2026-08-11,1.0,0.881641743557111,1.0,0,0,2.0,,3.0,50.558760830179175,1.0,0.8742295721607682,0,,0,0,STRONG BUY,1.2142857142857144,4,0,4
DAIO,2026-08-11,3.0,0.5470170596007403,4.0,0,0,4.0,4.0,2.0,40.34004023168447,4.0,0.392344437021908,0,,0,0,SELL,3.6941176470588237,0,4,5
DAKT,2026-08-11,3.0,0.4704480457578646,2.0,0,0,3.0,1.0,4.0,58.42868265424437,3.0,0.4461733034060853,0,,0,0,HOLD,2.5411764705882356,2,0,5
DAL,2026-08-11,1.0,0.8226882745471877,1.0,0,0,1.0,1.0,4.0,55.99114894468846,1.0,0.9312654675581505,0,,0,0,STRONG BUY,1.0,5,0,5
DAN,2026-08-11,2.0,0.6469526239920713,3.0,0,1,3.0,2.0,4.0,62.84510412107961,3.0,0.5948072427359992,0,,0,0,HOLD,2.51764705882353,2,0,5
DAR,2026-08-11,5.0,0.046234509056244044,1.0,0,0,1.0,1.0,4.0,56.50210911503462,1.0,0.9327636174788576,0,,0,0,BUY,2.223529411764706,4,1,5
DARE,2026-08-11,5.0,0.08504493137669548,5.0,0,1,4.0,4.0,2.0,43.42401021157572,5.0,0.12322274345997221,0,,0,0,STRONG SELL,4.647058823529412,0,5,5
DASH,2026-08-11,5.0,0.07387988560533841,2.0,0,0,3.0,2.0,4.0,66.74085170603053,3.0,0.5027749004294456,0,,0,0,HOLD,3.3294117647058825,2,1,5
DB,2026-08-11,,,1.0,1,0,3.0,,4.0,64.9003353927151,1.0,0.9435867377956559,0,,0,0,STRONG BUY,1.6818181818181817,2,0,3
DBD,2026-08-11,3.0,0.5855532262729377,4.0,0,0,3.0,2.0,2.0,35.82756029884952,3.0,0.47838221076240534,0,,0,0,HOLD,2.929411764705882,1,1,5
DBGI,2026-08-11,5.0,0.05816999970547805,2.0,0,0,1.0,4.0,4.0,59.89527440030796,2.0,0.721410538499064,0,,0,0,HOLD,3.094117647058824,3,2,5
DBI,2026-08-11,,,2.0,0,0,2.0,3.0,4.0,55.81402250911722,3.0,0.591820148570241,0,,0,0,HOLD,2.593220338983051,2,0,4
DBL,2026-08-11,,,5.0,0,0,4.0,,4.0,64.49404420556766,3.0,0.548381977703316,0,,0,0,SELL,3.750000000000001,0,2,3
DBRG,2026-08-11,4.0,0.2869399428026692,1.0,0,0,2.0,2.0,4.0,64.33819051444837,1.0,0.9992635022365394,0,,0,0,BUY,2.270588235294118,4,1,5
DC,2026-08-11,4.0,0.27616926503340755,2.0,0,0,2.0,3.0,5.0,78.11538979689536,2.0,0.7738461127647986,0,,0,0,HOLD,2.7882352941176474,3,1,5
DCBO,2026-08-11,,,2.0,0,0,3.0,,4.0,66.17249485348914,3.0,0.4725713744805813,0,,0,0,HOLD,2.795454545454546,1,0,3
DCH,2026-08-11,1.0,0.8342117259749329,3.0,0,0,3.0,4.0,4.0,68.8582214384974,3.0,0.45396411452677754,1,1.0,0,0,BUY,2.2647058823529416,1,1,5
DCI,2026-08-11,4.0,0.323164918970448,2.0,0,0,3.0,2.0,4.0,63.42605512273711,2.0,0.6727040268943506,0,,0,0,HOLD,2.7882352941176474,3,1,5
DCO,2026-08-11,4.0,0.34303004116689484,1.0,0,0,1.0,4.0,4.0,62.46311501333105,1.0,0.9519338210221677,0,,0,0,BUY,2.4470588235294115,3,2,5
DCOM,2026-08-11,3.0,0.4442549545557885,1.0,0,0,2.0,1.0,3.0,52.87246431390608,1.0,0.9281789702903408,0,,0,0,BUY,1.7882352941176471,4,0,5
DCOY,2026-08-11,1.0,0.9099586382437161,5.0,0,0,5.0,3.0,2.0,35.5779665431414,5.0,0.0006080253739224494,0,,0,0,HOLD,3.423529411764706,1,3,5
DCTH,2026-08-11,5.0,0.2240637458358434,1.0,0,0,1.0,2.0,5.0,76.97600029605549,1.0,1.0,1,2.0,0,0,BUY,2.1,4,1,5
DD,2026-08-11,5.0,0.16048687869594272,2.0,0,0,3.0,3.0,4.0,56.992429745039914,1.0,0.858466928607725,0,,0,0,HOLD,3.035294117647059,2,1,5
DDD,2026-08-11,2.0,0.6111665801497034,2.0,0,0,1.0,3.0,5.0,71.21335727084588,1.0,0.9482075028747994,0,,0,0,BUY,1.764705882352941,4,0,5
DDI,2026-08-11,1.0,0.9799554565701559,1.0,0,0,2.0,,5.0,76.36045890198108,1.0,1.0,0,,0,0,STRONG BUY,1.2142857142857144,4,0,4
DDS,2026-08-11,2.0,0.6182078169685414,2.0,0,0,3.0,3.0,5.0,70.34582029592349,2.0,0.7827686668944808,0,,0,0,BUY,2.3529411764705883,3,0,5
DDT,2026-08-11,1.0,0.9957102001906578,1.0,0,0,3.0,3.0,4.0,59.77124339493586,1.0,0.9497153541934591,0,,0,0,STRONG BUY,1.7058823529411764,3,0,5
DE,2026-08-11,4.0,0.2966972394666937,1.0,0,0,3.0,3.0,3.0,53.973449422292084,1.0,0.8119661664958799,0,,0,0,HOLD,2.6235294117647054,2,1,5
DEA,2026-08-11,3.0,0.564193008594201,2.0,0,0,3.0,2.0,2.0,43.3657628134516,2.0,0.7917887065873543,0,,0,0,BUY,2.482352941176471,3,0,5
DEC,2026-08-11,1.0,0.8171239753571441,3.0,0,0,3.0,2.0,4.0,64.3726426169269,3.0,0.4605929261974502,0,,0,0,BUY,2.211764705882353,2,0,5
DECK,2026-08-11,4.0,0.42239422352113715,4.0,0,0,4.0,2.0,2.0,35.54488568645297,4.0,0.31114945582319475,0,,0,0,SELL,3.6470588235294112,1,4,5
DEI,2026-08-11,2.0,0.5932757079299162,2.0,0,0,3.0,3.0,2.0,40.17418579364649,4.0,0.37124588459302305,1,1.0,0,0,HOLD,2.5235294117647062,2,1,5
DELL,2026-08-11,3.0,0.42589378360160884,1.0,0,0,1.0,2.0,3.0,53.271168117850365,1.0,0.920106584096814,0,,0,0,BUY,1.7882352941176471,4,0,5
DEO,2026-08-11,,,2.0,0,0,4.0,,4.0,67.70594916731342,3.0,0.584419257713289,0,,0,0,HOLD,3.136363636363637,1,1,3
DERM,2026-08-11,3.0,0.5733379115809488,4.0,0,0,4.0,4.0,3.0,46.679138785876624,3.0,0.41889113142678774,0,,0,0,HOLD,3.458823529411765,0,3,5
DETX,2026-08-11,,,,0,0,,,4.0,57.023076096179864,4.0,0.2555555722350443,0,,0,0,,,0,1,1
DFDV,2026-08-11,5.0,0.20075976032452908,5.0,0,0,5.0,5.0,3.0,46.50601466809823,5.0,0.016910933950537336,0,,0,0,STRONG SELL,5.0,0,5,5
DFH,2026-08-11,1.0,0.9370829361296473,5.0,0,0,5.0,5.0,3.0,47.66858303613993,5.0,0.10097723141409398,0,,0,0,SELL,3.776470588235294,1,4,5
DFIN,2026-08-11,3.0,0.4648572037306595,2.0,0,0,3.0,2.0,3.0,51.22914707659699,3.0,0.515122768893343,0,,0,0,HOLD,2.7176470588235295,2,0,5
DFLI,2026-08-11,2.0,0.5917875799376499,5.0,0,0,5.0,3.0,2.0,40.82343876759612,5.0,0.008625334762002519,0,,0,0,SELL,3.7294117647058824,1,3,5
DFNS,2026-08-11,5.0,0.1630665059734604,1.0,1,0,1.0,3.0,3.0,54.1935205737557,3.0,0.41433750759118054,0,,0,0,HOLD,3.0470588235294116,2,1,5
DFSC,2026-08-11,,,5.0,0,1,5.0,,2.0,32.422504768003705,5.0,0.018564338906584057,0,,0,0,STRONG SELL,5.0,0,3,3
DFTX,2026-08-11,5.0,0.20139993636652878,1.0,0,0,1.0,5.0,3.0,46.924541005079064,1.0,0.8196865802553076,0,,0,0,HOLD,2.929411764705882,3,2,5
DG,2026-08-11,2.0,0.5971006498410312,3.0,0,0,4.0,2.0,3.0,45.39773875140457,3.0,0.421709582470736,0,,0,0,HOLD,2.6941176470588237,2,1,5
DGII,2026-08-11,5.0,0.10724499523355577,1.0,0,0,1.0,3.0,5.0,74.3734010111372,1.0,1.0,0,,0,0,HOLD,2.5764705882352934,3,1,5
DGNX,2026-08-11,,,3.0,0,0,5.0,,4.0,59.18835471033718,5.0,0.0031737722288289324,0,,0,0,STRONG SELL,4.590909090909092,0,2,3
DGP,2026-08-11,,,4.0,0,0,3.0,,4.0,64.29073875952736,4.0,0.3660525742634807,0,,0,0,SELL,3.659090909090909,0,2,3
DGX,2026-08-11,4.0,0.3956148713060057,1.0,0,0,2.0,1.0,5.0,73.51000661714718,1.0,0.9961336343406064,0,,0,0,BUY,2.0941176470588236,4,1,5
DGXX,2026-08-11,4.0,0.37102788725429364,4.0,0,0,1.0,3.0,2.0,42.00130769122742,4.0,0.2922374340572591,0,,0,0,HOLD,3.2941176470588234,1,3,5
DGZ,2026-08-11,,,4.0,0,0,4.0,,2.0,43.5817460774159,4.0,0.33463037979427723,0,,0,0,SELL,4.0,0,3,3
DHC,2026-08-11,2.0,0.6872281997434405,2.0,0,0,1.0,3.0,2.0,36.6378368969767,2.0,0.781468210443128,0,,0,0,BUY,2.0,4,0,5
DHF,2026-08-11,,,5.0,0,0,4.0,,3.0,54.376844586886534,2.0,0.6152367737430481,0,,0,0,HOLD,3.295454545454546,1,2,3
DHI,2026-08-11,2.0,0.6494778797982046,3.0,1,0,4.0,3.0,3.0,51.94686979549988,4.0,0.37165944719597543,0,,0,0,HOLD,3.1058823529411765,1,2,5
DHR,2026-08-11,4.0,0.3409152361526475,2.0,0,0,4.0,3.0,4.0,62.90839015893323,3.0,0.5860184617984411,0,,0,0,HOLD,3.376470588235295,1,2,5
DHT,2026-08-11,,,1.0,0,0,1.0,,3.0,50.07416760331099,1.0,0.8160870800469261,0,,0,0,STRONG BUY,1.0,3,0,3
DHX,2026-08-11,2.0,0.6286987214110795,2.0,0,0,1.0,3.0,2.0,44.360276330648546,1.0,0.8339483242253332,0,,0,0,BUY,1.764705882352941,4,0,5
DHY,2026-08-11,,,4.0,0,0,4.0,,3.0,54.00316535423821,4.0,0.24546031214265082,0,,0,0,SELL,4.0,0,3,3
DIBS,2026-08-11,3.0,0.5593011630608618,3.0,0,0,3.0,3.0,3.0,49.90398505271583,3.0,0.5128866167843367,0,,0,0,HOLD,3.0000000000000004,0,0,5
DIN,2026-08-11,2.0,0.7197736160857104,1.0,0,0,2.0,2.0,3.0,54.66599351009368,1.0,0.8654500835421888,1,1.0,0,0,STRONG BUY,1.3588235294117648,5,0,5
DINO,2026-08-11,2.0,0.6255410687490585,1.0,0,0,1.0,2.0,3.0,54.89721141332477,1.0,0.8788381407197267,0,,0,0,STRONG BUY,1.4823529411764707,5,0,5
DIOD,2026-08-11,4.0,0.40902638047863266,2.0,0,0,1.0,2.0,4.0,57.82949909596235,2.0,0.7419154277836543,0,,0,0,BUY,2.4352941176470586,4,1,5
DIS,2026-08-11,3.0,0.5795003866768061,4.0,0,0,4.0,1.0,4.0,61.353769564441855,3.0,0.45872336700058075,1,1.0,0,0,HOLD,2.6294117647058823,1,2,5
DJCO,2026-08-11,2.0,0.5907825369444669,2.0,0,0,3.0,1.0,2.0,40.433310384182334,2.0,0.6271409709489328,0,,0,0,BUY,2.0,4,0,5
DJP,2026-08-11,,,1.0,0,0,2.0,,4.0,61.111943062841256,1.0,0.826279182382522,0,,0,0,STRONG BUY,1.340909090909091,3,0,3
DJT,2026-08-11,4.0,0.2549422054491178,3.0,0,0,5.0,4.0,3.0,45.14141934303223,5.0,0.1647727047741528,0,,0,0,STRONG SELL,4.305882352941177,0,4,5
DK,2026-08-11,,,1.0,0,0,1.0,4.0,4.0,57.45406898812818,1.0,0.9173667007196209,0,,0,0,BUY,1.7627118644067798,3,1,4
DKS,2026-08-11,3.0,0.5319351763584366,4.0,0,0,3.0,4.0,3.0,46.24118830277451,4.0,0.3707559705083678,0,,0,0,SELL,3.51764705882353,0,3,5
DLB,2026-08-11,3.0,0.4599618684461392,2.0,0,0,4.0,2.0,5.0,74.06749143714458,3.0,0.5075452262401172,0,,0,0,HOLD,2.8941176470588235,2,1,5
DLHC,2026-08-11,2.0,0.696129109772287,5.0,0,0,4.0,,2.0,36.89499210559905,5.0,0.0,1,1.0,0,0,HOLD,3.3714285714285723,1,3,4
DLPN,2026-08-11,2.0,0.7304729754363212,5.0,0,0,4.0,3.0,3.0,47.769265220323994,5.0,0.07500007078050934,1,1.0,0,0,HOLD,3.252941176470589,1,3,5
DLR,2026-08-11,4.0,0.28760447901507025,1.0,0,0,3.0,1.0,3.0,54.63006563611045,1.0,0.804436996972128,0,,0,0,BUY,2.2705882352941176,3,1,5
DLTR,2026-08-11,3.0,0.43105176433323056,1.0,1,0,3.0,1.0,3.0,54.70452688371507,2.0,0.759480000516142,0,,0,0,BUY,2.2,3,0,5
DLX,2026-08-11,2.0,0.6658176567454356,4.0,0,0,3.0,2.0,2.0,40.29813135379348,3.0,0.49183379214062706,0,,0,0,HOLD,2.623529411764706,2,1,5
DLY,2026-08-11,,,3.0,0,0,3.0,,4.0,67.6605010232141,1.0,0.9129967170299494,0,,0,0,BUY,2.090909090909091,1,0,3
DMA,2026-08-11,,,3.0,0,0,4.0,,4.0,58.81032633971539,3.0,0.5671456967219726,1,1.0,0,0,HOLD,3.040909090909092,0,1,3
DMAC,2026-08-11,5.0,0.11708558701877186,3.0,0,0,3.0,4.0,4.0,57.53529995158063,3.0,0.525987523720416,0,,0,0,SELL,3.7882352941176474,0,2,5
DMB,2026-08-11,,,4.0,0,0,3.0,,2.0,40.10954146150426,2.0,0.7182597552870524,0,,0,0,HOLD,2.7500000000000004,1,1,3
DMC,2026-08-11,1.0,0.8543811597370898,3.0,0,0,4.0,1.0,4.0,60.573097724228994,4.0,0.24242416385375917,0,,0,0,BUY,2.447058823529412,2,2,5
DMO,2026-08-11,,,5.0,0,0,4.0,,3.0,53.66343724204609,3.0,0.5571250293710676,0,,0,0,SELL,3.750000000000001,0,2,3
DMRA,2026-08-11,3.0,0.46370340637398527,1.0,0,0,1.0,4.0,3.0,54.46606108049399,1.0,0.8688213098952656,0,,0,0,BUY,2.1411764705882352,3,1,5
DMRC,2026-08-11,,,3.0,0,0,3.0,,3.0,54.50188405740647,4.0,0.27257662925121356,0,,0,0,HOLD,3.454545454545455,0,1,3
DNA,2026-08-11,2.0,0.616834054605474,4.0,1,0,5.0,4.0,2.0,40.31114218120143,5.0,0.19136961372475195,0,,0,0,SELL,3.8000000000000003,1,4,5
DNLI,2026-08-11,4.0,0.2532612153993,1.0,0,0,1.0,4.0,4.0,57.60543022414862,1.0,0.8464730668110236,0,,0,0,BUY,2.4470588235294115,3,2,5
DNN,2026-08-11,,,3.0,0,0,3.0,,4.0,60.89674849898461,3.0,0.5693878125965687,0,,0,0,HOLD,3.0000000000000004,0,0,3
DNOW,2026-08-11,2.0,0.6815033710464227,1.0,1,0,3.0,4.0,5.0,76.77072788667441,1.0,0.9521736556055391,0,,0,0,BUY,2.1882352941176473,3,1,5
DNP,2026-08-11,,,1.0,0,0,3.0,,3.0,54.201927741821365,1.0,0.9214354118334653,0,,0,0,STRONG BUY,1.6818181818181817,2,0,3
DNTH,2026-08-11,5.0,0.13247189076752858,1.0,0,0,1.0,5.0,4.0,56.890881237894504,1.0,0.963413330078125,0,,0,0,HOLD,2.929411764705882,3,2,5
DNUT,2026-08-11,1.0,0.8609957686872536,5.0,0,0,3.0,3.0,2.0,42.54477650936886,5.0,0.1095505407280608,0,,0,0,HOLD,3.0705882352941183,1,2,5
DOC,2026-08-11,4.0,0.3094331663996922,2.0,0,0,2.0,2.0,2.0,38.23940920758613,2.0,0.7166679691176797,0,,0,0,HOLD,2.6117647058823534,4,1,5
DOCN,2026-08-11,5.0,0.12993770007142583,3.0,0,0,1.0,1.0,3.0,47.27282571214864,2.0,0.6261781064953753,0,,0,0,HOLD,2.670588235294118,3,1,5
DOCS,2026-08-11,4.0,0.2686069527229021,3.0,0,0,4.0,3.0,4.0,65.45617958208652,5.0,0.1402556448215754,0,,0,0,SELL,3.9529411764705884,0,3,5
DOCU,2026-08-11,4.0,0.2892753336003125,2.0,0,0,3.0,2.0,4.0,65.05816245156356,3.0,0.40453072436035925,0,,0,0,HOLD,3.023529411764706,2,1,5
DOLE,2026-08-11,1.0,0.8186986538952503,5.0,0,0,4.0,2.0,2.0,31.233449945824873,5.0,0.11194290185281845,0,,0,0,HOLD,3.070588235294117,2,3,5
DOMH,2026-08-11,3.0,0.5590713648131788,4.0,0,0,4.0,3.0,4.0,65.43277505390594,4.0,0.24711475380811584,0,,0,0,SELL,3.5176470588235293,0,3,5
DOO,2026-08-11,,,3.0,0,0,3.0,,4.0,62.121430862328445,3.0,0.47071034823558083,0,,0,0,HOLD,3.0000000000000004,0,0,3
DORM,2026-08-11,3.0,0.5122594263034984,1.0,0,0,4.0,1.0,3.0,47.837498958407785,3.0,0.5056196102334011,0,,0,0,HOLD,2.6117647058823525,2,1,5
DOUG,2026-08-11,1.0,0.8366053246638484,4.0,0,0,4.0,3.0,5.0,70.2072540840528,4.0,0.3193549285198005,0,,0,0,HOLD,2.905882352941177,1,3,5
DOV,2026-08-11,4.0,0.4075309818875119,3.0,0,0,3.0,3.0,3.0,48.086576812050005,2.0,0.6750986714983497,0,,0,0,HOLD,3.0705882352941174,1,1,5
DOW,2026-08-11,,,3.0,0,1,3.0,4.0,4.0,55.669355584661936,3.0,0.5272685752686939,0,,0,0,HOLD,3.2542372881355934,0,1,4
DOX,2026-08-11,3.0,0.5396118358256443,4.0,0,0,4.0,,4.0,59.54685471668047,4.0,0.2332170392791026,0,,0,0,SELL,3.628571428571429,0,3,4
DPC,2026-08-11,5.0,0.11167674196627426,,0,0,,,4.0,59.592564762986584,,,0,,0,0,,,0,1,1
DPG,2026-08-11,,,2.0,0,0,3.0,,3.0,46.64242674498495,1.0,0.8589289656977924,0,,0,0,BUY,1.8863636363636362,2,0,3
DPRO,2026-08-11,,,5.0,0,0,4.0,,3.0,47.260076084098344,5.0,0.06619860104019845,0,,0,0,STRONG SELL,4.659090909090909,0,3,3
DPZ,2026-08-11,3.0,0.5234513587497717,3.0,0,0,4.0,1.0,4.0,61.1172571375828,3.0,0.4327629663351669,0,,0,0,HOLD,2.823529411764706,1,1,5
DRDB,2026-08-11,,,1.0,0,0,3.0,4.0,4.0,69.55526388887286,1.0,0.9905013947500179,0,,0,0,BUY,2.2711864406779663,2,1,4
DRH,2026-08-11,3.0,0.5449130179509037,2.0,0,0,2.0,1.0,2.0,39.58102653602159,2.0,0.7828791577974853,0,,0,0,BUY,2.1294117647058823,4,0,5
DRI,2026-08-11,4.0,0.3563180941667458,2.0,0,0,3.0,2.0,4.0,66.68746358627843,1.0,1.0,0,,0,0,HOLD,2.552941176470588,3,1,5
DRIO,2026-08-11,1.0,0.8108209964798858,3.0,0,0,5.0,4.0,4.0,59.5915767505702,5.0,0.17869723394167006,0,,0,0,HOLD,3.388235294117647,1,3,5
DRMA,2026-08-11,2.0,0.6901049952274897,5.0,0,0,5.0,4.0,2.0,38.05646400461376,5.0,0.0027932933610017273,1,1.0,0,0,SELL,3.605882352941177,1,4,5
DRS,2026-08-11,4.0,0.3400724108983571,2.0,0,0,3.0,2.0,2.0,44.046770760112075,2.0,0.6826875459165169,0,,0,0,HOLD,2.7882352941176474,3,1,5
DRTS,2026-08-11,5.0,0.07063315303849825,1.0,0,0,1.0,,4.0,63.47627035786996,1.0,1.0,0,,0,0,BUY,2.4857142857142858,3,1,4
DRUG,2026-08-11,,,2.0,0,0,2.0,,4.0,60.8979161008197,2.0,0.724381910410501,0,,0,0,BUY,2.0,3,0,3
DRVN,2026-08-11,2.0,0.6017750375686892,4.0,0,0,5.0,2.0,2.0,35.01785136013852,4.0,0.23007861338520066,0,,0,0,HOLD,3.211764705882353,2,3,5
DSGN,2026-08-11,4.0,0.26789691377664654,2.0,0,0,1.0,5.0,4.0,65.77119912621632,1.0,0.8867727626453746,0,,0,0,HOLD,2.7294117647058824,3,2,5
DSGR,2026-08-11,3.0,0.5265752235962837,1.0,0,0,3.0,2.0,5.0,84.20965386063948,1.0,1.0,1,1.0,0,0,BUY,1.8411764705882352,3,0,5
DSGX,2026-08-11,4.0,0.2844416162901686,2.0,0,0,3.0,,4.0,61.55868029879294,4.0,0.3694684770459908,0,,0,0,SELL,3.528571428571429,1,2,4
DSL,2026-08-11,,,5.0,0,0,4.0,,3.0,51.109328232244984,3.0,0.4938285407293802,0,,0,0,SELL,3.750000000000001,0,2,3
DSM,2026-08-11,,,5.0,0,1,3.0,,2.0,39.150342504235034,2.0,0.6625888643703205,0,,0,0,HOLD,2.9545454545454546,1,1,3
DSP,2026-08-11,5.0,0.25166825548141086,2.0,0,0,2.0,2.0,4.0,60.83401400876144,1.0,0.9025210181010597,0,,0,0,HOLD,2.682352941176471,4,1,5
DSU,2026-08-11,,,5.0,0,0,3.0,,3.0,54.23298817644711,2.0,0.7336418023841558,0,,0,0,HOLD,2.9545454545454546,1,1,3
DSWL,2026-08-11,1.0,0.9207763283487114,4.0,0,0,3.0,,2.0,38.54208575616214,3.0,0.41605297004512715,0,,0,0,BUY,2.3857142857142857,1,1,4
DSX,2026-08-11,1.0,0.9058224626153357,1.0,0,0,3.0,,4.0,55.2257205116185,2.0,0.6232286313894471,0,,0,0,STRONG BUY,1.7142857142857144,3,0,4
DT,2026-08-11,5.0,0.2123013442555168,1.0,0,0,2.0,2.0,4.0,65.14420639026582,1.0,0.9327595486960774,1,1.0,0,0,BUY,2.2764705882352945,4,1,5
DTCX,2026-08-11,3.0,0.5403377358446548,5.0,0,0,5.0,3.0,3.0,49.72998949635716,5.0,0.036713293198705754,1,1.0,0,0,SELL,3.7352941176470598,0,3,5
DTE,2026-08-11,3.0,0.48994476658025515,4.0,0,0,3.0,3.0,2.0,32.75212269469948,3.0,0.42259736507646206,0,,0,0,HOLD,3.1058823529411765,0,1,5
DTF,2026-08-11,,,1.0,0,0,3.0,,4.0,56.14340733765922,1.0,0.955521778167396,0,,0,0,STRONG BUY,1.6818181818181817,2,0,3
DTI,2026-08-11,1.0,0.8606180212847873,4.0,0,0,4.0,3.0,4.0,57.00834184950439,4.0,0.2201493247682936,0,,0,0,HOLD,2.905882352941177,1,3,5
DTIL,2026-08-11,4.0,0.2868942603263536,1.0,0,0,1.0,5.0,3.0,52.53499085673771,2.0,0.7040280841229296,0,,0,0,HOLD,2.8588235294117643,3,2,5
DTM,2026-08-11,4.0,0.30871801457954356,3.0,0,0,3.0,1.0,2.0,40.408093116334925,2.0,0.7014129054392466,1,1.0,0,0,BUY,2.4176470588235297,2,1,5
DTST,2026-08-11,2.0,0.6706423166415236,4.0,0,0,5.0,4.0,3.0,54.30235921175508,4.0,0.2126697154759887,0,,0,0,SELL,3.5647058823529414,1,4,5
DUK,2026-08-11,3.0,0.5649460523187945,3.0,0,0,3.0,2.0,2.0,43.47200176494752,3.0,0.5499940465334999,0,,0,0,HOLD,2.823529411764706,1,0,5
DUKR,2026-08-11,5.0,0.10967219749089438,3.0,0,0,1.0,3.0,3.0,46.1615506458055,3.0,0.42304525601070275,0,,0,0,HOLD,3.2588235294117647,1,1,5
DUOT,2026-08-11,4.0,0.3449614333751916,4.0,0,0,3.0,3.0,3.0,47.14863183487126,4.0,0.322916649419953,0,,0,0,SELL,3.647058823529412,0,3,5
DV,2026-08-11,3.0,0.47415078730948995,1.0,1,0,3.0,2.0,4.0,69.42132501999606,2.0,0.6057441067975682,0,,0,0,BUY,2.376470588235294,3,0,5
DVA,2026-08-11,2.0,0.7300028647265591,2.0,0,0,2.0,1.0,1.0,23.016860594730872,3.0,0.5570435660175235,0,,0,0,BUY,2.058823529411765,4,0,5
DVN,2026-08-11,1.0,0.853670162059104,1.0,0,0,2.0,2.0,4.0,57.278640364070725,2.0,0.694547968225338,0,,0,0,STRONG BUY,1.5882352941176472,5,0,5
DWSN,2026-08-11,3.0,0.4577326428442268,3.0,0,0,1.0,3.0,3.0,47.327749412925925,3.0,0.5143311960449852,0,,0,0,HOLD,2.6470588235294117,1,0,5
DWTX,2026-08-11,1.0,0.8568246897868279,3.0,0,0,5.0,5.0,4.0,62.40986359493798,5.0,0.06697107313021994,0,,0,0,SELL,3.564705882352941,1,3,5
DX,2026-08-11,1.0,0.9613918017159199,5.0,0,0,3.0,3.0,3.0,53.23915798659337,2.0,0.778410232909642,1,1.0,0,0,BUY,2.064705882352941,2,1,5
DXC,2026-08-11,5.0,0.06911344137273594,3.0,0,0,4.0,1.0,4.0,56.56743906752999,4.0,0.35159498391121013,0,,0,0,SELL,3.670588235294118,1,3,5
DXCM,2026-08-11,5.0,0.1750262753353866,1.0,0,0,2.0,1.0,4.0,69.57885551677002,1.0,1.0,0,,0,0,BUY,2.4,4,1,5
DXPE,2026-08-11,4.0,0.4000497125385578,1.0,0,0,1.0,2.0,4.0,66.01885107152236,1.0,0.9675186066348644,1,1.0,0,0,BUY,1.7941176470588236,4,1,5
DXYZ,2026-08-11,,,5.0,0,1,4.0,,4.0,56.63194461485746,5.0,0.13704879211336657,0,,0,0,STRONG SELL,4.659090909090909,0,3,3
DY,2026-08-11,4.0,0.3386952094517942,3.0,0,0,3.0,4.0,2.0,44.61857807921901,3.0,0.542705868630302,0,,0,0,HOLD,3.4823529411764707,0,2,5
DYAI,2026-08-11,5.0,0.18737353298259815,1.0,1,0,2.0,5.0,3.0,48.57756882188455,3.0,0.4430379173805706,0,,0,0,SELL,3.5764705882352943,2,2,5
DYN,2026-08-11,5.0,0.19630925867006044,1.0,0,0,1.0,4.0,4.0,66.3948719509288,1.0,0.9973787080650474,1,1.0,0,0,BUY,2.4529411764705884,3,2,5
DZZ,2026-08-11,,,5.0,0,0,4.0,,2.0,42.68558287190449,5.0,0.04119850727943119,0,,0,0,STRONG SELL,4.659090909090909,0,3,3
E,2026-08-11,,,1.0,0,0,1.0,,4.0,62.786253152391495,1.0,0.9369131413842428,0,,0,0,STRONG BUY,1.0,3,0,3
EAD,2026-08-11,,,4.0,0,0,4.0,,4.0,58.67407639312516,2.0,0.7070808457965098,1,1.0,0,0,HOLD,2.790909090909091,1,2,3
EAF,2026-08-11,1.0,0.8895184135977338,4.0,0,0,4.0,3.0,4.0,56.74103067964691,5.0,0.17957504755216996,0,,0,0,HOLD,3.141176470588235,1,3,5
EAI,2026-08-11,,,,0,0,4.0,,2.0,37.52730106350729,4.0,0.2946174813822488,0,,0,0,,,0,2,2
EARN,2026-08-11,1.0,0.8647788736875597,5.0,0,0,4.0,4.0,3.0,51.912409846007186,4.0,0.3561321960558279,0,,0,0,HOLD,3.1882352941176473,1,4,5
EAT,2026-08-11,4.0,0.3202420980198224,1.0,0,0,2.0,1.0,4.0,67.39987356395262,1.0,0.9556087992233794,0,,0,0,BUY,2.0941176470588236,4,1,5
EBAY,2026-08-11,4.0,0.26385275228565114,2.0,0,0,2.0,2.0,2.0,41.135122333412006,2.0,0.6899314969783731,0,,0,0,HOLD,2.6117647058823534,4,1,5
EBC,2026-08-11,4.0,0.38343389770518427,1.0,0,0,2.0,3.0,4.0,56.43720119417079,1.0,0.9478451706590469,1,1.0,0,0,BUY,2.147058823529412,3,1,5
EBF,2026-08-11,3.0,0.5830004607983726,1.0,0,0,2.0,2.0,4.0,61.35469492033085,1.0,0.978581362517151,0,,0,0,BUY,1.9647058823529413,4,0,5
EBMT,2026-08-11,1.0,0.8012463398853276,1.0,0,0,2.0,1.0,3.0,49.48141064557959,1.0,0.8889643109863893,0,,0,0,STRONG BUY,1.1764705882352942,5,0,5
EBS,2026-08-11,1.0,0.9059857269782372,5.0,0,0,5.0,1.0,1.0,16.73258737768333,5.0,0.002757160483720208,0,,0,0,HOLD,3.070588235294117,2,3,5
ECAT,2026-08-11,,,2.0,0,0,2.0,,4.0,66.40691102058243,1.0,1.0,0,,0,0,STRONG BUY,1.5454545454545454,3,0,3
ECBK,2026-08-11,3.0,0.4478380698308851,1.0,0,0,2.0,1.0,3.0,49.222030519910376,1.0,0.9094015979341948,0,,0,0,BUY,1.7882352941176471,4,0,5
ECC,2026-08-11,,,5.0,0,0,4.0,,3.0,49.42605495234199,5.0,0.16994404273088135,1,2.0,0,0,STRONG SELL,4.359090909090909,0,3,3
ECF,2026-08-11,,,3.0,0,0,2.0,,3.0,52.61809059051759,2.0,0.7602965627539865,0,,0,0,BUY,2.2045454545454546,2,0,3
ECG,2026-08-11,4.0,0.3428511388108488,3.0,0,0,1.0,3.0,3.0,49.16699904156971,2.0,0.6445868370285203,0,,0,0,HOLD,2.7176470588235295,2,1,5
ECHO,2026-08-11,1.0,0.9377482564463577,5.0,0,1,3.0,4.0,2.0,43.30431299297325,3.0,0.5319279173064955,0,,0,0,HOLD,2.7764705882352945,1,2,5
ECL,2026-08-11,5.0,0.23732789570123455,1.0,1,0,4.0,3.0,4.0,60.07514531879821,2.0,0.6425224643487096,0,,0,0,HOLD,3.3411764705882354,2,2,5
ECO,2026-08-11,,,1.0,0,0,1.0,,4.0,57.96128167341967,1.0,0.9210242903923553,0,,0,0,STRONG BUY,1.0,3,0,3
ECOR,2026-08-11,3.0,0.5054633751517604,2.0,0,0,1.0,4.0,5.0,73.64262302449174,2.0,0.7996688824066759,0,,0,0,BUY,2.482352941176471,3,1,5
ECPG,2026-08-11,4.0,0.41653547356223347,1.0,0,0,1.0,2.0,3.0,53.026219218383524,1.0,0.900231358186669,0,,0,0,BUY,2.0941176470588236,4,1,5
ECVT,2026-08-11,2.0,0.5880212386574671,4.0,0,0,4.0,2.0,1.0,22.7859234271327,4.0,0.32398308960244887,0,,0,0,HOLD,3.0352941176470583,2,3,5
ED,2026-08-11,3.0,0.5784331851789323,2.0,0,0,3.0,2.0,2.0,41.678283831881906,2.0,0.6652162371951467,1,1.0,0,0,BUY,2.1823529411764713,3,0,5
EDBL,2026-08-11,1.0,0.9461653372905294,5.0,0,0,5.0,3.0,1.0,24.2282689008633,5.0,0.0,0,,0,0,HOLD,3.423529411764706,1,3,5
EDD,2026-08-11,,,1.0,0,0,3.0,,4.0,57.49907533462907,1.0,0.9421213440377286,0,,0,0,STRONG BUY,1.6818181818181817,2,0,3
EDF,2026-08-11,,,3.0,0,0,3.0,,3.0,53.130571119609776,2.0,0.7555021201617472,0,,0,0,HOLD,2.545454545454546,1,0,3
EDHL,2026-08-11,2.0,0.6146993318485523,5.0,0,0,3.0,,3.0,47.22796747433174,5.0,0.10180344046552615,0,,0,0,HOLD,3.4571428571428573,1,2,4
EDIT,2026-08-11,4.0,0.344758971822026,2.0,0,0,1.0,5.0,3.0,53.76343079654239,3.0,0.5150905040715367,0,,0,0,HOLD,3.2,2,2,5
EDRY,2026-08-11,2.0,0.7203308940502704,1.0,0,0,1.0,,5.0,84.17049304823188,1.0,1.0,0,,0,0,STRONG BUY,1.3714285714285714,4,0,4
EDSA,2026-08-11,5.0,0.25230671333121224,3.0,0,0,1.0,4.0,2.0,43.7434141198617,4.0,0.26830661202312184,1,2.0,0,0,HOLD,3.370588235294118,1,3,5
EDU,2026-08-11,5.0,0.04295259306395164,2.0,0,0,3.0,,4.0,57.395327205964655,2.0,0.6010339484885765,0,,0,0,HOLD,3.3285714285714296,2,1,4
EDUC,2026-08-11,1.0,0.9147904134367154,3.0,0,0,3.0,3.0,2.0,39.458528341214844,3.0,0.46666669845581055,0,,0,0,BUY,2.3882352941176475,1,0,5
EE,2026-08-11,4.0,0.38465204957102,2.0,0,0,3.0,,2.0,38.35689054150836,2.0,0.6414702245971041,0,,0,0,HOLD,2.9571428571428573,2,1,4
EEA,2026-08-11,,,1.0,0,0,3.0,,4.0,64.52082623968717,1.0,1.0,0,,0,0,STRONG BUY,1.6818181818181817,2,0,3
EEFT,2026-08-11,2.0,0.6064352283755629,3.0,1,0,4.0,3.0,2.0,40.83757671187472,4.0,0.20150324877880613,0,,0,0,HOLD,3.1058823529411765,1,2,5
EEIQ,2026-08-11,5.0,0.17944638880050906,5.0,0,0,5.0,,3.0,52.670392670771626,5.0,0.03374233865074353,0,,0,0,STRONG SELL,5.0,0,4,4
EFC,2026-08-11,1.0,0.8220739341339647,2.0,0,0,3.0,4.0,4.0,58.70135951831793,1.0,1.0,0,,0,0,BUY,1.9882352941176469,3,1,5
EFOI,2026-08-11,4.0,0.2632137239453579,3.0,0,0,1.0,4.0,3.0,49.96450519264428,4.0,0.28368531954816467,0,,0,0,HOLD,3.364705882352941,1,3,5
EFOR,2026-08-11,1.0,0.8691670900244012,3.0,0,0,5.0,3.0,5.0,83.74037941677229,3.0,0.4249798866781573,0,,0,0,HOLD,2.7411764705882353,1,1,5
EFR,2026-08-11,,,3.0,0,0,3.0,,4.0,67.69276500977054,1.0,0.9214933059201753,0,,0,0,BUY,2.090909090909091,1,0,3
EFSC,2026-08-11,2.0,0.7407624954920318,1.0,0,0,2.0,3.0,3.0,53.075300360325414,1.0,0.8736506883513198,0,,0,0,BUY,1.835294117647059,4,0,5
EFSI,2026-08-11,2.0,0.6365716739645094,1.0,0,0,2.0,2.0,4.0,65.56619987523639,1.0,1.0,1,3.0,0,0,STRONG BUY,1.3588235294117648,5,0,5
EFT,2026-08-11,,,4.0,0,0,4.0,,4.0,67.85840862089174,2.0,0.6692064931501899,0,,0,0,HOLD,3.090909090909091,1,2,3
EFX,2026-08-11,4.0,0.3233738783297711,3.0,0,0,4.0,1.0,4.0,57.04552074746935,4.0,0.27383664447205136,1,1.0,0,0,HOLD,3.0647058823529414,1,3,5
EFXT,2026-08-11,,,3.0,0,0,2.0,,2.0,37.6101664800689,2.0,0.6003123172769445,0,,0,0,BUY,2.2045454545454546,2,0,3
EG,2026-08-11,2.0,0.6373876600589157,1.0,0,0,3.0,2.0,3.0,47.02569665741124,2.0,0.6825125017139573,0,,0,0,BUY,2.070588235294118,4,0,5
EGAN,2026-08-11,3.0,0.5673990394426074,4.0,0,0,3.0,3.0,4.0,63.82228310002094,5.0,0.18218625201268232,0,,0,0,SELL,3.576470588235294,0,2,5
EGBN,2026-08-11,1.0,0.8517340120903595,1.0,0,0,2.0,4.0,4.0,57.738790756144724,1.0,0.9512875707109912,0,,0,0,STRONG BUY,1.7058823529411764,4,1,5
EGG,2026-08-11,,,4.0,0,0,5.0,,2.0,35.01868503509233,5.0,0.16249999966133727,0,,0,0,STRONG SELL,4.795454545454546,0,3,3
EGHT,2026-08-11,2.0,0.5950140032081973,2.0,0,0,4.0,2.0,3.0,54.98860767766692,3.0,0.46581194621806477,0,,0,0,HOLD,2.588235294117647,3,1,5
EGO,2026-08-11,,,2.0,0,0,3.0,,5.0,70.58032498371728,2.0,0.6189853314353768,0,,0,0,BUY,2.3409090909090913,2,0,3
EGP,2026-08-11,4.0,0.27073860861962895,2.0,0,0,2.0,,2.0,39.67614534924084,2.0,0.70057091157363,0,,0,0,HOLD,2.742857142857143,3,1,4
EGY,2026-08-11,2.0,0.6035258666724336,1.0,0,0,2.0,4.0,4.0,63.5258747117983,2.0,0.7675647705387217,0,,0,0,BUY,2.2470588235294118,4,1,5
EH,2026-08-11,,,5.0,0,0,5.0,,3.0,52.16742670003432,5.0,0.06086655607586774,0,,0,0,STRONG SELL,5.0,0,3,3
EHC,2026-08-11,3.0,0.4899904671115348,1.0,1,0,3.0,1.0,5.0,70.67484053080244,1.0,0.9331779019163478,0,,0,0,BUY,1.964705882352941,3,0,5
EHI,2026-08-11,,,5.0,0,0,4.0,,4.0,60.42221547906607,3.0,0.5841478861458308,0,,0,0,SELL,3.750000000000001,0,2,3
EHLD,2026-08-11,2.0,0.7193763919821826,2.0,0,0,2.0,,4.0,57.640594834017826,1.0,0.866764480227295,0,,0,0,STRONG BUY,1.7142857142857144,4,0,4
EHTH,2026-08-11,1.0,0.9762284941647813,5.0,0,0,5.0,4.0,2.0,37.79263124398062,5.0,0.0,1,2.0,0,0,HOLD,3.3,1,4,5
EIC,2026-08-11,,,5.0,0,0,4.0,,3.0,45.890216394493805,4.0,0.2622106215504719,0,,0,0,SELL,4.204545454545455,0,3,3
EIG,2026-08-11,2.0,0.6597329420560508,1.0,0,0,2.0,2.0,2.0,44.87322092592969,1.0,0.8272606591944803,1,1.0,0,0,STRONG BUY,1.3588235294117648,5,0,5
EIKN,2026-08-11,1.0,0.7747375119312758,,0,0,5.0,,3.0,54.97163441865748,4.0,0.24620259590130122,0,,0,0,HOLD,2.9672131147540983,1,2,3
EIM,2026-08-11,,,5.0,0,0,3.0,,3.0,50.444373307096924,2.0,0.758672067467314,0,,0,0,HOLD,2.9545454545454546,1,1,3
EIX,2026-08-11,2.0,0.6799606240009057,2.0,0,0,2.0,3.0,2.0,40.56757382821981,2.0,0.6626905614979066,0,,0,0,BUY,2.176470588235294,4,0,5
EJH,2026-08-11,1.0,0.9837734648425072,5.0,0,0,5.0,,3.0,47.275733097622386,5.0,0.008951774265729899,0,,0,0,SELL,3.5142857142857147,1,3,4
EL,2026-08-11,,,3.0,0,0,4.0,1.0,4.0,59.170631280627916,4.0,0.39819927393070753,0,,0,0,HOLD,3.084745762711864,1,2,4
ELA,2026-08-11,4.0,0.4030710903307646,4.0,0,0,1.0,2.0,1.0,22.791393596139073,3.0,0.4296910304342558,0,,0,0,HOLD,2.8823529411764706,2,2,5
ELAN,2026-08-11,3.0,0.5496262832780371,3.0,0,0,3.0,3.0,2.0,36.540961331016675,3.0,0.5744352612764158,0,,0,0,HOLD,3.0000000000000004,0,0,5
ELC,2026-08-11,,,5.0,0,0,4.0,,2.0,34.5992898482002,5.0,0.051492536090179966,0,,0,0,STRONG SELL,4.659090909090909,0,3,3
ELDN,2026-08-11,5.0,0.19599109131403117,3.0,0,0,1.0,5.0,3.0,51.455811824643455,2.0,0.7727272198183467,0,,0,0,HOLD,3.376470588235294,2,2,5
ELE,2026-08-11,,,2.0,0,0,3.0,,4.0,69.8237358096038,3.0,0.5935332306093247,0,,0,0,HOLD,2.795454545454546,1,0,3
ELF,2026-08-11,4.0,0.2936967343950249,2.0,0,0,3.0,3.0,4.0,68.83460272743245,3.0,0.463027804232719,1,1.0,0,0,HOLD,2.9000000000000004,1,1,5
ELLO,2026-08-11,,,4.0,0,0,4.0,,3.0,52.522976006392355,4.0,0.24143290009979415,0,,0,0,SELL,4.0,0,3,3
ELMD,2026-08-11,5.0,0.23134780104006988,1.0,0,0,1.0,1.0,4.0,55.854582627776175,1.0,0.8502555833135841,0,,0,0,BUY,2.223529411764706,4,1,5
ELME,2026-08-11,2.0,0.6380906870213232,5.0,0,0,5.0,3.0,3.0,50.402672754111045,5.0,0.15027320749132003,0,,0,0,SELL,3.7294117647058824,1,3,5
ELMT,2026-08-11,,,,0,0,,,4.0,55.36283447104122,3.0,0.4053476749625109,0,,0,0,,,0,0,1
ELOX,2026-08-11,3.0,0.5835189309576837,,0,0,,5.0,5.0,72.2083044195589,,,0,,0,0,,,0,1,2
ELS,2026-08-11,5.0,0.21902703082656844,1.0,0,0,3.0,3.0,3.0,47.731272122707296,2.0,0.7003379073762637,0,,0,0,HOLD,3.164705882352942,2,1,5
ELTK,2026-08-11,2.0,0.7006045179764556,4.0,1,0,4.0,,3.0,45.59173514702568,4.0,0.21842102159093446,0,,0,0,HOLD,3.257142857142857,1,3,4
ELTX,2026-08-11,5.0,0.12100364225010117,5.0,0,0,5.0,3.0,2.0,39.44942014046801,5.0,0.02482217356607745,0,,0,0,STRONG SELL,4.647058823529412,0,4,5
ELV,2026-08-11,2.0,0.698974462594883,3.0,0,0,2.0,3.0,3.0,50.169780458563714,2.0,0.752989796029209,1,1.0,0,0,BUY,1.9823529411764704,3,0,5
ELVA,2026-08-11,,,4.0,0,0,3.0,,2.0,38.837389437789206,4.0,0.3773350100423803,0,,0,0,SELL,3.659090909090909,0,2,3
ELVN,2026-08-11,5.0,0.2513522112631244,1.0,0,0,1.0,3.0,4.0,63.376574674769095,1.0,0.9464868594695866,0,,0,0,HOLD,2.5764705882352934,3,1,5
ELVR,2026-08-11,,,3.0,0,0,3.0,,3.0,48.5698949157158,3.0,0.49961375195247726,0,,0,0,HOLD,3.0000000000000004,0,0,3
ELWT,2026-08-11,,,,0,0,1.0,3.0,3.0,52.705961635819044,1.0,0.8106382363519322,0,,0,0,STRONG BUY,1.5999999999999999,2,0,3
EMA,2026-08-11,2.0,0.7502386255170219,2.0,0,0,3.0,,2.0,39.902521875610276,2.0,0.6639458143815988,0,,0,0,BUY,2.2142857142857144,3,0,4
EMAT,2026-08-11,,,,0,0,5.0,3.0,1.0,16.116933721206493,5.0,0.0,0,,0,0,STRONG SELL,4.4,0,2,3
EMBC,2026-08-11,1.0,0.9425929890201479,3.0,0,0,5.0,2.0,5.0,78.09256168105763,5.0,0.18174796276447164,0,,0,0,HOLD,3.0352941176470583,2,2,5
EMBJ,2026-08-11,,,2.0,0,0,3.0,,4.0,62.733232802191445,2.0,0.7039942755293718,0,,0,0,BUY,2.3409090909090913,2,0,3
EMD,2026-08-11,,,5.0,0,0,3.0,,3.0,47.13666967004052,1.0,0.8548756239711367,0,,0,0,BUY,2.5,1,1,3
EME,2026-08-11,4.0,0.3357277942297144,2.0,0,0,3.0,2.0,4.0,55.6591099434423,2.0,0.6466739009575421,0,,0,0,HOLD,2.7882352941176474,3,1,5
EMF,2026-08-11,,,3.0,0,0,2.0,,3.0,51.51729987342364,2.0,0.7549920565282114,0,,0,0,BUY,2.2045454545454546,2,0,3
EML,2026-08-11,2.0,0.7466008066789774,1.0,0,0,2.0,2.0,3.0,49.60912416894999,3.0,0.5940815674385834,1,7.0,0,0,BUY,1.8294117647058827,4,0,5
EMN,2026-08-11,3.0,0.5092137041330999,2.0,0,0,3.0,3.0,4.0,67.047877891873,1.0,0.8100045271139512,0,,0,0,BUY,2.423529411764706,2,0,5
EMO,2026-08-11,,,1.0,0,0,3.0,,4.0,58.37384289391348,1.0,0.9563138190054703,0,,0,0,STRONG BUY,1.6818181818181817,2,0,3
EMP,2026-08-11,,,,0,0,4.0,,1.0,29.056640498955446,5.0,0.014713650711846937,0,,0,0,,,0,2,2
EMPD,2026-08-11,3.0,0.5048051948137334,5.0,0,0,5.0,4.0,1.0,28.502198706103854,5.0,0.006557584010153204,1,2.0,0,0,SELL,3.9117647058823533,0,4,5
EMR,2026-08-11,4.0,0.28967903340966966,1.0,0,0,3.0,2.0,4.0,68.65041014973353,1.0,1.0,0,,0,0,BUY,2.447058823529412,3,1,5
ENB,2026-08-11,3.0,0.513411400724116,4.0,0,0,3.0,2.0,2.0,32.66128723487488,3.0,0.5481055916056279,0,,0,0,HOLD,2.929411764705882,1,1,5
ENGN,2026-08-11,1.0,0.9360937482077257,3.0,0,0,5.0,5.0,2.0,44.72659629604974,5.0,0.03261881677636662,0,,0,0,SELL,3.564705882352941,1,3,5
ENGS,2026-08-11,5.0,0.03977091950365892,1.0,1,0,2.0,,4.0,56.164945413616984,5.0,0.18307426193984208,0,,0,0,SELL,3.8428571428571425,2,2,4
ENHA,2026-08-11,,,,0,0,,3.0,1.0,28.653766025951356,5.0,0.0,0,,0,0,,,0,1,2
ENJ,2026-08-11,,,4.0,0,0,4.0,,4.0,56.40341294386723,4.0,0.26687433588420456,0,,0,0,SELL,4.0,0,3,3
ENLT,2026-08-11,,,3.0,0,0,1.0,,3.0,46.25410507888285,2.0,0.7073697003734678,0,,0,0,BUY,1.863636363636364,2,0,3
ENLV,2026-08-11,1.0,0.956729239580019,5.0,0,0,5.0,,1.0,15.314665764038963,5.0,0.0,0,,0,0,SELL,3.5142857142857147,1,3,4
ENO,2026-08-11,,,5.0,0,0,4.0,,2.0,44.95979746281266,5.0,0.07719111330024646,0,,0,0,STRONG SELL,4.659090909090909,0,3,3
ENOV,2026-08-11,1.0,0.8070374346951183,3.0,0,0,3.0,3.0,2.0,43.31372155885118,4.0,0.3542921954963588,1,1.0,0,0,BUY,2.323529411764706,1,1,5
ENPH,2026-08-11,4.0,0.31578604172042934,3.0,0,0,3.0,2.0,3.0,50.928904939320766,4.0,0.341051718039807,0,,0,0,HOLD,3.364705882352941,1,2,5
ENR,2026-08-11,1.0,0.9389895138226882,1.0,1,0,4.0,3.0,4.0,57.32466689165514,3.0,0.49908803872254065,1,1.0,0,0,BUY,2.0529411764705885,2,1,5
ENS,2026-08-11,4.0,0.2558506313905542,3.0,0,0,2.0,2.0,2.0,42.40344454021112,2.0,0.6224809735736764,0,,0,0,HOLD,2.7176470588235295,3,1,5
ENSG,2026-08-11,4.0,0.3992325273723242,3.0,0,0,4.0,3.0,4.0,59.05287702711048,3.0,0.4882590491578082,0,,0,0,HOLD,3.482352941176471,0,2,5
ENTA,2026-08-11,4.0,0.3255574833924648,2.0,0,1,2.0,4.0,3.0,51.442383862836195,2.0,0.6660231820170174,0,,0,0,HOLD,2.9647058823529413,3,2,5
ENTG,2026-08-11,5.0,0.14145809198252962,2.0,0,0,2.0,3.0,4.0,56.149952539714256,2.0,0.702845709304206,0,,0,0,HOLD,3.094117647058824,3,1,5
ENTX,2026-08-11,5.0,0.1432257914179668,1.0,1,0,1.0,4.0,4.0,62.30163292911302,2.0,0.6712328722383454,1,3.0,0,0,HOLD,2.6882352941176473,3,2,5
ENVA,2026-08-11,4.0,0.4250993786905218,1.0,0,0,1.0,2.0,4.0,63.28936099778357,1.0,0.9635238046389275,0,,0,0,BUY,2.0941176470588236,4,1,5
ENVB,2026-08-11,1.0,0.935165966986947,4.0,0,0,5.0,3.0,3.0,52.56847045329871,5.0,0.01611903262893575,0,,0,0,HOLD,3.317647058823529,1,3,5
ENVX,2026-08-11,5.0,0.20171283452066058,5.0,0,0,5.0,3.0,3.0,49.14739354574491,5.0,0.10778127333026824,0,,0,0,STRONG SELL,4.647058823529412,0,4,5
EOD,2026-08-11,,,2.0,0,0,2.0,,4.0,62.799681605503096,1.0,1.0,1,1.0,0,0,STRONG BUY,1.2454545454545454,3,0,3
EOG,2026-08-11,2.0,0.6849380362249762,1.0,0,0,2.0,4.0,3.0,54.28503566248791,1.0,0.8830610625604823,0,,0,0,BUY,2.0117647058823533,4,1,5
EOI,2026-08-11,,,2.0,0,0,3.0,,4.0,62.66836965610035,1.0,0.9941689168049371,0,,0,0,BUY,1.8863636363636362,2,0,3
EOLS,2026-08-11,2.0,0.6017806556050183,2.0,0,0,1.0,4.0,5.0,77.19409419186965,1.0,1.0,0,,0,0,BUY,1.9411764705882353,4,1,5
EOS,2026-08-11,,,4.0,0,0,3.0,,4.0,56.209353264830746,2.0,0.7823753051375283,0,,0,0,HOLD,2.7500000000000004,1,1,3
EOSE,2026-08-11,5.0,0.18413597733711048,5.0,0,0,5.0,2.0,3.0,48.57924431547791,5.0,0.06697819432646686,1,3.0,0,0,SELL,4.170588235294118,1,4,5
EOT,2026-08-11,,,1.0,0,0,3.0,,4.0,59.16877043399246,1.0,0.9448477951873018,0,,0,0,STRONG BUY,1.6818181818181817,2,0,3
EP,2026-08-11,5.0,0.2281615959828905,4.0,0,0,4.0,4.0,4.0,55.9518126079436,5.0,0.09403785801428301,0,,0,0,STRONG SELL,4.541176470588235,0,5,5
EPAC,2026-08-11,3.0,0.5009532888465205,3.0,0,0,4.0,3.0,4.0,58.67911589671645,3.0,0.4191161187930544,0,,0,0,HOLD,3.176470588235294,0,1,5
EPAM,2026-08-11,2.0,0.6908936197720665,3.0,0,0,5.0,2.0,3.0,53.43955130483243,5.0,0.1604292846786204,0,,0,0,HOLD,3.3411764705882354,2,2,5
EPC,2026-08-11,2.0,0.7334795317921601,1.0,0,0,2.0,3.0,4.0,57.153623282886045,1.0,0.9112854304014465,0,,0,0,BUY,1.835294117647059,4,0,5
EPD,2026-08-11,,,1.0,0,0,2.0,3.0,3.0,54.35234110397483,1.0,0.8890265660780264,1,1.0,0,0,STRONG BUY,1.4627118644067798,3,0,4
EPM,2026-08-11,3.0,0.4812557077366107,5.0,0,0,4.0,3.0,3.0,51.49135690809379,4.0,0.37656748153678515,0,,0,0,SELL,3.623529411764706,0,3,5
EPR,2026-08-11,2.0,0.5991420400381315,1.0,0,0,3.0,1.0,2.0,44.734108334513806,2.0,0.7850261346289068,0,,0,0,BUY,1.8941176470588237,4,0,5
EPRT,2026-08-11,3.0,0.428804544314552,4.0,0,0,3.0,2.0,2.0,36.043862929515036,4.0,0.34933883693130824,0,,0,0,HOLD,3.164705882352941,1,2,5
EPRX,2026-08-11,4.0,0.28316894686605154,4.0,0,0,3.0,,4.0,55.85891656797943,3.0,0.42164176714449236,0,,0,0,HOLD,3.5,0,2,4
EPSN,2026-08-11,2.0,0.6414253897550112,1.0,0,0,3.0,4.0,4.0,58.76048456235286,2.0,0.7491091464340549,1,1.0,0,0,BUY,2.1235294117647063,3,1,5
EQ,2026-08-11,3.0,0.45703085548441363,3.0,0,0,1.0,4.0,2.0,37.53845580286778,3.0,0.5593220638632936,0,,0,0,HOLD,2.823529411764706,1,1,5
EQBK,2026-08-11,5.0,0.22163965681601527,1.0,0,0,2.0,3.0,4.0,60.33435377110611,1.0,0.9767161181495886,1,1.0,0,0,BUY,2.4529411764705884,3,1,5
EQH,2026-08-11,2.0,0.7057871307163092,1.0,1,0,3.0,3.0,4.0,61.51936441805694,1.0,0.8823792730389911,0,,0,0,BUY,2.011764705882353,3,0,5
EQIX,2026-08-11,5.0,0.1728470054061049,3.0,0,0,2.0,3.0,3.0,49.394296649591496,1.0,0.8076208379729767,0,,0,0,HOLD,2.9647058823529413,2,1,5
EQNR,2026-08-11,,,1.0,0,0,1.0,,4.0,61.5887060051266,1.0,0.9511590527644738,0,,0,0,STRONG BUY,1.0,3,0,3
EQR,2026-08-11,4.0,0.372874458223567,2.0,0,0,3.0,1.0,2.0,39.88155984057824,2.0,0.6621506433759415,0,,0,0,HOLD,2.6117647058823534,3,1,5
EQS,2026-08-11,1.0,0.791282214444798,5.0,0,0,4.0,,3.0,45.37366273712569,5.0,0.056267541920325716,0,,0,0,HOLD,3.3,1,3,4
EQT,2026-08-11,2.0,0.6544327931363203,4.0,0,0,3.0,1.0,4.0,61.21400513801483,4.0,0.3074023052686639,0,,0,0,HOLD,2.6823529411764704,2,2,5
EQX,2026-08-11,,,4.0,0,0,3.0,,4.0,68.11677839896814,3.0,0.4079120244639205,0,,0,0,HOLD,3.2045454545454555,0,1,3
ERAS,2026-08-11,5.0,0.06999681832643971,1.0,0,0,1.0,3.0,3.0,53.06780598602414,1.0,0.8108365179561519,0,,0,0,HOLD,2.5764705882352934,3,1,5
ERC,2026-08-11,,,2.0,0,0,3.0,,4.0,61.44996224938345,1.0,0.9397847031705421,1,1.0,0,0,STRONG BUY,1.5863636363636362,2,0,3
ERH,2026-08-11,,,5.0,0,0,3.0,,2.0,41.458026142757156,3.0,0.4573130364703603,1,1.0,0,0,HOLD,3.10909090909091,0,1,3
ERII,2026-08-11,3.0,0.4886032080981389,5.0,0,0,5.0,3.0,2.0,34.71037052849954,5.0,0.0,0,,0,0,SELL,4.03529411764706,0,3,5
ERNA,2026-08-11,4.0,0.42067733549634956,5.0,0,0,5.0,2.0,3.0,45.8572744970306,5.0,0.027273563958736768,1,1.0,0,0,SELL,3.8647058823529417,1,4,5
ERO,2026-08-11,,,1.0,0,0,1.0,,5.0,75.95859852587904,1.0,0.9174499144596562,0,,0,0,STRONG BUY,1.0,3,0,3
EROC,2026-08-11,,,,0,0,,,2.0,43.95943548713422,,,0,,0,0,,,0,0,0
EROK,2026-08-11,,,,0,0,,,5.0,73.83133005581048,,,0,,0,0,,,0,0,0
ES,2026-08-11,2.0,0.5952247474875828,2.0,0,0,3.0,3.0,2.0,40.882916478724255,2.0,0.7245198056008327,0,,0,0,BUY,2.3529411764705883,3,0,5
ESAB,2026-08-11,3.0,0.5228910110599496,5.0,0,0,5.0,3.0,3.0,47.6437201432981,5.0,0.10157042381033966,0,,0,0,SELL,4.03529411764706,0,3,5
ESCA,2026-08-11,2.0,0.6360382563355899,1.0,0,0,1.0,1.0,3.0,54.37335887545213,1.0,0.839125665549508,0,,0,0,STRONG BUY,1.3058823529411767,5,0,5
ESE,2026-08-11,4.0,0.4194470924690181,3.0,0,0,2.0,4.0,2.0,36.54873526910016,2.0,0.6525971033107458,0,,0,0,HOLD,3.0705882352941174,2,2,5
ESEA,2026-08-11,2.0,0.7461024498886414,1.0,0,0,2.0,,2.0,44.81677979095971,2.0,0.7731267698683203,0,,0,0,BUY,1.8714285714285717,4,0,4
ESI,2026-08-11,5.0,0.1882745471877979,3.0,0,0,2.0,3.0,3.0,45.98456390393505,3.0,0.5682684900188576,0,,0,0,HOLD,3.4352941176470595,1,1,5
ESLT,2026-08-11,5.0,0.1377664651606745,2.0,0,0,2.0,,2.0,43.70499004418625,3.0,0.5881810695984133,0,,0,0,HOLD,3.400000000000001,2,1,4
ESNT,2026-08-11,2.0,0.6042200802844365,1.0,1,0,3.0,2.0,4.0,60.68973921908735,1.0,0.9611801274428647,0,,0,0,BUY,1.835294117647059,4,0,5
ESOA,2026-08-11,3.0,0.514326223530618,3.0,0,0,3.0,5.0,2.0,32.35094220587462,3.0,0.4849316498520227,1,1.0,0,0,HOLD,3.0529411764705885,0,1,5
ESP,2026-08-11,4.0,0.3786154496322677,2.0,0,0,2.0,3.0,4.0,61.45032981397379,2.0,0.772724672883298,0,,0,0,HOLD,2.7882352941176474,3,1,5
ESQ,2026-08-11,4.0,0.35811519505399725,1.0,0,0,2.0,3.0,4.0,64.84169312412308,1.0,1.0,0,,0,0,BUY,2.447058823529412,3,1,5
ESRT,2026-08-11,3.0,0.5791229742612012,5.0,0,0,5.0,,2.0,33.33434836211822,5.0,0.02667537798773272,0,,0,0,STRONG SELL,4.257142857142858,0,3,4
ESS,2026-08-11,5.0,0.2164142810013938,2.0,0,0,3.0,3.0,2.0,43.32456036181758,2.0,0.7618095325032352,0,,0,0,HOLD,3.2705882352941185,2,1,5
ESTA,2026-08-11,5.0,0.1001380637215118,2.0,0,0,2.0,3.0,1.0,27.636489094730564,2.0,0.6637111117520529,0,,0,0,HOLD,3.094117647058824,3,1,5
ESTC,2026-08-11,4.0,0.3013994940451469,2.0,0,0,2.0,2.0,5.0,77.14587491973171,2.0,0.6474496733204318,0,,0,0,HOLD,2.6117647058823534,4,1,5
ETB,2026-08-11,,,1.0,0,0,3.0,,4.0,59.80446527319061,1.0,0.9952733564263418,0,,0,0,STRONG BUY,1.6818181818181817,2,0,3
ETD,2026-08-11,2.0,0.7258114258034168,2.0,0,0,4.0,4.0,4.0,58.730176536791795,3.0,0.5038934839244258,0,,0,0,HOLD,2.941176470588236,2,2,5
ETG,2026-08-11,,,1.0,0,0,2.0,,5.0,72.16073525733196,1.0,0.9981501141933132,0,,0,0,STRONG BUY,1.340909090909091,3,0,3
ETJ,2026-08-11,,,3.0,0,0,3.0,,4.0,57.57553620680575,1.0,0.9577240413083415,0,,0,0,BUY,2.090909090909091,1,0,3
ETN,2026-08-11,5.0,0.206054949758886,1.0,0,0,2.0,2.0,4.0,65.09402905915113,1.0,1.0,0,,0,0,HOLD,2.5764705882352943,4,1,5
ETO,2026-08-11,,,1.0,0,0,2.0,,4.0,66.1330888618713,1.0,0.9854263193534076,0,,0,0,STRONG BUY,1.340909090909091,3,0,3
ETON,2026-08-11,5.0,0.09333152688840449,1.0,0,0,1.0,3.0,3.0,50.08134998567593,1.0,0.8053633128073352,0,,0,0,HOLD,2.5764705882352934,3,1,5
ETR,2026-08-11,4.0,0.39180171591992374,3.0,0,0,3.0,1.0,2.0,38.731763440130976,2.0,0.6741795810587281,0,,0,0,HOLD,2.7176470588235295,2,1,5
ETSY,2026-08-11,4.0,0.41400179547522337,1.0,0,0,2.0,3.0,3.0,47.94979654827605,1.0,0.8519566599332437,0,,0,0,BUY,2.447058823529412,3,1,5
ETV,2026-08-11,,,2.0,0,0,3.0,,4.0,62.148245355035655,1.0,1.0,0,,0,0,BUY,1.8863636363636362,2,0,3
ETW,2026-08-11,,,1.0,0,0,3.0,,4.0,65.67197219119788,1.0,1.0,0,,0,0,STRONG BUY,1.6818181818181817,2,0,3
ETX,2026-08-11,,,5.0,0,0,3.0,,3.0,45.01369692419762,3.0,0.5919008095428968,0,,0,0,HOLD,3.4090909090909096,0,1,3
ETY,2026-08-11,,,4.0,0,0,3.0,,4.0,60.94716948216731,1.0,0.8775104825559121,0,,0,0,BUY,2.2954545454545454,1,1,3
EU,2026-08-11,3.0,0.5440730656982474,4.0,0,0,5.0,3.0,4.0,60.64741045338264,5.0,0.10132891812785826,0,,0,0,SELL,3.9294117647058826,0,3,5
EUDA,2026-08-11,3.0,0.47389720760825577,3.0,0,0,5.0,4.0,3.0,47.82162785877839,5.0,0.13744139682071235,0,,0,0,SELL,4.000000000000001,0,3,5
EVAC,2026-08-11,,,1.0,0,0,3.0,,4.0,62.12768952510717,1.0,0.970587575312188,0,,0,0,STRONG BUY,1.6818181818181817,2,0,3
EVC,2026-08-11,,,2.0,0,0,1.0,2.0,2.0,33.886340376766725,3.0,0.5960702001902418,0,,0,0,BUY,2.0847457627118646,3,0,4
EVCM,2026-08-11,4.0,0.4045743563478772,4.0,0,0,4.0,2.0,2.0,37.52253063819445,4.0,0.36219752140572664,0,,0,0,SELL,3.6470588235294112,1,4,5
EVEX,2026-08-11,5.0,0.021317212853961185,4.0,0,0,4.0,4.0,4.0,60.01091621509142,5.0,0.17539263078117473,0,,0,0,STRONG SELL,4.541176470588235,0,5,5
EVF,2026-08-11,,,4.0,0,0,4.0,,5.0,76.72416030727831,2.0,0.7422054389022602,0,,0,0,HOLD,3.090909090909091,1,2,3
EVG,2026-08-11,,,5.0,0,0,3.0,,3.0,53.63939406794409,2.0,0.7579326603990281,0,,0,0,HOLD,2.9545454545454546,1,1,3
EVGO,2026-08-11,1.0,0.8037231889923108,5.0,0,0,5.0,3.0,3.0,46.540960952324404,5.0,0.05153204679180099,0,,0,0,HOLD,3.423529411764706,1,3,5
EVH,2026-08-11,1.0,0.8795772103016379,3.0,0,0,3.0,3.0,3.0,45.25604899275536,4.0,0.23337594379614102,0,,0,0,HOLD,2.623529411764706,1,1,5
EVI,2026-08-11,4.0,0.35510009532888465,5.0,0,0,5.0,3.0,3.0,45.94329607280755,5.0,0.029135146619013133,0,,0,0,STRONG SELL,4.341176470588236,0,4,5
EVMN,2026-08-11,4.0,0.3333894731190378,,0,0,5.0,4.0,4.0,55.91415739631315,5.0,0.16228070195822525,0,,0,0,STRONG SELL,4.4605263157894735,0,4,4
EVN,2026-08-11,,,4.0,0,0,3.0,,3.0,50.829714155806066,2.0,0.6520373831267409,0,,0,0,HOLD,2.7500000000000004,1,1,3
EVR,2026-08-11,3.0,0.5142993326978075,4.0,0,0,4.0,1.0,2.0,35.57900256731564,4.0,0.3061944801493368,1,1.0,0,0,HOLD,2.864705882352941,1,3,5
EVRG,2026-08-11,3.0,0.4885605338417541,2.0,0,0,3.0,4.0,2.0,38.498190048444414,2.0,0.6933272373057786,0,,0,0,HOLD,2.835294117647059,2,1,5
EVT,2026-08-11,,,1.0,0,0,2.0,,5.0,74.47955319671169,1.0,1.0,0,,0,0,STRONG BUY,1.340909090909091,3,0,3
EVTC,2026-08-11,3.0,0.5351313332304662,2.0,0,0,3.0,1.0,3.0,47.96381937538756,3.0,0.47238051810204745,0,,0,0,HOLD,2.5411764705882356,2,0,5
EVV,2026-08-11,,,5.0,0,0,4.0,,3.0,54.854296579995214,3.0,0.57848152008338,0,,0,0,SELL,3.750000000000001,0,2,3
EW,2026-08-11,5.0,0.22680135278968935,2.0,0,0,2.0,2.0,4.0,67.11121766284776,1.0,0.9205503323341411,0,,0,0,HOLD,2.682352941176471,4,1,5
EWBC,2026-08-11,2.0,0.7507149666348903,1.0,0,0,2.0,,4.0,57.8754233820061,1.0,0.9451524760111353,0,,0,0,STRONG BUY,1.5857142857142859,4,0,4
EWTX,2026-08-11,5.0,0.10849506840598154,1.0,0,0,1.0,5.0,4.0,57.524495256803505,1.0,0.8799491208260632,0,,0,0,HOLD,2.929411764705882,3,2,5
EXC,2026-08-11,3.0,0.5712275842699892,4.0,1,0,3.0,4.0,2.0,41.26420174964891,3.0,0.4061989037532516,0,,0,0,HOLD,3.282352941176471,0,2,5
EXE,2026-08-11,5.0,0.22842164090887682,3.0,0,0,4.0,1.0,4.0,66.13018272217596,4.0,0.32963812934495174,1,2.0,0,0,HOLD,3.370588235294118,1,3,5
EXEL,2026-08-11,4.0,0.2878875660635546,2.0,0,0,2.0,1.0,2.0,40.85755940743532,2.0,0.7542110474726952,0,,0,0,BUY,2.4352941176470586,4,1,5
EXG,2026-08-11,,,1.0,0,0,3.0,,5.0,70.3370090376329,1.0,1.0,0,,0,0,STRONG BUY,1.6818181818181817,2,0,3
EXK,2026-08-11,,,3.0,0,0,3.0,,5.0,71.9913373580045,3.0,0.5845516450638505,0,,0,0,HOLD,3.0000000000000004,0,0,3
EXLS,2026-08-11,4.0,0.351671409402404,2.0,0,0,3.0,1.0,4.0,67.54813238987686,3.0,0.4889523878103049,0,,0,0,HOLD,2.847058823529412,2,1,5
EXOD,2026-08-11,,,5.0,0,0,5.0,4.0,2.0,41.8388849996374,5.0,0.010599413758693456,0,,0,0,STRONG SELL,4.745762711864407,0,4,4
EXOZ,2026-08-11,5.0,0.02827676354660253,5.0,0,0,5.0,5.0,3.0,49.95141097497444,5.0,0.10743799373089179,0,,0,0,STRONG SELL,5.0,0,5,5
EXP,2026-08-11,4.0,0.4118174875696493,3.0,1,0,4.0,3.0,3.0,50.38856740672759,3.0,0.5845444126497238,0,,0,0,HOLD,3.482352941176471,0,2,5
EXPD,2026-08-11,4.0,0.3214533036528309,1.0,0,0,2.0,1.0,4.0,56.63067572752248,1.0,0.9223602026249483,0,,0,0,BUY,2.0941176470588236,4,1,5
EXPE,2026-08-11,4.0,0.26456690722810705,1.0,1,0,1.0,2.0,4.0,69.95060011833606,1.0,1.0,0,,0,0,BUY,2.0941176470588236,4,1,5
EXPO,2026-08-11,4.0,0.3026692087702574,2.0,0,0,4.0,2.0,4.0,66.45861497835712,2.0,0.6042119194465201,1,2.0,0,0,HOLD,2.6647058823529415,3,2,5
EXR,2026-08-11,4.0,0.27393063895005243,2.0,0,0,3.0,1.0,3.0,47.47290282051359,1.0,0.8036212016705221,0,,0,0,BUY,2.376470588235294,3,1,5
EXTR,2026-08-11,5.0,0.2409273199413603,3.0,0,0,2.0,2.0,2.0,32.32760327612378,3.0,0.5047571492386221,0,,0,0,HOLD,3.2588235294117647,2,1,5
EXYN,2026-08-11,,,,0,0,,,2.0,37.23506368728631,,,0,,0,0,,,0,0,0
EYE,2026-08-11,3.0,0.5680001850268895,3.0,0,0,4.0,1.0,4.0,60.74023660368977,3.0,0.47788873368439705,0,,0,0,HOLD,2.823529411764706,1,1,5
EYPT,2026-08-11,5.0,0.15124857740864928,5.0,0,0,3.0,4.0,3.0,47.98222654922631,4.0,0.2736289486091991,1,1.0,0,0,SELL,3.935294117647059,0,4,5
EZGO,2026-08-11,1.0,0.9685014317531021,5.0,0,0,5.0,,2.0,31.385811529129967,5.0,0.00014560429727369464,0,,0,0,SELL,3.5142857142857147,1,3,4
EZRA,2026-08-11,1.0,0.9521375085528773,5.0,0,0,5.0,3.0,3.0,47.76795557383825,5.0,0.016577751137049818,1,1.0,0,0,HOLD,3.1235294117647063,1,3,5
F,2026-08-11,,,3.0,0,0,3.0,2.0,3.0,45.95120869437433,3.0,0.48735016970215866,1,1.0,0,0,BUY,2.445762711864407,1,0,4
FA,2026-08-11,3.0,0.46699259371080803,1.0,0,0,1.0,3.0,3.0,52.04402916053682,1.0,0.8019116108048464,1,1.0,0,0,STRONG BUY,1.664705882352941,3,0,5
FABC,2026-08-11,5.0,0.215163686969886,4.0,0,0,4.0,4.0,3.0,50.067654602578955,5.0,0.1943396189918124,0,,0,0,STRONG SELL,4.541176470588235,0,5,5
FAF,2026-08-11,2.0,0.7218934215710041,1.0,0,0,2.0,1.0,3.0,47.76066960339369,2.0,0.6939833528005099,1,1.0,0,0,STRONG BUY,1.4176470588235293,5,0,5
FANG,2026-08-11,3.0,0.4843311533519236,1.0,0,0,2.0,3.0,4.0,57.45749958006181,1.0,0.869316267464767,0,,0,0,BUY,2.1411764705882352,3,0,5
FAST,2026-08-11,5.0,0.16383551474278285,1.0,0,0,3.0,2.0,5.0,74.29261347911036,1.0,1.0,0,,0,0,HOLD,2.7529411764705882,3,1,5
FATE,2026-08-11,4.0,0.34407569472377514,1.0,0,0,1.0,5.0,3.0,54.553338618419524,1.0,0.8133640596665046,0,,0,0,HOLD,2.6235294117647054,3,2,5
FATN,2026-08-11,4.0,0.35433938656422276,2.0,0,0,2.0,3.0,4.0,67.51491915679661,2.0,0.7445698808833267,1,1.0,0,0,BUY,2.4882352941176475,3,1,5
FAX,2026-08-11,,,4.0,0,0,4.0,,4.0,57.16730665596596,3.0,0.5658557314352491,0,,0,0,SELL,3.545454545454546,0,2,3
FBIN,2026-08-11,3.0,0.5736905769544175,2.0,0,0,4.0,3.0,3.0,51.31479834283624,3.0,0.5563232398225902,0,,0,0,HOLD,3.0705882352941174,1,1,5
FBIO,2026-08-11,1.0,0.7978259066350584,3.0,1,0,3.0,3.0,2.0,35.110923753315106,4.0,0.28455279825132584,0,,0,0,HOLD,2.623529411764706,1,1,5
FBIZ,2026-08-11,2.0,0.6639799134104456,1.0,0,0,2.0,2.0,4.0,68.52855698173958,1.0,0.9743555652591382,0,,0,0,STRONG BUY,1.6588235294117648,5,0,5
FBK,2026-08-11,3.0,0.5604287625696169,1.0,1,0,3.0,2.0,4.0,65.75580723805379,1.0,0.9638458552770275,0,,0,0,BUY,2.1411764705882352,3,0,5
FBLA,2026-08-11,3.0,0.5303574945611097,1.0,0,0,2.0,1.0,4.0,62.42289589035231,1.0,0.9825327674587994,1,1.0,0,0,STRONG BUY,1.488235294117647,4,0,5
FBLG,2026-08-11,,,4.0,0,0,5.0,4.0,4.0,64.54272469606673,5.0,0.032900874085201634,1,4.0,0,0,STRONG SELL,4.293220338983051,0,4,4
FBNC,2026-08-11,4.0,0.3780914271939104,1.0,0,0,2.0,2.0,4.0,58.41482244717442,1.0,0.9533866320692851,0,,0,0,BUY,2.270588235294118,4,1,5
FBP,2026-08-11,3.0,0.47318778233763187,1.0,0,0,2.0,1.0,4.0,65.62845418496612,1.0,0.977338932019371,0,,0,0,BUY,1.7882352941176471,4,0,5
FBRT,2026-08-11,2.0,0.5913890181293524,5.0,0,0,4.0,1.0,3.0,54.87838165831513,5.0,0.17776669358673544,1,2.0,0,0,HOLD,2.9,2,3,5
FBRX,2026-08-11,5.0,0.022435077616717508,1.0,0,0,1.0,5.0,5.0,84.72913019486245,1.0,0.998350320858903,0,,0,0,HOLD,2.929411764705882,3,2,5
FC,2026-08-11,5.0,0.09008579599618685,3.0,0,0,3.0,3.0,3.0,45.12055347609046,2.0,0.6738044303177505,0,,0,0,HOLD,3.376470588235295,1,1,5
FCAP,2026-08-11,2.0,0.6510930130642664,2.0,0,0,1.0,1.0,3.0,53.394474162922634,1.0,0.8504301382058252,0,,0,0,STRONG BUY,1.411764705882353,5,0,5
FCBC,2026-08-11,3.0,0.5813817693162291,1.0,0,0,2.0,2.0,4.0,65.8581293707141,1.0,0.9980245908715081,0,,0,0,BUY,1.9647058823529413,4,0,5
FCBM,2026-08-11,,,,0,0,,,4.0,57.889403124500625,,,0,,0,0,,,0,0,0
FCCO,2026-08-11,2.0,0.6643082397601969,1.0,0,0,2.0,3.0,4.0,55.969461033432346,1.0,0.9046764771686301,0,,0,0,BUY,1.835294117647059,4,0,5
FCEL,2026-08-11,4.0,0.41763891084060323,3.0,0,0,1.0,3.0,3.0,46.01378487014,3.0,0.49049550114741086,0,,0,0,HOLD,2.9529411764705884,1,1,5
FCF,2026-08-11,2.0,0.6669638308123151,1.0,0,0,2.0,1.0,4.0,62.60663616531987,1.0,0.9710486251053158,0,,0,0,STRONG BUY,1.4823529411764707,5,0,5
FCFS,2026-08-11,4.0,0.3173385325582694,3.0,0,0,2.0,2.0,3.0,49.61426232453358,2.0,0.7624614567310302,0,,0,0,HOLD,2.7176470588235295,3,1,5
FCHL,2026-08-11,1.0,0.9770919503658925,5.0,0,0,5.0,,2.0,39.60715884951445,5.0,5.251603844356445e-05,0,,0,0,SELL,3.5142857142857147,1,3,4
FCN,2026-08-11,3.0,0.5377479941773261,4.0,0,0,4.0,3.0,3.0,45.337832498463555,4.0,0.2845808038367195,0,,0,0,SELL,3.5176470588235293,0,3,5
FCPT,2026-08-11,5.0,0.17378682983947943,3.0,0,0,3.0,2.0,2.0,40.814313081687565,2.0,0.6167467113690007,1,1.0,0,0,HOLD,2.9000000000000004,2,1,5
FCRS,2026-08-11,,,,0,0,3.0,,3.0,49.205980165365276,2.0,0.7499974455127878,0,,0,0,,,1,0,2
FCUV,2026-08-11,5.0,0.22736867817820172,3.0,0,0,5.0,4.0,3.0,53.63059766726343,5.0,0.022884029715212115,0,,0,0,STRONG SELL,4.6117647058823525,0,4,5
FCX,2026-08-11,3.0,0.4571020019065777,2.0,0,0,2.0,,4.0,60.018301774079475,1.0,0.9260202004065358,0,,0,0,BUY,2.085714285714286,3,0,4
FDBC,2026-08-11,2.0,0.7279264965529322,1.0,0,0,2.0,2.0,4.0,61.98298043744475,1.0,0.9987041913219621,1,1.0,0,0,STRONG BUY,1.3588235294117648,5,0,5
FDMT,2026-08-11,3.0,0.4803604981855027,2.0,0,0,1.0,4.0,4.0,58.78924234145951,2.0,0.7644787737196569,0,,0,0,BUY,2.482352941176471,3,1,5
FDS,2026-08-11,4.0,0.34270042460920874,1.0,1,0,3.0,2.0,4.0,62.68153220241925,3.0,0.4978161574302361,0,,0,0,HOLD,2.917647058823529,2,1,5
FDSB,2026-08-11,3.0,0.4823143261882188,1.0,0,0,2.0,2.0,5.0,70.35952783880916,1.0,1.0,1,1.0,0,0,STRONG BUY,1.6647058823529413,4,0,5
FDUS,2026-08-11,1.0,0.7975359374868102,1.0,1,0,3.0,5.0,3.0,50.09520474345951,1.0,0.8010960521213677,0,,0,0,BUY,2.058823529411765,3,1,5
FDX,2026-08-11,2.0,0.6277407054337464,2.0,0,0,2.0,3.0,4.0,56.115744745774926,1.0,0.8995693675918864,0,,0,0,BUY,1.9411764705882353,4,0,5
FDXF,2026-08-11,3.0,0.47399750051506195,,0,0,,3.0,3.0,51.55829130771747,,,0,,0,0,,,0,0,2
FE,2026-08-11,3.0,0.5256355499576811,3.0,1,0,3.0,2.0,2.0,44.46712759311617,2.0,0.6066271274359553,0,,0,0,HOLD,2.588235294117647,2,0,5
FEAM,2026-08-11,1.0,0.7690104995227489,4.0,0,0,5.0,2.0,4.0,63.51311127991122,5.0,0.12698412761644476,0,,0,0,HOLD,3.141176470588235,2,3,5
FEIM,2026-08-11,5.0,0.1337484414537229,1.0,0,0,1.0,4.0,4.0,60.17193278703833,1.0,0.9334594178569808,0,,0,0,HOLD,2.7529411764705882,3,2,5
FELE,2026-08-11,4.0,0.40971603549542795,1.0,0,0,3.0,3.0,3.0,54.3619122697775,1.0,0.890456943156159,1,1.0,0,0,BUY,2.3235294117647056,2,1,5
FEMY,2026-08-11,5.0,0.06780015946679116,5.0,0,0,5.0,4.0,2.0,30.979071737398087,5.0,0.0,0,,0,0,STRONG SELL,4.823529411764706,0,5,5
FENC,2026-08-11,5.0,0.15276037197177744,1.0,0,0,1.0,4.0,4.0,69.93373117058943,1.0,1.0,0,,0,0,HOLD,2.7529411764705882,3,2,5
FER,2026-08-11,,,5.0,0,1,3.0,,3.0,51.61877945633782,2.0,0.6308605871565013,0,,0,0,HOLD,2.9545454545454546,1,1,3
FERG,2026-08-11,4.0,0.39752144899904673,2.0,0,0,3.0,3.0,4.0,60.43005949968362,2.0,0.7671809840551922,0,,0,0,HOLD,2.9647058823529413,2,1,5
FET,2026-08-11,,,1.0,0,0,1.0,3.0,5.0,81.57948366028076,1.0,1.0,0,,0,0,STRONG BUY,1.5084745762711864,3,0,4
FF,2026-08-11,3.0,0.5152014186571757,1.0,0,0,1.0,4.0,5.0,82.11278094688981,1.0,1.0,0,,0,0,BUY,2.1411764705882352,3,1,5
FFA,2026-08-11,,,1.0,0,0,3.0,,5.0,72.90152836482498,1.0,0.9907334255925712,0,,0,0,STRONG BUY,1.6818181818181817,2,0,3
FFBC,2026-08-11,1.0,0.7974261201143947,1.0,0,0,2.0,3.0,3.0,51.39268965657549,1.0,0.8386771745178179,0,,0,0,STRONG BUY,1.5294117647058825,4,0,5
FFIN,2026-08-11,3.0,0.55767397521449,1.0,0,0,3.0,,3.0,51.67796012401143,2.0,0.7478068075320468,1,6.0,0,0,BUY,2.157142857142858,2,0,4
FFIV,2026-08-11,4.0,0.2589023599466036,1.0,0,0,2.0,1.0,3.0,54.8822823422733,1.0,0.9181984043018786,0,,0,0,BUY,2.0941176470588236,4,1,5
FG,2026-08-11,1.0,0.8239750419753086,3.0,1,0,4.0,3.0,2.0,38.12857742116154,3.0,0.48760538253519,1,2.0,0,0,BUY,2.264705882352941,1,1,5
FGBI,2026-08-11,1.0,0.8924594336621062,3.0,0,0,4.0,4.0,2.0,33.787281505675324,2.0,0.6555360779084453,0,,0,0,HOLD,2.5058823529411764,2,2,5
FGI,2026-08-11,1.0,0.9375978924317857,5.0,0,0,3.0,3.0,3.0,52.19675851247874,5.0,0.1589196151672439,0,,0,0,HOLD,3.0705882352941183,1,2,5
FGNX,2026-08-11,3.0,0.5450977941337767,3.0,0,0,5.0,4.0,3.0,52.17508710669982,5.0,0.02213882038340176,0,,0,0,SELL,4.000000000000001,0,3,5
FHB,2026-08-11,2.0,0.6008779789129983,3.0,0,0,3.0,1.0,2.0,41.396224341141874,2.0,0.6615470925295006,0,,0,0,BUY,2.1058823529411765,3,0,5
FHI,2026-08-11,1.0,0.8069590085795997,1.0,0,0,2.0,1.0,4.0,64.8201794086816,1.0,0.9373198162489121,0,,0,0,STRONG BUY,1.1764705882352942,5,0,5
FHN,2026-08-11,1.0,0.76930409914204,1.0,0,0,3.0,2.0,3.0,47.56918238599087,1.0,0.8787748926054902,0,,0,0,STRONG BUY,1.5294117647058825,4,0,5
FHTX,2026-08-11,5.0,0.18615944961554026,2.0,0,0,2.0,4.0,5.0,71.90880146771579,1.0,0.9428571947577883,0,,0,0,HOLD,3.035294117647059,3,2,5
FIBK,2026-08-11,2.0,0.7576689333500016,1.0,0,0,2.0,1.0,3.0,52.71652920919172,1.0,0.8623538244152398,0,,0,0,STRONG BUY,1.4823529411764707,5,0,5
FICO,2026-08-11,5.0,0.20963090045490068,5.0,0,0,5.0,2.0,2.0,36.49018808027712,5.0,0.10763913110958896,0,,0,0,STRONG SELL,4.470588235294118,1,4,5
FIEE,2026-08-11,4.0,0.3374219454422789,5.0,0,1,4.0,2.0,3.0,51.101272151216065,4.0,0.32271243451694204,0,,0,0,SELL,3.752941176470588,1,4,5
FIG,2026-08-11,,,3.0,0,0,4.0,4.0,3.0,53.93826000357254,5.0,0.11188314433398183,1,1.0,0,0,SELL,3.8864406779661023,0,3,4
FIGS,2026-08-11,1.0,0.8733359892880489,3.0,0,0,1.0,2.0,5.0,75.36324849817986,2.0,0.7184330859742603,0,,0,0,STRONG BUY,1.623529411764706,4,0,5
FINS,2026-08-11,,,5.0,0,0,3.0,,3.0,54.29743626363017,2.0,0.7975442141005836,1,1.0,0,0,HOLD,2.6545454545454548,1,1,3
FINW,2026-08-11,1.0,0.797019730420835,5.0,0,0,4.0,5.0,3.0,47.1241124302361,5.0,0.09148273588797706,0,,0,0,SELL,3.5999999999999996,1,4,5
FIP,2026-08-11,2.0,0.736139214892756,5.0,0,0,4.0,4.0,4.0,55.11437815090315,4.0,0.32585602476295245,0,,0,0,HOLD,3.494117647058823,1,4,5
FIRY,2026-08-11,5.0,0.06188641682087699,1.0,0,0,1.0,4.0,4.0,61.52331811134487,2.0,0.783677498098688,0,,0,0,HOLD,2.988235294117647,3,2,5
FIS,2026-08-11,5.0,0.1444232602478551,3.0,0,0,4.0,2.0,3.0,50.934207170814176,5.0,0.15578842450138206,1,1.0,0,0,SELL,3.7823529411764705,1,3,5
FISI,2026-08-11,1.0,0.7793882803819966,1.0,0,0,1.0,2.0,4.0,59.497034776997765,1.0,0.9441720156881643,1,1.0,0,0,STRONG BUY,1.0,5,0,5
FISN,2026-08-11,5.0,0.24976137448297805,,0,0,,4.0,1.0,25.215793493753168,,,0,,0,0,,,0,2,2
FISV,2026-08-11,1.0,0.9118207816968542,3.0,0,0,5.0,2.0,3.0,50.31905536679983,5.0,0.059577664269322726,0,,0,0,HOLD,3.0352941176470583,2,2,5
FITB,2026-08-11,2.0,0.6273427571626415,1.0,0,0,2.0,1.0,4.0,56.47905732045775,1.0,0.910193290892143,0,,0,0,STRONG BUY,1.4823529411764707,5,0,5
FIVE,2026-08-11,4.0,0.33386154603096413,1.0,0,0,2.0,2.0,5.0,70.82721484208423,1.0,0.8966053314420537,0,,0,0,BUY,2.270588235294118,4,1,5
FIVN,2026-08-11,4.0,0.40500099056730887,1.0,0,0,1.0,2.0,4.0,69.72904047013483,1.0,0.9357929966489794,0,,0,0,BUY,2.0941176470588236,4,1,5
FIX,2026-08-11,5.0,0.16246022269578056,3.0,0,0,1.0,2.0,3.0,45.99115164705194,2.0,0.7273254132426471,0,,0,0,HOLD,2.847058823529412,3,1,5
FIZZ,2026-08-11,2.0,0.6811248808388942,5.0,0,0,4.0,3.0,3.0,45.85719657851274,5.0,0.19801307929301293,0,,0,0,SELL,3.552941176470589,1,3,5
FJET,2026-08-11,5.0,0.14731148584155265,,0,0,4.0,3.0,3.0,48.72312344036115,5.0,0.02333451987700455,0,,0,0,STRONG SELL,4.407894736842104,0,3,4
FKWL,2026-08-11,1.0,0.8313501970750131,5.0,0,0,5.0,2.0,3.0,49.229397084410564,5.0,0.04498274063901792,0,,0,0,HOLD,3.2470588235294118,2,3,5
FLC,2026-08-11,,,4.0,0,0,3.0,,3.0,54.22930100350169,2.0,0.6182707153885744,0,,0,0,HOLD,2.7500000000000004,1,1,3
FLEX,2026-08-11,4.0,0.3421020999843267,3.0,0,0,1.0,2.0,3.0,47.79989018025482,2.0,0.6472096538858291,0,,0,0,HOLD,2.5411764705882356,3,1,5
FLG,2026-08-11,3.0,0.4785496659950826,3.0,0,0,3.0,4.0,3.0,45.66979171287154,2.0,0.7502354849374491,0,,0,0,HOLD,2.9411764705882355,1,1,5
FLGT,2026-08-11,1.0,0.7769820578145799,5.0,0,0,4.0,4.0,3.0,49.329798598634234,4.0,0.31242677293557325,0,,0,0,HOLD,3.1882352941176473,1,4,5
FLL,2026-08-11,1.0,0.924322136786726,4.0,0,0,4.0,4.0,3.0,47.19369250470201,5.0,0.1341462244525022,0,,0,0,HOLD,3.317647058823529,1,4,5
FLNG,2026-08-11,3.0,0.48615972001272667,2.0,0,0,2.0,,2.0,39.7214176848931,2.0,0.6870928719596603,0,,0,0,BUY,2.371428571428572,3,0,4
FLNT,2026-08-11,3.0,0.4591728636632836,1.0,0,0,1.0,3.0,4.0,66.26781921192611,1.0,0.9450980905476382,1,2.0,0,0,STRONG BUY,1.664705882352941,3,0,5
FLO,2026-08-11,2.0,0.6124880838894184,5.0,0,0,5.0,4.0,2.0,39.24474263502134,5.0,0.03490859912148388,0,,0,0,SELL,3.905882352941177,1,4,5
FLOC,2026-08-11,2.0,0.5967588179218303,2.0,0,0,2.0,1.0,4.0,66.81981095625176,2.0,0.6245417654748688,0,,0,0,BUY,1.8235294117647056,5,0,5
FLR,2026-08-11,2.0,0.6350086412256961,1.0,0,0,2.0,4.0,3.0,54.014384822119986,2.0,0.7697178902724335,0,,0,0,BUY,2.2470588235294118,4,1,5
FLS,2026-08-11,4.0,0.34604385128693993,3.0,0,0,3.0,2.0,4.0,64.71983475027473,2.0,0.7411687244146907,0,,0,0,HOLD,2.8941176470588235,2,1,5
FLUT,2026-08-11,,,5.0,0,0,5.0,,3.0,46.12162484067233,5.0,0.03230506116200452,0,,0,0,STRONG SELL,5.0,0,3,3
FLXS,2026-08-11,2.0,0.6037488837167195,1.0,0,0,1.0,2.0,3.0,54.55792355629961,1.0,0.9313440852454385,0,,0,0,STRONG BUY,1.4823529411764707,5,0,5
FLY,2026-08-11,5.0,0.11493322541481182,5.0,0,1,3.0,3.0,4.0,58.103253690602564,4.0,0.23209609805850245,0,,0,0,SELL,4.058823529411765,0,3,5
FLYE,2026-08-11,1.0,0.9610893538732327,5.0,0,0,5.0,4.0,3.0,45.33089076553084,5.0,0.0006836829089932351,0,,0,0,SELL,3.5999999999999996,1,4,5
FLYW,2026-08-11,4.0,0.3769468298630789,1.0,0,0,1.0,1.0,3.0,53.097642579021105,1.0,0.8452088236193486,1,1.0,0,0,STRONG BUY,1.6176470588235292,4,1,5
FLYX,2026-08-11,1.0,0.9473897207608256,5.0,0,0,5.0,3.0,3.0,45.09062213573064,5.0,0.03109655279317998,1,1.0,0,0,HOLD,3.1235294117647063,1,3,5
FLZH,2026-08-11,1.0,0.971266693646297,5.0,0,0,5.0,3.0,2.0,36.69177011020683,5.0,0.004420393058923018,0,,0,0,HOLD,3.423529411764706,1,3,5
FMAO,2026-08-11,2.0,0.7021664718954121,1.0,0,0,2.0,2.0,4.0,66.17163194898308,1.0,0.9944614558070957,0,,0,0,STRONG BUY,1.6588235294117648,5,0,5
FMBH,2026-08-11,2.0,0.7134921874781945,1.0,0,0,2.0,2.0,4.0,60.09380160212428,1.0,0.9495598225361074,1,1.0,0,0,STRONG BUY,1.3588235294117648,5,0,5
FMC,2026-08-11,,,5.0,0,0,5.0,4.0,2.0,43.53425627673814,5.0,0.013830350505574275,1,1.0,0,0,STRONG SELL,4.445762711864407,0,4,4
FMN,2026-08-11,,,4.0,0,0,3.0,,3.0,45.40277037268896,2.0,0.7525710194267751,0,,0,0,HOLD,2.7500000000000004,1,1,3
FMNB,2026-08-11,2.0,0.6163818890706212,1.0,0,0,2.0,1.0,4.0,67.36056664198398,1.0,1.0,1,4.0,0,0,STRONG BUY,1.1823529411764706,5,0,5
FMST,2026-08-11,,,5.0,0,0,5.0,,2.0,39.713699960414715,5.0,0.0033557013420205165,0,,0,0,STRONG SELL,5.0,0,3,3
FMX,2026-08-11,,,2.0,0,0,2.0,,2.0,37.71636308725124,2.0,0.7310932819889784,0,,0,0,BUY,2.0,3,0,3
FMY,2026-08-11,,,4.0,0,0,3.0,,4.0,55.145226254992785,2.0,0.6708759349001373,0,,0,0,HOLD,2.7500000000000004,1,1,3
FN,2026-08-11,5.0,0.21562073190085404,4.0,0,0,2.0,3.0,3.0,52.735752404288945,3.0,0.5280779229036318,0,,0,0,SELL,3.5411764705882356,1,2,5
FNB,2026-08-11,1.0,0.8112488083889419,1.0,0,0,2.0,2.0,3.0,53.83139994729071,1.0,0.928236074481533,0,,0,0,STRONG BUY,1.3529411764705885,5,0,5
FND,2026-08-11,3.0,0.5145370643420185,2.0,0,0,4.0,2.0,4.0,57.53042525444457,4.0,0.37012572407519595,0,,0,0,HOLD,3.129411764705883,2,2,5
FNF,2026-08-11,3.0,0.4497202874071117,4.0,0,0,4.0,2.0,2.0,40.92960520527596,4.0,0.3871758559380591,0,,0,0,HOLD,3.3411764705882354,1,3,5
FNGD,2026-08-11,,,5.0,0,0,5.0,,2.0,34.884558465598104,5.0,0.013645544300327224,0,,0,0,STRONG SELL,5.0,0,3,3
FNGO,2026-08-11,,,1.0,0,0,2.0,,4.0,63.60939862500783,1.0,0.927560597625625,0,,0,0,STRONG BUY,1.340909090909091,3,0,3
FNLC,2026-08-11,2.0,0.7008701485092159,1.0,0,0,2.0,2.0,4.0,58.11158983219417,1.0,0.9662983772102341,0,,0,0,STRONG BUY,1.6588235294117648,5,0,5
FNRN,2026-08-11,2.0,0.6952363156032801,2.0,0,0,1.0,3.0,2.0,41.58701912259163,1.0,0.8184118199850127,1,2.0,0,0,STRONG BUY,1.4647058823529409,4,0,5
FNUC,2026-08-11,,,4.0,0,0,5.0,,4.0,58.99675610883981,5.0,0.08008213054753388,0,,0,0,STRONG SELL,4.795454545454546,0,3,3
FNV,2026-08-11,,,2.0,0,0,3.0,,4.0,69.53411458060783,2.0,0.6318462106825133,0,,0,0,BUY,2.3409090909090913,2,0,3
FNWB,2026-08-11,3.0,0.4792930621116192,1.0,0,0,2.0,4.0,3.0,48.803633605427635,1.0,0.8272553527945128,0,,0,0,BUY,2.3176470588235296,3,1,5
FNWD,2026-08-11,2.0,0.6730856269380074,1.0,1,0,2.0,3.0,5.0,74.42306633615478,1.0,0.969161801216628,1,3.0,0,0,STRONG BUY,1.535294117647059,4,0,5
FOA,2026-08-11,1.0,0.9272242481528951,2.0,0,0,4.0,2.0,2.0,40.912533937963715,3.0,0.4373576458249123,1,2.0,0,0,BUY,1.9823529411764704,3,1,5
FOF,2026-08-11,,,2.0,0,0,3.0,,3.0,53.502471261528235,2.0,0.6736833141471879,0,,0,0,BUY,2.3409090909090913,2,0,3
FOFO,2026-08-11,3.0,0.47534202990773144,5.0,0,0,5.0,,3.0,50.34712441617614,5.0,0.017369149645710017,0,,0,0,STRONG SELL,4.257142857142858,0,3,4
FOR,2026-08-11,1.0,0.8146804020718337,3.0,0,0,3.0,5.0,3.0,51.16462108392771,2.0,0.699696411867185,0,,0,0,HOLD,2.5058823529411764,2,1,5
FORM,2026-08-11,5.0,0.14550721036338998,3.0,0,0,1.0,3.0,3.0,53.915449157077894,2.0,0.7005602836935763,0,,0,0,HOLD,3.023529411764706,2,1,5
FORR,2026-08-11,2.0,0.684058323811316,1.0,0,0,2.0,3.0,4.0,67.01583382030284,1.0,0.9618156475978056,0,,0,0,BUY,1.835294117647059,4,0,5
FOSL,2026-08-11,2.0,0.626956162656353,1.0,0,0,1.0,5.0,4.0,60.22719681585398,1.0,0.817162416350953,1,1.0,0,0,STRONG BUY,1.7117647058823533,4,1,5
FOUR,2026-08-11,2.0,0.6315277094732099,4.0,0,0,5.0,3.0,2.0,37.375925236778606,5.0,0.10017886768179472,1,1.0,0,0,HOLD,3.3235294117647056,1,3,5
FOXF,2026-08-11,1.0,0.8407063215390892,1.0,1,0,3.0,3.0,4.0,67.20033686654251,3.0,0.4886364097387038,0,,0,0,BUY,2.1764705882352944,2,0,5
FOXX,2026-08-11,1.0,0.9312019425333873,5.0,0,0,5.0,2.0,2.0,40.70079638956686,5.0,0.1472868242126827,0,,0,0,HOLD,3.2470588235294118,2,3,5
FPH,2026-08-11,,,3.0,0,0,4.0,3.0,3.0,53.815160434118305,4.0,0.3207303646197491,0,,0,0,SELL,3.593220338983051,0,2,4
FPI,2026-08-11,4.0,0.34920063513337374,5.0,0,0,4.0,2.0,3.0,52.521673604783,4.0,0.20282164441166708,1,1.0,0,0,HOLD,3.452941176470588,1,4,5
FPS,2026-08-11,,,,0,0,2.0,,2.0,44.35689569712343,4.0,0.2629710525184999,0,,0,0,,,1,1,2
FR,2026-08-11,4.0,0.29522721161875737,2.0,0,0,2.0,2.0,2.0,39.94717992020521,2.0,0.7507309202450912,0,,0,0,HOLD,2.6117647058823534,4,1,5
FRA,2026-08-11,,,4.0,0,0,4.0,,5.0,70.1789475226123,3.0,0.5200842283588828,0,,0,0,SELL,3.545454545454546,0,2,3
FRAF,2026-08-11,2.0,0.6532535371641441,1.0,0,0,1.0,2.0,3.0,51.77525341325043,1.0,0.9524676053745913,1,2.0,0,0,STRONG BUY,1.1823529411764706,5,0,5
FRBA,2026-08-11,,,1.0,0,0,2.0,,4.0,63.17028689956688,1.0,0.9851596125764377,0,,0,0,STRONG BUY,1.340909090909091,3,0,3
FRD,2026-08-11,5.0,0.17874165872259296,1.0,0,0,1.0,4.0,5.0,73.4185165938818,1.0,0.9771557247588742,1,2.0,0,0,BUY,2.4529411764705884,3,2,5
FRGT,2026-08-11,1.0,0.882817855024571,5.0,0,0,5.0,4.0,2.0,37.59090247758628,5.0,0.0005567148490761281,0,,0,0,SELL,3.5999999999999996,1,4,5
FRHC,2026-08-11,4.0,0.262973605714107,1.0,0,0,3.0,2.0,3.0,49.619752445995175,3.0,0.5658507675299902,1,1.0,0,0,HOLD,2.617647058823529,2,1,5
FRME,2026-08-11,1.0,0.7953891894217706,1.0,0,0,3.0,1.0,3.0,48.6379077407831,2.0,0.7851170659566565,0,,0,0,STRONG BUY,1.588235294117647,4,0,5
FRMI,2026-08-11,4.0,0.2882596245625199,4.0,0,0,5.0,,3.0,54.40636427516671,5.0,0.08312296955144392,0,,0,0,STRONG SELL,4.5,0,4,4
FRMM,2026-08-11,3.0,0.5222976312702728,3.0,0,0,3.0,5.0,4.0,57.104770458409064,5.0,0.04182112055671593,0,,0,0,SELL,3.823529411764706,0,2,5
FRNM,2026-08-11,,,2.0,0,0,4.0,5.0,4.0,59.50397380369584,3.0,0.5011877888913933,0,,0,0,SELL,3.6101694915254243,1,2,4
FRO,2026-08-11,4.0,0.2949411390391346,1.0,0,0,1.0,,3.0,49.20638164335843,1.0,0.8178171178436484,0,,0,0,BUY,2.1142857142857143,3,1,4
FROG,2026-08-11,5.0,0.12062420481228575,2.0,0,0,1.0,3.0,3.0,54.02642528026801,1.0,0.827308680733737,0,,0,0,HOLD,2.6823529411764704,3,1,5
FRPH,2026-08-11,3.0,0.4552619893824807,4.0,0,0,4.0,3.0,2.0,41.2538350666423,4.0,0.23115591054313098,1,1.0,0,0,HOLD,3.2176470588235295,0,3,5
FRPT,2026-08-11,4.0,0.4193053242372358,2.0,0,0,3.0,1.0,5.0,70.39781847041861,2.0,0.6532407209067028,1,1.0,0,0,BUY,2.3117647058823536,3,1,5
FRST,2026-08-11,1.0,0.8294996334398147,1.0,0,0,2.0,2.0,4.0,60.05591615428005,1.0,0.9726691537250066,1,2.0,0,0,STRONG BUY,1.0529411764705885,5,0,5
FRT,2026-08-11,4.0,0.33135256767590415,2.0,0,0,2.0,3.0,2.0,30.851131682826974,2.0,0.7388215862330083,0,,0,0,HOLD,2.7882352941176474,3,1,5
FRTT,2026-08-11,,,,0,0,,,2.0,44.240696309291025,,,0,,0,0,,,0,0,0
FSBC,2026-08-11,3.0,0.5382421163701226,1.0,0,0,2.0,2.0,3.0,49.93995053945484,1.0,0.8757275446449762,0,,0,0,BUY,1.9647058823529413,4,0,5
FSBW,2026-08-11,3.0,0.510297777946358,1.0,0,0,3.0,2.0,3.0,50.94240759199526,2.0,0.7656702828687414,0,,0,0,BUY,2.376470588235294,3,0,5
FSCO,2026-08-11,,,3.0,0,0,4.0,,4.0,62.24976668485658,4.0,0.3092668402673456,1,2.0,0,0,HOLD,3.495454545454546,0,2,3
FSEA,2026-08-11,2.0,0.6904231625835189,1.0,0,0,1.0,3.0,5.0,71.35561983726424,1.0,0.9974100215943075,0,,0,0,STRONG BUY,1.6588235294117646,4,0,5
FSI,2026-08-11,3.0,0.5378802594180231,5.0,0,0,4.0,3.0,1.0,26.87503729242573,5.0,0.0,0,,0,0,SELL,3.858823529411765,0,3,5
FSK,2026-08-11,2.0,0.6800507440100592,3.0,0,0,4.0,2.0,4.0,67.09500478669199,3.0,0.4981816741050582,1,2.0,0,0,BUY,2.394117647058824,2,1,5
FSLR,2026-08-11,3.0,0.4275883369607784,3.0,0,0,2.0,2.0,4.0,57.3676392709098,3.0,0.43845877394191834,0,,0,0,HOLD,2.6470588235294117,2,0,5
FSM,2026-08-11,,,2.0,0,0,3.0,,5.0,74.64752693224435,3.0,0.5845375768348652,0,,0,0,HOLD,2.795454545454546,1,0,3
FSS,2026-08-11,4.0,0.31741177914363927,1.0,0,0,3.0,2.0,4.0,58.57988652004039,1.0,0.8131834110197808,1,1.0,0,0,BUY,2.147058823529412,3,1,5
FSSL,2026-08-11,,,,0,0,4.0,,4.0,57.12756659692815,4.0,0.24826095491314926,1,4.0,0,0,,,0,2,2
FSTR,2026-08-11,4.0,0.40695093340922345,3.0,0,0,2.0,1.0,2.0,30.663449993282768,2.0,0.6915357652862522,0,,0,0,HOLD,2.5411764705882356,3,1,5
FSUN,2026-08-11,1.0,0.8745135486484514,1.0,1,0,3.0,2.0,4.0,67.69717379776519,1.0,0.9230425667885853,1,1.0,0,0,STRONG BUY,1.2294117647058824,4,0,5
FSV,2026-08-11,,,3.0,0,0,4.0,,3.0,52.466481488164824,4.0,0.22759538797497306,0,,0,0,SELL,3.795454545454546,0,2,3
FT,2026-08-11,,,5.0,0,0,3.0,,2.0,41.93283290780646,2.0,0.6277727353193043,0,,0,0,HOLD,2.9545454545454546,1,1,3
FTAI,2026-08-11,5.0,0.1248123770994474,4.0,0,0,3.0,4.0,3.0,49.71953937677978,3.0,0.48571120663848744,0,,0,0,SELL,3.894117647058824,0,3,5
FTCI,2026-08-11,1.0,0.8781869688385269,5.0,0,0,5.0,3.0,2.0,32.54760524335312,5.0,0.005050524268000783,0,,0,0,HOLD,3.423529411764706,1,3,5
FTDR,2026-08-11,4.0,0.27887223001440387,1.0,0,0,1.0,1.0,4.0,63.09543370658853,1.0,0.8564580634722426,0,,0,0,BUY,1.9176470588235293,4,1,5
FTEK,2026-08-11,2.0,0.6796590320742977,4.0,1,0,4.0,2.0,2.0,41.16902013094517,5.0,0.08401636020434426,1,1.0,0,0,HOLD,2.9705882352941178,2,3,5
FTF,2026-08-11,,,4.0,0,0,3.0,,4.0,65.72886238786408,1.0,0.9823796872103716,0,,0,0,BUY,2.2954545454545454,1,1,3
FTH,2026-08-11,4.0,0.2701240852688514,1.0,0,0,1.0,4.0,4.0,59.428090591500016,2.0,0.7813044840921336,0,,0,0,HOLD,2.6823529411764704,3,2,5
FTHY,2026-08-11,,,4.0,0,0,3.0,,3.0,50.16088470030282,1.0,0.8797930033807501,0,,0,0,BUY,2.2954545454545454,1,1,3
FTI,2026-08-11,4.0,0.2929899688734185,1.0,0,0,1.0,1.0,4.0,59.35644198664882,1.0,0.9503750654635187,0,,0,0,BUY,1.9176470588235293,4,1,5
FTK,2026-08-11,5.0,0.1989899681812193,1.0,0,0,1.0,3.0,5.0,76.42825358352891,1.0,1.0,0,,0,0,HOLD,2.5764705882352934,3,1,5
FTLF,2026-08-11,3.0,0.4866285096953287,5.0,0,0,5.0,3.0,2.0,38.31099953577044,5.0,0.0711279679199376,0,,0,0,SELL,4.03529411764706,0,3,5
FTNT,2026-08-11,5.0,0.0847417187441756,1.0,0,0,1.0,2.0,4.0,55.371635502447056,1.0,0.9310627335393075,1,1.0,0,0,BUY,2.1,4,1,5
FTRA,2026-08-11,,,,0,0,,,,,,,0,,0,0,,,0,0,0
FTRE,2026-08-11,3.0,0.556717746666883,1.0,0,0,1.0,4.0,4.0,57.09242628568651,1.0,0.91194967505599,0,,0,0,BUY,2.1411764705882352,3,1,5
FTS,2026-08-11,2.0,0.7142857142857143,2.0,0,0,3.0,,2.0,42.98786158152253,2.0,0.7556409561095764,1,1.0,0,0,BUY,1.9142857142857144,3,0,4
FTV,2026-08-11,4.0,0.3516370764376779,2.0,0,0,2.0,2.0,3.0,54.058958929308496,1.0,0.879664635661664,0,,0,0,BUY,2.376470588235294,4,1,5
FTW,2026-08-11,,,3.0,0,0,3.0,,2.0,36.91855286867516,4.0,0.36560017630275454,0,,0,0,HOLD,3.454545454545455,0,1,3
FUBO,2026-08-11,4.0,0.4035077315672626,5.0,0,0,5.0,4.0,3.0,50.61054310658978,5.0,0.029165765076664123,0,,0,0,STRONG SELL,4.517647058823529,0,5,5
FUL,2026-08-11,2.0,0.6258678375245629,3.0,0,0,3.0,2.0,4.0,66.42945001876501,2.0,0.7460161569083721,0,,0,0,BUY,2.282352941176471,3,0,5
FULC,2026-08-11,1.0,0.8110085905186127,4.0,0,0,5.0,4.0,3.0,45.220146254939344,5.0,0.04668410423218973,0,,0,0,HOLD,3.494117647058823,1,4,5
FULT,2026-08-11,1.0,0.82697807435653,1.0,0,0,2.0,,3.0,49.92304782939978,1.0,0.8892233823970126,0,,0,0,STRONG BUY,1.2142857142857144,4,0,4
FUN,2026-08-11,3.0,0.4419144636537837,4.0,0,0,4.0,3.0,2.0,36.30085210616687,4.0,0.2128684741183346,0,,0,0,SELL,3.5176470588235293,0,3,5
FUND,2026-08-11,,,1.0,0,0,2.0,,5.0,80.59758811864842,1.0,1.0,1,1.0,0,0,STRONG BUY,1.040909090909091,3,0,3
FUSB,2026-08-11,2.0,0.6501429933269781,1.0,0,0,2.0,2.0,3.0,51.54707168422554,1.0,0.9412489264768898,1,1.0,0,0,STRONG BUY,1.3588235294117648,5,0,5
FVCB,2026-08-11,3.0,0.43052876580613886,1.0,0,0,2.0,1.0,4.0,60.31570808684506,1.0,0.945121065747451,0,,0,0,BUY,1.7882352941176471,4,0,5
FVN,2026-08-11,,,2.0,0,0,3.0,2.0,3.0,52.25033648433124,2.0,0.735786029982365,0,,0,0,BUY,2.254237288135593,3,0,4
FVR,2026-08-11,3.0,0.5298858726682621,2.0,0,0,1.0,4.0,2.0,38.21035760811093,2.0,0.7787630371336207,0,,0,0,BUY,2.482352941176471,3,1,5
FVRR,2026-08-11,1.0,0.8466433343938912,5.0,0,0,5.0,,2.0,37.851077290237384,5.0,0.0,0,,0,0,SELL,3.5142857142857147,1,3,4
FWDI,2026-08-11,3.0,0.5486641692159087,4.0,0,0,5.0,3.0,3.0,50.74136935972519,5.0,0.019317539256701505,0,,0,0,SELL,3.9294117647058826,0,3,5
FWONA,2026-08-11,,,1.0,0,0,2.0,1.0,4.0,62.25667907043404,2.0,0.7874697183425463,0,,0,0,STRONG BUY,1.5932203389830508,4,0,4
FWONK,2026-08-11,,,1.0,0,0,2.0,1.0,4.0,62.55158236464941,2.0,0.7926421006433526,0,,0,0,STRONG BUY,1.5932203389830508,4,0,4
FWRD,2026-08-11,1.0,0.934439498178875,3.0,0,0,5.0,3.0,5.0,70.21986992311483,3.0,0.44349674837723874,1,1.0,0,0,BUY,2.4411764705882355,1,1,5
FWRG,2026-08-11,2.0,0.7130132385670248,4.0,0,0,5.0,2.0,2.0,37.87616324347936,5.0,0.15673289299406248,0,,0,0,HOLD,3.4470588235294115,2,3,5
FXAC,2026-08-11,,,,0,0,,,4.0,61.049599330167474,,,0,,0,0,,,0,0,0
FXNC,2026-08-11,2.0,0.6266725887747131,1.0,0,0,2.0,2.0,4.0,61.645740445255015,1.0,0.9472191420162629,1,1.0,0,0,STRONG BUY,1.3588235294117648,5,0,5
G,2026-08-11,2.0,0.630893640261817,3.0,0,0,4.0,2.0,4.0,55.323028680433495,4.0,0.3163464856567089,0,,0,0,HOLD,2.929411764705882,2,2,5
GAB,2026-08-11,,,3.0,0,0,3.0,,4.0,58.35837027382763,2.0,0.710328409320397,0,,0,0,HOLD,2.545454545454546,1,0,3
GABC,2026-08-11,3.0,0.5266681173684892,1.0,0,0,2.0,1.0,4.0,62.57967979337439,1.0,0.9605979432858808,1,5.0,0,0,STRONG BUY,1.488235294117647,4,0,5
GAIN,2026-08-11,2.0,0.711034355422625,1.0,0,0,2.0,3.0,3.0,54.57824902377619,1.0,0.9221170795368479,0,,0,0,BUY,1.835294117647059,4,0,5
GALT,2026-08-11,,,5.0,0,0,3.0,3.0,2.0,42.91447960468305,4.0,0.23927767678924788,0,,0,0,SELL,3.6440677966101696,0,2,4
GAM,2026-08-11,,,1.0,0,0,2.0,,5.0,74.45082529239097,1.0,1.0,1,2.0,0,0,STRONG BUY,1.040909090909091,3,0,3
GANX,2026-08-11,5.0,0.09153319586301187,4.0,0,0,2.0,3.0,4.0,62.519016201441204,4.0,0.2040441579291802,0,,0,0,SELL,3.7764705882352936,1,3,5
GAP,2026-08-11,2.0,0.7027345943005597,4.0,0,0,4.0,2.0,4.0,58.235919426155164,4.0,0.2624064475578069,0,,0,0,HOLD,3.0352941176470583,2,3,5
GASS,2026-08-11,1.0,0.9198218262806237,2.0,0,0,2.0,,3.0,48.191526384685545,3.0,0.585956418701345,0,,0,0,BUY,1.9142857142857146,3,0,4
GATX,2026-08-11,3.0,0.4621318563072095,1.0,1,0,3.0,3.0,3.0,47.32287337694199,3.0,0.5544234381254426,0,,0,0,HOLD,2.7882352941176474,1,0,5
GAU,2026-08-11,,,4.0,0,0,4.0,,4.0,61.12681529827095,4.0,0.2610837334282936,0,,0,0,SELL,4.0,0,3,3
GBAB,2026-08-11,,,5.0,0,0,4.0,,4.0,55.987560893541456,3.0,0.47415682153866223,0,,0,0,SELL,3.750000000000001,0,2,3
GBCI,2026-08-11,4.0,0.3804877116447616,2.0,0,0,3.0,2.0,2.0,44.074722831438265,2.0,0.6374703547771303,1,1.0,0,0,BUY,2.4882352941176475,3,1,5
GBDC,2026-08-11,1.0,0.8252784391769618,2.0,0,0,3.0,4.0,4.0,57.07901310852132,1.0,0.8644665502927888,0,,0,0,BUY,1.9882352941176469,3,1,5
GBFH,2026-08-11,2.0,0.7247360838052638,5.0,0,0,5.0,4.0,2.0,30.114521394775792,5.0,0.05272901726724038,0,,0,0,SELL,3.905882352941177,1,4,5
GBTG,2026-08-11,3.0,0.4455831198024376,1.0,0,0,2.0,2.0,4.0,65.9322921529835,1.0,0.9845813564461393,0,,0,0,BUY,1.9647058823529413,4,0,5
GBX,2026-08-11,1.0,0.853521086017251,4.0,0,0,4.0,1.0,2.0,38.6659969974547,4.0,0.3402671484853019,0,,0,0,HOLD,2.552941176470588,2,3,5
GCBC,2026-08-11,3.0,0.5067658629440501,1.0,0,0,1.0,2.0,4.0,63.35470662899299,1.0,0.9853728460944643,1,4.0,0,0,STRONG BUY,1.488235294117647,4,0,5
GCO,2026-08-11,1.0,0.7928173278025292,2.0,0,0,1.0,2.0,3.0,47.639844170579295,2.0,0.7111218166700981,0,,0,0,STRONG BUY,1.5176470588235296,5,0,5
GCTS,2026-08-11,5.0,0.07729664103601781,3.0,0,0,1.0,5.0,2.0,44.64221424679774,4.0,0.3886496050039361,0,,0,0,SELL,3.847058823529412,1,3,5
GCV,2026-08-11,,,2.0,0,0,2.0,,4.0,57.4133321449622,1.0,0.9829862682963634,0,,0,0,STRONG BUY,1.5454545454545454,3,0,3
GD,2026-08-11,4.0,0.42126293104719525,1.0,0,0,2.0,1.0,4.0,65.28184011630339,1.0,0.969826862796402,0,,0,0,BUY,2.0941176470588236,4,1,5
GDC,2026-08-11,3.0,0.522233354547957,5.0,0,0,5.0,3.0,2.0,30.55892861931315,5.0,0.00013368761043813595,0,,0,0,SELL,4.03529411764706,0,3,5
GDDY,2026-08-11,4.0,0.3144790809526457,3.0,0,0,4.0,3.0,3.0,50.51664891875633,4.0,0.21992148404874345,0,,0,0,SELL,3.717647058823529,0,3,5
GDEV,2026-08-11,,,5.0,0,0,4.0,,2.0,44.16212438198101,5.0,0.012244905267641291,0,,0,0,STRONG SELL,4.659090909090909,0,3,3
GDL,2026-08-11,,,5.0,0,0,3.0,,3.0,50.39539584539438,1.0,0.8905983543855066,0,,0,0,BUY,2.5,1,1,3
GDO,2026-08-11,,,5.0,0,0,4.0,,2.0,43.42590408546432,4.0,0.2421987782235702,0,,0,0,SELL,4.204545454545455,0,3,3
GDOT,2026-08-11,1.0,0.8633886612258104,1.0,0,0,2.0,4.0,3.0,53.9387786766137,2.0,0.6503759843281902,0,,0,0,BUY,1.9411764705882355,4,1,5
GDV,2026-08-11,,,1.0,0,0,3.0,,5.0,70.74179363943301,1.0,1.0,1,1.0,0,0,STRONG BUY,1.3818181818181816,2,0,3
GE,2026-08-11,5.0,0.14670550178146896,1.0,0,0,2.0,3.0,4.0,55.02442304045722,1.0,0.8773510852853538,0,,0,0,HOLD,2.7529411764705882,3,1,5
GECC,2026-08-11,1.0,0.8679605472478523,4.0,0,0,4.0,,4.0,58.2573827139257,4.0,0.2029845642392416,0,,0,0,HOLD,2.885714285714286,1,3,4
GEF,2026-08-11,,,1.0,0,0,2.0,2.0,5.0,71.74945602119567,1.0,0.9430255654429814,0,,0,0,STRONG BUY,1.5084745762711866,4,0,4
GEG,2026-08-11,3.0,0.5609654329747754,5.0,0,0,3.0,4.0,3.0,46.85102445044238,4.0,0.26562512514647374,0,,0,0,SELL,3.623529411764706,0,3,5
GEHC,2026-08-11,3.0,0.5162114171057111,3.0,0,0,4.0,4.0,4.0,65.9977885253851,3.0,0.46319540533336784,0,,0,0,HOLD,3.3529411764705883,0,2,5
GEN,2026-08-11,4.0,0.3361819021547136,1.0,0,0,3.0,2.0,4.0,69.04903453638059,1.0,0.8280634982641658,0,,0,0,BUY,2.447058823529412,3,1,5
GENB,2026-08-11,4.0,0.29748647788736876,,0,0,,,3.0,50.292298445420776,3.0,0.49838713671736984,1,6.0,0,0,,,0,1,2
GENC,2026-08-11,2.0,0.6839847473784557,1.0,0,0,3.0,2.0,4.0,69.4756709613724,1.0,1.0,0,,0,0,BUY,1.835294117647059,4,0,5
GENI,2026-08-11,1.0,0.9844097995545659,2.0,0,0,3.0,,4.0,59.90926143120699,4.0,0.3862928085133901,0,,0,0,BUY,2.414285714285714,2,1,4
GEO,2026-08-11,3.0,0.5254778933190968,1.0,0,0,1.0,1.0,4.0,64.4441604735257,1.0,1.0,0,,0,0,STRONG BUY,1.6117647058823528,4,0,5
GEOS,2026-08-11,1.0,0.8459744515724875,5.0,0,0,5.0,5.0,1.0,28.697294378049193,5.0,0.0,0,,0,0,SELL,3.776470588235294,1,4,5
GERN,2026-08-11,5.0,0.1399242012038043,2.0,0,0,3.0,5.0,4.0,62.096706181784796,2.0,0.6306817619945881,0,,0,0,SELL,3.6235294117647068,2,2,5
GEV,2026-08-11,5.0,0.14913531325338628,3.0,0,0,2.0,2.0,3.0,49.0645274396467,2.0,0.7365561029711594,0,,0,0,HOLD,3.023529411764706,3,1,5
GEVO,2026-08-11,3.0,0.5714877245029416,3.0,0,0,3.0,3.0,4.0,55.21634827829397,4.0,0.2516339854003679,0,,0,0,HOLD,3.2352941176470593,0,1,5
GF,2026-08-11,,,3.0,0,0,4.0,,3.0,52.56119487028762,2.0,0.7005591403504735,1,1.0,0,0,HOLD,2.586363636363637,1,1,3
GFF,2026-08-11,4.0,0.25581132394934925,1.0,0,0,2.0,2.0,4.0,68.60881624668036,1.0,0.9919437436615233,1,1.0,0,0,BUY,1.970588235294118,4,1,5
GFL,2026-08-11,,,2.0,0,0,4.0,,4.0,59.5734375746007,3.0,0.4406238121660412,0,,0,0,HOLD,3.136363636363637,1,1,3
GFR,2026-08-11,,,1.0,0,0,2.0,,4.0,60.328732598710424,1.0,0.8965517367376703,0,,0,0,STRONG BUY,1.340909090909091,3,0,3
GFS,2026-08-11,,,4.0,0,0,2.0,,2.0,38.1772606914229,4.0,0.32624087166447113,0,,0,0,HOLD,3.3181818181818183,1,2,3
GFUZ,2026-08-11,,,5.0,0,0,4.0,,3.0,50.12252616210325,4.0,0.3428165366036267,0,,0,0,SELL,4.204545454545455,0,3,3
GGB,2026-08-11,,,1.0,0,0,2.0,,3.0,46.821480757830074,1.0,0.816371315194871,0,,0,0,STRONG BUY,1.340909090909091,3,0,3
GGG,2026-08-11,4.0,0.2745168172642569,2.0,0,0,4.0,2.0,4.0,69.8342961897088,3.0,0.514898509843501,0,,0,0,HOLD,3.2,2,2,5
GGN,2026-08-11,,,2.0,0,0,3.0,,5.0,71.85902884550634,2.0,0.7428492145662026,1,1.0,0,0,BUY,2.0409090909090915,2,0,3
GGR,2026-08-11,,,5.0,0,1,5.0,,2.0,32.0554954710844,5.0,0.01609656403330549,0,,0,0,STRONG SELL,5.0,0,3,3
GGT,2026-08-11,,,2.0,0,0,3.0,,4.0,60.422289719416526,1.0,0.9571424615503902,1,2.0,0,0,STRONG BUY,1.5863636363636362,2,0,3
GGZ,2026-08-11,,,1.0,0,0,3.0,,4.0,63.53300645678227,1.0,0.9786410377452172,0,,0,0,STRONG BUY,1.6818181818181817,2,0,3
GH,2026-08-11,5.0,0.13193039255362202,1.0,0,0,1.0,3.0,4.0,60.1096621695552,1.0,0.9548197504613126,0,,0,0,HOLD,2.5764705882352934,3,1,5
GHC,2026-08-11,2.0,0.6210676835081029,1.0,0,0,3.0,2.0,3.0,46.4940666713208,2.0,0.7782828978199278,0,,0,0,BUY,2.070588235294118,4,0,5
GHM,2026-08-11,5.0,0.22527623025724805,2.0,0,0,1.0,4.0,3.0,54.89584736024653,1.0,0.80903136549882,0,,0,0,HOLD,2.8588235294117648,3,2,5
GHRS,2026-08-11,,,1.0,0,0,1.0,,4.0,61.53173674420528,1.0,0.9522293175796859,0,,0,0,STRONG BUY,1.0,3,0,3
GHY,2026-08-11,,,5.0,0,0,4.0,,3.0,50.044288542560984,3.0,0.598179018154841,0,,0,0,SELL,3.750000000000001,0,2,3
GIB,2026-08-11,,,3.0,0,0,4.0,,4.0,63.57860588050201,4.0,0.37843207293706405,0,,0,0,SELL,3.795454545454546,0,2,3
GIC,2026-08-11,3.0,0.48829494021065595,1.0,0,0,2.0,1.0,5.0,74.79552444713731,1.0,0.9915683095308085,0,,0,0,BUY,1.7882352941176471,4,0,5
GIGM,2026-08-11,1.0,0.9265033407572382,4.0,0,0,4.0,,4.0,58.12776902716891,4.0,0.3000001083720673,0,,0,0,HOLD,2.885714285714286,1,3,4
GIII,2026-08-11,3.0,0.47664442326024786,2.0,0,0,2.0,2.0,2.0,42.21363799384906,1.0,0.8081298378777114,0,,0,0,BUY,2.070588235294118,4,0,5
GIL,2026-08-11,,,4.0,0,0,4.0,,4.0,64.37232879961833,3.0,0.41305852219158684,0,,0,0,SELL,3.545454545454546,0,2,3
GILD,2026-08-11,5.0,0.23514663113820433,2.0,0,0,3.0,1.0,4.0,58.690550013727304,2.0,0.6113259443397582,0,,0,0,HOLD,2.91764705882353,3,1,5
GILT,2026-08-11,2.0,0.5879732739420935,5.0,0,0,3.0,,2.0,43.379388085069024,4.0,0.2086389832199961,0,,0,0,HOLD,3.1714285714285713,1,2,4
GIS,2026-08-11,,,3.0,0,0,4.0,3.0,4.0,59.88789471386388,4.0,0.3821090845509289,0,,0,0,SELL,3.593220338983051,0,2,4
GITS,2026-08-11,5.0,0.1827145321022016,1.0,0,0,3.0,4.0,4.0,67.17097921082164,3.0,0.5643887922362132,0,,0,0,SELL,3.5764705882352943,1,2,5
GJH,2026-08-11,,,5.0,0,0,3.0,,3.0,47.483408044763294,2.0,0.7216090364359974,0,,0,0,HOLD,2.9545454545454546,1,1,3
GJR,2026-08-11,,,3.0,1,0,3.0,,2.0,39.9244856424464,2.0,0.6806531984053349,0,,0,0,HOLD,2.545454545454546,1,0,3
GJS,2026-08-11,,,1.0,0,0,3.0,,3.0,53.07406588837626,1.0,0.8903660406667596,0,,0,0,STRONG BUY,1.6818181818181817,2,0,3
GJT,2026-08-11,,,1.0,0,0,3.0,,4.0,57.016659462258595,1.0,0.9473450753438701,0,,0,0,STRONG BUY,1.6818181818181817,2,0,3
GKOS,2026-08-11,5.0,0.10169034010679523,1.0,0,0,1.0,4.0,5.0,81.62188002536983,1.0,1.0,0,,0,0,HOLD,2.7529411764705882,3,2,5
GL,2026-08-11,3.0,0.4960686147301058,1.0,0,0,2.0,1.0,4.0,55.89228398441767,1.0,0.935780925068465,0,,0,0,BUY,1.7882352941176471,4,0,5
GLAD,2026-08-11,1.0,0.826461132591417,2.0,0,0,3.0,5.0,4.0,57.10252645316599,3.0,0.41308515219441866,0,,0,0,HOLD,2.6352941176470592,2,1,5
GLAS,2026-08-11,,,3.0,0,0,2.0,,2.0,44.629511992554114,3.0,0.559772718181681,0,,0,0,HOLD,2.6590909090909096,1,0,3
GLBE,2026-08-11,5.0,0.16194718421889914,1.0,1,0,2.0,,4.0,61.36635843787765,1.0,0.9147497682274406,0,,0,0,HOLD,2.7,3,1,4
GLBS,2026-08-11,,,1.0,0,0,1.0,,4.0,68.56835435912066,1.0,1.0,1,1.0,0,0,STRONG BUY,1.0,3,0,3
GLDG,2026-08-11,,,4.0,0,0,4.0,,4.0,67.97812136619439,5.0,0.18148142964424904,0,,0,0,STRONG SELL,4.454545454545455,0,3,3
GLED,2026-08-11,5.0,0.020680878141902642,,0,0,,,3.0,50.7105810232936,1.0,0.8181857589970782,0,,0,0,,,1,1,2
GLIBA,2026-08-11,,,3.0,0,0,5.0,2.0,4.0,64.72708214059716,4.0,0.24735524737542589,0,,0,0,SELL,3.593220338983051,1,2,4
GLIBK,2026-08-11,,,3.0,0,0,5.0,2.0,4.0,66.73763723192741,4.0,0.2611495773398668,1,1.0,0,0,HOLD,3.293220338983051,1,2,4
GLND,2026-08-11,5.0,0.06967865097041044,,0,0,,,2.0,42.09559899011124,5.0,0.015666971548605836,0,,0,0,,,0,2,2
GLNG,2026-08-11,4.0,0.40979955456570155,2.0,0,0,2.0,,4.0,56.826233390688245,2.0,0.7217148739116592,0,,0,0,HOLD,2.742857142857143,3,1,4
GLO,2026-08-11,,,2.0,0,0,3.0,,4.0,59.342254658316996,1.0,0.937115779152119,0,,0,0,BUY,1.8863636363636362,2,0,3
GLOB,2026-08-11,,,3.0,0,0,5.0,,4.0,64.83014377128018,4.0,0.21900270120821028,0,,0,0,SELL,4.136363636363637,0,2,3
GLOO,2026-08-11,1.0,0.9955664770233401,,0,0,5.0,2.0,3.0,46.473102809576694,5.0,0.07786259453069232,0,,0,0,HOLD,3.0394736842105257,2,2,4
GLPI,2026-08-11,4.0,0.40477453918570017,5.0,0,1,4.0,1.0,2.0,37.073919382052516,4.0,0.35726811126867625,0,,0,0,SELL,3.5764705882352943,1,4,5
GLQ,2026-08-11,,,3.0,0,0,3.0,,4.0,56.119646814709135,1.0,0.9010894977378683,0,,0,0,BUY,2.090909090909091,1,0,3
GLSI,2026-08-11,5.0,0.012090359529112313,5.0,0,1,4.0,5.0,3.0,45.94196348978536,4.0,0.29221856421441067,0,,0,0,STRONG SELL,4.588235294117648,0,5,5
GLU,2026-08-11,,,3.0,0,0,3.0,,3.0,53.87540671104948,2.0,0.6158536089612007,0,,0,0,HOLD,2.545454545454546,1,0,3
GLUE,2026-08-11,4.0,0.41202672605790647,4.0,0,0,2.0,3.0,2.0,31.183907758039467,3.0,0.5501894265014766,0,,0,0,HOLD,3.235294117647059,1,2,5
GLV,2026-08-11,,,3.0,0,0,3.0,,3.0,49.51471692242714,1.0,0.8260842174069604,0,,0,0,BUY,2.090909090909091,1,0,3
GLW,2026-08-11,5.0,0.09103908484270734,3.0,0,0,1.0,1.0,3.0,48.3579447749666,3.0,0.49426078610956947,0,,0,0,HOLD,2.905882352941177,2,1,5
GM,2026-08-11,2.0,0.7218275749707501,1.0,0,0,2.0,2.0,4.0,64.09184874632318,1.0,0.9668294583235277,0,,0,0,STRONG BUY,1.6588235294117648,5,0,5
GME,2026-08-11,3.0,0.5661072461785855,5.0,0,0,4.0,2.0,1.0,28.436782503508283,5.0,0.0011234069619942553,0,,0,0,SELL,3.6823529411764704,1,3,5
GMED,2026-08-11,3.0,0.5220514350808401,2.0,0,0,3.0,1.0,4.0,64.07807449933918,2.0,0.7426893505212931,0,,0,0,BUY,2.3058823529411763,3,0,5
GMRS,2026-08-11,2.0,0.6840598154629335,,0,0,,,2.0,40.31908280428813,,,0,,0,0,,,1,0,1
GMTL,2026-08-11,,,,0,0,,,4.0,59.80041256640012,4.0,0.34828491261926803,0,,0,0,,,0,1,1
GNE,2026-08-11,2.0,0.6568160152526216,2.0,0,0,3.0,1.0,4.0,59.062906434792325,3.0,0.5756243148220439,0,,0,0,BUY,2.235294117647059,3,0,5
GNK,2026-08-11,2.0,0.5916347486208998,2.0,0,0,2.0,4.0,2.0,44.08299869331462,1.0,0.8058099278080216,0,,0,0,BUY,2.1176470588235294,4,1,5
GNL,2026-08-11,3.0,0.5475474248869148,2.0,0,0,3.0,,4.0,55.33385268310469,1.0,0.8357563781634962,0,,0,0,BUY,2.3,2,0,4
GNLX,2026-08-11,5.0,0.1252413570992437,5.0,0,0,3.0,4.0,2.0,41.90451548353213,5.0,0.05893940254469696,0,,0,0,STRONG SELL,4.470588235294118,0,4,5
GNPX,2026-08-11,3.0,0.4610244988864143,5.0,0,0,5.0,3.0,1.0,27.193711679370523,5.0,0.00033702606277255715,0,,0,0,SELL,4.03529411764706,0,3,5
GNRC,2026-08-11,5.0,0.10200190657769304,3.0,0,0,3.0,3.0,3.0,46.55553132465022,3.0,0.4868065217920644,0,,0,0,SELL,3.611764705882353,0,1,5
GNSS,2026-08-11,5.0,0.041361756283805284,5.0,0,0,4.0,4.0,3.0,45.708085002182145,5.0,0.11650486223456546,1,1.0,0,0,STRONG SELL,4.347058823529412,0,5,5
GNT,2026-08-11,,,1.0,0,0,2.0,,5.0,76.37572413657637,1.0,0.9804335302567152,0,,0,0,STRONG BUY,1.340909090909091,3,0,3
GNTX,2026-08-11,3.0,0.5665780977425159,3.0,0,0,4.0,2.0,3.0,50.351878895996066,3.0,0.43791382342151475,0,,0,0,HOLD,3.0,1,1,5
GNW,2026-08-11,1.0,0.8569914916523927,1.0,0,0,3.0,2.0,3.0,54.52447795746103,1.0,0.8538814217062801,0,,0,0,STRONG BUY,1.5294117647058825,4,0,5
GO,2026-08-11,1.0,0.8201611078692713,2.0,1,0,4.0,3.0,4.0,57.167366980406044,4.0,0.31779333247524877,1,6.0,0,0,BUY,2.3941176470588243,2,2,5
GOAI,2026-08-11,3.0,0.4283321634210707,,0,0,5.0,3.0,2.0,31.7326215026918,5.0,0.023064267947921054,0,,0,0,SELL,3.921052631578948,0,2,4
GOF,2026-08-11,,,5.0,0,0,4.0,,4.0,58.83242961376638,4.0,0.2545417508435642,1,1.0,0,0,SELL,3.904545454545455,0,3,3
GOGO,2026-08-11,3.0,0.5611697757538875,4.0,0,0,5.0,3.0,2.0,33.33050875895749,5.0,0.0,1,1.0,0,0,SELL,3.629411764705883,0,3,5
GOLD,2026-08-11,2.0,0.6973023967215115,2.0,0,0,3.0,3.0,4.0,58.75233745613846,3.0,0.5226571739082702,0,,0,0,HOLD,2.588235294117647,2,0,5
GOLF,2026-08-11,4.0,0.3603431839847474,4.0,0,0,3.0,3.0,1.0,26.89629762894279,3.0,0.4040771385727266,0,,0,0,HOLD,3.411764705882353,0,2,5
GOOD,2026-08-11,4.0,0.3087568112025156,1.0,0,0,3.0,4.0,3.0,54.84970484996132,1.0,0.9367911830047331,1,1.0,0,0,BUY,2.5,2,2,5
GOOS,2026-08-11,,,5.0,0,0,5.0,,2.0,38.45772023254027,5.0,0.026799413833562966,0,,0,0,STRONG SELL,5.0,0,3,3
GORO,2026-08-11,,,5.0,0,1,5.0,,2.0,39.497112736029635,5.0,0.09696260315641674,0,,0,0,STRONG SELL,5.0,0,3,3
GP,2026-08-11,,,1.0,1,0,3.0,,4.0,57.684013568646904,4.0,0.2515528120471574,0,,0,0,HOLD,3.045454545454546,1,1,3
GPC,2026-08-11,3.0,0.4551357760507751,2.0,0,0,4.0,2.0,4.0,66.09229364268379,2.0,0.7971998784588312,0,,0,0,HOLD,2.658823529411765,3,1,5
GPGI,2026-08-11,3.0,0.5735442369097765,4.0,0,0,5.0,4.0,3.0,46.87423125860681,5.0,0.1807138141153945,1,3.0,0,0,SELL,3.805882352941177,0,4,5
GPI,2026-08-11,1.0,0.8612964728312678,5.0,0,0,5.0,2.0,2.0,35.82249565836561,5.0,0.010968979238656307,0,,0,0,HOLD,3.2470588235294118,2,3,5
GPK,2026-08-11,1.0,0.8282909059975012,3.0,0,0,4.0,2.0,4.0,61.94769580401023,4.0,0.22963229845399719,1,2.0,0,0,BUY,2.3235294117647065,2,2,5
GPMT,2026-08-11,1.0,0.967228762328985,5.0,0,0,5.0,2.0,2.0,39.28152050149972,5.0,0.00323397400607518,0,,0,0,HOLD,3.2470588235294118,2,3,5
GPN,2026-08-11,2.0,0.6474256355650148,1.0,1,0,3.0,3.0,4.0,60.03534866487216,1.0,0.8973005780031955,1,1.0,0,0,STRONG BUY,1.7117647058823529,3,0,5
GPOR,2026-08-11,2.0,0.6190502815341399,4.0,0,0,4.0,2.0,4.0,63.019049968375526,4.0,0.28132773830354774,0,,0,0,HOLD,3.0352941176470583,2,3,5
GPRE,2026-08-11,3.0,0.5115841534663446,2.0,0,0,2.0,3.0,2.0,44.79174426411075,2.0,0.6821705693797264,1,1.0,0,0,BUY,2.1823529411764713,3,0,5
GPRK,2026-08-11,,,3.0,0,0,2.0,,2.0,43.9070065556654,3.0,0.5823952597247062,0,,0,0,HOLD,2.6590909090909096,1,0,3
GRAL,2026-08-11,4.0,0.4173398732133113,2.0,0,0,3.0,3.0,4.0,57.299699849662886,3.0,0.5189035629494362,0,,0,0,HOLD,3.2,1,1,5
GRBK,2026-08-11,2.0,0.6643183646357317,3.0,0,0,3.0,3.0,3.0,48.501414143684585,3.0,0.5450855623067613,0,,0,0,HOLD,2.6941176470588237,1,0,5
GRC,2026-08-11,5.0,0.2418588729736838,2.0,0,0,1.0,2.0,3.0,50.942081199884605,1.0,0.8174535952342984,0,,0,0,HOLD,2.5058823529411764,4,1,5
GRCE,2026-08-11,1.0,0.9116360361065021,5.0,0,0,5.0,4.0,2.0,37.431538424431494,5.0,0.014705906414791737,0,,0,0,SELL,3.5999999999999996,1,4,5
GRDN,2026-08-11,,,3.0,0,0,2.0,2.0,3.0,45.148460440984806,1.0,0.8050103773292646,0,,0,0,BUY,1.8135593220338986,3,0,4
GRDX,2026-08-11,5.0,0.027519222986645085,4.0,0,0,2.0,3.0,2.0,44.61243015349606,4.0,0.2588872987666951,0,,0,0,SELL,3.7764705882352936,1,3,5
GRF,2026-08-11,,,3.0,0,0,3.0,,3.0,51.73593752689413,3.0,0.4950291618724813,0,,0,0,HOLD,3.0000000000000004,0,0,3
GRI,2026-08-11,1.0,0.9455933821189946,4.0,0,0,5.0,4.0,5.0,70.8838261079934,5.0,0.01306946545946877,0,,0,0,HOLD,3.494117647058823,1,4,5
GRMN,2026-08-11,5.0,0.2210358423225835,1.0,0,0,2.0,2.0,5.0,75.06025416418669,1.0,0.9739852537546021,0,,0,0,HOLD,2.5764705882352943,4,1,5
GRND,2026-08-11,4.0,0.2782646645551396,1.0,0,0,2.0,2.0,3.0,51.927171369051464,2.0,0.7861555726878998,0,,0,0,HOLD,2.5058823529411764,4,1,5
GRNQ,2026-08-11,5.0,0.1099907247087524,5.0,0,0,5.0,4.0,2.0,34.71845822760554,5.0,0.0,0,,0,0,STRONG SELL,4.823529411764706,0,5,5
GRNT,2026-08-11,4.0,0.3679694947569113,2.0,0,0,3.0,2.0,4.0,66.62774745112054,2.0,0.6081227821054135,1,5.0,0,0,BUY,2.4882352941176475,3,1,5
GRO,2026-08-11,,,4.0,0,0,3.0,,3.0,51.46909762534457,4.0,0.2928870363843694,0,,0,0,SELL,3.659090909090909,0,2,3
GROV,2026-08-11,,,5.0,0,0,5.0,4.0,2.0,35.378820646750356,5.0,0.0,0,,0,0,STRONG SELL,4.745762711864407,0,4,4
GROY,2026-08-11,,,4.0,0,0,4.0,,4.0,68.96883691975177,4.0,0.21189588145651236,0,,0,0,SELL,4.0,0,3,3
GRPN,2026-08-11,2.0,0.6102792391744233,2.0,0,0,3.0,4.0,2.0,35.96919005965427,3.0,0.5333635582727698,0,,0,0,HOLD,2.7647058823529416,2,1,5
GRRR,2026-08-11,,,3.0,0,0,3.0,,3.0,53.091981407244894,4.0,0.36529864072155904,0,,0,0,HOLD,3.454545454545455,0,1,3
GRSD,2026-08-11,,,5.0,0,0,5.0,,3.0,46.0557410302755,5.0,0.026229507940426156,0,,0,0,STRONG SELL,5.0,0,3,3
GRWG,2026-08-11,1.0,0.8163868256047229,3.0,0,0,2.0,3.0,3.0,52.53790747875803,4.0,0.38362070648763624,0,,0,0,BUY,2.447058823529412,2,1,5
GRX,2026-08-11,,,1.0,1,0,3.0,,5.0,71.23429792787043,1.0,1.0,0,,0,0,STRONG BUY,1.6818181818181817,2,0,3
GS,2026-08-11,3.0,0.47552102756238473,3.0,0,0,2.0,3.0,3.0,47.28642748577149,2.0,0.7340576882070332,0,,0,0,HOLD,2.588235294117647,2,0,5
GSAT,2026-08-11,5.0,0.06143004013856261,1.0,0,0,1.0,3.0,4.0,65.13481936735613,1.0,0.9859687601871759,0,,0,0,HOLD,2.5764705882352934,3,1,5
GSBC,2026-08-11,2.0,0.6859164263905323,1.0,0,0,2.0,1.0,4.0,58.58436212485419,1.0,0.9547673270757328,0,,0,0,STRONG BUY,1.4823529411764707,5,0,5
GSBD,2026-08-11,1.0,0.8499998980930024,3.0,0,0,3.0,1.0,4.0,66.54374636174,1.0,0.9113622024663034,0,,0,0,STRONG BUY,1.564705882352941,3,0,5
GSIT,2026-08-11,4.0,0.32547990055185855,5.0,0,1,2.0,4.0,3.0,50.65375360716395,4.0,0.3528826926813721,0,,0,0,SELL,3.7529411764705887,1,4,5
GSL,2026-08-11,,,1.0,0,0,2.0,,2.0,42.039740421253626,2.0,0.7923618289883323,0,,0,0,BUY,1.7954545454545454,3,0,3
GSM,2026-08-11,,,3.0,0,0,3.0,,5.0,77.12641959327043,2.0,0.6207841514858993,1,2.0,0,0,BUY,2.245454545454546,1,0,3
GT,2026-08-11,1.0,0.9274333706709206,4.0,0,0,5.0,3.0,2.0,36.98785397206785,5.0,0.10987904679483716,0,,0,0,HOLD,3.317647058823529,1,3,5
GTE,2026-08-11,2.0,0.6295516777387278,1.0,0,0,1.0,4.0,4.0,67.03340447795495,1.0,0.9917762846378954,1,2.0,0,0,STRONG BUY,1.535294117647059,4,1,5
GTES,2026-08-11,3.0,0.5066730620638117,1.0,0,0,3.0,2.0,4.0,57.62026905774779,1.0,0.8749999458139546,0,,0,0,BUY,2.1411764705882352,3,0,5
GTIM,2026-08-11,1.0,0.9125452532542009,1.0,0,0,3.0,3.0,5.0,70.11892752745085,3.0,0.4109999977482689,0,,0,0,BUY,2.1764705882352944,2,0,5
GTM,2026-08-11,2.0,0.7121375115812538,3.0,0,0,5.0,2.0,4.0,69.10414272229079,5.0,0.15380606425989862,0,,0,0,HOLD,3.3411764705882354,2,2,5
GTN,2026-08-11,1.0,0.9613762123168021,2.0,0,0,3.0,3.0,4.0,61.243743566970196,3.0,0.48927825067926467,0,,0,0,BUY,2.2823529411764705,2,0,5
GTX,2026-08-11,2.0,0.628118384971639,3.0,0,0,1.0,1.0,2.0,38.81914902429082,2.0,0.7032090311966795,0,,0,0,BUY,1.7529411764705882,4,0,5
GTY,2026-08-11,4.0,0.41033730303056487,2.0,0,0,3.0,2.0,2.0,31.996862583589973,2.0,0.655040390012509,0,,0,0,HOLD,2.7882352941176474,3,1,5
GUG,2026-08-11,,,4.0,0,0,3.0,,2.0,44.335650423042466,3.0,0.5997975269114795,0,,0,0,HOLD,3.2045454545454555,0,1,3
GURE,2026-08-11,1.0,0.9186454369694066,5.0,0,0,5.0,4.0,2.0,38.482084207235914,5.0,0.07733810605065246,0,,0,0,SELL,3.5999999999999996,1,4,5
GUT,2026-08-11,,,3.0,0,0,3.0,,3.0,47.584334637209345,2.0,0.6246214864507874,0,,0,0,HOLD,2.545454545454546,1,0,3
GVA,2026-08-11,4.0,0.4012033796504481,3.0,0,0,3.0,2.0,3.0,47.237769229659854,3.0,0.4328137176667319,0,,0,0,HOLD,3.129411764705882,1,1,5
GWAV,2026-08-11,1.0,0.9712537951387714,3.0,0,0,4.0,4.0,4.0,58.03848475943766,5.0,0.08785229549968127,0,,0,0,HOLD,3.211764705882353,1,3,5
GWRE,2026-08-11,5.0,0.12563594979991574,2.0,0,0,3.0,1.0,5.0,70.01771611397037,3.0,0.460864307489277,0,,0,0,HOLD,3.1529411764705886,2,1,5
GWRS,2026-08-11,5.0,0.12297426120114395,3.0,0,0,4.0,3.0,4.0,59.10166965484215,4.0,0.23582533067414913,1,1.0,0,0,SELL,3.723529411764707,0,3,5
GWW,2026-08-11,4.0,0.2607244995233556,2.0,0,0,2.0,3.0,2.0,42.26760695073875,2.0,0.7987853999579702,0,,0,0,HOLD,2.7882352941176474,3,1,5
GXO,2026-08-11,2.0,0.6215264356358813,4.0,0,0,4.0,1.0,2.0,37.40161043954781,5.0,0.04733437757603784,0,,0,0,HOLD,3.0941176470588236,2,3,5
GYGY,2026-08-11,,,,0,0,,,,,,,0,,0,0,,,0,0,0
GYRE,2026-08-11,5.0,0.20768490474240284,4.0,0,0,4.0,4.0,4.0,58.49308609525053,4.0,0.32628397050639674,0,,0,0,STRONG SELL,4.305882352941177,0,5,5
GYRO,2026-08-11,,,5.0,0,0,5.0,,1.0,10.050706273064591,5.0,0.0,0,,0,0,STRONG SELL,5.0,0,3,3
H,2026-08-11,,,3.0,0,0,3.0,4.0,2.0,38.70134452231834,3.0,0.5714216046408611,0,,0,0,HOLD,3.2542372881355934,0,1,4
HAE,2026-08-11,4.0,0.3326530222132821,1.0,0,0,1.0,2.0,4.0,68.61161058888096,1.0,1.0,0,,0,0,BUY,2.0941176470588236,4,1,5
HAFC,2026-08-11,2.0,0.6114811455337275,1.0,0,0,2.0,1.0,3.0,53.618024016509196,1.0,0.9157343209958699,0,,0,0,STRONG BUY,1.4823529411764707,5,0,5
HAFN,2026-08-11,,,2.0,0,0,2.0,,3.0,45.738335121933034,3.0,0.5936895145035326,0,,0,0,BUY,2.454545454545455,2,0,3
HAL,2026-08-11,3.0,0.4368437798281896,4.0,0,0,2.0,2.0,3.0,53.11030057399493,2.0,0.6110346644438199,0,,0,0,HOLD,2.51764705882353,3,1,5
HALO,2026-08-11,5.0,0.13128366367211375,1.0,0,0,1.0,3.0,5.0,86.6906746552398,1.0,1.0,0,,0,0,HOLD,2.5764705882352934,3,1,5
HAPN,2026-08-11,3.0,0.49036773338047934,1.0,0,0,2.0,4.0,3.0,50.05609225968718,2.0,0.7306295012329647,0,,0,0,HOLD,2.552941176470588,3,1,5
HAS,2026-08-11,,,2.0,0,0,3.0,3.0,4.0,69.77956960616868,2.0,0.7920940675629311,0,,0,0,HOLD,2.508474576271186,2,0,4
HASI,2026-08-11,5.0,0.22616129811754465,1.0,0,0,2.0,4.0,4.0,68.03440586390096,1.0,0.9182754438273789,0,,0,0,HOLD,2.929411764705882,3,2,5
HAWK,2026-08-11,,,,0,0,,,4.0,60.85645583067697,3.0,0.42828108560262973,0,,0,0,,,0,0,1
HAYW,2026-08-11,3.0,0.4816765197439811,3.0,0,0,4.0,2.0,3.0,53.64424131387608,2.0,0.6016549294822021,0,,0,0,HOLD,2.7647058823529416,2,1,5
HBAN,2026-08-11,3.0,0.5030670974680258,1.0,0,0,3.0,2.0,4.0,55.25123937445666,2.0,0.7308531204337791,1,3.0,0,0,BUY,2.0764705882352943,3,0,5
HBB,2026-08-11,2.0,0.6358436606291706,1.0,0,0,1.0,4.0,5.0,85.14136653385434,1.0,1.0,0,,0,0,BUY,1.835294117647059,4,1,5
HBCP,2026-08-11,2.0,0.7236115999627063,1.0,0,0,2.0,1.0,4.0,59.39184209161839,1.0,0.9687707062573523,1,1.0,0,0,STRONG BUY,1.1823529411764706,5,0,5
HBIO,2026-08-11,2.0,0.594245715142438,3.0,0,0,2.0,3.0,3.0,48.255989081811336,3.0,0.5646340824464211,1,3.0,0,0,BUY,2.21764705882353,2,0,5
HBM,2026-08-11,,,2.0,0,0,2.0,,4.0,66.77994000873899,1.0,0.8038957812888538,0,,0,0,STRONG BUY,1.5454545454545454,3,0,3
HBNC,2026-08-11,2.0,0.6360165447025136,1.0,0,0,2.0,3.0,3.0,54.45137626583846,1.0,0.9388065920156377,0,,0,0,BUY,1.835294117647059,4,0,5
HBT,2026-08-11,2.0,0.6051708837522872,1.0,0,0,2.0,1.0,4.0,69.44637449565978,1.0,0.9771382443165838,1,1.0,0,0,STRONG BUY,1.1823529411764706,5,0,5
HCA,2026-08-11,2.0,0.7098086546792873,3.0,0,0,4.0,2.0,4.0,57.4487604584244,4.0,0.28240952009679576,0,,0,0,HOLD,2.929411764705882,2,2,5
HCAT,2026-08-11,1.0,0.766170072048694,3.0,1,0,4.0,3.0,2.0,39.957429463038494,4.0,0.302152906884604,0,,0,0,HOLD,2.8000000000000003,1,2,5
HCC,2026-08-11,4.0,0.38933867460686283,2.0,0,0,2.0,3.0,5.0,73.75155271217248,2.0,0.7643054695368582,0,,0,0,HOLD,2.7882352941176474,3,1,5
HCI,2026-08-11,3.0,0.5570213027396489,1.0,1,0,2.0,1.0,4.0,59.69450151321912,2.0,0.6670879539325087,0,,0,0,BUY,2.0235294117647062,4,0,5
HCKT,2026-08-11,3.0,0.44470924690181124,4.0,0,0,5.0,2.0,4.0,55.5571633686002,5.0,0.18265912514955915,0,,0,0,SELL,3.7529411764705882,1,3,5
HCSG,2026-08-11,3.0,0.5624999307672556,2.0,0,0,3.0,1.0,2.0,33.4027941353534,2.0,0.6272139608076778,0,,0,0,BUY,2.3058823529411763,3,0,5
HCTI,2026-08-11,1.0,0.9572034990144151,5.0,0,0,5.0,4.0,2.0,35.44852582437068,5.0,0.0008809465706310978,0,,0,0,SELL,3.5999999999999996,1,4,5
HCWB,2026-08-11,,,5.0,0,0,5.0,4.0,2.0,38.24981262933527,5.0,0.045549376367040824,0,,0,0,STRONG SELL,4.745762711864407,0,4,4
HD,2026-08-11,4.0,0.29952883839059047,2.0,0,0,4.0,3.0,4.0,59.642682207526136,3.0,0.4971172724616777,0,,0,0,HOLD,3.376470588235295,1,2,5
HDB,2026-08-11,1.0,0.9828189627744194,5.0,0,0,5.0,,2.0,37.53816987857978,5.0,0.02548420283511238,0,,0,0,SELL,3.5142857142857147,1,3,4
HDRN,2026-08-11,,,5.0,0,0,5.0,4.0,3.0,47.6810538117509,5.0,0.040975604616127835,0,,0,0,STRONG SELL,4.745762711864407,0,4,4
HDSN,2026-08-11,2.0,0.7598512918570451,4.0,0,0,5.0,3.0,2.0,40.24815853902694,5.0,0.13571425530374956,0,,0,0,SELL,3.6235294117647054,1,3,5
HE,2026-08-11,2.0,0.7513315032481243,5.0,0,0,4.0,3.0,1.0,28.944929226689027,5.0,0.16558961034158953,0,,0,0,SELL,3.552941176470589,1,3,5
HEI,2026-08-11,4.0,0.2919884156666949,1.0,0,0,2.0,2.0,4.0,59.835993174936256,1.0,0.972556684552509,0,,0,0,BUY,2.270588235294118,4,1,5
HELE,2026-08-11,1.0,0.8651425137156701,1.0,0,0,2.0,4.0,3.0,54.514408297588595,1.0,0.9555694011396945,0,,0,0,STRONG BUY,1.7058823529411764,4,1,5
HELP,2026-08-11,,,1.0,1,0,1.0,,4.0,65.45075318962645,1.0,0.8036176293232928,0,,0,0,STRONG BUY,1.0,3,0,3
HEQ,2026-08-11,,,1.0,0,0,3.0,,4.0,60.144888111650374,1.0,1.0,0,,0,0,STRONG BUY,1.6818181818181817,2,0,3
HERZ,2026-08-11,,,5.0,0,0,3.0,,3.0,50.69677635905838,3.0,0.4596084205155259,1,2.0,0,0,HOLD,3.10909090909091,0,1,3
HESM,2026-08-11,,,1.0,0,0,3.0,1.0,4.0,64.75353780316482,1.0,1.0,0,,0,0,STRONG BUY,1.5084745762711864,3,0,4
HFFG,2026-08-11,1.0,0.946973573596666,4.0,0,0,3.0,3.0,4.0,62.68386299139719,5.0,0.15652174048252498,1,4.0,0,0,HOLD,2.6647058823529415,1,2,5
HFRO,2026-08-11,,,2.0,0,0,2.0,,3.0,45.675686507550274,1.0,0.8233272310632325,0,,0,0,STRONG BUY,1.5454545454545454,3,0,3
HFWA,2026-08-11,2.0,0.7366647648498974,1.0,0,0,2.0,1.0,3.0,52.236897887785545,1.0,0.8706315690486494,0,,0,0,STRONG BUY,1.4823529411764707,5,0,5
HG,2026-08-11,2.0,0.7380006983225705,1.0,0,0,1.0,,3.0,52.305041004573255,1.0,0.8738708801985255,0,,0,0,STRONG BUY,1.3714285714285714,4,0,4
HGBL,2026-08-11,1.0,0.8551890960854108,5.0,0,0,5.0,2.0,2.0,34.38905752170362,5.0,0.05252637097577693,0,,0,0,HOLD,3.2470588235294118,2,3,5
HGLB,2026-08-11,,,5.0,0,0,4.0,,3.0,54.21179760271293,5.0,0.12161929296305915,0,,0,0,STRONG SELL,4.659090909090909,0,3,3
HGTY,2026-08-11,5.0,0.1593971490801611,2.0,0,0,3.0,3.0,4.0,59.397027455714934,2.0,0.7710843622675849,1,1.0,0,0,HOLD,2.9705882352941186,2,1,5
HGV,2026-08-11,3.0,0.5180311608488575,4.0,0,0,4.0,1.0,2.0,35.28981206596309,4.0,0.3529660246192414,0,,0,0,HOLD,3.164705882352941,1,3,5
HHH,2026-08-11,2.0,0.6035050971605697,5.0,0,0,4.0,3.0,3.0,48.88981999354247,5.0,0.19290763832337274,1,1.0,0,0,HOLD,3.252941176470589,1,3,5
HIFS,2026-08-11,,,2.0,1,0,3.0,,4.0,62.6122877045794,2.0,0.7572402210569538,0,,0,0,BUY,2.3409090909090913,2,0,3
HIG,2026-08-11,1.0,0.8636796949475692,1.0,1,0,3.0,1.0,3.0,49.19065971423775,2.0,0.7707171979992,0,,0,0,STRONG BUY,1.588235294117647,4,0,5
HIHO,2026-08-11,2.0,0.7384664333439389,2.0,0,0,3.0,,4.0,63.23522416587297,3.0,0.5015873893755971,0,,0,0,BUY,2.5,2,0,4
HII,2026-08-11,3.0,0.5690866807333888,3.0,0,0,3.0,1.0,4.0,64.82785091164058,4.0,0.35252789488400244,0,,0,0,HOLD,2.882352941176471,1,1,5
HIMS,2026-08-11,5.0,0.13584366062917064,3.0,1,0,3.0,3.0,3.0,50.486577922974895,4.0,0.34989015347830976,0,,0,0,SELL,3.847058823529412,0,2,5
HIND,2026-08-11,5.0,0.1468673129612355,4.0,0,0,5.0,4.0,4.0,58.98048472098939,5.0,0.025380711800812573,0,,0,0,STRONG SELL,4.7176470588235295,0,5,5
HIO,2026-08-11,,,5.0,0,0,4.0,,3.0,53.098987198190116,2.0,0.7409795657320822,0,,0,0,HOLD,3.295454545454546,1,2,3
HIPO,2026-08-11,3.0,0.5794739373216856,2.0,0,0,2.0,2.0,4.0,64.0383600607035,2.0,0.6315406749076335,1,1.0,0,0,BUY,2.005882352941177,4,0,5
HITI,2026-08-11,,,4.0,0,0,3.0,,4.0,63.66569163564154,5.0,0.15803111720595175,0,,0,0,SELL,4.113636363636364,0,2,3
HIVE,2026-08-11,,,4.0,0,0,2.0,3.0,2.0,40.095727323674055,5.0,0.17464490275725364,0,,0,0,SELL,3.5762711864406778,1,2,4
HIW,2026-08-11,3.0,0.5116253411008144,1.0,0,0,2.0,,2.0,42.51893198211456,2.0,0.7701068028914877,0,,0,0,BUY,2.2428571428571433,3,0,4
HIX,2026-08-11,,,5.0,0,0,3.0,,4.0,56.02931118072154,2.0,0.7989035264886578,0,,0,0,HOLD,2.9545454545454546,1,1,3
HL,2026-08-11,4.0,0.3188020440482299,4.0,0,0,3.0,1.0,4.0,63.00177150414257,3.0,0.4169500375059713,0,,0,0,HOLD,3.0588235294117645,1,2,5
HLF,2026-08-11,1.0,0.9448276104348886,5.0,0,0,4.0,3.0,2.0,42.43129344584972,4.0,0.31613431172046297,0,,0,0,HOLD,3.011764705882354,1,3,5
HLI,2026-08-11,3.0,0.5467111534795043,5.0,0,0,5.0,3.0,2.0,37.44429280174139,5.0,0.019329072545986533,0,,0,0,SELL,4.03529411764706,0,3,5
HLIO,2026-08-11,4.0,0.38182852639611703,3.0,0,0,2.0,1.0,3.0,54.92989707201345,2.0,0.782429281779355,0,,0,0,HOLD,2.5411764705882356,3,1,5
HLIT,2026-08-11,4.0,0.3765423939091063,3.0,0,0,2.0,3.0,2.0,40.87671034768799,4.0,0.3205741757790469,0,,0,0,HOLD,3.364705882352941,1,2,5
HLLY,2026-08-11,1.0,0.7889393999488102,3.0,0,0,4.0,2.0,5.0,70.37876233883989,3.0,0.4039409769547887,0,,0,0,BUY,2.3882352941176475,2,1,5
HLMN,2026-08-11,2.0,0.6084482451008213,2.0,0,0,4.0,1.0,4.0,61.95326464795163,3.0,0.539189186054394,0,,0,0,BUY,2.4117647058823533,3,1,5
HLT,2026-08-11,4.0,0.2688032930343245,3.0,0,0,3.0,2.0,2.0,42.615943722819,2.0,0.6267687517436337,0,,0,0,HOLD,2.8941176470588235,2,1,5
HLX,2026-08-11,5.0,0.18446139180171592,1.0,0,0,2.0,3.0,4.0,61.20639108755446,1.0,0.9206185157525355,0,,0,0,HOLD,2.7529411764705882,3,1,5
HMC,2026-08-11,,,2.0,0,0,4.0,,4.0,68.5408099190268,2.0,0.7169895587761469,0,,0,0,HOLD,2.681818181818182,2,1,3
HMH,2026-08-11,1.0,0.9872733057588291,,0,0,,,3.0,49.780067149572105,3.0,0.41791038982112594,0,,0,0,,,1,0,2
HMN,2026-08-11,1.0,0.7707340324118209,1.0,0,0,2.0,1.0,4.0,55.79153290692966,1.0,0.8979568064429087,1,2.0,0,0,STRONG BUY,1.0,5,0,5
HMR,2026-08-11,5.0,0.16512885777919187,2.0,0,0,3.0,,4.0,62.289196385442644,2.0,0.663573125634423,0,,0,0,HOLD,3.3285714285714296,2,1,4
HMY,2026-08-11,,,2.0,0,0,3.0,,4.0,69.84485767189986,3.0,0.5341330250080066,0,,0,0,HOLD,2.795454545454546,1,0,3
HNGE,2026-08-11,1.0,0.9955664770233401,1.0,0,0,1.0,3.0,4.0,66.55962227110861,1.0,0.9711920881662438,0,,0,0,STRONG BUY,1.3529411764705885,4,0,5
HNI,2026-08-11,3.0,0.5507509713445898,2.0,0,0,3.0,3.0,5.0,76.23839042423768,1.0,0.914885045633627,0,,0,0,BUY,2.423529411764706,2,0,5
HNNA,2026-08-11,2.0,0.7333955146734599,3.0,0,0,3.0,2.0,3.0,51.35648187643142,3.0,0.4132932986798869,0,,0,0,HOLD,2.51764705882353,2,0,5
HNRG,2026-08-11,3.0,0.4908137774656121,5.0,0,0,4.0,1.0,3.0,49.3625807475147,5.0,0.18199804303382394,0,,0,0,SELL,3.505882352941176,1,3,5
HNST,2026-08-11,3.0,0.47222080538933514,1.0,0,0,1.0,3.0,5.0,72.74469825532407,1.0,0.9077381159341517,0,,0,0,BUY,1.964705882352941,3,0,5
HNVR,2026-08-11,2.0,0.7065497725983512,1.0,0,0,2.0,2.0,5.0,71.71853384242924,1.0,1.0,0,,0,0,STRONG BUY,1.6588235294117648,5,0,5
HOFT,2026-08-11,1.0,0.7957365574292078,2.0,0,0,2.0,3.0,3.0,53.655527820493184,2.0,0.7073810682961528,0,,0,0,BUY,1.8705882352941174,4,0,5
HOG,2026-08-11,1.0,0.7975453439628567,1.0,0,0,2.0,1.0,4.0,58.27978897678189,2.0,0.762106744133779,1,3.0,0,0,STRONG BUY,1.111764705882353,5,0,5
HOLO,2026-08-11,2.0,0.7635128745786245,4.0,0,0,5.0,4.0,4.0,57.045769139449156,5.0,0.05312498835846806,0,,0,0,SELL,3.8000000000000003,1,4,5
HOMB,2026-08-11,2.0,0.6867289892892446,1.0,0,0,3.0,2.0,4.0,62.519618371472255,1.0,0.9353448190813813,0,,0,0,BUY,1.835294117647059,4,0,5
HON,2026-08-11,4.0,0.4142640971185273,2.0,0,0,3.0,2.0,2.0,44.41861835815669,3.0,0.58194417088075,0,,0,0,HOLD,3.023529411764706,2,1,5
HONA,2026-08-11,,,,0,0,,,4.0,55.03665650063935,,,0,,0,0,,,0,0,0
HOPE,2026-08-11,2.0,0.731751049616015,1.0,0,0,2.0,2.0,4.0,65.1034318283098,1.0,1.0,0,,0,0,STRONG BUY,1.6588235294117648,5,0,5
HOUR,2026-08-11,3.0,0.45860328117181115,5.0,0,0,3.0,2.0,3.0,50.18417662224616,5.0,0.13997743688284972,0,,0,0,SELL,3.505882352941176,1,2,5
HOV,2026-08-11,2.0,0.6005719733079123,1.0,0,0,3.0,,3.0,54.59110090078077,2.0,0.6770362490283435,0,,0,0,BUY,2.0857142857142863,3,0,4
HP,2026-08-11,2.0,0.6705826300226881,2.0,0,0,1.0,3.0,5.0,74.51991536327938,1.0,1.0,0,,0,0,BUY,1.764705882352941,4,0,5
HPE,2026-08-11,3.0,0.47400135061110205,1.0,0,0,1.0,3.0,4.0,65.43282609968885,1.0,0.9549199526053291,0,,0,0,BUY,1.964705882352941,3,0,5
HPF,2026-08-11,,,4.0,0,0,3.0,,4.0,58.24233205376434,1.0,0.9953135392684742,0,,0,0,BUY,2.2954545454545454,1,1,3
HPK,2026-08-11,2.0,0.7060332102005898,2.0,0,0,2.0,3.0,4.0,63.71185523830828,1.0,0.9828582897723985,0,,0,0,BUY,1.9411764705882353,4,0,5
HPP,2026-08-11,1.0,0.8668517266793445,3.0,0,0,2.0,,2.0,43.42578832209561,3.0,0.49687107683559634,1,1.0,0,0,STRONG BUY,1.742857142857143,2,0,4
HPQ,2026-08-11,1.0,0.8624413451596217,1.0,0,0,2.0,3.0,4.0,63.46588370169061,1.0,0.9227096742921967,0,,0,0,STRONG BUY,1.5294117647058825,4,0,5
HQH,2026-08-11,,,1.0,0,0,1.0,,5.0,78.7186049336668,1.0,1.0,0,,0,0,STRONG BUY,1.0,3,0,3
HQI,2026-08-11,4.0,0.29989313453408767,1.0,0,0,1.0,2.0,5.0,72.05782672106416,1.0,1.0,0,,0,0,BUY,2.0941176470588236,4,1,5
HQL,2026-08-11,,,1.0,0,0,1.0,,5.0,71.32749811146518,1.0,1.0,0,,0,0,STRONG BUY,1.0,3,0,3
HQY,2026-08-11,4.0,0.2685841387734088,1.0,0,0,2.0,1.0,4.0,65.34520877246885,1.0,0.9718016866459248,0,,0,0,BUY,2.0941176470588236,4,1,5
HR,2026-08-11,4.0,0.3419505868999417,2.0,0,0,2.0,2.0,1.0,28.802859951031337,3.0,0.5707901108022887,1,2.0,0,0,HOLD,2.5470588235294125,3,1,5
HRB,2026-08-11,1.0,0.8641563393708294,1.0,1,0,3.0,1.0,4.0,65.1013209433713,2.0,0.7491004639472825,0,,0,0,STRONG BUY,1.588235294117647,4,0,5
HRI,2026-08-11,4.0,0.28632669993830434,1.0,0,0,3.0,4.0,4.0,65.248036873236,1.0,0.9183879049040509,1,1.0,0,0,BUY,2.5,2,2,5
HRL,2026-08-11,4.0,0.3822688274547188,2.0,0,0,3.0,2.0,2.0,42.08356645382432,3.0,0.5815969508575081,0,,0,0,HOLD,3.023529411764706,2,1,5
HRMY,2026-08-11,3.0,0.5215622096953765,1.0,0,0,3.0,3.0,4.0,63.98865633995494,1.0,0.9062286753247161,0,,0,0,BUY,2.3176470588235296,2,0,5
HROW,2026-08-11,5.0,0.15470249444792317,4.0,0,0,4.0,2.0,3.0,45.75197653522541,3.0,0.4041520991087123,0,,0,0,SELL,3.717647058823529,1,3,5
HRTG,2026-08-11,2.0,0.6834620323085397,2.0,0,0,1.0,2.0,4.0,65.75356992708109,1.0,0.8286812261390086,0,,0,0,STRONG BUY,1.588235294117647,5,0,5
HRZN,2026-08-11,1.0,0.8447343302577156,3.0,0,0,4.0,3.0,4.0,66.71824632395501,3.0,0.5006747484438713,0,,0,0,HOLD,2.564705882352941,1,1,5
HSBC,2026-08-11,,,1.0,0,0,2.0,,3.0,54.99951702724667,1.0,0.9042052648092688,1,1.0,0,0,STRONG BUY,1.040909090909091,3,0,3
HSCS,2026-08-11,5.0,0.027135821840816598,5.0,0,0,5.0,4.0,2.0,41.786256182432005,5.0,0.1809523766273274,0,,0,0,STRONG SELL,4.823529411764706,0,5,5
HSHP,2026-08-11,4.0,0.26757874642061724,1.0,0,0,1.0,,3.0,53.28820166785962,1.0,0.9341445388584073,0,,0,0,BUY,2.1142857142857143,3,1,4
HSIC,2026-08-11,3.0,0.5407852775357332,1.0,0,0,2.0,3.0,4.0,64.54794240856515,1.0,0.9931061382858333,0,,0,0,BUY,2.1411764705882352,3,0,5
HSLV,2026-08-11,,,,0,0,,,4.0,63.43874594799455,3.0,0.490347544371176,0,,0,0,,,0,0,1
HST,2026-08-11,3.0,0.49119634693788106,2.0,0,0,2.0,1.0,2.0,33.184461717803416,2.0,0.7283689291345714,0,,0,0,BUY,2.1294117647058823,4,0,5
HSTM,2026-08-11,3.0,0.4356200583268702,1.0,0,0,2.0,2.0,3.0,54.71569188526943,1.0,0.9058294481746682,0,,0,0,BUY,1.9647058823529413,4,0,5
HSY,2026-08-11,4.0,0.2902443847650719,4.0,0,0,4.0,3.0,4.0,56.171716593717434,4.0,0.3092294974545088,0,,0,0,SELL,3.8235294117647056,0,4,5
HTB,2026-08-11,3.0,0.43477699702851785,1.0,0,0,2.0,2.0,3.0,48.97825954437528,1.0,0.8566316290051521,0,,0,0,BUY,1.9647058823529413,4,0,5
HTCR,2026-08-11,1.0,0.8835105956703797,5.0,0,0,5.0,3.0,4.0,56.16125063521074,5.0,0.03750792739177725,0,,0,0,HOLD,3.423529411764706,1,3,5
HTD,2026-08-11,,,2.0,0,0,3.0,,3.0,46.808897623977934,1.0,0.8460276527728618,0,,0,0,BUY,1.8863636363636362,2,0,3
HTFL,2026-08-11,5.0,0.14847713251436329,3.0,0,0,3.0,3.0,4.0,62.415197952681005,3.0,0.49253349621422726,0,,0,0,SELL,3.611764705882353,0,1,5
HTGC,2026-08-11,2.0,0.7096659458842677,2.0,0,0,3.0,4.0,4.0,56.802780042796854,2.0,0.7282637333117511,1,11.0,0,0,BUY,2.229411764705883,3,1,5
HTH,2026-08-11,2.0,0.7474924678488809,1.0,0,0,3.0,3.0,4.0,55.27117761539725,1.0,0.9536530629964219,0,,0,0,BUY,2.011764705882353,3,0,5
HTLD,2026-08-11,2.0,0.7117820541061516,3.0,0,0,2.0,3.0,1.0,28.015918675304604,3.0,0.5230008683188592,0,,0,0,HOLD,2.51764705882353,2,0,5
HTLM,2026-08-11,5.0,0.18390073178491886,4.0,0,0,5.0,,4.0,59.59028100578422,4.0,0.21619293464686712,0,,0,0,STRONG SELL,4.585714285714286,0,4,4
HTO,2026-08-11,3.0,0.545238203710666,1.0,0,0,2.0,3.0,3.0,53.74080344576379,1.0,0.8760505232011436,0,,0,0,BUY,2.1411764705882352,3,0,5
HTZ,2026-08-11,1.0,0.9728854714690409,5.0,0,0,5.0,3.0,4.0,58.09191331699695,5.0,0.1635079547602635,0,,0,0,HOLD,3.423529411764706,1,3,5
HUBB,2026-08-11,4.0,0.2625888944872061,2.0,0,0,3.0,2.0,4.0,59.153359287474885,2.0,0.7429786103042159,0,,0,0,HOLD,2.7882352941176474,3,1,5
HUBS,2026-08-11,4.0,0.25920723426802583,3.0,0,0,4.0,3.0,3.0,50.12635742759482,5.0,0.13849274181022753,0,,0,0,SELL,3.9529411764705884,0,3,5
HUHU,2026-08-11,5.0,0.07381482659879096,5.0,0,1,5.0,,2.0,36.37093820752989,5.0,0.03402776278463371,0,,0,0,STRONG SELL,5.0,0,4,4
HUM,2026-08-11,5.0,0.24547187797902764,2.0,0,0,1.0,3.0,3.0,48.55836155534268,1.0,0.8603418653547191,1,1.0,0,0,BUY,2.3823529411764706,3,1,5
HUN,2026-08-11,1.0,0.8940321880463465,4.0,0,0,4.0,4.0,2.0,41.87422760049268,4.0,0.37318708464708417,0,,0,0,HOLD,3.0823529411764707,1,4,5
HURA,2026-08-11,5.0,0.19026407890550429,2.0,0,0,3.0,5.0,4.0,58.709626783226405,2.0,0.6814946689796663,0,,0,0,SELL,3.6235294117647068,2,2,5
HURC,2026-08-11,1.0,0.8244328926008998,1.0,0,0,2.0,3.0,3.0,53.23923397311038,1.0,0.833333259747347,1,1.0,0,0,STRONG BUY,1.2294117647058824,4,0,5
HURN,2026-08-11,4.0,0.4041944709246902,2.0,0,0,2.0,4.0,4.0,67.60155536417511,2.0,0.6782645405852294,0,,0,0,HOLD,2.9647058823529413,3,2,5
HUT,2026-08-11,5.0,0.12662290781588803,3.0,0,0,1.0,5.0,2.0,42.43070226214655,2.0,0.6120942554834108,0,,0,0,HOLD,3.376470588235294,2,2,5
HVII,2026-08-11,,,1.0,0,0,3.0,3.0,5.0,73.50584908401078,3.0,0.5194803586313155,0,,0,0,HOLD,2.6949152542372885,1,0,4
HVT,2026-08-11,,,1.0,0,0,2.0,2.0,5.0,70.04370006815905,1.0,0.976892456389029,0,,0,0,STRONG BUY,1.5084745762711866,4,0,4
HWBK,2026-08-11,2.0,0.6675211056363923,1.0,0,0,2.0,1.0,4.0,58.38514767045833,1.0,0.9651036372848442,0,,0,0,STRONG BUY,1.4823529411764707,5,0,5
HWC,2026-08-11,2.0,0.6699147809428687,1.0,0,0,2.0,1.0,4.0,60.86939586812215,1.0,0.9643730186633419,0,,0,0,STRONG BUY,1.4823529411764707,5,0,5
HWH,2026-08-11,4.0,0.2594983532692008,4.0,0,0,4.0,4.0,3.0,45.07413788838087,5.0,0.07386362526729946,0,,0,0,SELL,4.235294117647059,0,5,5
HWKN,2026-08-11,4.0,0.3629080902294587,5.0,0,1,4.0,3.0,2.0,36.942913949524865,5.0,0.14999444571518844,0,,0,0,SELL,4.1647058823529415,0,4,5
HWM,2026-08-11,5.0,0.11144820579579447,1.0,0,0,2.0,1.0,3.0,52.469248473437545,1.0,0.9261055760753898,0,,0,0,BUY,2.4,4,1,5
HXL,2026-08-11,4.0,0.29021881896773294,1.0,0,0,2.0,2.0,2.0,44.190491315409496,1.0,0.8084016995133091,0,,0,0,BUY,2.270588235294118,4,1,5
HY,2026-08-11,,,2.0,0,0,4.0,4.0,3.0,51.36712875025473,2.0,0.6402323045450273,0,,0,0,HOLD,3.0169491525423733,2,2,4
HYFM,2026-08-11,1.0,0.9793605827600161,2.0,0,0,3.0,4.0,4.0,61.927437459527376,4.0,0.2919707947687542,0,,0,0,HOLD,2.6941176470588237,2,2,5
HYFT,2026-08-11,,,5.0,0,0,4.0,,3.0,49.189187093793684,5.0,0.16513761618394016,0,,0,0,STRONG SELL,4.659090909090909,0,3,3
HYI,2026-08-11,,,5.0,0,0,4.0,,3.0,54.35510053848629,3.0,0.45304457238723456,0,,0,0,SELL,3.750000000000001,0,2,3
HYLN,2026-08-11,5.0,0.1721193604470136,3.0,0,0,1.0,4.0,3.0,48.41793609654647,4.0,0.37671232702724095,0,,0,0,SELL,3.670588235294118,1,3,5
HYNE,2026-08-11,2.0,0.6422618681105119,,0,0,2.0,,3.0,49.625925391382495,1.0,0.881877102558563,0,,0,0,STRONG BUY,1.6721311475409837,3,0,3
HYPD,2026-08-11,3.0,0.5334666003079265,5.0,0,0,5.0,3.0,2.0,42.65068193562831,5.0,0.020569620103938053,0,,0,0,SELL,4.03529411764706,0,3,5
HYT,2026-08-11,,,5.0,0,0,4.0,,3.0,53.958600679305526,3.0,0.5112124918383624,0,,0,0,SELL,3.750000000000001,0,2,3
HZO,2026-08-11,1.0,0.7795686659686732,1.0,0,0,1.0,3.0,5.0,83.53905706857525,1.0,1.0,0,,0,0,STRONG BUY,1.3529411764705885,4,0,5
IAE,2026-08-11,,,3.0,0,0,2.0,,3.0,54.94895818078141,1.0,0.8310888282033145,0,,0,0,BUY,1.7500000000000002,2,0,3
IAF,2026-08-11,,,2.0,0,0,3.0,,5.0,70.83506991700294,1.0,0.8245414307249684,0,,0,0,BUY,1.8863636363636362,2,0,3
IAG,2026-08-11,,,3.0,0,0,3.0,,4.0,67.93411802762066,2.0,0.6204465762222539,0,,0,0,HOLD,2.545454545454546,1,0,3
IART,2026-08-11,,,2.0,0,0,1.0,3.0,3.0,46.97945820036191,2.0,0.7780821793729753,0,,0,0,BUY,2.0,3,0,4
IAUX,2026-08-11,5.0,0.19275401415985485,3.0,0,1,3.0,3.0,4.0,67.44693349435181,2.0,0.7301798861118391,1,3.0,0,0,HOLD,3.076470588235295,1,1,5
IBCP,2026-08-11,3.0,0.4504153551710104,1.0,0,0,2.0,1.0,4.0,61.16901517816702,1.0,0.9645212840475127,1,1.0,0,0,STRONG BUY,1.488235294117647,4,0,5
IBEX,2026-08-11,3.0,0.5733154258611516,2.0,0,0,2.0,1.0,4.0,65.39470051743041,2.0,0.6807692679192648,0,,0,0,BUY,2.1294117647058823,4,0,5
IBIO,2026-08-11,3.0,0.4941648201650761,5.0,0,0,3.0,3.0,3.0,52.57417522333511,4.0,0.36600001730918924,1,3.0,0,0,HOLD,3.1470588235294126,0,2,5
IBM,2026-08-11,4.0,0.3353044496809494,5.0,0,0,4.0,2.0,3.0,51.56482137223462,4.0,0.2761901584712017,1,2.0,0,0,HOLD,3.452941176470588,1,4,5
IBN,2026-08-11,,,2.0,0,0,4.0,,4.0,56.06390592288602,2.0,0.615035892457001,0,,0,0,HOLD,2.681818181818182,2,1,3
IBOC,2026-08-11,1.0,0.8489037178265014,2.0,0,0,3.0,,2.0,32.885626933316544,2.0,0.6420853823928895,0,,0,0,BUY,1.8428571428571427,3,0,4
IBP,2026-08-11,4.0,0.3302260379054806,3.0,0,0,4.0,1.0,4.0,60.48249084765102,4.0,0.3462890337208979,0,,0,0,HOLD,3.364705882352941,1,3,5
IBRX,2026-08-11,5.0,0.07527316875758802,3.0,0,0,1.0,3.0,3.0,51.632507542457034,3.0,0.5888191902787006,0,,0,0,HOLD,3.2588235294117647,1,1,5
IBTA,2026-08-11,1.0,0.8607348976637733,2.0,0,0,2.0,3.0,4.0,58.99022138902667,1.0,0.8622848387160965,0,,0,0,STRONG BUY,1.6352941176470588,4,0,5
ICCC,2026-08-11,4.0,0.3749581401533175,1.0,0,0,1.0,2.0,3.0,52.12177221610103,1.0,0.8924580414953532,0,,0,0,BUY,2.0941176470588236,4,1,5
ICCM,2026-08-11,5.0,0.038498250079541836,5.0,0,0,5.0,,3.0,47.326477643457686,5.0,0.03771819489824307,0,,0,0,STRONG SELL,5.0,0,4,4
ICE,2026-08-11,4.0,0.35320559219785513,3.0,0,0,4.0,1.0,4.0,60.76136095518034,3.0,0.4566258563896058,0,,0,0,HOLD,3.129411764705883,1,2,5
ICFI,2026-08-11,2.0,0.6683256705856387,2.0,0,0,3.0,2.0,4.0,67.72375083566594,2.0,0.7949383193447718,1,1.0,0,0,BUY,1.8764705882352943,4,0,5
ICHR,2026-08-11,3.0,0.4478959443210443,3.0,0,0,1.0,4.0,2.0,40.857359355444274,3.0,0.5307712171573357,0,,0,0,HOLD,2.823529411764706,1,1,5
ICL,2026-08-11,,,4.0,0,1,4.0,,4.0,56.00929846971623,4.0,0.2963559859218137,0,,0,0,SELL,4.0,0,3,3
ICLR,2026-08-11,2.0,0.654152083996182,1.0,1,0,2.0,,3.0,52.927089016680604,2.0,0.7057554106967046,0,,0,0,BUY,1.8714285714285717,4,0,4
ICON,2026-08-11,1.0,0.9805917912822144,3.0,0,0,5.0,,3.0,51.040015378594575,5.0,0.01973684044679396,0,,0,0,HOLD,3.257142857142857,1,2,4
ICU,2026-08-11,4.0,0.3661383900719508,2.0,0,0,3.0,3.0,3.0,52.14329940138162,5.0,0.1457311046366075,0,,0,0,SELL,3.6705882352941184,1,2,5
ICUI,2026-08-11,3.0,0.4555978553382034,1.0,0,0,1.0,2.0,5.0,70.45266517914574,1.0,0.9742348777884934,0,,0,0,BUY,1.7882352941176471,4,0,5
IDA,2026-08-11,3.0,0.4542421353670162,2.0,0,0,3.0,2.0,2.0,40.79965215860596,2.0,0.6121302239339826,0,,0,0,BUY,2.482352941176471,3,0,5
IDCC,2026-08-11,5.0,0.20875683069367373,2.0,0,0,3.0,2.0,5.0,76.82599052185998,2.0,0.6454758951296159,0,,0,0,HOLD,3.094117647058824,3,1,5
IDE,2026-08-11,,,3.0,0,0,3.0,,3.0,48.15809182371255,1.0,0.8044612973827938,0,,0,0,BUY,2.090909090909091,1,0,3
IDN,2026-08-11,4.0,0.3411480475904393,5.0,0,0,4.0,3.0,3.0,45.673988823928454,5.0,0.03531599657971257,0,,0,0,SELL,4.1647058823529415,0,4,5
IDR,2026-08-11,5.0,0.24086344398845674,4.0,0,0,3.0,2.0,4.0,59.331394765330465,4.0,0.3684028451930965,0,,0,0,SELL,3.7764705882352936,1,3,5
IDT,2026-08-11,3.0,0.5014299332697807,1.0,0,0,2.0,1.0,4.0,61.159620887443154,1.0,0.9135325692783209,0,,0,0,BUY,1.7882352941176471,4,0,5
IDXX,2026-08-11,5.0,0.12577930042855615,3.0,0,0,4.0,1.0,4.0,60.06961171390987,4.0,0.2673575719266724,0,,0,0,SELL,3.670588235294118,1,3,5
IDYA,2026-08-11,4.0,0.2802515546167614,1.0,0,0,2.0,4.0,4.0,57.42450138063253,1.0,0.8087154723446294,1,1.0,0,0,BUY,2.323529411764706,3,2,5
IE,2026-08-11,4.0,0.2717262493425908,4.0,0,0,4.0,3.0,4.0,65.41067139226018,4.0,0.2580236710983525,0,,0,0,SELL,3.8235294117647056,0,4,5
IESC,2026-08-11,5.0,0.2117975163560952,2.0,0,0,1.0,2.0,4.0,59.426154588190066,1.0,0.9528694697864846,0,,0,0,HOLD,2.5058823529411764,4,1,5
IEX,2026-08-11,4.0,0.2559580552907531,1.0,0,0,2.0,1.0,4.0,64.50803174226657,1.0,0.9955242933706826,0,,0,0,BUY,2.0941176470588236,4,1,5
IFBD,2026-08-11,1.0,0.914412981228126,2.0,0,0,3.0,,3.0,48.59796538398339,3.0,0.5497674263871132,0,,0,0,BUY,2.1285714285714286,2,0,4
IFF,2026-08-11,2.0,0.5912035352592929,1.0,0,0,2.0,2.0,4.0,61.682420761874255,1.0,0.8959079176883141,1,3.0,0,0,STRONG BUY,1.3588235294117648,5,0,5
IFN,2026-08-11,,,3.0,0,0,4.0,,4.0,64.74499893424547,4.0,0.38581748710491237,0,,0,0,SELL,3.795454545454546,0,2,3
IFRX,2026-08-11,,,2.0,0,0,1.0,,4.0,59.63685627344078,2.0,0.6127858652977177,0,,0,0,STRONG BUY,1.6590909090909092,3,0,3
IFS,2026-08-11,,,1.0,0,0,2.0,,3.0,48.17776572172852,1.0,0.8844916635474904,0,,0,0,STRONG BUY,1.340909090909091,3,0,3
IGA,2026-08-11,,,1.0,0,0,3.0,,5.0,70.89409662107818,1.0,0.9745939810092386,0,,0,0,STRONG BUY,1.6818181818181817,2,0,3
IGD,2026-08-11,,,1.0,0,0,2.0,,5.0,75.01418345643145,1.0,1.0,0,,0,0,STRONG BUY,1.340909090909091,3,0,3
IGI,2026-08-11,,,5.0,0,0,4.0,,3.0,51.48715961170834,3.0,0.4659417213404933,0,,0,0,SELL,3.750000000000001,0,2,3
IGIC,2026-08-11,2.0,0.5952911231307668,2.0,0,0,2.0,,2.0,42.68639995703973,2.0,0.7435349558816001,0,,0,0,BUY,2.0,4,0,4
IGR,2026-08-11,,,3.0,0,0,3.0,,3.0,49.09571688761527,1.0,0.8823790884362768,0,,0,0,BUY,2.090909090909091,1,0,3
IHD,2026-08-11,,,3.0,0,0,2.0,,3.0,52.5245880212867,1.0,0.8061405001670388,0,,0,0,BUY,1.7500000000000002,2,0,3
IHS,2026-08-11,,,2.0,0,0,3.0,,4.0,56.4897241171894,1.0,0.8293175597884911,0,,0,0,BUY,1.8863636363636362,2,0,3
IHT,2026-08-11,4.0,0.3910937867372887,2.0,0,0,3.0,4.0,3.0,45.950276633126464,4.0,0.2707001741433597,0,,0,0,SELL,3.6117647058823534,1,3,5
IIF,2026-08-11,,,3.0,0,0,4.0,,4.0,65.7439384748506,2.0,0.6014737004041236,0,,0,0,HOLD,2.8863636363636367,1,1,3
III,2026-08-11,3.0,0.5491247324917612,2.0,0,0,3.0,2.0,5.0,75.4382305598678,2.0,0.6542849979489133,0,,0,0,BUY,2.482352941176471,3,0,5
IIIN,2026-08-11,2.0,0.6580172528794453,2.0,0,0,4.0,2.0,4.0,62.30618107146721,2.0,0.6140624639900775,0,,0,0,BUY,2.3529411764705883,4,1,5
IIIV,2026-08-11,3.0,0.4609151572926597,5.0,0,0,5.0,3.0,1.0,29.41186416887993,5.0,0.006131230720402361,0,,0,0,SELL,4.03529411764706,0,3,5
IIM,2026-08-11,,,2.0,0,0,3.0,,3.0,54.75770926392036,1.0,0.8786638339157075,0,,0,0,BUY,1.8863636363636362,2,0,3
IIPR,2026-08-11,2.0,0.5980288670317271,2.0,0,0,2.0,3.0,2.0,39.732365957022054,2.0,0.7239686058206363,0,,0,0,BUY,2.176470588235294,4,0,5
IKT,2026-08-11,3.0,0.49825007954183903,1.0,0,0,1.0,4.0,4.0,66.81783495906629,1.0,1.0,0,,0,0,BUY,2.1411764705882352,3,1,5
ILAG,2026-08-11,2.0,0.6582882596245625,5.0,0,0,3.0,,2.0,41.85507213593123,5.0,0.16037823504451754,0,,0,0,HOLD,3.4571428571428573,1,2,4
ILLR,2026-08-11,5.0,0.21813031161473087,5.0,0,0,5.0,4.0,2.0,42.79242604525182,5.0,0.06328060254506747,0,,0,0,STRONG SELL,4.823529411764706,0,5,5
ILMN,2026-08-11,5.0,0.19914940607105494,1.0,0,0,1.0,1.0,3.0,52.13237501134968,1.0,0.8917615649177858,0,,0,0,BUY,2.223529411764706,4,1,5
ILPT,2026-08-11,2.0,0.6802418071905822,1.0,0,0,1.0,3.0,3.0,53.20349793447802,1.0,0.91614435449063,0,,0,0,STRONG BUY,1.6588235294117646,4,0,5
IMA,2026-08-11,4.0,0.3020290819232196,5.0,0,0,5.0,4.0,3.0,46.40573398836448,5.0,0.10253903685224884,0,,0,0,STRONG SELL,4.517647058823529,0,5,5
IMAX,2026-08-11,5.0,0.19432707081800052,1.0,0,0,1.0,1.0,4.0,67.24541405226036,1.0,0.9795840216491425,0,,0,0,BUY,2.223529411764706,4,1,5
IMC,2026-08-11,,,,0,0,,,,,,,0,,0,0,,,0,0,0
IMDX,2026-08-11,5.0,0.10319708619991906,5.0,0,1,3.0,4.0,2.0,39.46124975722868,4.0,0.3330592565119845,0,,0,0,SELL,4.235294117647059,0,4,5
IMMR,2026-08-11,1.0,0.7894893262258057,1.0,0,0,2.0,3.0,4.0,58.41745520141015,1.0,0.9189002558660596,0,,0,0,STRONG BUY,1.5294117647058825,4,0,5
IMMX,2026-08-11,5.0,0.22855546684006747,2.0,0,0,1.0,3.0,4.0,62.15410444566376,1.0,0.8846917740853709,0,,0,0,HOLD,2.6823529411764704,3,1,5
IMNM,2026-08-11,5.0,0.1287749498576075,1.0,0,0,1.0,4.0,5.0,70.2224595755705,1.0,0.962180288368207,1,2.0,0,0,BUY,2.4529411764705884,3,2,5
IMNN,2026-08-11,4.0,0.3765900117623645,5.0,0,0,5.0,3.0,2.0,40.907184002742575,5.0,0.016840227832283273,0,,0,0,STRONG SELL,4.341176470588236,0,4,5
IMO,2026-08-11,3.0,0.5512874240025032,1.0,0,0,2.0,3.0,4.0,60.58781588491625,1.0,0.8577990983862639,0,,0,0,BUY,2.1411764705882352,3,0,5
IMPP,2026-08-11,1.0,0.9360483614381164,4.0,0,0,2.0,,2.0,40.15404935452767,3.0,0.47485202352838773,0,,0,0,BUY,2.1714285714285717,2,1,4
IMSR,2026-08-11,4.0,0.31911796369397477,5.0,0,0,5.0,4.0,3.0,50.65758033457183,5.0,0.0451612836154809,0,,0,0,STRONG SELL,4.517647058823529,0,5,5
IMTX,2026-08-11,,,4.0,0,0,3.0,,3.0,53.68653252838031,2.0,0.6769911996112159,0,,0,0,HOLD,2.7500000000000004,1,1,3
IMUX,2026-08-11,2.0,0.5914731148584155,1.0,0,0,1.0,4.0,4.0,60.21584320638522,1.0,0.9869058943131827,0,,0,0,BUY,1.835294117647059,4,1,5
IMVT,2026-08-11,5.0,0.10117721921730831,1.0,0,0,1.0,4.0,4.0,60.711061638506195,1.0,0.9744318476352146,0,,0,0,HOLD,2.7529411764705882,3,2,5
IMXI,2026-08-11,2.0,0.6423911606880752,5.0,0,0,5.0,2.0,1.0,29.152464959098168,5.0,0.0,0,,0,0,SELL,3.552941176470588,2,3,5
INAB,2026-08-11,1.0,0.8994591154947502,5.0,0,0,5.0,2.0,2.0,37.6078004186002,5.0,0.055214710017358115,0,,0,0,HOLD,3.2470588235294118,2,3,5
INAC,2026-08-11,,,1.0,0,0,3.0,3.0,4.0,57.20711456925352,1.0,0.923077675482033,0,,0,0,BUY,2.016949152542373,2,0,4
INBK,2026-08-11,,,1.0,0,0,2.0,3.0,4.0,64.53108452605144,1.0,0.9773780673605226,1,1.0,0,0,STRONG BUY,1.4627118644067798,3,0,4
INBS,2026-08-11,1.0,0.8096073839801541,5.0,0,0,5.0,4.0,3.0,53.922511940291194,5.0,0.028405798832124855,0,,0,0,SELL,3.5999999999999996,1,4,5
INBX,2026-08-11,5.0,0.02063941723998381,2.0,0,0,1.0,4.0,4.0,56.78943667332173,3.0,0.5885088101249746,0,,0,0,HOLD,3.329411764705883,2,2,5
INCY,2026-08-11,4.0,0.35021822054737445,1.0,0,0,2.0,2.0,4.0,55.90002106245381,1.0,0.8212456876019458,0,,0,0,BUY,2.270588235294118,4,1,5
INDB,2026-08-11,2.0,0.6958496913210116,1.0,0,0,3.0,3.0,3.0,52.587218503362664,1.0,0.9023436392137023,0,,0,0,BUY,2.011764705882353,3,0,5
INDO,2026-08-11,3.0,0.4794782055361119,3.0,0,0,4.0,,4.0,55.40785452706447,5.0,0.1070588115837328,0,,0,0,SELL,3.785714285714286,0,2,4
INDP,2026-08-11,5.0,0.006999681832643971,4.0,0,0,5.0,5.0,1.0,29.831893784131466,5.0,0.018970204848090207,0,,0,0,STRONG SELL,4.894117647058824,0,5,5
INDV,2026-08-11,3.0,0.4580552907530982,2.0,0,0,2.0,4.0,3.0,47.08463809545531,1.0,0.846980473982946,1,2.0,0,0,BUY,2.1235294117647063,3,1,5
INFQ,2026-08-11,1.0,0.9408208717785556,,0,0,,3.0,3.0,54.759060623607034,4.0,0.2653706468886463,0,,0,0,BUY,2.4754098360655736,1,1,3
INFU,2026-08-11,4.0,0.4118109142834555,1.0,1,0,1.0,1.0,4.0,69.29875463074418,1.0,0.9763313820942463,1,1.0,0,0,STRONG BUY,1.6176470588235292,4,1,5
ING,2026-08-11,,,1.0,0,0,2.0,,4.0,68.39796288570494,1.0,0.9927441931128371,0,,0,0,STRONG BUY,1.340909090909091,3,0,3
INGM,2026-08-11,2.0,0.7477019972576027,2.0,0,0,2.0,3.0,2.0,42.785350963671846,2.0,0.6945245757542385,0,,0,0,BUY,2.176470588235294,4,0,5
INGN,2026-08-11,1.0,0.8279727359417773,5.0,0,0,4.0,3.0,2.0,37.55301389852725,5.0,0.10863089536119709,0,,0,0,HOLD,3.2470588235294118,1,3,5
INGR,2026-08-11,2.0,0.711971037680276,3.0,0,0,4.0,1.0,4.0,59.75927613812661,4.0,0.3355776553825097,0,,0,0,HOLD,2.7529411764705882,2,2,5
INHD,2026-08-11,3.0,0.4605994844356819,5.0,0,0,5.0,4.0,1.0,11.522122834624454,5.0,0.0011401548216533116,0,,0,0,SELL,4.211764705882353,0,4,5
INIO,2026-08-11,5.0,0.008272351256761056,,0,0,,,3.0,46.483585110786315,,,0,,0,0,,,0,1,1
INKT,2026-08-11,,,5.0,0,0,4.0,2.0,3.0,52.56968042398916,4.0,0.29809844372931904,0,,0,0,SELL,3.6440677966101696,1,3,4
INLX,2026-08-11,3.0,0.5414559010365848,5.0,0,0,5.0,3.0,3.0,53.40566262718776,5.0,0.05075444272910979,0,,0,0,SELL,4.03529411764706,0,3,5
INM,2026-08-11,1.0,0.8124756464345454,3.0,0,0,3.0,3.0,2.0,44.57809322951223,3.0,0.4525745394030955,0,,0,0,BUY,2.3882352941176475,1,0,5
INMB,2026-08-11,5.0,0.2254004264374329,1.0,1,0,3.0,4.0,4.0,64.06893089423143,2.0,0.6631945027958305,0,,0,0,HOLD,3.341176470588236,2,2,5
INMD,2026-08-11,2.0,0.6477887368755966,1.0,1,0,3.0,,3.0,52.71533837236852,2.0,0.6204660946598199,0,,0,0,BUY,2.0857142857142863,3,0,4
INN,2026-08-11,1.0,0.8046059922222373,2.0,0,0,2.0,4.0,2.0,32.167582554178296,2.0,0.685453668186051,0,,0,0,BUY,2.0470588235294116,4,1,5
INNV,2026-08-11,4.0,0.39689611777958655,2.0,0,0,1.0,2.0,2.0,41.17967193692735,1.0,0.8018018753340344,0,,0,0,BUY,2.1999999999999997,4,1,5
INOD,2026-08-11,5.0,0.1485335734753532,3.0,0,0,1.0,2.0,3.0,45.95899422914992,4.0,0.3348649967451276,0,,0,0,HOLD,3.317647058823529,2,2,5
INR,2026-08-11,2.0,0.6873212583412774,3.0,0,0,4.0,1.0,4.0,60.443509620883304,4.0,0.3343711717189832,0,,0,0,HOLD,2.7529411764705882,2,2,5
INSE,2026-08-11,1.0,0.8502630513961958,5.0,0,0,5.0,3.0,2.0,34.23719787822,5.0,0.02425867557756747,1,3.0,0,0,HOLD,3.1235294117647063,1,3,5
INSG,2026-08-11,1.0,0.8575475515985431,5.0,0,0,5.0,3.0,1.0,29.208289504718067,5.0,0.0,0,,0,0,HOLD,3.423529411764706,1,3,5
INSM,2026-08-11,5.0,0.05553609567943148,3.0,0,0,3.0,4.0,5.0,71.78307244554118,4.0,0.33744664035707583,0,,0,0,SELL,4.023529411764706,0,3,5
INSP,2026-08-11,3.0,0.5803553309008411,3.0,0,0,4.0,2.0,4.0,64.27168881496743,5.0,0.19063884210842716,0,,0,0,HOLD,3.4705882352941173,1,2,5
INSW,2026-08-11,3.0,0.47927217028290825,1.0,0,0,1.0,3.0,3.0,47.32675955308818,1.0,0.8696714561209987,0,,0,0,BUY,1.964705882352941,3,0,5
INTA,2026-08-11,5.0,0.20396730074238867,2.0,0,0,2.0,3.0,5.0,79.7708065911754,2.0,0.7174904345091462,0,,0,0,HOLD,3.094117647058824,3,1,5
INTC,2026-08-11,5.0,0.21920494899589477,3.0,0,0,1.0,2.0,3.0,46.4105395338102,2.0,0.6379167072652793,0,,0,0,HOLD,2.847058823529412,3,1,5
INTG,2026-08-11,1.0,0.7669946312779555,4.0,0,0,1.0,2.0,3.0,48.61706659177567,3.0,0.5947791448500359,0,,0,0,BUY,1.964705882352941,3,1,5
INTS,2026-08-11,2.0,0.6589245943366211,4.0,0,0,5.0,2.0,3.0,45.86393335942049,5.0,0.021443162422972867,0,,0,0,HOLD,3.4470588235294115,2,3,5
INTT,2026-08-11,2.0,0.5972001272669424,3.0,0,0,1.0,4.0,2.0,43.90691711314497,3.0,0.5409836462831286,0,,0,0,HOLD,2.51764705882353,2,1,5
INTU,2026-08-11,4.0,0.31881156867894545,3.0,0,0,5.0,1.0,4.0,64.63783804557659,5.0,0.17646689776291666,0,,0,0,SELL,3.776470588235294,1,3,5
INUV,2026-08-11,2.0,0.7378990761126475,5.0,0,0,5.0,3.0,3.0,45.04690071144711,5.0,0.03374231934228794,0,,0,0,SELL,3.7294117647058824,1,3,5
INV,2026-08-11,4.0,0.39904553152847544,4.0,0,0,4.0,3.0,2.0,42.86662242507381,5.0,0.18134171273801433,0,,0,0,SELL,4.0588235294117645,0,4,5
INVA,2026-08-11,2.0,0.6177167290202634,4.0,0,0,4.0,3.0,2.0,40.53224717900793,3.0,0.5270805722550053,0,,0,0,HOLD,2.9764705882352938,1,2,5
INVE,2026-08-11,2.0,0.7159566188010432,5.0,0,0,5.0,4.0,2.0,38.998628763093265,5.0,0.02867380817199773,0,,0,0,SELL,3.905882352941177,1,4,5
INVH,2026-08-11,4.0,0.4046089229346762,1.0,0,0,3.0,1.0,3.0,49.707143716324914,1.0,0.8998199616144574,0,,0,0,BUY,2.2705882352941176,3,1,5
INVX,2026-08-11,3.0,0.5259035235065489,1.0,0,0,2.0,1.0,4.0,60.28959035263222,1.0,0.8920455068842466,0,,0,0,BUY,1.7882352941176471,4,0,5
IONQ,2026-08-11,5.0,0.1549783811376649,4.0,0,0,3.0,4.0,3.0,54.69929361919475,4.0,0.30459459353573043,1,1.0,0,0,SELL,3.829411764705882,0,4,5
IONS,2026-08-11,5.0,0.12786074757710547,5.0,0,0,3.0,3.0,2.0,40.643712494575716,4.0,0.3239159212648487,0,,0,0,SELL,4.058823529411765,0,3,5
IOSP,2026-08-11,3.0,0.5452812202097236,1.0,0,0,3.0,3.0,5.0,77.10927952758328,1.0,1.0,0,,0,0,BUY,2.3176470588235296,2,0,5
IOT,2026-08-11,,,1.0,1,0,2.0,1.0,4.0,60.63871559615102,2.0,0.7644252668650722,0,,0,0,STRONG BUY,1.5932203389830508,4,0,4
IOTR,2026-08-11,2.0,0.6201081769010499,3.0,0,0,4.0,,3.0,46.85032405490483,4.0,0.3580902254326728,0,,0,0,HOLD,3.1285714285714286,1,2,4
IOVA,2026-08-11,4.0,0.25410631046715865,1.0,0,0,1.0,4.0,5.0,71.32718535335981,1.0,1.0,0,,0,0,BUY,2.4470588235294115,3,2,5
IP,2026-08-11,2.0,0.6313651662749156,2.0,0,0,4.0,3.0,4.0,57.88484916808404,2.0,0.6778784887786778,1,1.0,0,0,BUY,2.2294117647058824,3,1,5
IPAR,2026-08-11,4.0,0.3828731663919549,1.0,0,0,2.0,2.0,3.0,50.07508782486487,1.0,0.8293468248893019,0,,0,0,BUY,2.270588235294118,4,1,5
IPGP,2026-08-11,3.0,0.43695177589800716,4.0,0,0,4.0,2.0,2.0,40.31666480846237,5.0,0.16729441628647146,0,,0,0,SELL,3.576470588235294,1,3,5
IPI,2026-08-11,2.0,0.6627982613816394,2.0,0,0,3.0,2.0,4.0,59.89311749976832,3.0,0.5200802832925986,0,,0,0,BUY,2.4117647058823533,3,0,5
IPM,2026-08-11,1.0,0.7716930831551568,1.0,0,0,3.0,2.0,4.0,67.73225884635623,3.0,0.48421054216633136,0,,0,0,BUY,2.0000000000000004,3,0,5
IPSC,2026-08-11,3.0,0.550826619544172,3.0,0,0,1.0,3.0,3.0,45.57646157724751,2.0,0.6343434538285152,0,,0,0,BUY,2.411764705882353,2,0,5
IPST,2026-08-11,1.0,0.9765349898044812,5.0,0,0,5.0,3.0,2.0,34.374075027956266,5.0,0.0001507198422060332,0,,0,0,HOLD,3.423529411764706,1,3,5
IPW,2026-08-11,1.0,0.963729830463098,4.0,0,0,5.0,3.0,5.0,74.02729538610873,5.0,0.01378880066150741,0,,0,0,HOLD,3.317647058823529,1,3,5
IPWR,2026-08-11,4.0,0.39580019090041363,3.0,0,0,2.0,5.0,3.0,48.20789105372066,4.0,0.25198098077095504,1,1.0,0,0,HOLD,3.4176470588235297,1,3,5
IQI,2026-08-11,,,2.0,0,0,3.0,,4.0,57.833045568261745,1.0,0.8887961910620048,0,,0,0,BUY,1.8863636363636362,2,0,3
IQST,2026-08-11,1.0,0.9576726988430622,4.0,0,0,5.0,2.0,3.0,54.68328447581923,5.0,0.03965225598425896,0,,0,0,HOLD,3.141176470588235,2,3,5
IQV,2026-08-11,4.0,0.3375235885932695,1.0,1,0,2.0,3.0,4.0,68.5550721443828,1.0,0.9705171302999955,0,,0,0,BUY,2.447058823529412,3,1,5
IR,2026-08-11,4.0,0.32973299406385964,2.0,0,0,4.0,3.0,3.0,54.94470874432795,3.0,0.5671053689656097,0,,0,0,HOLD,3.376470588235295,1,2,5
IRD,2026-08-11,5.0,0.13152569809793604,2.0,0,0,1.0,4.0,4.0,57.190619965111956,3.0,0.5991471020247482,0,,0,0,HOLD,3.329411764705883,2,2,5
IRDM,2026-08-11,5.0,0.18910915992845426,2.0,0,0,1.0,1.0,4.0,55.208908648221794,1.0,0.8425948987446022,0,,0,0,BUY,2.329411764705882,4,1,5
IREN,2026-08-11,5.0,0.07292659675881792,5.0,0,1,2.0,1.0,3.0,49.72745682221482,4.0,0.38377639530766267,0,,0,0,SELL,3.5294117647058822,2,3,5
IRHO,2026-08-11,,,,0,0,3.0,4.0,2.0,41.74868402271673,2.0,0.7272743035988313,0,,0,0,HOLD,2.9,1,1,3
IRM,2026-08-11,5.0,0.24907189445061448,3.0,0,0,2.0,4.0,3.0,48.18369205678274,1.0,0.8144265574985773,0,,0,0,HOLD,3.1411764705882352,2,2,5
IRMD,2026-08-11,5.0,0.1427556913649639,4.0,0,0,3.0,3.0,2.0,38.66282018459643,3.0,0.5762968697106468,0,,0,0,SELL,3.717647058823529,0,2,5
IRON,2026-08-11,5.0,0.2516703786191537,2.0,0,0,2.0,4.0,4.0,61.971296384749216,2.0,0.6462264136797283,0,,0,0,HOLD,3.270588235294118,3,2,5
IRT,2026-08-11,3.0,0.4689937447941142,1.0,0,0,3.0,1.0,3.0,49.39927333472772,2.0,0.7641979085116422,0,,0,0,BUY,2.2,3,0,5
IRTC,2026-08-11,5.0,0.17677897888634708,3.0,0,0,4.0,2.0,3.0,54.29573854947838,4.0,0.23645095496973584,0,,0,0,SELL,3.847058823529412,1,3,5
ISBA,2026-08-11,2.0,0.6879294011243985,4.0,0,0,3.0,1.0,3.0,54.947210653173926,3.0,0.4020183825525602,1,5.0,0,0,BUY,2.147058823529412,2,1,5
ISD,2026-08-11,,,5.0,0,0,4.0,,2.0,44.29831325616729,5.0,0.1685405510310449,0,,0,0,STRONG SELL,4.659090909090909,0,3,3
ISOU,2026-08-11,,,3.0,0,1,2.0,,4.0,60.823092927565234,2.0,0.6292407019258598,0,,0,0,BUY,2.2045454545454546,2,0,3
ISPC,2026-08-11,2.0,0.629715267376264,5.0,0,0,5.0,4.0,3.0,50.85791945445737,5.0,0.005944596514671254,0,,0,0,SELL,3.905882352941177,1,4,5
ISPR,2026-08-11,1.0,0.7936058276001619,3.0,0,0,5.0,4.0,3.0,53.90050360196895,4.0,0.2248061682396979,1,1.0,0,0,HOLD,2.8529411764705888,1,3,5
ISRG,2026-08-11,5.0,0.16524523887875633,4.0,0,0,4.0,1.0,4.0,58.99509865143109,4.0,0.2580608098139238,0,,0,0,SELL,3.776470588235294,1,4,5
ISSC,2026-08-11,3.0,0.4880838894184938,2.0,0,0,3.0,2.0,4.0,55.51132420456204,3.0,0.5157374702673589,0,,0,0,HOLD,2.7176470588235295,2,0,5
ISTR,2026-08-11,1.0,0.7744947085075468,1.0,0,0,2.0,1.0,4.0,55.754398891770855,1.0,0.9693171072116291,1,1.0,0,0,STRONG BUY,1.0,5,0,5
IT,2026-08-11,3.0,0.5653002859866539,2.0,0,0,3.0,3.0,4.0,67.95531490829504,3.0,0.44470941219526466,0,,0,0,HOLD,2.894117647058824,1,0,5
ITGR,2026-08-11,3.0,0.45030953581245375,1.0,0,0,2.0,3.0,5.0,82.71989391171527,1.0,0.9842231416132345,0,,0,0,BUY,2.1411764705882352,3,0,5
ITIC,2026-08-11,4.0,0.413029813719533,1.0,0,0,2.0,2.0,4.0,55.703730701165576,1.0,0.9104139793977849,1,1.0,0,0,BUY,1.970588235294118,4,1,5
ITRG,2026-08-11,,,4.0,0,0,3.0,,4.0,67.65475128183124,4.0,0.3327759335333631,0,,0,0,SELL,3.659090909090909,0,2,3
ITRI,2026-08-11,3.0,0.5149279479485627,2.0,0,0,4.0,2.0,4.0,65.26755867215229,3.0,0.42278934284099345,0,,0,0,HOLD,2.8941176470588235,2,1,5
ITRN,2026-08-11,5.0,0.21412663060769965,3.0,0,0,2.0,,2.0,37.33144179570664,2.0,0.6282075643989433,0,,0,0,HOLD,3.242857142857143,2,1,4
ITT,2026-08-11,4.0,0.31161788813865077,1.0,0,0,2.0,3.0,4.0,69.12247238228352,1.0,0.904126413353735,0,,0,0,BUY,2.447058823529412,3,1,5
ITW,2026-08-11,4.0,0.34161695169642065,1.0,1,0,3.0,3.0,4.0,61.942136600050326,1.0,0.9401499868102051,0,,0,0,HOLD,2.6235294117647054,2,1,5
IVA,2026-08-11,,,3.0,0,0,3.0,,4.0,57.86072751919374,4.0,0.35561488820750475,0,,0,0,HOLD,3.454545454545455,0,1,3
IVF,2026-08-11,1.0,0.9551759332086236,5.0,0,0,5.0,4.0,2.0,41.563206317410454,5.0,0.0014473869485478704,0,,0,0,SELL,3.5999999999999996,1,4,5
IVR,2026-08-11,1.0,0.8730770399751404,5.0,0,0,3.0,2.0,3.0,45.25966257508018,2.0,0.6012109151797154,1,1.0,0,0,BUY,1.8882352941176468,3,1,5
IVT,2026-08-11,3.0,0.4491235225370551,2.0,0,0,2.0,2.0,1.0,28.556890815516155,2.0,0.6233850868316099,0,,0,0,BUY,2.3058823529411767,4,0,5
IVZ,2026-08-11,2.0,0.6498505147871313,1.0,0,0,2.0,1.0,4.0,61.46745175119411,1.0,0.9600066629615619,0,,0,0,STRONG BUY,1.4823529411764707,5,0,5
IXHL,2026-08-11,3.0,0.4822401953318373,5.0,0,0,5.0,5.0,3.0,49.51825890440131,5.0,0.031011700352614663,0,,0,0,STRONG SELL,4.3882352941176475,0,4,5
IZEA,2026-08-11,2.0,0.6264828856190021,4.0,0,0,4.0,2.0,3.0,53.18367210497815,5.0,0.09704642623610482,0,,0,0,HOLD,3.2705882352941176,2,3,5
J,2026-08-11,5.0,0.20736993760669858,2.0,0,0,3.0,2.0,5.0,71.4437054959535,2.0,0.7183930433157472,0,,0,0,HOLD,3.094117647058824,3,1,5
JACK,2026-08-11,2.0,0.7405908539053015,2.0,0,0,4.0,3.0,4.0,61.97303869981005,3.0,0.5885268393789662,0,,0,0,HOLD,2.7647058823529416,2,1,5
JAGU,2026-08-11,,,,0,0,5.0,4.0,3.0,47.8096454127518,5.0,0.056910562408097394,1,1.0,0,0,STRONG SELL,4.4,0,3,3
JAKK,2026-08-11,2.0,0.7289205923898727,1.0,0,0,1.0,3.0,4.0,56.08401458344541,1.0,0.8935826691063367,0,,0,0,STRONG BUY,1.6588235294117646,4,0,5
JAN,2026-08-11,,,,0,0,,,3.0,46.16905374036478,2.0,0.7323763700400155,1,6.0,0,0,,,1,0,1
JANX,2026-08-11,2.0,0.7483296213808464,2.0,0,0,3.0,5.0,4.0,61.1499027547822,5.0,0.19525702620355298,0,,0,0,HOLD,3.411764705882353,2,2,5
JAZZ,2026-08-11,4.0,0.3891259374731513,1.0,0,0,1.0,3.0,3.0,46.90855244020697,1.0,0.9047524651536862,0,,0,0,BUY,2.2705882352941176,3,1,5
JBDI,2026-08-11,5.0,0.18962774419344575,3.0,0,0,5.0,,3.0,53.060612337698345,5.0,0.12429380009865228,0,,0,0,STRONG SELL,4.742857142857143,0,3,4
JBGS,2026-08-11,1.0,0.7872440410981606,5.0,0,0,5.0,2.0,1.0,25.810654884673696,5.0,0.020796074157397225,0,,0,0,HOLD,3.2470588235294118,2,3,5
JBHT,2026-08-11,5.0,0.1831959198657576,3.0,0,0,2.0,1.0,2.0,40.83637778229399,1.0,0.812334442339247,1,1.0,0,0,BUY,2.3117647058823527,3,1,5
JBI,2026-08-11,2.0,0.728740925607774,4.0,0,0,5.0,3.0,2.0,41.01427051009633,5.0,0.05976430760200381,0,,0,0,SELL,3.6235294117647054,1,3,5
JBIO,2026-08-11,4.0,0.36143811644925233,1.0,0,0,1.0,3.0,4.0,59.774676009263885,2.0,0.7729083976602399,0,,0,0,HOLD,2.5058823529411764,3,1,5
JBL,2026-08-11,4.0,0.3170073562533642,2.0,0,0,1.0,3.0,4.0,60.269395270272,1.0,0.8390116763212632,0,,0,0,BUY,2.376470588235294,3,1,5
JBLU,2026-08-11,1.0,0.7867139172979649,1.0,0,0,3.0,4.0,3.0,50.367035892547825,2.0,0.7242797845166843,0,,0,0,BUY,2.1176470588235294,3,1,5
JBS,2026-08-11,,,3.0,0,0,4.0,,3.0,52.21059161161293,4.0,0.3052463778507838,0,,0,0,SELL,3.795454545454546,0,2,3
JBSS,2026-08-11,2.0,0.6496663489037178,1.0,0,0,2.0,4.0,3.0,51.19285321786508,2.0,0.7861891756410304,0,,0,0,BUY,2.2470588235294118,4,1,5
JBTM,2026-08-11,2.0,0.629579497405203,4.0,0,0,4.0,4.0,2.0,37.29849672253581,5.0,0.1475252848170656,0,,0,0,SELL,3.623529411764706,1,4,5
JCAP,2026-08-11,3.0,0.567779887704632,2.0,0,0,3.0,1.0,4.0,66.34642253723277,2.0,0.7609042475433754,0,,0,0,BUY,2.3058823529411763,3,0,5
JCE,2026-08-11,,,1.0,0,0,2.0,,4.0,63.66928430859818,1.0,1.0,0,,0,0,STRONG BUY,1.340909090909091,3,0,3
JCI,2026-08-11,4.0,0.3436606291706387,1.0,0,0,2.0,3.0,4.0,63.918054904055474,1.0,0.989250888309628,0,,0,0,BUY,2.447058823529412,3,1,5
JCSE,2026-08-11,1.0,0.995227489659561,1.0,0,0,1.0,,3.0,52.65500734323141,2.0,0.6645568920245231,0,,0,0,STRONG BUY,1.2857142857142858,4,0,4
JCTC,2026-08-11,1.0,0.9028860888720285,1.0,1,0,3.0,5.0,4.0,60.9019410056519,3.0,0.5751072998702461,0,,0,0,HOLD,2.5294117647058822,2,1,5
JEF,2026-08-11,2.0,0.6512421782601532,2.0,0,0,4.0,3.0,3.0,50.56077715772687,3.0,0.597922486212818,0,,0,0,HOLD,2.7647058823529416,2,1,5
JELD,2026-08-11,1.0,0.981788749494132,4.0,0,0,5.0,4.0,5.0,73.28959127229513,5.0,0.1696813147701854,0,,0,0,HOLD,3.494117647058823,1,4,5
JEM,2026-08-11,2.0,0.597836461979001,5.0,0,0,5.0,,2.0,37.295533895151294,5.0,0.0003559830650334249,0,,0,0,SELL,3.8857142857142857,1,3,4
JENA,2026-08-11,,,1.0,0,0,3.0,,3.0,52.98477413311754,1.0,0.8437522351763107,0,,0,0,STRONG BUY,1.6818181818181817,2,0,3
JFR,2026-08-11,,,2.0,0,0,3.0,,4.0,66.06484271340932,1.0,0.9892221619199157,0,,0,0,BUY,1.8863636363636362,2,0,3
JGH,2026-08-11,,,5.0,0,0,3.0,,3.0,52.38091682529319,1.0,0.8325577884903516,0,,0,0,BUY,2.5,1,1,3
JHI,2026-08-11,,,4.0,0,0,3.0,,4.0,65.37199919528861,1.0,1.0,0,,0,0,BUY,2.2954545454545454,1,1,3
JHS,2026-08-11,,,5.0,0,0,4.0,,3.0,49.25001485200877,4.0,0.3505740872880522,0,,0,0,SELL,4.204545454545455,0,3,3
JHX,2026-08-11,4.0,0.3581089593470733,1.0,0,0,2.0,4.0,5.0,74.74664032515125,1.0,1.0,0,,0,0,HOLD,2.623529411764706,3,2,5
JILL,2026-08-11,2.0,0.6884892479640441,1.0,1,0,2.0,2.0,4.0,65.52329775563399,1.0,0.9617213177684824,0,,0,0,STRONG BUY,1.6588235294117648,5,0,5
JJSF,2026-08-11,3.0,0.5563924298219162,2.0,0,0,3.0,2.0,4.0,69.76270852265552,3.0,0.47827448078860596,0,,0,0,HOLD,2.7176470588235295,2,0,5
JKHY,2026-08-11,3.0,0.43898951382268825,3.0,0,0,4.0,1.0,3.0,54.67322277875793,3.0,0.44939832437908833,0,,0,0,HOLD,2.823529411764706,1,1,5
JLL,2026-08-11,2.0,0.6210111660492893,1.0,1,0,2.0,1.0,4.0,62.99455162117257,1.0,0.8916367414798946,0,,0,0,STRONG BUY,1.4823529411764707,5,0,5
JLS,2026-08-11,,,5.0,0,0,4.0,,3.0,46.479122902566075,4.0,0.26019859139034635,1,1.0,0,0,SELL,3.904545454545455,0,3,3
JMKE,2026-08-11,,,,0,0,,,,,,,0,,0,0,,,0,0,0
JMM,2026-08-11,,,4.0,0,0,4.0,,3.0,54.99452002970636,4.0,0.3704659740089324,0,,0,0,SELL,4.0,0,3,3
JMSB,2026-08-11,2.0,0.6868446139180172,1.0,0,0,2.0,1.0,4.0,57.63452427617581,1.0,0.9043831939162698,0,,0,0,STRONG BUY,1.4823529411764707,5,0,5
JNJ,2026-08-11,3.0,0.45948522402287895,1.0,0,0,2.0,4.0,4.0,55.161230893115786,1.0,0.9231798550048024,0,,0,0,BUY,2.3176470588235296,3,1,5
JOBY,2026-08-11,5.0,0.16037691600819967,5.0,0,0,5.0,4.0,3.0,54.88842027818896,5.0,0.13854485607655348,0,,0,0,STRONG SELL,4.823529411764706,0,5,5
JOE,2026-08-11,5.0,0.2513196626855342,3.0,0,1,3.0,1.0,5.0,70.06930829002836,1.0,0.8401036737370176,0,,0,0,HOLD,2.7882352941176474,2,1,5
JOF,2026-08-11,,,2.0,0,0,2.0,,5.0,70.68047843771461,1.0,1.0,0,,0,0,STRONG BUY,1.5454545454545454,3,0,3
JPM,2026-08-11,4.0,0.4143638577640246,1.0,0,0,2.0,4.0,4.0,66.60113405757392,1.0,1.0,0,,0,0,HOLD,2.623529411764706,3,2,5
JQC,2026-08-11,,,4.0,0,0,3.0,,4.0,66.48476173259601,2.0,0.7529247050665838,0,,0,0,HOLD,2.7500000000000004,1,1,3
JRI,2026-08-11,,,4.0,0,0,3.0,,3.0,45.757775717781584,1.0,0.8166017128065417,0,,0,0,BUY,2.2954545454545454,1,1,3
JRS,2026-08-11,,,2.0,0,0,3.0,,2.0,40.64271692098883,2.0,0.7429449597671405,1,1.0,0,0,BUY,2.0409090909090915,2,0,3
JRSH,2026-08-11,1.0,0.7760409647481435,1.0,0,0,1.0,2.0,5.0,75.02317859407148,1.0,1.0,0,,0,0,STRONG BUY,1.176470588235294,5,0,5
JRVR,2026-08-11,1.0,0.937047853014024,4.0,0,0,5.0,3.0,2.0,36.19316192242755,5.0,0.09287056699704793,0,,0,0,HOLD,3.317647058823529,1,3,5
JTAI,2026-08-11,1.0,0.971651417277829,3.0,0,0,5.0,4.0,3.0,51.1622140238734,5.0,0.018946970756437337,0,,0,0,HOLD,3.388235294117647,1,3,5
JUNS,2026-08-11,5.0,0.005261027923917442,2.0,0,0,1.0,5.0,5.0,85.14743715584866,1.0,0.8662335530549393,0,,0,0,HOLD,3.035294117647059,3,2,5
JVA,2026-08-11,1.0,0.8872988723802664,5.0,0,0,3.0,4.0,3.0,48.963685359305614,4.0,0.25311996923258284,0,,0,0,HOLD,3.0117647058823525,1,3,5
JWEL,2026-08-11,1.0,0.8326439707286033,3.0,0,1,1.0,,5.0,81.61985696584884,1.0,0.9804839121603924,0,,0,0,STRONG BUY,1.2571428571428573,3,0,4
JXG,2026-08-11,,,3.0,0,0,3.0,,2.0,41.85779078577188,4.0,0.30456653316641324,0,,0,0,HOLD,3.454545454545455,0,1,3
JXN,2026-08-11,2.0,0.7534055555201187,1.0,0,0,2.0,1.0,4.0,62.83945254699171,1.0,0.9021435085170987,0,,0,0,STRONG BUY,1.4823529411764707,5,0,5
JYNT,2026-08-11,4.0,0.39298974833612366,5.0,0,1,4.0,2.0,3.0,52.86604305249868,4.0,0.2991201025605457,1,1.0,0,0,HOLD,3.452941176470588,1,4,5
JZXN,2026-08-11,1.0,0.965956092904868,3.0,0,0,5.0,,3.0,52.74358446693727,5.0,0.010046909980998525,0,,0,0,HOLD,3.257142857142857,1,2,4
KAI,2026-08-11,5.0,0.23546234509056244,1.0,0,0,3.0,3.0,4.0,65.84385995445021,1.0,0.8718511504669901,0,,0,0,HOLD,2.929411764705882,2,1,5
KALU,2026-08-11,3.0,0.5150136497129048,2.0,0,0,1.0,2.0,4.0,63.924628011550375,1.0,0.9817687962571223,0,,0,0,BUY,1.8941176470588235,4,0,5
KARD,2026-08-11,4.0,0.3394845688832326,,0,0,,,4.0,59.82973409283567,,,0,,0,0,,,0,1,1
KARO,2026-08-11,,,1.0,0,0,2.0,,4.0,55.327504605305755,1.0,0.8555462892537503,0,,0,0,STRONG BUY,1.340909090909091,3,0,3
KB,2026-08-11,,,1.0,0,0,2.0,,3.0,50.24424104283041,1.0,0.8601375062559884,0,,0,0,STRONG BUY,1.340909090909091,3,0,3
KBDC,2026-08-11,1.0,0.8422335692183425,4.0,0,0,3.0,4.0,4.0,55.47291176874418,2.0,0.6763656417354702,1,2.0,0,0,BUY,2.135294117647059,2,2,5
KBH,2026-08-11,1.0,0.888465204957102,2.0,0,0,4.0,4.0,3.0,53.34974802476406,3.0,0.5863140234505583,0,,0,0,HOLD,2.6352941176470592,2,2,5
KBR,2026-08-11,2.0,0.6284175829104879,3.0,0,0,4.0,1.0,4.0,57.419781631828904,4.0,0.382304823575278,0,,0,0,HOLD,2.7529411764705882,2,2,5
KBSX,2026-08-11,4.0,0.34871142220808143,4.0,0,0,4.0,,4.0,61.02563075067735,4.0,0.3522727080305265,0,,0,0,SELL,4.0,0,4,4
KD,2026-08-11,2.0,0.6801715919923736,3.0,0,0,4.0,,3.0,54.434985307311734,5.0,0.12390686928038568,0,,0,0,HOLD,3.4142857142857146,1,2,4
KDK,2026-08-11,5.0,0.039660056657223795,5.0,0,0,5.0,4.0,3.0,47.50427864672994,5.0,0.07463766077791213,0,,0,0,STRONG SELL,4.823529411764706,0,5,5
KDP,2026-08-11,3.0,0.5663739592516656,3.0,0,0,4.0,2.0,2.0,36.559724133621586,3.0,0.47754089986428205,0,,0,0,HOLD,3.0,1,1,5
KE,2026-08-11,2.0,0.7431955237560163,5.0,0,0,3.0,3.0,3.0,49.45837325554252,3.0,0.4070201818547774,0,,0,0,HOLD,2.9058823529411764,1,1,5
KEEL,2026-08-11,5.0,0.2115896123893669,4.0,0,0,1.0,4.0,2.0,36.69454579218944,4.0,0.38581953864466717,0,,0,0,SELL,3.776470588235294,1,4,5
KEN,2026-08-11,,,5.0,0,1,3.0,,2.0,42.68136899921407,3.0,0.4404063618824463,0,,0,0,HOLD,3.4090909090909096,0,1,3
KEP,2026-08-11,,,4.0,0,0,5.0,,3.0,52.85456667779817,5.0,0.084589630126139,0,,0,0,STRONG SELL,4.795454545454546,0,3,3
KEQU,2026-08-11,1.0,0.7718210261713182,4.0,0,0,4.0,3.0,3.0,51.49085443826408,5.0,0.1271615143849971,0,,0,0,HOLD,3.141176470588235,1,3,5
KEX,2026-08-11,3.0,0.5281220209723546,3.0,0,0,2.0,1.0,2.0,39.980201964492956,2.0,0.7199890348458734,0,,0,0,BUY,2.235294117647059,3,0,5
KEY,2026-08-11,2.0,0.7102001906577693,2.0,0,0,3.0,1.0,3.0,48.4416775054996,1.0,0.8355924957620626,0,,0,0,BUY,1.764705882352941,4,0,5
KEYS,2026-08-11,5.0,0.1196377502383222,2.0,0,0,1.0,3.0,4.0,57.54310013517961,1.0,0.8543732095356386,0,,0,0,HOLD,2.6823529411764704,3,1,5
KF,2026-08-11,,,3.0,0,0,1.0,,3.0,47.77574336347858,2.0,0.6331403664254915,0,,0,0,BUY,1.863636363636364,2,0,3
KFFB,2026-08-11,5.0,0.023355576739752144,1.0,0,0,1.0,,4.0,64.52690259192815,1.0,0.9664031465975548,0,,0,0,BUY,2.4857142857142858,3,1,4
KFRC,2026-08-11,5.0,0.24204244082463935,1.0,0,0,1.0,4.0,4.0,59.07583838915269,1.0,0.9742314676841678,0,,0,0,HOLD,2.7529411764705882,3,2,5
KFY,2026-08-11,2.0,0.5927953686044212,1.0,0,0,2.0,1.0,4.0,62.31902016280543,1.0,0.9276613986019704,0,,0,0,STRONG BUY,1.4823529411764707,5,0,5
KG,2026-08-11,1.0,0.7714436014914174,5.0,0,0,5.0,4.0,2.0,44.71847923204572,5.0,0.021882359139729256,0,,0,0,SELL,3.5999999999999996,1,4,5
KGC,2026-08-11,,,4.0,0,0,3.0,,4.0,65.19158193967382,3.0,0.445676415489023,0,,0,0,HOLD,3.2045454545454555,0,1,3
KGEI,2026-08-11,,,1.0,0,0,3.0,,4.0,55.75874917368317,2.0,0.6366986728337608,0,,0,0,BUY,2.1363636363636367,2,0,3
KGS,2026-08-11,4.0,0.2605889074208524,3.0,0,0,1.0,2.0,3.0,47.23918584874692,2.0,0.6576327191411079,1,3.0,0,0,BUY,2.2411764705882358,3,1,5
KHC,2026-08-11,1.0,0.8361438116449252,2.0,0,0,3.0,2.0,2.0,43.955584304131975,3.0,0.5624354564366248,0,,0,0,BUY,2.1058823529411765,3,0,5
KIDS,2026-08-11,3.0,0.5327137337958244,1.0,0,0,2.0,3.0,5.0,79.14261682816272,1.0,1.0,0,,0,0,BUY,2.1411764705882352,3,0,5
KIM,2026-08-11,3.0,0.44078460225008903,2.0,0,0,2.0,1.0,2.0,31.452758581413406,2.0,0.6697144818479888,0,,0,0,BUY,2.1294117647058823,4,0,5
KINS,2026-08-11,2.0,0.6332420845932821,1.0,0,0,2.0,1.0,3.0,47.8760823315672,1.0,0.8043372469640631,0,,0,0,STRONG BUY,1.4823529411764707,5,0,5
KIO,2026-08-11,,,4.0,0,0,3.0,,4.0,59.28366060371801,1.0,0.8110777287553258,0,,0,0,BUY,2.2954545454545454,1,1,3
KITT,2026-08-11,1.0,0.7818968793082828,4.0,0,0,5.0,3.0,4.0,59.87717104784586,5.0,0.005960541060909088,0,,0,0,HOLD,3.317647058823529,1,3,5
KKR,2026-08-11,4.0,0.3482531291974763,2.0,0,0,4.0,4.0,4.0,66.81626085169901,3.0,0.41769095188165506,1,5.0,0,0,HOLD,3.252941176470589,1,3,5
KLAC,2026-08-11,5.0,0.09083332136417725,3.0,0,0,1.0,3.0,3.0,47.19567835571202,3.0,0.5297640690378439,0,,0,0,HOLD,3.2588235294117647,1,1,5
KLAR,2026-08-11,,,3.0,0,0,3.0,,3.0,49.177344932590216,4.0,0.20370369094082313,0,,0,0,HOLD,3.454545454545455,0,1,3
KLC,2026-08-11,1.0,0.821706328718778,1.0,0,0,4.0,3.0,2.0,42.911969516609204,4.0,0.37013799065408187,1,2.0,0,0,BUY,2.2882352941176474,2,2,5
KLIC,2026-08-11,5.0,0.21121979324720677,3.0,0,0,1.0,1.0,2.0,41.81360786316474,3.0,0.5611062957941162,0,,0,0,HOLD,2.905882352941177,2,1,5
KLRA,2026-08-11,,,,0,0,,,3.0,52.48235576117888,4.0,0.2548596708443643,0,,0,0,,,0,1,1
KLRS,2026-08-11,4.0,0.319456919676138,5.0,0,0,3.0,4.0,3.0,50.33034774864526,4.0,0.2123995405063332,1,1.0,0,0,SELL,3.6294117647058823,0,4,5
KLTR,2026-08-11,4.0,0.3190542223860059,2.0,0,0,3.0,2.0,4.0,58.44626823743248,2.0,0.6728395007220257,1,6.0,0,0,BUY,2.4882352941176475,3,1,5
KLXE,2026-08-11,,,4.0,0,0,4.0,4.0,2.0,30.98506068399125,5.0,0.0,0,,0,0,STRONG SELL,4.338983050847458,0,4,4
KMB,2026-08-11,4.0,0.32914208256999616,1.0,1,0,4.0,3.0,3.0,48.3245177601851,3.0,0.447494094391687,0,,0,0,HOLD,3.270588235294118,1,2,5
KMDA,2026-08-11,,,5.0,0,0,4.0,,3.0,46.183449995717055,4.0,0.2600918615376583,0,,0,0,SELL,4.204545454545455,0,3,3
KMI,2026-08-11,3.0,0.43005124714805165,3.0,0,0,3.0,2.0,3.0,48.68597204842657,2.0,0.7309064674810851,0,,0,0,HOLD,2.588235294117647,2,0,5
KMPR,2026-08-11,1.0,0.880194946312203,4.0,0,0,5.0,2.0,2.0,40.17172750933305,5.0,0.11972445179663764,0,,0,0,HOLD,3.141176470588235,2,3,5
KMT,2026-08-11,4.0,0.4204003813155386,4.0,0,0,3.0,3.0,2.0,34.08262296499991,3.0,0.46759436660732756,0,,0,0,HOLD,3.411764705882353,0,2,5
KMTS,2026-08-11,5.0,0.15459328207203563,2.0,0,0,2.0,3.0,4.0,64.89014188448687,1.0,0.9744525283227334,1,1.0,0,0,HOLD,2.558823529411765,3,1,5
KMX,2026-08-11,2.0,0.7527296265130946,1.0,0,0,2.0,2.0,4.0,60.053999080441415,1.0,0.8855865091136095,0,,0,0,STRONG BUY,1.6588235294117648,5,0,5
KN,2026-08-11,4.0,0.2708351107562046,2.0,0,0,1.0,1.0,3.0,53.77525299646416,1.0,0.8220778839030664,0,,0,0,BUY,2.023529411764706,4,1,5
KNF,2026-08-11,3.0,0.5531778132484381,4.0,0,0,4.0,4.0,2.0,36.34035267877467,4.0,0.2391742545812709,0,,0,0,SELL,3.6941176470588237,0,4,5
KNSL,2026-08-11,4.0,0.36213260611246445,2.0,0,0,4.0,2.0,4.0,61.8174917353076,3.0,0.4581350903312321,0,,0,0,HOLD,3.2,2,2,5
KNTK,2026-08-11,3.0,0.5715801148535791,1.0,0,0,2.0,1.0,4.0,60.58267663868455,1.0,1.0,0,,0,0,BUY,1.7882352941176471,4,0,5
KNX,2026-08-11,3.0,0.5464012166193493,3.0,0,0,2.0,3.0,2.0,38.88003419218768,2.0,0.6795315653770583,0,,0,0,HOLD,2.588235294117647,2,0,5
KO,2026-08-11,4.0,0.3736892278360343,1.0,0,0,2.0,2.0,4.0,57.353722650776064,1.0,0.8966793458961472,0,,0,0,BUY,2.270588235294118,4,1,5
KOD,2026-08-11,5.0,0.04517976455615654,1.0,0,0,1.0,5.0,3.0,51.58242079060613,1.0,0.8829732085043717,0,,0,0,HOLD,2.929411764705882,3,2,5
KODK,2026-08-11,2.0,0.6768805316442351,2.0,0,0,2.0,2.0,4.0,66.52244599850874,3.0,0.4988986795129812,0,,0,0,BUY,2.235294117647059,4,0,5
KOP,2026-08-11,2.0,0.6585952559138428,2.0,0,0,1.0,1.0,2.0,40.43174737857709,2.0,0.7692386517102878,0,,0,0,STRONG BUY,1.6470588235294117,5,0,5
KOPN,2026-08-11,5.0,0.09200989674630022,2.0,0,0,1.0,4.0,4.0,65.1086701356758,2.0,0.7252154887812237,0,,0,0,HOLD,3.094117647058824,3,2,5
KOS,2026-08-11,,,2.0,0,0,1.0,4.0,3.0,53.03624045170481,2.0,0.6958333223644229,1,4.0,0,0,BUY,1.954237288135593,3,1,4
KOSS,2026-08-11,2.0,0.7219217308304168,5.0,0,0,4.0,4.0,2.0,44.34133865835227,5.0,0.06647838201085224,0,,0,0,SELL,3.7294117647058824,1,4,5
KPLT,2026-08-11,1.0,0.9631728045325779,2.0,0,0,3.0,3.0,4.0,67.68775680768664,5.0,0.1295336724980435,0,,0,0,HOLD,2.7529411764705887,2,1,5
KPRX,2026-08-11,1.0,0.8743238943684378,2.0,0,0,3.0,4.0,3.0,52.71351098061605,2.0,0.6991149396864353,0,,0,0,BUY,2.223529411764706,3,1,5
KPTI,2026-08-11,1.0,0.9166329421286928,4.0,0,0,5.0,4.0,1.0,19.6176325057571,5.0,0.01655252263932031,0,,0,0,HOLD,3.494117647058823,1,4,5
KR,2026-08-11,4.0,0.2659675881792183,5.0,0,0,4.0,2.0,2.0,40.31985080932543,5.0,0.021856463441874318,0,,0,0,SELL,3.9882352941176467,1,4,5
KRC,2026-08-11,3.0,0.49162901587589497,2.0,0,0,3.0,2.0,2.0,40.9332372226955,2.0,0.6779658894327631,0,,0,0,BUY,2.482352941176471,3,0,5
KREF,2026-08-11,1.0,0.9169583200763601,2.0,0,0,3.0,3.0,4.0,58.90445076247048,2.0,0.602917838083613,0,,0,0,BUY,2.0470588235294116,3,0,5
KRG,2026-08-11,3.0,0.44854763097390765,2.0,0,0,2.0,1.0,1.0,27.391508539266894,2.0,0.6378268386523236,0,,0,0,BUY,2.1294117647058823,4,0,5
KRMD,2026-08-11,4.0,0.2525596407017786,5.0,0,0,4.0,3.0,2.0,34.52714049563387,5.0,0.03205125266043049,0,,0,0,SELL,4.1647058823529415,0,4,5
KRMN,2026-08-11,5.0,0.0906613926221108,3.0,0,0,3.0,4.0,4.0,66.62616830521597,4.0,0.2310149233446204,0,,0,0,SELL,4.023529411764706,0,3,5
KRNT,2026-08-11,2.0,0.7429207763283487,2.0,0,0,3.0,,4.0,66.49271258792135,1.0,1.0,0,,0,0,BUY,1.9285714285714286,3,0,4
KRNY,2026-08-11,2.0,0.7515496514257378,1.0,0,0,2.0,2.0,4.0,55.772958886473646,1.0,0.9627744209477797,0,,0,0,STRONG BUY,1.6588235294117648,5,0,5
KRO,2026-08-11,2.0,0.7568924158738134,1.0,0,0,1.0,3.0,5.0,74.41525942134612,1.0,0.9931499212797325,0,,0,0,STRONG BUY,1.6588235294117646,4,0,5
KROS,2026-08-11,1.0,0.8308764162596414,5.0,0,0,5.0,1.0,3.0,50.253082105365664,5.0,0.05448453944486403,1,1.0,0,0,HOLD,2.770588235294117,2,3,5
KRRO,2026-08-11,5.0,0.11088628085795224,3.0,0,0,3.0,4.0,4.0,63.72011972053899,5.0,0.180772555869394,1,9.0,0,0,SELL,3.958823529411765,0,3,5
KRSP,2026-08-11,,,,0,0,3.0,,3.0,47.34393177755585,4.0,0.38759719723035024,0,,0,0,,,0,1,2
KRT,2026-08-11,4.0,0.3593076140738634,1.0,0,0,1.0,2.0,5.0,90.9251855338828,1.0,1.0,0,,0,0,BUY,2.0941176470588236,4,1,5
KRYS,2026-08-11,5.0,0.15374009851458212,3.0,0,0,1.0,2.0,2.0,43.71658945199798,2.0,0.7783871403947505,0,,0,0,HOLD,2.847058823529412,3,1,5
KSPI,2026-08-11,,,1.0,0,0,2.0,,4.0,68.4803091144421,1.0,1.0,0,,0,0,STRONG BUY,1.340909090909091,3,0,3
KSS,2026-08-11,1.0,0.9208770257387988,1.0,1,0,2.0,2.0,3.0,51.15624758885345,3.0,0.5533186649763518,0,,0,0,BUY,1.8235294117647063,4,0,5
KT,2026-08-11,,,3.0,0,0,4.0,,3.0,54.446241644020766,5.0,0.17513729371882383,0,,0,0,STRONG SELL,4.250000000000001,0,2,3
KTB,2026-08-11,3.0,0.44107646282846513,2.0,0,0,3.0,3.0,2.0,34.42187986701448,3.0,0.5773515548300113,0,,0,0,HOLD,2.894117647058824,1,0,5
KTCC,2026-08-11,1.0,0.9510941893604595,1.0,0,0,2.0,3.0,3.0,49.744343742298305,1.0,0.8423912085747753,0,,0,0,STRONG BUY,1.5294117647058825,4,0,5
KTF,2026-08-11,,,5.0,0,0,3.0,,3.0,52.15522317911896,1.0,0.8242433148413524,0,,0,0,BUY,2.5,1,1,3
KTN,2026-08-11,,,5.0,0,0,3.0,,3.0,48.47155373001679,1.0,0.8476249871334548,0,,0,0,BUY,2.5,1,1,3
KTOS,2026-08-11,5.0,0.24911606861524976,4.0,0,0,4.0,3.0,5.0,70.41057539059895,4.0,0.22357205281800657,0,,0,0,SELL,4.129411764705883,0,4,5
KULR,2026-08-11,3.0,0.46331105179766097,4.0,0,0,4.0,4.0,3.0,45.8460263840839,4.0,0.22383720003443208,0,,0,0,SELL,3.6941176470588237,0,4,5
KURA,2026-08-11,5.0,0.16302299921796853,3.0,0,0,1.0,4.0,3.0,48.26242200293062,2.0,0.6507575497044911,0,,0,0,HOLD,3.2,2,2,5
KUST,2026-08-11,3.0,0.5535721766598138,5.0,0,0,5.0,4.0,3.0,47.049284571799134,5.0,0.008909034981571404,0,,0,0,SELL,4.211764705882353,0,4,5
KVHI,2026-08-11,2.0,0.7110064391331307,3.0,0,0,2.0,3.0,2.0,35.095459501619615,4.0,0.3740340270122731,0,,0,0,HOLD,2.7529411764705887,2,1,5
KVUE,2026-08-11,4.0,0.4245068713370765,1.0,0,0,3.0,3.0,3.0,47.88501398111086,2.0,0.7355208676533845,0,,0,0,HOLD,2.8588235294117643,2,1,5
KVYO,2026-08-11,,,3.0,0,0,4.0,3.0,3.0,54.616809468864325,4.0,0.23352131526336817,1,1.0,0,0,HOLD,3.293220338983051,0,2,4
KWM,2026-08-11,,,5.0,0,0,5.0,,2.0,33.39300097220429,5.0,0.0,0,,0,0,STRONG SELL,5.0,0,3,3
KWR,2026-08-11,3.0,0.5584142974748773,1.0,0,0,3.0,3.0,4.0,67.74210684349553,1.0,0.9178891395288353,0,,0,0,BUY,2.3176470588235296,2,0,5
KWY,2026-08-11,4.0,0.2882940798185814,5.0,0,0,5.0,4.0,3.0,52.34266338842112,5.0,0.14494683836018227,1,2.0,0,0,SELL,4.2176470588235295,0,5,5
KXIN,2026-08-11,5.0,0.09926821508113268,3.0,0,0,5.0,,3.0,47.415496473671986,5.0,0.0013523736970189038,0,,0,0,STRONG SELL,4.742857142857143,0,3,4
KYIV,2026-08-11,,,3.0,0,0,3.0,,2.0,38.96070360747888,3.0,0.548245601804731,0,,0,0,HOLD,3.0000000000000004,0,0,3
KYMR,2026-08-11,5.0,0.12979197879474963,1.0,0,0,1.0,4.0,3.0,51.69026396999038,1.0,0.8558221894223539,0,,0,0,HOLD,2.7529411764705882,3,2,5
KYN,2026-08-11,,,1.0,0,0,2.0,,4.0,58.40702676114973,1.0,0.9368591487729377,1,4.0,0,0,STRONG BUY,1.040909090909091,3,0,3
KYNB,2026-08-11,3.0,0.5238258096846183,4.0,0,0,4.0,3.0,3.0,52.506204983586585,5.0,0.11556112069666465,0,,0,0,SELL,3.7529411764705882,0,3,5
KYTX,2026-08-11,4.0,0.38720967228762326,5.0,0,1,2.0,5.0,3.0,52.666345312447454,2.0,0.6081409023091607,0,,0,0,HOLD,3.4588235294117653,2,3,5
L,2026-08-11,2.0,0.7426120114394662,1.0,0,0,3.0,1.0,2.0,42.32591928230978,2.0,0.7631440888800014,0,,0,0,BUY,1.8941176470588237,4,0,5
LABT,2026-08-11,,,,0,0,,,2.0,30.398136905325813,5.0,0.005788539757418348,0,,0,0,,,0,1,1
LAC,2026-08-11,1.0,0.8304167992363983,5.0,0,0,4.0,4.0,3.0,50.166568270072574,5.0,0.0722070790697336,1,1.0,0,0,HOLD,3.1235294117647063,1,4,5
LAD,2026-08-11,1.0,0.8029155361892367,1.0,1,0,2.0,4.0,4.0,62.48833413739278,2.0,0.7587432221978486,0,,0,0,BUY,1.9411764705882355,4,1,5
LADR,2026-08-11,3.0,0.563393708293613,5.0,0,0,4.0,,3.0,54.9897605186796,3.0,0.4397625154296528,0,,0,0,HOLD,3.471428571428571,0,2,4
LAES,2026-08-11,1.0,0.8733693923003499,5.0,0,0,4.0,,3.0,47.37684601557259,5.0,0.0854316776206993,0,,0,0,HOLD,3.3,1,3,4
LAKE,2026-08-11,1.0,0.8172541344899033,1.0,1,0,3.0,4.0,4.0,60.85702883708665,3.0,0.4656409833198737,0,,0,0,BUY,2.3529411764705883,2,1,5
LAND,2026-08-11,3.0,0.5369155546899074,5.0,0,0,4.0,3.0,2.0,41.58516441775522,5.0,0.04116624412783412,0,,0,0,SELL,3.858823529411765,0,3,5
LANV,2026-08-11,,,5.0,0,0,5.0,,2.0,33.8500276700198,5.0,0.0,0,,0,0,STRONG SELL,5.0,0,3,3
LAR,2026-08-11,,,4.0,0,0,3.0,,3.0,48.02410205304075,3.0,0.41505129696716886,0,,0,0,HOLD,3.2045454545454555,0,1,3
LARK,2026-08-11,1.0,0.7895625366594485,1.0,0,0,2.0,2.0,4.0,62.35296992587088,1.0,1.0,0,,0,0,STRONG BUY,1.3529411764705885,5,0,5
LASE,2026-08-11,4.0,0.3537029542695265,5.0,0,0,3.0,4.0,3.0,49.16743964324099,5.0,0.10052462676917427,0,,0,0,SELL,4.1647058823529415,0,4,5
LASR,2026-08-11,5.0,0.19470319217177734,4.0,0,0,3.0,2.0,2.0,35.03144461979667,4.0,0.3978640798547634,0,,0,0,SELL,3.7764705882352936,1,3,5
LAUR,2026-08-11,4.0,0.39453316983208636,2.0,0,0,2.0,3.0,2.0,43.53750186173356,2.0,0.7294474484903347,0,,0,0,HOLD,2.7882352941176474,3,1,5
LAW,2026-08-11,3.0,0.5371595164515329,3.0,0,0,3.0,3.0,4.0,56.12738023630436,4.0,0.23983742721303522,1,4.0,0,0,HOLD,2.9352941176470595,0,1,5
LAZ,2026-08-11,3.0,0.540514775977121,4.0,0,0,4.0,2.0,3.0,54.645670347110034,4.0,0.3291406385766439,0,,0,0,HOLD,3.3411764705882354,1,3,5
LB,2026-08-11,5.0,0.19656841419956916,1.0,0,0,1.0,1.0,4.0,65.17277380739549,1.0,1.0,0,,0,0,BUY,2.223529411764706,4,1,5
LBRT,2026-08-11,3.0,0.4494756911344137,5.0,0,1,3.0,4.0,3.0,49.50049257553167,3.0,0.48508321849521746,1,1.0,0,0,HOLD,3.088235294117647,0,2,5
LBRX,2026-08-11,4.0,0.304804327076042,1.0,0,0,1.0,4.0,4.0,69.56383744473402,1.0,0.9100387131538901,0,,0,0,BUY,2.4470588235294115,3,2,5
LCCC,2026-08-11,4.0,0.2950428979980934,1.0,0,0,3.0,3.0,5.0,79.8950142675383,1.0,1.0,0,,0,0,HOLD,2.6235294117647054,2,1,5
LCFY,2026-08-11,,,5.0,0,0,5.0,,3.0,47.758037552258145,5.0,0.08041175915928188,0,,0,0,STRONG SELL,5.0,0,3,3
LCID,2026-08-11,3.0,0.5774989882638608,3.0,0,0,5.0,4.0,3.0,48.88765216756208,5.0,0.10173697928141423,0,,0,0,SELL,4.000000000000001,0,3,5
LCII,2026-08-11,2.0,0.6843985711586817,3.0,0,0,4.0,1.0,4.0,57.13158392139702,4.0,0.3682348429595218,0,,0,0,HOLD,2.7529411764705882,2,2,5
LCLN,2026-08-11,5.0,0.0588609608654152,,0,0,,,4.0,63.91060346841537,,,0,,0,0,,,0,1,1
LCNB,2026-08-11,1.0,0.7874782568126577,1.0,0,0,2.0,1.0,4.0,55.21623458606386,1.0,0.8353702646508846,1,1.0,0,0,STRONG BUY,1.0,5,0,5
LCTX,2026-08-11,5.0,0.20786085509959307,5.0,0,0,4.0,4.0,2.0,44.19799397991113,5.0,0.10000002509669127,1,1.0,0,0,STRONG SELL,4.347058823529412,0,5,5
LCUT,2026-08-11,1.0,0.8331034860975888,1.0,0,0,1.0,3.0,4.0,66.94906692021598,1.0,1.0,0,,0,0,STRONG BUY,1.3529411764705885,4,0,5
LDOS,2026-08-11,3.0,0.5653481719286518,3.0,0,0,4.0,1.0,5.0,76.16335575588752,3.0,0.4192286496568784,0,,0,0,HOLD,2.823529411764706,1,1,5
LE,2026-08-11,1.0,0.7716065067534743,3.0,0,0,4.0,2.0,4.0,62.17201593425102,4.0,0.3294701802023516,0,,0,0,HOLD,2.6235294117647063,2,2,5
LEA,2026-08-11,2.0,0.7087702573879886,4.0,0,0,3.0,3.0,2.0,35.26452140639093,3.0,0.5210787800182646,0,,0,0,HOLD,2.8,1,1,5
LECO,2026-08-11,4.0,0.2636160304650316,1.0,0,0,3.0,2.0,4.0,65.34961314161049,1.0,0.8573587965731387,0,,0,0,BUY,2.447058823529412,3,1,5
LEDS,2026-08-11,3.0,0.5248803756487044,1.0,0,0,2.0,2.0,3.0,52.75840321299316,3.0,0.4977578762997756,0,,0,0,BUY,2.435294117647059,3,0,5
LEE,2026-08-11,,,3.0,0,0,1.0,4.0,3.0,48.31554042383073,3.0,0.5622009821818619,1,2.0,0,0,BUY,2.445762711864407,1,1,4
LEG,2026-08-11,1.0,0.9580552907530981,5.0,0,0,4.0,1.0,2.0,37.7647818073865,4.0,0.29367423068317566,0,,0,0,HOLD,2.6588235294117646,2,3,5
LEGH,2026-08-11,3.0,0.532061995157968,1.0,0,0,2.0,4.0,4.0,69.01015965233364,1.0,0.9971180896171707,0,,0,0,BUY,2.3176470588235296,3,1,5
LEGO,2026-08-11,,,,0,0,,,5.0,75.75863147358828,1.0,1.0,1,1.0,0,0,,,1,0,1
LEN,2026-08-11,1.0,0.9485224022878932,4.0,0,0,5.0,3.0,3.0,53.43602386923049,5.0,0.09809851076705949,0,,0,0,HOLD,3.317647058823529,1,3,5
LENZ,2026-08-11,3.0,0.5660261203399853,5.0,0,0,5.0,4.0,2.0,43.22769054124483,5.0,0.006339138295970725,1,3.0,0,0,SELL,3.9117647058823533,0,4,5
LEO,2026-08-11,,,5.0,0,1,3.0,,2.0,40.78834614544711,2.0,0.6815343382530341,0,,0,0,HOLD,2.9545454545454546,1,1,3
LESL,2026-08-11,1.0,0.9874544718737354,4.0,0,0,4.0,3.0,2.0,33.64807497240503,5.0,0.046198955201464685,0,,0,0,HOLD,3.141176470588235,1,3,5
LEU,2026-08-11,5.0,0.18493803622497618,3.0,0,0,4.0,3.0,4.0,57.176288099791044,5.0,0.1446836283406316,0,,0,0,STRONG SELL,4.258823529411765,0,3,5
LEVI,2026-08-11,2.0,0.6816015252621545,2.0,0,0,3.0,2.0,2.0,36.98300181077424,2.0,0.652570414991451,0,,0,0,BUY,2.1764705882352944,4,0,5
LEXX,2026-08-11,5.0,0.038558545016966345,5.0,0,0,5.0,4.0,2.0,38.14478948704765,5.0,0.05824175265629726,0,,0,0,STRONG SELL,4.823529411764706,0,5,5
LFCR,2026-08-11,,,5.0,0,0,5.0,4.0,4.0,56.45806437412869,4.0,0.24999996534613414,0,,0,0,STRONG SELL,4.406779661016949,0,4,4
LFMD,2026-08-11,3.0,0.4430405946942149,4.0,0,0,3.0,3.0,2.0,37.23044564516299,5.0,0.17667434690236153,0,,0,0,SELL,3.576470588235294,0,2,5
LFST,2026-08-11,4.0,0.4211645626146011,1.0,0,0,1.0,1.0,4.0,60.412991468876186,1.0,0.9420191992999275,0,,0,0,BUY,1.9176470588235293,4,1,5
LFTO,2026-08-11,,,,0,0,,,3.0,48.1497434152855,,,0,,0,0,,,0,0,0
LFUS,2026-08-11,,,2.0,0,0,1.0,3.0,4.0,59.486087513053924,1.0,0.8692876497865949,0,,0,0,STRONG BUY,1.6610169491525424,3,0,4
LFVN,2026-08-11,2.0,0.6920188850323611,3.0,0,0,3.0,1.0,3.0,51.951584162025405,4.0,0.25701763246574066,1,2.0,0,0,BUY,2.2764705882352945,2,1,5
LFWD,2026-08-11,4.0,0.262823716863843,2.0,0,0,3.0,3.0,3.0,53.95658550517043,3.0,0.5559925174065665,0,,0,0,HOLD,3.2,1,1,5
LGCY,2026-08-11,3.0,0.49275245508184007,3.0,0,0,3.0,3.0,2.0,35.61750429525762,3.0,0.4390776519243233,0,,0,0,HOLD,3.0000000000000004,0,0,5
LGI,2026-08-11,,,1.0,0,0,3.0,,4.0,65.732769448314,1.0,0.9178217359930391,0,,0,0,STRONG BUY,1.6818181818181817,2,0,3
LGIH,2026-08-11,2.0,0.7339796178442156,1.0,0,0,4.0,4.0,3.0,50.70397203046734,2.0,0.7327715561106618,0,,0,0,HOLD,2.6,3,2,5
LGL,2026-08-11,4.0,0.42055199524902476,1.0,0,0,3.0,3.0,4.0,62.36264491891467,1.0,0.8793229508668998,0,,0,0,HOLD,2.6235294117647054,2,1,5
LGND,2026-08-11,5.0,0.1753630116530813,1.0,0,0,1.0,3.0,3.0,46.66497465272842,1.0,0.8142939233954875,0,,0,0,HOLD,2.5764705882352934,3,1,5
LH,2026-08-11,3.0,0.46047394679896586,1.0,1,0,2.0,1.0,5.0,73.03450282651454,1.0,1.0,0,,0,0,BUY,1.7882352941176471,4,0,5
LHX,2026-08-11,3.0,0.4457116678739128,5.0,0,0,4.0,1.0,3.0,47.259883165115184,5.0,0.18707528866536396,0,,0,0,SELL,3.505882352941176,1,3,5
LIEN,2026-08-11,1.0,0.8802364050880106,5.0,0,0,3.0,4.0,4.0,56.441081999476076,2.0,0.6468745673090739,0,,0,0,HOLD,2.5411764705882356,2,2,5
LIF,2026-08-11,5.0,0.24448568766022064,4.0,0,0,4.0,2.0,2.0,40.325360356286524,5.0,0.12529197186253338,0,,0,0,SELL,4.188235294117646,1,4,5
LII,2026-08-11,3.0,0.5800762631077216,4.0,0,0,5.0,2.0,2.0,33.077806842697086,5.0,0.07476228295191777,0,,0,0,SELL,3.7529411764705882,1,3,5
LILAP,2026-08-11,,,,0,0,,2.0,5.0,83.60796091021035,,,0,,0,0,,,1,0,1
LIME,2026-08-11,4.0,0.3894368437798282,,0,0,,,5.0,73.3260916682046,,,0,,0,0,,,0,1,1
LIN,2026-08-11,5.0,0.23234041910836525,3.0,0,0,3.0,3.0,2.0,41.08188505952411,2.0,0.6561043229277281,0,,0,0,HOLD,3.376470588235295,1,1,5
LINC,2026-08-11,4.0,0.3802592114073852,4.0,0,0,2.0,2.0,1.0,24.5753854017709,4.0,0.3355332796576843,0,,0,0,HOLD,3.2941176470588234,2,3,5
LIND,2026-08-11,,,1.0,0,0,1.0,2.0,4.0,69.6129566116364,1.0,0.9474844483964363,0,,0,0,STRONG BUY,1.254237288135593,4,0,4
LINE,2026-08-11,2.0,0.6628442660961057,3.0,0,0,3.0,3.0,3.0,46.81115560111565,2.0,0.7881951840202316,1,1.0,0,0,BUY,2.1588235294117646,2,0,5
LINK,2026-08-11,5.0,0.19867977499883877,1.0,0,0,2.0,4.0,4.0,60.13523512163049,4.0,0.34134347610542487,0,,0,0,SELL,3.635294117647059,2,3,5
LION,2026-08-11,2.0,0.688789963577499,3.0,0,0,1.0,4.0,1.0,27.257977482925924,3.0,0.5638703613834806,0,,0,0,HOLD,2.51764705882353,2,1,5
LITE,2026-08-11,5.0,0.06739905572938219,2.0,0,0,1.0,2.0,3.0,52.442350227679896,2.0,0.7505788261794732,0,,0,0,HOLD,2.7411764705882353,4,1,5
LIVE,2026-08-11,1.0,0.9648806379860875,4.0,0,0,5.0,2.0,3.0,46.38674306489086,5.0,0.06539734824854711,0,,0,0,HOLD,3.141176470588235,2,3,5
LIVN,2026-08-11,4.0,0.40052902345317065,2.0,0,0,2.0,3.0,3.0,48.205666357025315,1.0,0.8165805013215717,0,,0,0,HOLD,2.552941176470588,3,1,5
LKFN,2026-08-11,3.0,0.5634227293355292,1.0,0,0,3.0,1.0,3.0,50.401856872831004,2.0,0.6307295973302542,1,1.0,0,0,BUY,1.9000000000000001,3,0,5
LKQ,2026-08-11,1.0,0.834640916343183,5.0,0,0,4.0,3.0,3.0,48.34825295601561,5.0,0.1963336089351488,0,,0,0,HOLD,3.2470588235294118,1,3,5
LLY,2026-08-11,5.0,0.165395614871306,1.0,0,0,1.0,2.0,4.0,57.63720946201465,1.0,0.9689648219541718,0,,0,0,BUY,2.4,4,1,5
LLYVA,2026-08-11,,,1.0,0,0,2.0,4.0,4.0,55.175026180151455,1.0,0.8892687072036237,0,,0,0,BUY,2.0169491525423733,3,1,4
LLYVK,2026-08-11,,,1.0,0,0,2.0,4.0,4.0,55.17020395947783,1.0,0.8871861985314348,0,,0,0,BUY,2.0169491525423733,3,1,4
LMAT,2026-08-11,4.0,0.26852451352205925,3.0,0,0,4.0,2.0,2.0,33.98469886546391,5.0,0.08608771048052336,0,,0,0,SELL,3.776470588235294,1,3,5
LMB,2026-08-11,2.0,0.6053694187462982,5.0,0,0,5.0,2.0,1.0,25.782856235605436,5.0,0.0012568938812177266,0,,0,0,SELL,3.552941176470588,2,3,5
LMND,2026-08-11,5.0,0.22583499254980696,5.0,0,0,4.0,3.0,2.0,40.1896367515627,5.0,0.10611908013291804,1,1.0,0,0,SELL,4.170588235294118,0,4,5
LMNR,2026-08-11,2.0,0.6208012950222582,2.0,0,0,4.0,4.0,4.0,60.87877022390899,3.0,0.4790754400979081,0,,0,0,HOLD,2.941176470588236,2,2,5
LMRI,2026-08-11,3.0,0.5456570155902004,,0,0,4.0,,4.0,57.98196200781958,3.0,0.40603739870910943,0,,0,0,HOLD,3.2459016393442623,0,1,3
LMT,2026-08-11,4.0,0.3276710203990143,2.0,0,0,3.0,2.0,4.0,67.33919246878972,2.0,0.7123285672271066,0,,0,0,HOLD,2.7882352941176474,3,1,5
LNAI,2026-08-11,,,5.0,0,0,5.0,5.0,2.0,44.93769048465492,5.0,0.046848910237187,0,,0,0,STRONG SELL,5.0,0,4,4
LNC,2026-08-11,1.0,0.8680794007583966,1.0,1,0,2.0,4.0,4.0,60.80489193271342,1.0,0.8647743486297855,1,1.0,0,0,STRONG BUY,1.4058823529411764,4,1,5
LND,2026-08-11,,,4.0,0,0,4.0,,2.0,35.77919421199587,5.0,0.02272725425475625,0,,0,0,STRONG SELL,4.454545454545455,0,3,3
LNG,2026-08-11,4.0,0.33714408345137725,1.0,0,0,2.0,2.0,4.0,57.38607901032152,2.0,0.7384003185805379,0,,0,0,HOLD,2.5058823529411764,4,1,5
LNN,2026-08-11,2.0,0.6348903717826502,5.0,0,0,4.0,2.0,3.0,52.00237535135756,4.0,0.3329027714143004,0,,0,0,HOLD,3.1411764705882352,2,3,5
LNSR,2026-08-11,4.0,0.4063561958348708,4.0,0,0,5.0,4.0,4.0,58.834273110902814,5.0,0.12593513896474484,0,,0,0,STRONG SELL,4.411764705882353,0,5,5
LNT,2026-08-11,3.0,0.4347563023039133,4.0,0,0,3.0,3.0,2.0,33.51913132732409,3.0,0.44719268541780477,0,,0,0,HOLD,3.1058823529411765,0,1,5
LNTH,2026-08-11,4.0,0.3108919645311512,3.0,0,0,1.0,3.0,2.0,44.48489458521071,1.0,0.8308400360712445,0,,0,0,BUY,2.4823529411764707,2,1,5
LNZA,2026-08-11,2.0,0.7029279117944907,5.0,0,0,5.0,3.0,3.0,48.52832398793892,5.0,0.023743792723959642,1,1.0,0,0,HOLD,3.4294117647058826,1,3,5
LOAN,2026-08-11,2.0,0.5899129781661717,5.0,0,0,4.0,3.0,3.0,49.74428110571381,4.0,0.22447395299026127,0,,0,0,HOLD,3.3176470588235296,1,3,5
LOAR,2026-08-11,5.0,0.17984722507464754,2.0,0,0,3.0,3.0,3.0,53.217639872210896,2.0,0.6758437120647688,1,4.0,0,0,HOLD,2.9705882352941186,2,1,5
LOB,2026-08-11,3.0,0.5691134413727359,1.0,0,0,2.0,,4.0,55.06570152417468,1.0,0.9337949013661792,0,,0,0,BUY,1.9571428571428575,3,0,4
LOCL,2026-08-11,1.0,0.8421691622824767,5.0,0,0,5.0,3.0,4.0,56.2385453696638,5.0,0.09362550406294706,0,,0,0,HOLD,3.423529411764706,1,3,5
LOCO,2026-08-11,2.0,0.6820973761522373,2.0,0,0,1.0,1.0,2.0,35.10293488303451,2.0,0.7100736473202397,0,,0,0,STRONG BUY,1.6470588235294117,5,0,5
LODE,2026-08-11,4.0,0.3048977468542423,3.0,0,0,2.0,3.0,3.0,51.516058296264575,3.0,0.500000047493741,0,,0,0,HOLD,3.129411764705883,1,1,5
LOGI,2026-08-11,3.0,0.5085795996186845,3.0,0,0,3.0,2.0,3.0,50.093493364830096,3.0,0.4506732169257859,0,,0,0,HOLD,2.823529411764706,1,0,5
LOMA,2026-08-11,,,4.0,0,0,4.0,,2.0,32.33156577117083,3.0,0.4641068178959619,0,,0,0,SELL,3.545454545454546,0,2,3
LONA,2026-08-11,2.0,0.630607699650016,3.0,0,0,1.0,3.0,3.0,46.82174374709239,3.0,0.4999999704927516,0,,0,0,BUY,2.3411764705882354,2,0,5
LOPE,2026-08-11,4.0,0.35123566721001925,5.0,0,0,4.0,2.0,3.0,46.408894420289705,5.0,0.09429796739391792,0,,0,0,SELL,3.9882352941176467,1,4,5
LOVE,2026-08-11,2.0,0.6974645732231682,1.0,0,0,2.0,2.0,3.0,53.89957848819706,2.0,0.6949069775240168,0,,0,0,BUY,1.8941176470588237,5,0,5
LOW,2026-08-11,2.0,0.6427403449102231,4.0,0,0,4.0,3.0,4.0,56.92629927229899,4.0,0.23493960163113123,0,,0,1,HOLD,3.211764705882353,1,3,5
LPA,2026-08-11,,,4.0,0,0,3.0,,2.0,44.36911651452577,5.0,0.13333331871763468,0,,0,0,SELL,4.113636363636364,0,2,3
LPCN,2026-08-11,3.0,0.5549422726506724,5.0,0,0,5.0,5.0,2.0,42.39892229977464,5.0,0.019313285946703625,0,,0,0,STRONG SELL,4.3882352941176475,0,4,5
LPG,2026-08-11,3.0,0.5678754262123977,1.0,0,0,1.0,2.0,3.0,50.51985471451884,1.0,0.8273842536374778,0,,0,0,BUY,1.7882352941176471,4,0,5
LPL,2026-08-11,,,5.0,0,0,4.0,,3.0,50.941573746681776,4.0,0.21595960980916562,0,,0,0,SELL,4.204545454545455,0,3,3
LPLA,2026-08-11,4.0,0.2897998093422307,2.0,0,0,3.0,4.0,5.0,76.22315704248575,1.0,0.8502927670037485,0,,0,0,HOLD,2.905882352941177,2,2,5
LPSN,2026-08-11,1.0,0.9627681100768919,4.0,0,0,5.0,3.0,5.0,73.16254440103765,5.0,0.06793144850270437,0,,0,0,HOLD,3.317647058823529,1,3,5
LPX,2026-08-11,3.0,0.44233169916796616,4.0,0,0,4.0,3.0,3.0,51.537424451364004,4.0,0.2524509793006643,1,1.0,0,0,HOLD,3.2176470588235295,0,3,5
LQDA,2026-08-11,5.0,0.048566291190093175,1.0,0,0,1.0,4.0,4.0,58.91645956238079,1.0,0.9581126234361612,0,,0,0,HOLD,2.7529411764705882,3,2,5
LQDT,2026-08-11,4.0,0.2842898522275627,1.0,0,0,1.0,2.0,4.0,61.08528606856563,1.0,0.9798994223513638,0,,0,0,BUY,2.0941176470588236,4,1,5
LRCX,2026-08-11,5.0,0.10058075620341465,3.0,0,0,1.0,1.0,3.0,48.75838198586979,2.0,0.6364530515411597,0,,0,0,HOLD,2.670588235294118,3,1,5
LRMR,2026-08-11,4.0,0.32834871142220806,2.0,0,0,2.0,5.0,4.0,63.42629004788537,3.0,0.49522289632420796,1,4.0,0,0,HOLD,3.076470588235295,2,2,5
LRN,2026-08-11,2.0,0.6364709189111043,4.0,0,0,4.0,2.0,2.0,39.12887599886529,5.0,0.15732146460675112,0,,0,0,HOLD,3.2705882352941176,2,3,5
LSAK,2026-08-11,2.0,0.6517912688427301,2.0,0,0,3.0,5.0,3.0,53.853456139640485,2.0,0.6436781798191527,1,1.0,0,0,BUY,2.4058823529411772,3,1,5
LSBK,2026-08-11,2.0,0.7591428277419665,1.0,0,0,2.0,1.0,4.0,57.10310951154127,1.0,0.9028605214208957,0,,0,0,STRONG BUY,1.4823529411764707,5,0,5
LSCC,2026-08-11,5.0,0.06564793198313572,3.0,0,0,1.0,2.0,3.0,45.85499351364885,2.0,0.6847607420647531,0,,0,0,HOLD,2.847058823529412,3,1,5
LSF,2026-08-11,3.0,0.5130543392727492,2.0,0,0,3.0,4.0,4.0,61.04276537995947,2.0,0.6276101994473778,0,,0,0,HOLD,2.835294117647059,2,1,5
LSPD,2026-08-11,,,2.0,0,0,3.0,,3.0,54.29396881503006,3.0,0.41814595920455655,0,,0,0,HOLD,2.795454545454546,1,0,3
LSTA,2026-08-11,4.0,0.40312679240468174,5.0,0,1,5.0,5.0,1.0,23.550426442208703,5.0,0.038271598324617906,0,,0,0,STRONG SELL,4.694117647058824,0,5,5
LSTR,2026-08-11,5.0,0.16396568160152525,3.0,0,0,2.0,3.0,2.0,35.93878704402593,3.0,0.5488045056648332,0,,0,0,HOLD,3.4352941176470595,1,1,5
LTBR,2026-08-11,2.0,0.6452433980273624,4.0,0,0,5.0,4.0,3.0,54.63163420710098,5.0,0.08869399086173632,0,,0,0,SELL,3.8000000000000003,1,4,5
LTC,2026-08-11,3.0,0.4683423970097435,2.0,0,0,3.0,2.0,2.0,38.98583698072155,3.0,0.5693183530892875,1,1.0,0,0,BUY,2.4176470588235297,2,0,5
LTGO,2026-08-11,,,,0,0,,,,,,,0,,0,0,,,0,0,0
LTH,2026-08-11,4.0,0.41256064406182485,1.0,0,0,1.0,1.0,4.0,56.152313797523234,1.0,0.9137849529984495,0,,0,0,BUY,1.9176470588235293,4,1,5
LTRN,2026-08-11,5.0,0.13172128539611835,4.0,0,0,4.0,5.0,2.0,42.671294579744725,3.0,0.451923076608175,0,,0,0,SELL,4.247058823529412,0,4,5
LTRX,2026-08-11,3.0,0.4720842304650113,3.0,0,0,2.0,3.0,3.0,53.9884483210995,3.0,0.5467625692587784,0,,0,0,HOLD,2.823529411764706,1,0,5
LUCK,2026-08-11,,,5.0,0,0,4.0,3.0,2.0,32.74566932290226,5.0,0.07045751512638966,1,2.0,0,0,SELL,3.9372881355932208,0,3,4
LUD,2026-08-11,4.0,0.2793509385937003,5.0,0,0,5.0,,3.0,47.05513219369948,5.0,0.06312726932031736,0,,0,0,STRONG SELL,4.628571428571429,0,4,4
LULU,2026-08-11,2.0,0.587665262831241,3.0,0,0,5.0,3.0,4.0,60.148029869758105,5.0,0.18610230378693565,1,1.0,0,0,HOLD,3.2176470588235295,1,2,5
LUMN,2026-08-11,1.0,0.839740995548361,5.0,0,1,3.0,4.0,3.0,46.07971247500266,4.0,0.33189124965198696,0,,0,0,HOLD,3.0117647058823525,1,3,5
LUNG,2026-08-11,3.0,0.5690933025531854,2.0,0,0,1.0,4.0,5.0,76.92033236842647,1.0,0.8216784018351896,0,,0,0,BUY,2.2470588235294118,3,1,5
LUV,2026-08-11,5.0,0.14871306005719734,3.0,0,0,3.0,1.0,3.0,45.570013626871734,2.0,0.6629433298827604,0,,0,0,HOLD,3.0235294117647062,2,1,5
LVLU,2026-08-11,1.0,0.9469850263051396,1.0,1,0,1.0,2.0,5.0,70.8110507300531,2.0,0.7162821442508142,0,,0,0,STRONG BUY,1.4117647058823533,5,0,5
LVO,2026-08-11,1.0,0.8025091056252529,4.0,0,0,4.0,3.0,2.0,43.672138857289816,5.0,0.1960784038732891,0,,0,0,HOLD,3.141176470588235,1,3,5
LVS,2026-08-11,4.0,0.3024820641535328,5.0,0,0,4.0,1.0,2.0,43.4333993534498,5.0,0.04744787933881992,0,,0,0,SELL,3.811764705882353,1,4,5
LVWR,2026-08-11,5.0,0.13660388076178145,4.0,0,0,5.0,4.0,3.0,46.43025123186529,5.0,0.08486156055118158,0,,0,0,STRONG SELL,4.7176470588235295,0,5,5
LW,2026-08-11,3.0,0.4765532895573735,2.0,0,0,3.0,2.0,4.0,63.7322994555052,3.0,0.551026616273676,0,,0,0,HOLD,2.7176470588235295,2,0,5
LWAY,2026-08-11,4.0,0.3748326965230541,1.0,0,0,2.0,3.0,3.0,47.78406296672145,2.0,0.7421973131863985,0,,0,0,HOLD,2.6823529411764704,3,1,5
LWLG,2026-08-11,5.0,0.046291463314297975,3.0,0,0,1.0,3.0,3.0,52.056278497181474,4.0,0.34075449648684975,0,,0,0,HOLD,3.494117647058824,1,2,5
LXEO,2026-08-11,4.0,0.33882111229464607,4.0,0,0,4.0,3.0,4.0,55.08031887409574,5.0,0.10307693481445312,0,,0,0,SELL,4.0588235294117645,0,4,5
LXFR,2026-08-11,3.0,0.5404625871740756,3.0,0,0,2.0,2.0,3.0,50.75693171217113,2.0,0.7581224417856828,0,,0,0,BUY,2.4117647058823533,3,0,5
LXP,2026-08-11,4.0,0.3054869452248837,1.0,0,0,2.0,1.0,5.0,70.74758279446968,1.0,0.9796388443150288,0,,0,0,BUY,2.0941176470588236,4,1,5
LXRX,2026-08-11,5.0,0.16819366772865127,1.0,0,0,1.0,4.0,4.0,55.70383976008332,1.0,0.862499994412065,1,1.0,0,0,BUY,2.4529411764705884,3,2,5
LXU,2026-08-11,2.0,0.7137638205265794,5.0,0,1,3.0,1.0,2.0,37.05264159579443,4.0,0.28039837199580064,0,,0,0,HOLD,2.7882352941176474,2,2,5
LYB,2026-08-11,2.0,0.6625884190791259,1.0,0,0,2.0,3.0,4.0,60.420069262356854,3.0,0.5782286828777821,0,,0,0,BUY,2.3058823529411767,3,0,5
LYEL,2026-08-11,4.0,0.3283633205170449,4.0,0,0,3.0,4.0,4.0,61.307013508483635,5.0,0.16981806764820842,1,2.0,0,0,SELL,3.7588235294117656,0,4,5
LYTS,2026-08-11,3.0,0.42925938601655744,2.0,0,0,2.0,2.0,4.0,55.15722346896683,2.0,0.7974033185191409,0,,0,0,BUY,2.3058823529411767,4,0,5
LYV,2026-08-11,4.0,0.287615604386971,1.0,0,0,2.0,3.0,4.0,56.94887010523104,1.0,0.9648247103319625,0,,0,0,BUY,2.447058823529412,3,1,5
LZ,2026-08-11,4.0,0.3745793984215758,4.0,0,0,5.0,2.0,2.0,33.36032541783028,5.0,0.0096490922066659,0,,0,0,SELL,4.0588235294117645,1,4,5
LZB,2026-08-11,2.0,0.6814122050255798,1.0,0,0,3.0,3.0,4.0,56.282262515075466,1.0,0.9453724204158394,0,,0,0,BUY,2.011764705882353,3,0,5
LZM,2026-08-11,,,4.0,0,0,4.0,,4.0,61.08245486425517,4.0,0.34951462528275556,0,,0,0,SELL,4.0,0,3,3
M,2026-08-11,1.0,0.7968477466076969,1.0,0,0,1.0,2.0,3.0,51.37751407366975,1.0,0.8903195804847472,0,,0,0,STRONG BUY,1.176470588235294,5,0,5
MA,2026-08-11,4.0,0.2921830314585319,2.0,0,0,3.0,,4.0,58.972887730253234,2.0,0.7369607664088192,0,,0,0,HOLD,2.9571428571428573,2,1,4
MAA,2026-08-11,4.0,0.3350613037744733,3.0,0,0,4.0,2.0,3.0,46.192820402691076,2.0,0.643994803605375,0,,0,0,HOLD,3.0705882352941174,2,2,5
MAC,2026-08-11,4.0,0.36652896062074974,2.0,0,0,1.0,4.0,3.0,45.118000194467825,1.0,0.8151181093387181,0,,0,0,HOLD,2.552941176470588,3,2,5
MAGN,2026-08-11,,,2.0,0,0,4.0,3.0,2.0,43.3550059221574,2.0,0.6205478924124759,0,,0,0,HOLD,2.7627118644067794,2,1,4
MAIA,2026-08-11,4.0,0.29525930639516385,4.0,0,0,4.0,5.0,3.0,54.092325181864084,4.0,0.24723423991164178,0,,0,0,SELL,4.176470588235294,0,5,5
MAIN,2026-08-11,2.0,0.6018429150885716,2.0,0,0,4.0,5.0,5.0,70.92369411611358,2.0,0.7345140692620133,0,,0,0,HOLD,2.882352941176471,3,2,5
MAIR,2026-08-11,1.0,0.9888641425389755,,0,0,,,2.0,44.01583267539179,5.0,0.18749995972659447,0,,0,0,,,1,1,2
MAKO,2026-08-11,,,2.0,0,0,1.0,,5.0,76.97301523936433,1.0,1.0,0,,0,0,STRONG BUY,1.2045454545454548,3,0,3
MAMA,2026-08-11,5.0,0.19830931677044475,1.0,0,0,1.0,2.0,3.0,49.479576810557006,2.0,0.7782162940192312,0,,0,0,HOLD,2.635294117647059,4,1,5
MAMO,2026-08-11,2.0,0.6414093232728981,3.0,0,0,4.0,4.0,3.0,52.795422967869406,5.0,0.03759056656115592,0,,0,0,SELL,3.51764705882353,1,3,5
MAN,2026-08-11,,,1.0,0,0,1.0,5.0,4.0,68.21298493738311,1.0,0.9767783425356171,0,,0,0,BUY,2.0169491525423733,3,1,4
MANE,2026-08-11,5.0,0.2182628062360802,,0,0,1.0,4.0,3.0,48.832876504912065,2.0,0.7725164228239604,1,1.0,0,0,HOLD,2.923684210526316,2,2,4
MANH,2026-08-11,5.0,0.11094062446752138,1.0,1,0,3.0,2.0,4.0,67.25577415997026,2.0,0.7477595232792551,0,,0,0,HOLD,2.988235294117647,3,1,5
MARA,2026-08-11,4.0,0.2926726354778383,4.0,0,0,3.0,5.0,2.0,37.298008129741504,5.0,0.18715082815010953,0,,0,0,SELL,4.235294117647059,0,4,5
MAS,2026-08-11,3.0,0.5646613020110317,2.0,0,0,3.0,2.0,3.0,48.677870074924286,2.0,0.7120569179580994,0,,0,0,BUY,2.482352941176471,3,0,5
MASS,2026-08-11,4.0,0.36235238228837446,2.0,0,0,1.0,3.0,5.0,76.18719854514755,1.0,1.0,0,,0,0,BUY,2.376470588235294,3,1,5
MAT,2026-08-11,1.0,0.8164918970448046,3.0,0,0,4.0,3.0,4.0,58.11005103459134,4.0,0.21350162108937248,0,,0,0,HOLD,2.8000000000000003,1,2,5
MATV,2026-08-11,2.0,0.7524454257882106,2.0,0,0,3.0,4.0,5.0,86.59601212522412,2.0,0.7510316678971541,0,,0,0,HOLD,2.5294117647058827,3,1,5
MATX,2026-08-11,3.0,0.555744772467573,1.0,0,0,1.0,3.0,3.0,50.24760778258107,1.0,0.874493445741138,0,,0,0,BUY,1.964705882352941,3,0,5
MAX,2026-08-11,1.0,0.8990659669501825,1.0,1,0,1.0,2.0,3.0,52.31724015269245,1.0,0.8338027828483698,0,,0,0,STRONG BUY,1.176470588235294,5,0,5
MAYS,2026-08-11,3.0,0.5086168195827118,3.0,0,1,3.0,1.0,4.0,69.80807747691577,5.0,0.18920444915116477,0,,0,0,HOLD,3.1176470588235294,1,1,5
MAZE,2026-08-11,4.0,0.28920291696515893,4.0,0,0,3.0,4.0,3.0,45.787086771893414,4.0,0.36549671746309237,0,,0,0,SELL,3.823529411764706,0,4,5
MB,2026-08-11,,,3.0,0,0,3.0,,4.0,59.58885394743603,4.0,0.26532710037353063,0,,0,0,HOLD,3.454545454545455,0,1,3
MBAI,2026-08-11,3.0,0.45529748647788737,5.0,0,0,3.0,,3.0,47.76510948264929,4.0,0.23122067835213034,0,,0,0,SELL,3.5428571428571436,0,2,4
MBC,2026-08-11,2.0,0.7208614144580796,4.0,0,0,4.0,2.0,3.0,54.81868562428341,4.0,0.35440335102756043,0,,0,0,HOLD,3.0352941176470583,2,3,5
MBGL,2026-08-11,1.0,0.8946866051543112,,0,0,,,4.0,59.27426419993066,,,0,,0,0,,,1,0,1
MBI,2026-08-11,,,5.0,0,0,4.0,2.0,1.0,26.708345328372246,5.0,0.0,0,,0,0,SELL,3.9830508474576276,1,3,4
MBIN,2026-08-11,2.0,0.7573666862541473,1.0,0,0,2.0,5.0,4.0,63.118012376565275,1.0,0.9455528841035356,0,,0,0,BUY,2.1882352941176473,4,1,5
MBOT,2026-08-11,3.0,0.5825644288895959,5.0,0,0,5.0,3.0,2.0,43.146539792369275,5.0,0.031250011641532204,0,,0,0,SELL,4.03529411764706,0,3,5
MBUU,2026-08-11,1.0,0.8861006536392309,2.0,0,0,4.0,2.0,4.0,62.409064438953656,4.0,0.3785347543161114,0,,0,0,HOLD,2.51764705882353,3,2,5
MBWM,2026-08-11,2.0,0.6938128465569174,1.0,0,0,2.0,4.0,4.0,61.29526176706732,1.0,0.9550985719025621,0,,0,0,BUY,2.0117647058823533,4,1,5
MBX,2026-08-11,5.0,0.1568565065224308,1.0,0,0,1.0,3.0,4.0,58.40644055597485,1.0,0.9216636186271323,1,1.0,0,0,BUY,2.2764705882352936,3,1,5
MC,2026-08-11,,,2.0,0,0,4.0,,3.0,49.855753205016136,2.0,0.6378092358793788,0,,0,0,HOLD,2.681818181818182,2,1,3
MCB,2026-08-11,2.0,0.7229065154262053,3.0,0,0,3.0,2.0,3.0,47.7392350044223,2.0,0.7851229048629843,1,1.0,0,0,BUY,1.9823529411764709,3,0,5
MCBS,2026-08-11,2.0,0.6013409601189119,1.0,0,0,2.0,4.0,3.0,54.944159834090186,1.0,0.9385081600367715,0,,0,0,BUY,2.0117647058823533,4,1,5
MCD,2026-08-11,3.0,0.47569113441372735,5.0,0,0,4.0,3.0,3.0,51.039549719933206,5.0,0.1314787565005899,0,,0,0,SELL,3.858823529411765,0,3,5
MCFT,2026-08-11,3.0,0.5158519381903376,1.0,0,0,3.0,2.0,3.0,54.129506856554755,2.0,0.7561455728975701,0,,0,0,BUY,2.376470588235294,3,0,5
MCHP,2026-08-11,5.0,0.1728711196405009,3.0,0,0,3.0,2.0,3.0,49.18264034447093,3.0,0.5994786404224258,0,,0,0,HOLD,3.4352941176470586,1,1,5
MCI,2026-08-11,,,5.0,0,0,4.0,,2.0,43.61807784097872,5.0,0.057887778964499675,0,,0,0,STRONG SELL,4.659090909090909,0,3,3
MCK,2026-08-11,3.0,0.4628217349857007,2.0,0,0,3.0,3.0,4.0,64.97621629097783,2.0,0.7109393213466245,0,,0,0,HOLD,2.658823529411765,2,0,5
MCN,2026-08-11,,,4.0,0,0,3.0,,4.0,63.60101920917499,2.0,0.7292927161552822,0,,0,0,HOLD,2.7500000000000004,1,1,3
MCO,2026-08-11,4.0,0.28455672068636795,1.0,1,0,3.0,1.0,3.0,47.179338345853665,3.0,0.519927577651501,0,,0,0,HOLD,2.741176470588235,2,1,5
MCRB,2026-08-11,3.0,0.46882575147027294,5.0,0,0,5.0,2.0,2.0,36.050901638055,5.0,0.001251031448724205,0,,0,0,SELL,3.858823529411765,1,3,5
MCRI,2026-08-11,4.0,0.3584218113480865,3.0,0,0,2.0,1.0,3.0,49.791746496334376,2.0,0.7677352119972651,0,,0,0,HOLD,2.5411764705882356,3,1,5
MCRP,2026-08-11,,,5.0,0,0,5.0,,2.0,32.89737217248624,5.0,0.10220994256812761,0,,0,0,STRONG SELL,5.0,0,3,3
MCS,2026-08-11,,,1.0,0,0,1.0,2.0,4.0,66.23822132258073,1.0,0.8887677657334528,1,1.0,0,0,STRONG BUY,1.0,4,0,4
MCY,2026-08-11,1.0,0.7723494255928559,1.0,0,0,2.0,1.0,3.0,48.76011683699822,1.0,0.8861534903920452,0,,0,0,STRONG BUY,1.1764705882352942,5,0,5
MD,2026-08-11,3.0,0.5303537966905235,1.0,0,0,1.0,1.0,3.0,52.63643281229247,1.0,0.9171063665991764,0,,0,0,STRONG BUY,1.6117647058823528,4,0,5
MDA,2026-08-11,,,,0,0,,,3.0,53.630404840693075,3.0,0.43478252269113427,0,,0,0,,,0,0,1
MDGL,2026-08-11,5.0,0.10921398280116348,1.0,0,0,2.0,4.0,3.0,52.640769910420126,2.0,0.7083250713939978,0,,0,0,HOLD,3.164705882352941,3,2,5
MDT,2026-08-11,3.0,0.45683903464462466,2.0,0,0,4.0,1.0,4.0,69.69793498895208,3.0,0.5811511375043967,0,,0,0,HOLD,2.7176470588235295,2,1,5
MDU,2026-08-11,3.0,0.49904671115347954,4.0,0,0,3.0,4.0,3.0,47.59364865822672,2.0,0.7036652788169016,1,1.0,0,0,HOLD,2.7470588235294118,1,2,5
MDV,2026-08-11,,,2.0,0,0,2.0,1.0,4.0,57.230566425092555,1.0,0.8865898204094865,0,,0,0,STRONG BUY,1.4067796610169494,4,0,4
MDWD,2026-08-11,,,5.0,0,0,4.0,,2.0,40.182701337618276,5.0,0.023489986581356568,0,,0,0,STRONG SELL,4.659090909090909,0,3,3
MDXG,2026-08-11,3.0,0.5503137811470671,3.0,0,0,5.0,3.0,4.0,56.60147943089885,4.0,0.25154006403815166,0,,0,0,SELL,3.5882352941176476,0,2,5
MEC,2026-08-11,2.0,0.6408385504484903,3.0,0,0,2.0,4.0,1.0,28.400398529937874,3.0,0.4075259867656121,0,,0,0,HOLD,2.6941176470588237,2,1,5
MED,2026-08-11,1.0,0.8939279124738332,3.0,0,1,3.0,4.0,4.0,55.63775240948336,3.0,0.4355665393672855,1,1.0,0,0,BUY,2.2647058823529416,1,1,5
MEDP,2026-08-11,5.0,0.1558496910078041,1.0,1,0,2.0,1.0,4.0,68.0641555622098,1.0,0.9380639763500538,0,,0,0,BUY,2.4,4,1,5
MEDS,2026-08-11,4.0,0.2630513961958721,5.0,0,0,5.0,4.0,1.0,27.91322128759512,5.0,0.0,0,,0,0,STRONG SELL,4.517647058823529,0,5,5
MEGI,2026-08-11,,,2.0,0,0,3.0,,2.0,43.69096045584084,1.0,0.8519335070766156,0,,0,0,BUY,1.8863636363636362,2,0,3
MEI,2026-08-11,,,1.0,0,0,1.0,3.0,4.0,56.41142857535763,2.0,0.7989595387048049,0,,0,0,BUY,1.8474576271186443,3,0,4
MELI,2026-08-11,5.0,0.20488774979167518,2.0,0,0,4.0,3.0,4.0,63.860382675653156,3.0,0.4045905258256168,1,1.0,0,0,HOLD,3.3823529411764715,1,2,5
MENS,2026-08-11,,,3.0,0,0,3.0,,3.0,45.81586382339868,5.0,0.009819199648186944,0,,0,0,SELL,3.9090909090909096,0,1,3
MEOH,2026-08-11,,,1.0,0,0,2.0,,3.0,52.31381899448328,2.0,0.6755003478494552,0,,0,0,BUY,1.7954545454545454,3,0,3
MET,2026-08-11,4.0,0.3412841246837738,1.0,0,0,2.0,2.0,4.0,62.14969941805913,1.0,0.9125941760110671,0,,0,0,BUY,2.270588235294118,4,1,5
MFA,2026-08-11,1.0,0.9151146622072166,5.0,0,0,3.0,2.0,3.0,49.19249002694928,2.0,0.6037341872511162,0,,0,0,BUY,2.188235294117647,3,1,5
MFC,2026-08-11,,,1.0,0,0,2.0,,4.0,59.273064417619445,1.0,0.9501227034719838,0,,0,0,STRONG BUY,1.340909090909091,3,0,3
MFG,2026-08-11,,,1.0,0,0,2.0,,3.0,52.78807557271964,1.0,0.9383117198113046,0,,0,0,STRONG BUY,1.340909090909091,3,0,3
MFIC,2026-08-11,1.0,0.8603245307031498,5.0,0,0,4.0,4.0,3.0,50.28320562806053,4.0,0.2366217846889406,0,,0,0,HOLD,3.1882352941176473,1,4,5
MFIN,2026-08-11,1.0,0.901559802696778,1.0,1,0,3.0,1.0,4.0,69.56489010866669,1.0,1.0,0,,0,0,STRONG BUY,1.352941176470588,4,0,5
MFM,2026-08-11,,,4.0,0,0,3.0,,2.0,44.56033614666555,2.0,0.7536548192993064,0,,0,0,HOLD,2.7500000000000004,1,1,3
MFP,2026-08-11,,,,0,0,,,1.0,5.525830056740574,,,0,,0,0,,,0,0,0
MG,2026-08-11,3.0,0.5555136348879853,2.0,0,0,1.0,3.0,5.0,72.21305869477536,1.0,0.957816736519126,0,,0,0,BUY,2.0705882352941174,3,0,5
MGA,2026-08-11,,,1.0,0,0,1.0,,4.0,56.5477299153204,1.0,0.9395333417202936,0,,0,0,STRONG BUY,1.0,3,0,3
MGEE,2026-08-11,3.0,0.48935846687072254,1.0,1,0,3.0,2.0,3.0,53.0872420676754,2.0,0.6696267729909717,1,1.0,0,0,BUY,2.0764705882352943,3,0,5
MGF,2026-08-11,,,5.0,0,0,4.0,,3.0,52.73261241929732,4.0,0.22025416163419628,0,,0,0,SELL,4.204545454545455,0,3,3
MGIH,2026-08-11,1.0,0.8644607063315304,1.0,1,0,3.0,,3.0,51.35883326662135,4.0,0.2243589978716556,0,,0,0,BUY,2.285714285714286,2,1,4
MGLD,2026-08-11,3.0,0.5725299167607912,3.0,0,0,2.0,5.0,3.0,49.40955932264251,2.0,0.6774194416717066,0,,0,0,HOLD,2.941176470588236,2,1,5
MGM,2026-08-11,3.0,0.4773740078340719,3.0,0,0,2.0,2.0,2.0,41.98780074213286,2.0,0.6725088970605723,1,1.0,0,0,BUY,2.1117647058823534,3,0,5
MGNI,2026-08-11,4.0,0.34219691430673016,1.0,0,0,2.0,3.0,5.0,72.8811033745911,1.0,0.8466057257184227,0,,0,0,BUY,2.447058823529412,3,1,5
MGNX,2026-08-11,4.0,0.34023142056874406,3.0,0,0,1.0,4.0,3.0,46.65493657568074,2.0,0.7436260094671084,0,,0,0,HOLD,2.8941176470588235,2,2,5
MGPI,2026-08-11,1.0,0.8442403167740845,3.0,0,0,5.0,4.0,4.0,55.327183995684344,5.0,0.1702075913036923,0,,0,0,HOLD,3.388235294117647,1,3,5
MGRC,2026-08-11,3.0,0.4763371761939341,1.0,0,0,3.0,2.0,4.0,56.006605609039426,1.0,0.8798543444439328,0,,0,0,BUY,2.1411764705882352,3,0,5
MGRT,2026-08-11,5.0,0.009863188036907413,1.0,0,0,1.0,,4.0,55.71805282940194,2.0,0.6614060404203477,0,,0,0,HOLD,2.771428571428572,3,1,4
MGTX,2026-08-11,5.0,0.17968433832456496,1.0,0,0,1.0,4.0,4.0,59.872712987392326,2.0,0.7887875007242703,0,,0,0,HOLD,2.988235294117647,3,2,5
MGX,2026-08-11,1.0,0.7764802366528173,5.0,0,0,5.0,5.0,3.0,47.21176164964021,5.0,0.036199115769107885,0,,0,0,SELL,3.776470588235294,1,4,5
MGY,2026-08-11,,,3.0,0,0,3.0,2.0,3.0,54.90778585425538,3.0,0.4785089491500266,0,,0,0,HOLD,2.745762711864407,1,0,4
MGYR,2026-08-11,1.0,0.7915472229157489,1.0,0,0,3.0,1.0,4.0,65.7294194970766,1.0,0.9426580599153989,0,,0,0,STRONG BUY,1.352941176470588,4,0,5
MH,2026-08-11,3.0,0.4900706119657771,4.0,0,0,4.0,2.0,4.0,59.64348312190149,4.0,0.2654667962548167,1,1.0,0,0,HOLD,3.0411764705882356,1,3,5
MHD,2026-08-11,,,5.0,0,0,3.0,,3.0,48.41795944946631,2.0,0.782945070059314,0,,0,0,HOLD,2.9545454545454546,1,1,3
MHF,2026-08-11,,,5.0,0,1,3.0,,4.0,55.2613778094172,2.0,0.6381341671347244,0,,0,0,HOLD,2.9545454545454546,1,1,3
MHH,2026-08-11,5.0,0.04861773117254528,1.0,0,0,3.0,3.0,3.0,50.608529257548156,1.0,0.8610424801127619,1,1.0,0,0,HOLD,2.6294117647058823,2,1,5
MHK,2026-08-11,2.0,0.7099930334318716,1.0,1,0,3.0,3.0,5.0,70.10869306629733,1.0,0.9398393157397003,0,,0,0,BUY,2.011764705882353,3,0,5
MHO,2026-08-11,1.0,0.8698760724499524,1.0,0,0,3.0,4.0,3.0,53.99945632284733,2.0,0.75932466636762,0,,0,0,BUY,2.1176470588235294,3,1,5
MI,2026-08-11,1.0,0.9300031816735603,3.0,0,0,1.0,,3.0,46.43904527792783,3.0,0.41631862688772653,0,,0,0,BUY,1.8285714285714287,2,0,4
MIAX,2026-08-11,4.0,0.3872282935325384,3.0,0,1,3.0,3.0,2.0,43.4475851345771,3.0,0.43754788924837823,1,2.0,0,0,HOLD,3.005882352941177,0,1,5
MICC,2026-08-11,,,,0,0,4.0,,4.0,65.09547130986233,1.0,0.9295152099840872,0,,0,0,,,1,1,2
MIDD,2026-08-11,,,2.0,0,0,3.0,3.0,2.0,33.48219017684164,3.0,0.5814201043644557,0,,0,0,HOLD,2.847457627118644,1,0,4
MIN,2026-08-11,,,4.0,0,0,4.0,,4.0,60.99551844063808,3.0,0.5776344341093052,0,,0,0,SELL,3.545454545454546,0,2,3
MIND,2026-08-11,2.0,0.743240631282622,5.0,0,0,5.0,3.0,2.0,40.47589963296058,5.0,0.014613764885233558,0,,0,0,SELL,3.7294117647058824,1,3,5
MINE,2026-08-11,,,,0,0,5.0,,3.0,54.8450969853593,5.0,0.18548380661828884,0,,0,0,,,0,2,2
MIR,2026-08-11,1.0,0.8203646213253394,5.0,0,0,5.0,1.0,2.0,43.928392462668235,5.0,0.04808962326975337,0,,0,0,HOLD,3.070588235294117,2,3,5
MIRM,2026-08-11,5.0,0.18656414407122623,3.0,0,0,3.0,3.0,2.0,37.682653902778384,3.0,0.5367612627042656,0,,0,0,SELL,3.611764705882353,0,1,5
MIST,2026-08-11,4.0,0.28985046134266623,4.0,0,0,5.0,4.0,4.0,55.93335349734217,5.0,0.13144329263421797,0,,0,0,STRONG SELL,4.411764705882353,0,5,5
MITK,2026-08-11,4.0,0.3129326757195455,2.0,0,0,1.0,3.0,4.0,56.68128397045545,1.0,0.8616187829189872,0,,0,0,BUY,2.376470588235294,3,1,5
MITT,2026-08-11,1.0,0.9325496103502204,5.0,0,0,4.0,3.0,2.0,38.249883797080415,5.0,0.18272105410008105,0,,0,0,HOLD,3.2470588235294118,1,3,5
MIY,2026-08-11,,,1.0,0,0,3.0,,4.0,64.53200462690393,1.0,0.9726536835711364,0,,0,0,STRONG BUY,1.6818181818181817,2,0,3
MKC,2026-08-11,2.0,0.6120114394661582,3.0,0,0,4.0,3.0,4.0,57.51899776427161,4.0,0.30368760009541007,0,,0,0,HOLD,3.1058823529411765,1,2,5
MKDW,2026-08-11,5.0,0.12694877505567928,1.0,0,0,1.0,,3.0,54.91961146388704,1.0,0.9592039950888145,0,,0,0,BUY,2.4857142857142858,3,1,4
MKL,2026-08-11,2.0,0.6749468002744836,4.0,0,0,4.0,2.0,2.0,37.05275571783755,4.0,0.21485493461715058,0,,0,0,HOLD,3.0352941176470583,2,3,5
MKSI,2026-08-11,5.0,0.2356808402643968,3.0,0,0,1.0,2.0,2.0,42.074150542665286,3.0,0.5601938252156069,0,,0,0,HOLD,3.0823529411764707,2,1,5
MKTX,2026-08-11,4.0,0.29231573461499777,2.0,0,0,4.0,2.0,5.0,84.69244453558302,2.0,0.6408802009455616,0,,0,0,HOLD,2.9647058823529413,3,2,5
MKZR,2026-08-11,1.0,0.9674919335439243,5.0,0,0,5.0,,3.0,49.2772658003964,5.0,0.0889679695676084,1,1.0,0,0,HOLD,3.214285714285715,1,3,4
MLAB,2026-08-11,4.0,0.3863135708020379,2.0,0,0,1.0,1.0,4.0,63.235182739090774,1.0,0.9977960130429313,1,3.0,0,0,STRONG BUY,1.7235294117647058,4,1,5
MLCI,2026-08-11,1.0,0.8719041695366131,5.0,0,0,5.0,4.0,2.0,37.03740034228705,5.0,0.02782644917700404,0,,0,0,SELL,3.5999999999999996,1,4,5
MLEC,2026-08-11,,,5.0,0,0,3.0,,3.0,45.112659417866745,5.0,0.09378758317798486,0,,0,0,STRONG SELL,4.318181818181818,0,2,3
MLGO,2026-08-11,1.0,0.8750863051477863,5.0,0,0,4.0,3.0,3.0,48.34299214194123,5.0,0.10913141080510931,0,,0,0,HOLD,3.2470588235294118,1,3,5
MLI,2026-08-11,4.0,0.41442622140111396,1.0,0,0,2.0,2.0,4.0,64.62997137119095,1.0,0.9337387819809215,0,,0,0,BUY,2.270588235294118,4,1,5
MLKN,2026-08-11,1.0,0.7642072602487592,1.0,1,0,3.0,2.0,4.0,63.248377628729806,1.0,0.9475244312602785,0,,0,0,STRONG BUY,1.5294117647058825,4,0,5
MLM,2026-08-11,4.0,0.36307570850228327,5.0,0,0,4.0,1.0,3.0,47.25556347541742,5.0,0.15185648052653647,0,,0,0,SELL,3.811764705882353,1,4,5
MLP,2026-08-11,5.0,0.13681956793791114,4.0,0,0,4.0,4.0,2.0,39.836107969093156,4.0,0.33913056746773096,1,1.0,0,0,SELL,4.005882352941177,0,5,5
MLPB,2026-08-11,,,1.0,0,0,2.0,,4.0,62.879148114502755,1.0,1.0,0,,0,0,STRONG BUY,1.340909090909091,3,0,3
MLR,2026-08-11,4.0,0.3937082936129647,1.0,0,0,2.0,1.0,4.0,66.22455881211863,1.0,0.9707030249395762,0,,0,0,BUY,2.0941176470588236,4,1,5
MLYS,2026-08-11,4.0,0.27776010181355393,3.0,0,0,2.0,3.0,3.0,51.85440780099292,3.0,0.40831864854693034,1,1.0,0,0,HOLD,2.829411764705883,1,1,5
MMD,2026-08-11,,,4.0,0,0,3.0,,3.0,45.0545295221757,2.0,0.7220177633562708,0,,0,0,HOLD,2.7500000000000004,1,1,3
MMED,2026-08-11,2.0,0.6093482373874933,,0,0,,4.0,5.0,71.73583266608374,1.0,1.0,0,,0,0,BUY,2.163934426229508,2,1,3
MMI,2026-08-11,3.0,0.5782609155449965,1.0,0,0,3.0,2.0,3.0,49.72155044248716,2.0,0.7721234996676393,0,,0,0,BUY,2.376470588235294,3,0,5
MMM,2026-08-11,5.0,0.2223274494613755,1.0,1,0,3.0,3.0,4.0,68.99640602347732,1.0,1.0,0,,0,0,HOLD,2.929411764705882,2,1,5
MMS,2026-08-11,2.0,0.7359199969493122,4.0,0,0,5.0,1.0,2.0,37.64464948859969,5.0,0.016521602120389976,0,,0,0,HOLD,3.2705882352941176,2,3,5
MMSI,2026-08-11,4.0,0.3583352034090083,2.0,0,0,3.0,2.0,5.0,85.11468635819054,1.0,0.9537573260584451,0,,0,0,HOLD,2.552941176470588,3,1,5
MMT,2026-08-11,,,4.0,0,0,4.0,,4.0,61.71768567670855,3.0,0.5577494180913396,0,,0,0,SELL,3.545454545454546,0,2,3
MMU,2026-08-11,,,5.0,0,0,3.0,,3.0,46.73894726394041,2.0,0.716368692248524,0,,0,0,HOLD,2.9545454545454546,1,1,3
MMYT,2026-08-11,,,2.0,0,0,4.0,,4.0,62.411512853076424,4.0,0.37393514444510007,0,,0,0,SELL,3.590909090909091,1,2,3
MNDY,2026-08-11,4.0,0.32675787464206174,3.0,0,0,3.0,,3.0,53.333487884925596,5.0,0.1755644195075643,0,,0,0,SELL,3.9428571428571435,0,2,4
MNKD,2026-08-11,4.0,0.32709836269505743,4.0,0,0,4.0,4.0,3.0,47.10242154986153,4.0,0.39949107037503606,1,1.0,0,0,SELL,3.7,0,5,5
MNOV,2026-08-11,4.0,0.33426351555868977,5.0,0,0,4.0,5.0,3.0,47.90051543658813,4.0,0.21014297280018857,0,,0,0,STRONG SELL,4.2823529411764705,0,5,5
MNPR,2026-08-11,5.0,0.21380846325167038,1.0,0,0,1.0,4.0,4.0,59.89776539404356,1.0,0.9440918064537549,0,,0,0,HOLD,2.7529411764705882,3,2,5
MNRO,2026-08-11,5.0,0.016682554814108675,5.0,0,0,5.0,2.0,2.0,30.213710549293623,5.0,0.012790327728435844,0,,0,0,STRONG SELL,4.470588235294118,1,4,5
MNSB,2026-08-11,3.0,0.5157167253326276,2.0,0,0,2.0,1.0,4.0,60.99009558378517,1.0,0.9329883558172456,0,,0,0,BUY,1.8941176470588235,4,0,5
MNST,2026-08-11,4.0,0.28632687451705435,2.0,0,0,2.0,3.0,2.0,40.30890653424846,2.0,0.7723108108472371,0,,0,0,HOLD,2.7882352941176474,3,1,5
MNTK,2026-08-11,2.0,0.6351379252150094,1.0,1,0,3.0,4.0,4.0,55.22432812020863,3.0,0.4852940879994201,0,,0,0,HOLD,2.6588235294117646,2,1,5
MNTN,2026-08-11,1.0,0.8642954859892304,2.0,0,0,4.0,2.0,4.0,65.66240692336635,4.0,0.22745098589200885,0,,0,0,HOLD,2.51764705882353,3,2,5
MO,2026-08-11,3.0,0.4363909089857019,4.0,0,0,3.0,2.0,2.0,32.023480427378914,3.0,0.5444118501291818,0,,0,0,HOLD,2.929411764705882,1,1,5
MOB,2026-08-11,,,4.0,0,0,3.0,,4.0,58.832806426254315,4.0,0.2944444608436067,0,,0,0,SELL,3.659090909090909,0,2,3
MOBI,2026-08-11,3.0,0.4521158129175947,,0,0,,,4.0,58.429871802080314,3.0,0.5528570607892472,0,,0,0,,,0,0,2
MOD,2026-08-11,5.0,0.08913250714966635,4.0,0,0,3.0,3.0,2.0,40.95120802816279,3.0,0.4239623773600699,0,,0,0,SELL,3.717647058823529,0,2,5
MODD,2026-08-11,1.0,0.8641425389755011,5.0,0,0,5.0,4.0,2.0,32.963801845272215,5.0,0.0,0,,0,0,SELL,3.5999999999999996,1,4,5
MOH,2026-08-11,2.0,0.659034848587554,3.0,0,0,2.0,3.0,2.0,40.47962439818357,2.0,0.6045911401683391,0,,0,0,BUY,2.2823529411764705,3,0,5
MORN,2026-08-11,3.0,0.47159155868825287,2.0,0,0,3.0,3.0,4.0,62.03255395206123,3.0,0.45647625591964797,1,1.0,0,0,HOLD,2.594117647058824,1,0,5
MOS,2026-08-11,1.0,0.8444700421221449,3.0,0,0,5.0,1.0,4.0,56.402786828775795,4.0,0.22999937222084818,0,,0,0,HOLD,2.623529411764706,2,2,5
MOV,2026-08-11,4.0,0.3207816968541468,2.0,0,0,1.0,1.0,3.0,48.57268455154711,1.0,0.9096570394008344,0,,0,0,BUY,2.023529411764706,4,1,5
MOVE,2026-08-11,3.0,0.5624478075601098,4.0,0,0,1.0,4.0,2.0,41.10862195977519,4.0,0.3913349795260884,0,,0,0,HOLD,3.164705882352941,1,3,5
MP,2026-08-11,5.0,0.173546838615064,4.0,0,0,4.0,4.0,4.0,62.603088827429545,4.0,0.2780347159483948,0,,0,0,STRONG SELL,4.305882352941177,0,5,5
MPA,2026-08-11,,,5.0,0,0,3.0,,3.0,50.74895798019072,2.0,0.7927554972141241,0,,0,0,HOLD,2.9545454545454546,1,1,3
MPAA,2026-08-11,1.0,0.8167988527486922,4.0,0,0,3.0,2.0,2.0,33.46884012709491,4.0,0.34835566085339575,1,1.0,0,0,BUY,2.2529411764705882,2,2,5
MPB,2026-08-11,2.0,0.7476660964687893,1.0,0,0,2.0,2.0,4.0,62.41286833718535,1.0,0.9545886214956452,1,3.0,0,0,STRONG BUY,1.3588235294117648,5,0,5
MPC,2026-08-11,3.0,0.4275500476644423,1.0,0,0,1.0,1.0,4.0,68.16663177445474,1.0,1.0,0,,0,0,STRONG BUY,1.6117647058823528,4,0,5
MPLT,2026-08-11,2.0,0.661151765828826,,0,0,5.0,3.0,1.0,28.370844909793647,5.0,0.06957685091854678,1,1.0,0,0,HOLD,3.2789473684210524,1,2,4
MPT,2026-08-11,2.0,0.7241193015441084,5.0,0,0,4.0,3.0,1.0,27.035010451209928,5.0,0.1576329739846238,0,,0,0,SELL,3.552941176470589,1,3,5
MPTI,2026-08-11,4.0,0.30053397619567535,3.0,0,0,1.0,1.0,3.0,50.574578820804206,2.0,0.7449185642537803,0,,0,0,BUY,2.3647058823529408,3,1,5
MPV,2026-08-11,,,5.0,0,0,4.0,,3.0,51.92364457856689,4.0,0.2298475531511788,0,,0,0,SELL,4.204545454545455,0,3,3
MPWR,2026-08-11,5.0,0.08727496223246817,3.0,0,0,2.0,2.0,3.0,52.90625477116732,2.0,0.6771806172686251,0,,0,0,HOLD,3.023529411764706,3,1,5
MQY,2026-08-11,,,5.0,0,0,3.0,,3.0,46.97993665619115,2.0,0.7946744566541732,0,,0,0,HOLD,2.9545454545454546,1,1,3
MRAM,2026-08-11,5.0,0.24089646950542307,3.0,0,0,1.0,3.0,3.0,47.646803991954194,4.0,0.2739690374977018,0,,0,0,HOLD,3.494117647058824,1,2,5
MRBK,2026-08-11,3.0,0.4962979155212653,1.0,0,0,3.0,2.0,3.0,52.37864437689653,1.0,0.9000061963774377,0,,0,0,BUY,2.1411764705882352,3,0,5
MRCY,2026-08-11,4.0,0.26968194875891244,2.0,0,0,1.0,3.0,3.0,54.242185181462,2.0,0.7634586127653021,0,,0,0,HOLD,2.6117647058823534,3,1,5
MRDN,2026-08-11,3.0,0.5204152777781706,2.0,0,0,2.0,3.0,3.0,53.60114851400341,2.0,0.7336405190115416,0,,0,0,BUY,2.482352941176471,3,0,5
MRK,2026-08-11,2.0,0.6139180171591992,1.0,0,0,2.0,4.0,4.0,58.87959213251148,1.0,0.9773167569320621,0,,0,0,BUY,2.0117647058823533,4,1,5
MRKR,2026-08-11,2.0,0.6710149538657334,5.0,0,1,4.0,4.0,2.0,34.47961603476058,5.0,0.17910448026752698,0,,0,0,SELL,3.7294117647058824,1,4,5
MRLN,2026-08-11,,,5.0,0,0,5.0,4.0,3.0,52.98873836569619,5.0,0.09389673446024852,1,1.0,0,0,STRONG SELL,4.445762711864407,0,4,4
MRNA,2026-08-11,4.0,0.26189773787625015,2.0,0,0,1.0,4.0,3.0,51.971714288657545,2.0,0.6381224553711243,0,,0,0,HOLD,2.7882352941176474,3,2,5
MRP,2026-08-11,1.0,0.8150619637750238,4.0,0,0,3.0,,4.0,60.0157314189571,2.0,0.6153771169606992,1,1.0,0,0,BUY,1.7999999999999996,2,1,4
MRSH,2026-08-11,3.0,0.4414170233358814,2.0,0,0,3.0,2.0,4.0,61.37936035080955,2.0,0.701211448589311,0,,0,0,BUY,2.482352941176471,3,0,5
MRT,2026-08-11,,,3.0,0,0,4.0,4.0,3.0,51.520875377435836,4.0,0.3506766694900442,0,,0,0,SELL,3.8474576271186445,0,3,4
MRTN,2026-08-11,2.0,0.5905447110399673,3.0,0,0,2.0,3.0,1.0,27.25213126374348,3.0,0.5939352734367496,0,,0,0,HOLD,2.51764705882353,2,0,5
MRVL,2026-08-11,5.0,0.125762266817923,3.0,0,0,1.0,1.0,3.0,49.44343827926182,3.0,0.5826804447021717,0,,0,0,HOLD,2.905882352941177,2,1,5
MRX,2026-08-11,,,2.0,0,0,1.0,,2.0,40.50561500582397,2.0,0.7540944261429666,0,,0,0,STRONG BUY,1.6590909090909092,3,0,3
MS,2026-08-11,4.0,0.42461751531169944,3.0,0,0,2.0,3.0,3.0,51.191867975573146,1.0,0.8587456342125515,0,,0,0,HOLD,2.6588235294117646,2,1,5
MSA,2026-08-11,4.0,0.2688809397781535,2.0,0,0,3.0,2.0,5.0,73.41100161602634,1.0,0.8561036315355827,0,,0,0,HOLD,2.552941176470588,3,1,5
MSAI,2026-08-11,1.0,0.7661268009430556,4.0,0,0,5.0,4.0,4.0,56.059716703772224,5.0,0.013109267960752622,0,,0,0,HOLD,3.494117647058823,1,4,5
MSB,2026-08-11,,,5.0,0,0,5.0,1.0,3.0,51.83543545874505,5.0,0.09888744520611946,0,,0,0,SELL,3.9830508474576267,1,3,4
MSBI,2026-08-11,2.0,0.7041043588927776,1.0,0,0,1.0,3.0,4.0,59.93251181363229,1.0,0.950115295847725,0,,0,0,STRONG BUY,1.6588235294117646,4,0,5
MSCI,2026-08-11,5.0,0.2034045045925752,4.0,0,0,3.0,1.0,2.0,41.23463868692262,3.0,0.4005177258883614,1,2.0,0,0,HOLD,3.0647058823529414,1,2,5
MSD,2026-08-11,,,3.0,0,0,3.0,,3.0,52.84415046371255,2.0,0.6169631968302265,0,,0,0,HOLD,2.545454545454546,1,0,3
MSDL,2026-08-11,1.0,0.8440126563377204,4.0,0,0,3.0,2.0,3.0,54.076018304928,2.0,0.7208821536760297,1,4.0,0,0,BUY,1.7823529411764707,3,1,5
MSEX,2026-08-11,4.0,0.41543136688624294,1.0,0,0,3.0,3.0,4.0,60.606736253537946,1.0,0.8166825763965716,1,1.0,0,0,BUY,2.3235294117647056,2,1,5
MSGE,2026-08-11,5.0,0.07244995233555768,1.0,0,0,1.0,2.0,4.0,61.252226328508605,1.0,0.9692963857663045,0,,0,0,BUY,2.4,4,1,5
MSGS,2026-08-11,,,1.0,0,0,1.0,3.0,3.0,53.5829025190067,1.0,0.9527777821679924,0,,0,0,STRONG BUY,1.5084745762711864,3,0,4
MSI,2026-08-11,5.0,0.16703913255603142,1.0,1,0,3.0,2.0,4.0,67.20592901927317,1.0,0.8302040099531529,0,,0,0,HOLD,2.7529411764705882,3,1,5
MSIF,2026-08-11,1.0,0.8643680569100429,4.0,0,0,4.0,3.0,4.0,63.34424631890863,3.0,0.5820763167219024,1,2.0,0,0,BUY,2.370588235294118,1,2,5
MSLE,2026-08-11,,,1.0,1,0,3.0,,4.0,64.04957055538137,2.0,0.6324430367433928,0,,0,0,BUY,2.1363636363636367,2,0,3
MSM,2026-08-11,4.0,0.2969494756911344,2.0,0,0,2.0,3.0,2.0,44.19318022446353,1.0,0.8575957770367226,0,,0,0,HOLD,2.552941176470588,3,1,5
MT,2026-08-11,,,1.0,0,0,2.0,,4.0,65.66823672261947,1.0,0.9679200397921651,0,,0,0,STRONG BUY,1.340909090909091,3,0,3
MTA,2026-08-11,,,1.0,1,0,2.0,,5.0,72.84016520259257,1.0,1.0,0,,0,0,STRONG BUY,1.340909090909091,3,0,3
MTAL,2026-08-11,,,,0,0,,,3.0,52.629572577508625,2.0,0.6551710530210104,0,,0,0,,,1,0,1
MTB,2026-08-11,2.0,0.713536701620591,1.0,0,0,2.0,1.0,4.0,61.361043767150676,1.0,0.988014971323828,0,,0,0,STRONG BUY,1.4823529411764707,5,0,5
MTC,2026-08-11,5.0,0.05186127903277124,3.0,0,1,3.0,,3.0,47.23742770769871,4.0,0.31247142958605534,0,,0,0,SELL,4.0285714285714285,0,2,4
MTCH,2026-08-11,3.0,0.5673193813493933,2.0,0,0,3.0,2.0,2.0,42.01690497137983,2.0,0.6322695481662409,0,,0,0,BUY,2.482352941176471,3,0,5
MTD,2026-08-11,5.0,0.14081676669115517,2.0,0,0,3.0,2.0,4.0,69.87818783544982,1.0,0.8633685909210315,0,,0,0,HOLD,2.8588235294117648,3,1,5
MTDR,2026-08-11,2.0,0.7120048291195735,2.0,0,0,3.0,3.0,4.0,56.66462061653637,3.0,0.5748921030988043,1,2.0,0,0,BUY,2.2882352941176474,2,0,5
MTEK,2026-08-11,5.0,0.07190582246261533,4.0,0,0,5.0,,4.0,55.91816193196079,5.0,0.059439236537669096,0,,0,0,STRONG SELL,4.871428571428571,0,4,4
MTG,2026-08-11,3.0,0.5703240315754503,1.0,1,0,3.0,2.0,4.0,65.8630047097735,1.0,0.9645012118249934,0,,0,0,BUY,2.1411764705882352,3,0,5
MTH,2026-08-11,1.0,0.8050167409320124,3.0,0,0,4.0,3.0,3.0,50.67412500153923,3.0,0.5743631806841578,0,,0,0,HOLD,2.564705882352941,1,1,5
MTN,2026-08-11,3.0,0.5571973307912298,1.0,1,0,3.0,1.0,3.0,52.201970518999666,2.0,0.7298108963834617,1,2.0,0,0,BUY,1.9000000000000001,3,0,5
MTR,2026-08-11,,,5.0,0,0,5.0,,1.0,27.216260460193794,5.0,0.0,0,,0,0,STRONG SELL,5.0,0,3,3
MTRN,2026-08-11,5.0,0.10295519542421354,2.0,0,0,1.0,3.0,4.0,59.550816673076994,1.0,0.9206004813622765,0,,0,0,HOLD,2.6823529411764704,3,1,5
MTRX,2026-08-11,1.0,0.822404441346519,4.0,0,0,4.0,4.0,2.0,43.40673339237069,4.0,0.27669045139510506,0,,0,0,HOLD,3.0823529411764707,1,4,5
MTSI,2026-08-11,5.0,0.10131876279151636,3.0,0,0,1.0,3.0,3.0,52.71290026243441,2.0,0.6213400451824208,0,,0,0,HOLD,3.023529411764706,2,1,5
MTUS,2026-08-11,2.0,0.6707648909124392,1.0,0,0,2.0,4.0,4.0,66.32894781087579,1.0,1.0,0,,0,0,BUY,2.0117647058823533,4,1,5
MTVA,2026-08-11,2.0,0.65065224307986,5.0,0,0,5.0,4.0,2.0,41.389127981430036,5.0,0.030264007049329664,0,,0,0,SELL,3.905882352941177,1,4,5
MTW,2026-08-11,2.0,0.7418937140541377,1.0,0,0,1.0,3.0,5.0,82.3307208631507,1.0,1.0,0,,0,0,STRONG BUY,1.6588235294117646,4,0,5
MTX,2026-08-11,2.0,0.6672248060855829,3.0,0,0,3.0,3.0,3.0,48.31279558413906,2.0,0.6999962011343577,0,,0,0,BUY,2.4588235294117644,2,0,5
MTZ,2026-08-11,5.0,0.16205910390848427,4.0,0,0,2.0,1.0,2.0,37.76952827887223,4.0,0.37505657987448754,0,,0,0,HOLD,3.4235294117647057,2,3,5
MU,2026-08-11,5.0,0.1123165415097302,3.0,0,0,1.0,2.0,3.0,46.29838142567696,2.0,0.6790094945002346,0,,0,0,HOLD,2.847058823529412,3,1,5
MUA,2026-08-11,,,5.0,0,0,4.0,,2.0,34.73791726818595,4.0,0.22625688710621084,0,,0,0,SELL,4.204545454545455,0,3,3
MUC,2026-08-11,,,3.0,0,0,3.0,,3.0,54.165096533843254,1.0,0.8582686330180174,0,,0,0,BUY,2.090909090909091,1,0,3
MUFG,2026-08-11,,,1.0,0,0,2.0,,3.0,52.20406963814793,1.0,0.8844366122300692,0,,0,0,STRONG BUY,1.340909090909091,3,0,3
MUJ,2026-08-11,,,2.0,0,0,3.0,,4.0,57.30597922979677,1.0,0.9377661757547413,0,,0,0,BUY,1.8863636363636362,2,0,3
MUR,2026-08-11,2.0,0.6207710725813081,2.0,0,0,2.0,1.0,3.0,48.78122206706174,2.0,0.6950150702295979,0,,0,0,BUY,1.8235294117647056,5,0,5
MUSA,2026-08-11,3.0,0.4857006673021925,2.0,0,0,1.0,2.0,2.0,39.74858943563101,2.0,0.7067138333076348,0,,0,0,BUY,2.1294117647058823,4,0,5
MUX,2026-08-11,4.0,0.3483987565089528,4.0,0,0,3.0,3.0,4.0,55.683658203063,3.0,0.48043820864235925,0,,0,0,HOLD,3.411764705882353,0,2,5
MVBF,2026-08-11,3.0,0.45492068238915045,1.0,0,0,2.0,3.0,4.0,56.82847660258015,1.0,0.9164352236175954,0,,0,0,BUY,2.1411764705882352,3,0,5
MVIS,2026-08-11,5.0,0.19218094123532595,5.0,0,0,5.0,4.0,2.0,39.82148962219911,5.0,0.023535840829413707,0,,0,0,STRONG SELL,4.823529411764706,0,5,5
MWA,2026-08-11,4.0,0.39708836762704025,3.0,0,0,4.0,2.0,4.0,55.08161062305693,3.0,0.46218947368421054,1,1.0,0,0,HOLD,3.005882352941177,1,2,5
MWG,2026-08-11,,,5.0,0,0,5.0,,2.0,38.86606833800485,5.0,0.009433953352100025,0,,0,0,STRONG SELL,5.0,0,3,3
MX,2026-08-11,1.0,0.839500459148377,3.0,0,0,2.0,4.0,3.0,50.806567824578224,4.0,0.2447447500124042,1,1.0,0,0,BUY,2.323529411764706,2,2,5
MXC,2026-08-11,2.0,0.6488725673266731,3.0,0,0,3.0,3.0,4.0,64.44067707283,4.0,0.2840818200335089,0,,0,0,HOLD,2.929411764705882,1,1,5
MXCT,2026-08-11,3.0,0.5819408756045549,2.0,1,0,2.0,4.0,4.0,59.353804436341406,3.0,0.5017330798741464,0,,0,0,HOLD,2.894117647058824,2,1,5
MXE,2026-08-11,,,1.0,0,0,3.0,,4.0,55.191610970550336,2.0,0.7820805840581362,0,,0,0,BUY,2.1363636363636367,2,0,3
MXF,2026-08-11,,,3.0,0,0,3.0,,3.0,52.617321782582806,1.0,0.9125654475282036,1,1.0,0,0,BUY,1.7909090909090908,1,0,3
MXL,2026-08-11,5.0,0.1299408938934484,3.0,0,0,1.0,3.0,3.0,45.08960939527291,3.0,0.4855626869718623,0,,0,0,HOLD,3.2588235294117647,1,1,5
MYE,2026-08-11,3.0,0.4409874569170283,1.0,0,0,1.0,2.0,3.0,50.288829813086295,1.0,0.8000682139622367,0,,0,0,BUY,1.7882352941176471,4,0,5
MYFW,2026-08-11,2.0,0.5899821413210891,2.0,0,0,2.0,4.0,3.0,45.46580655509636,2.0,0.7835206202269845,0,,0,0,BUY,2.352941176470588,4,1,5
MYGN,2026-08-11,1.0,0.8344075344689532,5.0,0,0,5.0,3.0,1.0,28.581044753240704,5.0,0.06390979819168485,1,2.0,0,0,HOLD,3.1235294117647063,1,3,5
MYI,2026-08-11,,,5.0,0,0,3.0,,3.0,48.15242135274845,2.0,0.772060435004087,0,,0,0,HOLD,2.9545454545454546,1,1,3
MYN,2026-08-11,,,4.0,0,0,3.0,,3.0,46.32841717713866,2.0,0.7673241033497215,1,1.0,0,0,BUY,2.4500000000000006,1,1,3
MYO,2026-08-11,4.0,0.3705031285880225,2.0,0,0,2.0,4.0,5.0,70.99015492380883,2.0,0.7589285894848253,1,2.0,0,0,HOLD,2.6647058823529415,3,2,5
MYRG,2026-08-11,4.0,0.3700841926681905,3.0,0,0,1.0,1.0,2.0,31.789957431238108,3.0,0.4722596041516287,0,,0,0,HOLD,2.6,2,1,5
MYSE,2026-08-11,5.0,0.22062145541011724,1.0,1,0,2.0,5.0,3.0,53.144224440033426,3.0,0.45967743214719925,0,,0,0,SELL,3.5764705882352943,2,2,5
MZTI,2026-08-11,3.0,0.5024155582344592,4.0,0,0,5.0,3.0,4.0,60.34651295319304,5.0,0.1395649562329287,0,,0,0,SELL,3.9294117647058826,0,3,5
MZYX,2026-08-11,,,,0,0,,,3.0,47.381589559575076,4.0,0.33333181956485214,0,,0,0,,,0,1,1
NABL,2026-08-11,1.0,0.7845119510914619,4.0,0,0,5.0,3.0,2.0,34.614957396616006,5.0,0.03909089348532937,0,,0,0,HOLD,3.317647058823529,1,3,5
NAC,2026-08-11,,,4.0,0,0,3.0,,3.0,52.077476118653,1.0,0.8624426362479456,0,,0,0,BUY,2.2954545454545454,1,1,3
NAD,2026-08-11,,,5.0,0,0,3.0,,3.0,48.509503851814074,1.0,0.8160696350453165,1,1.0,0,0,BUY,2.2,1,1,3
NAGE,2026-08-11,3.0,0.5150174569881177,5.0,0,0,5.0,3.0,2.0,41.67434108339707,5.0,0.013698616715036242,0,,0,0,SELL,4.03529411764706,0,3,5
NAII,2026-08-11,1.0,0.9586382437161948,5.0,0,0,5.0,3.0,2.0,42.516390938843244,5.0,0.01865669982049215,1,1.0,0,0,HOLD,3.1235294117647063,1,3,5
NAK,2026-08-11,,,5.0,0,1,3.0,,3.0,51.880385504547654,3.0,0.45128208216203836,0,,0,0,HOLD,3.4090909090909096,0,1,3
NAKA,2026-08-11,5.0,0.07278840609707023,3.0,0,0,5.0,4.0,4.0,57.396963968507,5.0,0.0028622601355122977,0,,0,0,STRONG SELL,4.6117647058823525,0,4,5
NAMM,2026-08-11,,,5.0,0,0,5.0,,2.0,40.887670033775635,5.0,0.07572992983565378,0,,0,0,STRONG SELL,5.0,0,3,3
NAMS,2026-08-11,5.0,0.15079260320296636,5.0,0,0,4.0,4.0,2.0,36.20888883574568,5.0,0.19542857578822545,0,,0,0,STRONG SELL,4.647058823529412,0,5,5
NAN,2026-08-11,,,4.0,0,0,3.0,,2.0,42.993260168527776,2.0,0.7214257571063784,0,,0,0,HOLD,2.7500000000000004,1,1,3
NAT,2026-08-11,4.0,0.39102768055997456,1.0,0,0,1.0,,3.0,49.00944327428988,1.0,0.8841463314295923,0,,0,0,BUY,2.1142857142857143,3,1,4
NATH,2026-08-11,3.0,0.5209999994430075,4.0,0,0,3.0,3.0,3.0,45.18912630868093,3.0,0.4883551764667564,0,,0,0,HOLD,3.1058823529411765,0,1,5
NATL,2026-08-11,3.0,0.4610742622796432,1.0,0,0,2.0,2.0,4.0,55.29313516240398,1.0,0.9053570883614677,0,,0,0,BUY,1.9647058823529413,4,0,5
NATR,2026-08-11,1.0,0.8061645234331991,5.0,0,0,4.0,2.0,1.0,24.04877125567249,5.0,0.18894950294113572,0,,0,0,HOLD,3.070588235294117,2,3,5
NAVI,2026-08-11,,,3.0,0,0,4.0,4.0,3.0,49.83505247829706,4.0,0.23664015466052324,0,,0,0,SELL,3.8474576271186445,0,3,4
NAZ,2026-08-11,,,3.0,0,0,3.0,,4.0,56.029593398410114,2.0,0.666784273580331,0,,0,0,HOLD,2.545454545454546,1,0,3
NB,2026-08-11,3.0,0.5637925548838689,4.0,0,0,3.0,3.0,4.0,60.831605386265466,5.0,0.1999999880040967,0,,0,0,SELL,3.576470588235294,0,2,5
NBB,2026-08-11,,,5.0,0,0,3.0,,4.0,56.28746729590714,2.0,0.6524668430732302,1,1.0,0,0,HOLD,2.6545454545454548,1,1,3
NBBK,2026-08-11,2.0,0.7019092349435201,1.0,0,0,2.0,3.0,4.0,60.142469796537995,1.0,0.9122185156702854,1,2.0,0,0,STRONG BUY,1.535294117647059,4,0,5
NBH,2026-08-11,,,4.0,0,0,3.0,,2.0,42.98806950969016,2.0,0.7268940186470237,0,,0,0,HOLD,2.7500000000000004,1,1,3
NBHC,2026-08-11,3.0,0.4717939586064501,2.0,0,0,3.0,1.0,3.0,47.173356758307236,2.0,0.6827665908699109,0,,0,0,BUY,2.3058823529411763,3,0,5
NBIX,2026-08-11,4.0,0.28664085488236113,2.0,0,0,2.0,3.0,2.0,41.8854659915485,2.0,0.6272436868901452,0,,0,0,HOLD,2.7882352941176474,3,1,5
NBN,2026-08-11,,,1.0,0,0,2.0,,4.0,57.32232414958034,1.0,0.9557316520984962,0,,0,0,STRONG BUY,1.340909090909091,3,0,3
NBR,2026-08-11,1.0,0.9632983794089609,2.0,0,0,1.0,1.0,4.0,56.16075033588129,2.0,0.7170145999640728,1,1.0,0,0,STRONG BUY,1.0411764705882354,5,0,5
NBTB,2026-08-11,2.0,0.6720686367969495,1.0,0,0,2.0,2.0,4.0,58.339852148632396,1.0,0.9205570043975915,1,1.0,0,0,STRONG BUY,1.3588235294117648,5,0,5
NBTX,2026-08-11,,,1.0,0,0,1.0,,3.0,49.73293548433945,2.0,0.6506706152087692,0,,0,0,STRONG BUY,1.4545454545454548,3,0,3
NBXG,2026-08-11,,,3.0,0,0,2.0,,3.0,51.35402513758437,2.0,0.6553283012084762,0,,0,0,BUY,2.2045454545454546,2,0,3
NC,2026-08-11,2.0,0.6196377502383222,5.0,0,1,4.0,2.0,1.0,24.936104626832176,4.0,0.27042110711307416,0,,0,0,HOLD,3.1411764705882352,2,3,5
NCA,2026-08-11,,,5.0,0,1,3.0,,3.0,53.025372070059255,2.0,0.6931026954210687,0,,0,0,HOLD,2.9545454545454546,1,1,3
NCDL,2026-08-11,1.0,0.8765299450753536,4.0,0,0,4.0,2.0,3.0,51.83599826278457,4.0,0.3320067476601001,1,7.0,0,0,BUY,2.429411764705883,2,3,5
NCEL,2026-08-11,3.0,0.501749920458161,3.0,1,0,4.0,,2.0,36.194506711401395,5.0,0.05034589088986149,0,,0,0,SELL,3.785714285714286,0,2,4
NCLH,2026-08-11,4.0,0.3933040601022559,5.0,0,0,4.0,2.0,2.0,44.17646767539754,4.0,0.31975301170727394,0,,0,0,SELL,3.752941176470588,1,4,5
NCMI,2026-08-11,2.0,0.7179633399808101,2.0,1,0,3.0,3.0,2.0,40.803523330169966,3.0,0.4634588791702676,0,,0,0,HOLD,2.588235294117647,2,0,5
NCNO,2026-08-11,4.0,0.4006011897835033,3.0,0,0,4.0,1.0,4.0,61.01782118505841,4.0,0.272216248426667,0,,0,0,HOLD,3.364705882352941,1,3,5
NCO,2026-08-11,,,,0,0,,,,,,,0,,0,0,,,0,0,0
NCRA,2026-08-11,1.0,0.900499849392617,5.0,0,0,5.0,3.0,3.0,53.07173173843783,5.0,0.017575757799695273,0,,0,0,HOLD,3.423529411764706,1,3,5
NCSM,2026-08-11,1.0,0.7950982835049308,2.0,1,0,1.0,3.0,4.0,62.62150844474664,4.0,0.35718313277575947,0,,0,0,BUY,2.164705882352941,3,1,5
NCTY,2026-08-11,5.0,0.027044225262488068,5.0,0,0,5.0,,2.0,44.40517604978239,5.0,0.11678832201473555,0,,0,0,STRONG SELL,5.0,0,4,4
NCV,2026-08-11,,,2.0,0,0,2.0,,4.0,59.330388499120644,1.0,0.9622801368196585,0,,0,0,STRONG BUY,1.5454545454545454,3,0,3
NCZ,2026-08-11,,,2.0,0,0,2.0,,4.0,62.139758239144165,1.0,0.982805258146015,0,,0,0,STRONG BUY,1.5454545454545454,3,0,3
NDAQ,2026-08-11,4.0,0.28639164316915255,2.0,0,0,3.0,1.0,4.0,61.46463712277718,2.0,0.781613705103693,1,2.0,0,0,BUY,2.3117647058823536,3,1,5
NDMO,2026-08-11,,,5.0,0,0,3.0,,2.0,37.295044190435206,2.0,0.619546480462101,0,,0,0,HOLD,2.9545454545454546,1,1,3
NDRA,2026-08-11,4.0,0.37639198218262804,4.0,0,0,3.0,4.0,2.0,43.75166036471298,4.0,0.23456792788298966,0,,0,0,SELL,3.823529411764706,0,4,5
NDSN,2026-08-11,4.0,0.25579960344879815,1.0,0,0,2.0,1.0,4.0,65.82975806406755,1.0,1.0,0,,0,0,BUY,2.0941176470588236,4,1,5
NE,2026-08-11,3.0,0.5393318133379164,2.0,0,0,2.0,2.0,4.0,59.95267632118173,2.0,0.6780578619097839,0,,0,0,BUY,2.3058823529411767,4,0,5
NEA,2026-08-11,,,5.0,0,0,3.0,,3.0,46.961513002141366,2.0,0.787243263360344,0,,0,0,HOLD,2.9545454545454546,1,1,3
NECB,2026-08-11,1.0,0.8047607164494877,1.0,0,0,2.0,2.0,3.0,52.186039726093966,1.0,0.8604240580325405,0,,0,0,STRONG BUY,1.3529411764705885,5,0,5
NEE,2026-08-11,4.0,0.372928992231978,4.0,0,1,3.0,3.0,2.0,41.61982082368125,2.0,0.6002311249296916,0,,0,0,HOLD,3.176470588235294,1,2,5
NEGG,2026-08-11,3.0,0.4527521476296532,4.0,0,0,5.0,,4.0,65.6211794508899,5.0,0.051813925107164004,0,,0,0,SELL,4.128571428571429,0,3,4
NEM,2026-08-11,4.0,0.356567614098354,3.0,0,0,3.0,1.0,5.0,74.70845943322436,2.0,0.7768858856079315,0,,0,0,HOLD,2.7176470588235295,2,1,5
NEO,2026-08-11,3.0,0.43461660833598476,1.0,0,0,1.0,4.0,4.0,65.7346865810846,1.0,1.0,0,,0,0,BUY,2.1411764705882352,3,1,5
NEOG,2026-08-11,2.0,0.600736394488543,1.0,0,0,2.0,2.0,4.0,65.75997195630936,1.0,0.9393939268834535,1,1.0,0,0,STRONG BUY,1.3588235294117648,5,0,5
NEON,2026-08-11,2.0,0.6052428596298213,5.0,0,0,5.0,3.0,4.0,60.15551717874352,5.0,0.01039184212278368,0,,0,0,SELL,3.7294117647058824,1,3,5
NEOV,2026-08-11,5.0,0.18270683260381457,3.0,0,0,5.0,4.0,4.0,67.8035466301213,4.0,0.34417040235888996,0,,0,0,STRONG SELL,4.376470588235295,0,4,5
NEPH,2026-08-11,4.0,0.34290152122583056,2.0,0,0,3.0,2.0,4.0,65.75700603371315,3.0,0.49156152684525883,0,,0,0,HOLD,3.023529411764706,2,1,5
NERV,2026-08-11,,,5.0,0,0,3.0,4.0,3.0,50.30024529755259,3.0,0.416798732051397,0,,0,0,SELL,3.5593220338983045,0,2,4
NESR,2026-08-11,4.0,0.36672479674616504,1.0,0,0,1.0,3.0,5.0,75.20399068722236,1.0,1.0,0,,0,0,BUY,2.2705882352941176,3,1,5
NET,2026-08-11,,,1.0,0,0,1.0,4.0,4.0,68.38258172013911,1.0,0.9985372258668139,0,,0,0,BUY,1.7627118644067798,3,1,4
NEU,2026-08-11,4.0,0.3775006841702475,1.0,0,0,2.0,3.0,5.0,75.65197500271103,1.0,1.0,1,1.0,0,0,BUY,2.147058823529412,3,1,5
NEUP,2026-08-11,1.0,0.7832081442060763,5.0,0,0,4.0,1.0,3.0,49.56786656406807,5.0,0.03233532696474005,0,,0,0,HOLD,2.8941176470588235,2,3,5
NEWP,2026-08-11,,,1.0,0,0,1.0,,5.0,77.67960089121713,1.0,1.0,0,,0,0,STRONG BUY,1.0,3,0,3
NEWT,2026-08-11,1.0,0.8478346951993746,2.0,0,0,3.0,4.0,2.0,30.928248712954115,3.0,0.5580651134651532,0,,0,0,BUY,2.4588235294117653,2,1,5
NEXA,2026-08-11,,,2.0,0,0,1.0,,4.0,57.118520803249034,1.0,0.8125639448968655,0,,0,0,STRONG BUY,1.2045454545454548,3,0,3
NEXN,2026-08-11,,,1.0,0,0,2.0,,4.0,58.802964560725115,1.0,0.9142857506161645,0,,0,0,STRONG BUY,1.340909090909091,3,0,3
NEXR,2026-08-11,1.0,0.9761374482978047,5.0,0,0,5.0,,2.0,36.3640114646858,5.0,0.00028579062197480295,0,,0,0,SELL,3.5142857142857147,1,3,4
NEXT,2026-08-11,,,3.0,0,0,3.0,5.0,2.0,44.483266966652124,4.0,0.3285472415131847,1,1.0,0,0,SELL,3.5474576271186447,0,2,4
NFG,2026-08-11,3.0,0.501374457149136,3.0,0,0,4.0,1.0,3.0,54.99720652049859,4.0,0.3286530186385195,0,,0,0,HOLD,3.058823529411765,1,2,5
NFGC,2026-08-11,,,4.0,0,0,4.0,,4.0,59.44746996990784,5.0,0.13915092284015682,0,,0,0,STRONG SELL,4.454545454545455,0,3,3
NFJ,2026-08-11,,,1.0,0,0,2.0,,4.0,63.59409137362313,1.0,0.9975280335749901,1,1.0,0,0,STRONG BUY,1.040909090909091,3,0,3
NFLX,2026-08-11,5.0,0.20922328241593122,5.0,0,0,4.0,3.0,3.0,53.1856731044363,5.0,0.12158364538391413,0,,0,0,STRONG SELL,4.470588235294118,0,4,5
NG,2026-08-11,5.0,0.16385618835507476,4.0,0,0,4.0,4.0,4.0,68.60912946236215,4.0,0.27217299398386924,0,,0,0,STRONG SELL,4.305882352941177,0,5,5
NGEN,2026-08-11,,,5.0,0,0,5.0,,3.0,45.55999740575054,5.0,0.030821917342179206,0,,0,0,STRONG SELL,5.0,0,3,3
NGNE,2026-08-11,3.0,0.438434616608336,1.0,0,0,1.0,5.0,3.0,50.87846523237791,2.0,0.7049489393318285,0,,0,0,HOLD,2.552941176470588,3,1,5
NGS,2026-08-11,3.0,0.5408430991609617,3.0,0,0,3.0,4.0,2.0,42.98619870547793,2.0,0.6379636851213497,0,,0,0,HOLD,2.9411764705882355,1,1,5
NGVC,2026-08-11,2.0,0.6511302954610129,4.0,0,0,3.0,1.0,2.0,37.073584391696656,4.0,0.24139182832595477,0,,0,0,HOLD,2.6823529411764704,2,2,5
NGVT,2026-08-11,4.0,0.25675086426572796,1.0,0,0,2.0,2.0,4.0,62.40777440712868,1.0,1.0,0,,0,0,BUY,2.270588235294118,4,1,5
NHC,2026-08-11,3.0,0.4399964782953829,1.0,0,0,1.0,1.0,3.0,51.3888336762039,1.0,0.9083675946124863,0,,0,0,STRONG BUY,1.6117647058823528,4,0,5
NHI,2026-08-11,4.0,0.32969128932562947,4.0,0,0,4.0,2.0,1.0,28.96462638319666,5.0,0.11877566803657813,0,,0,0,SELL,3.8823529411764706,1,4,5
NHS,2026-08-11,,,5.0,0,0,4.0,,3.0,52.32303203651015,5.0,0.10785680266347228,0,,0,0,STRONG SELL,4.659090909090909,0,3,3
NHTC,2026-08-11,,,5.0,0,0,5.0,4.0,2.0,43.62421988957914,5.0,0.06205053404808136,0,,0,0,STRONG SELL,4.745762711864407,0,4,4
NI,2026-08-11,3.0,0.4859628263617868,4.0,0,0,4.0,1.0,2.0,30.14726088751401,4.0,0.35464278372445057,0,,0,0,HOLD,3.164705882352941,1,3,5
NIC,2026-08-11,2.0,0.5943227770474588,1.0,0,0,2.0,1.0,4.0,67.23349510048621,1.0,1.0,0,,0,0,STRONG BUY,1.4823529411764707,5,0,5
NIE,2026-08-11,,,2.0,0,0,3.0,,4.0,55.10061074175847,1.0,0.9219025408995911,0,,0,0,BUY,1.8863636363636362,2,0,3
NIKI,2026-08-11,,,3.0,0,0,4.0,,3.0,53.02873954910462,5.0,0.06211354814181732,0,,0,0,STRONG SELL,4.250000000000001,0,2,3
NIM,2026-08-11,,,4.0,0,0,3.0,,2.0,44.10818631696081,3.0,0.4808858392004098,0,,0,0,HOLD,3.2045454545454555,0,1,3
NINE,2026-08-11,1.0,0.8301367156812403,,0,0,,4.0,2.0,42.592237951781435,3.0,0.4830339252966574,0,,0,0,BUY,2.3934426229508197,1,1,3
NIQ,2026-08-11,3.0,0.45556176855963987,2.0,0,0,2.0,3.0,5.0,86.53119589862183,2.0,0.7853053634392878,0,,0,0,BUY,2.482352941176471,3,0,5
NJR,2026-08-11,3.0,0.47639985572946736,2.0,0,0,3.0,1.0,2.0,36.1580876372522,2.0,0.6675974351135792,0,,0,0,BUY,2.3058823529411763,3,0,5
NKE,2026-08-11,3.0,0.5619637750238322,5.0,0,0,5.0,3.0,2.0,42.397759632150425,5.0,0.007574647950663184,0,,0,0,SELL,4.03529411764706,0,3,5
NKLR,2026-08-11,1.0,0.9976167778836987,2.0,0,0,1.0,3.0,4.0,59.44035748408438,5.0,0.13693379056312024,0,,0,0,BUY,2.4,3,1,5
NKSH,2026-08-11,2.0,0.641212903395883,1.0,0,0,2.0,2.0,4.0,67.21457897855097,1.0,0.9901153748306283,1,1.0,0,0,STRONG BUY,1.3588235294117648,5,0,5
NKTR,2026-08-11,4.0,0.28201879372023786,1.0,0,0,1.0,4.0,4.0,61.259769222869394,2.0,0.6727657821651586,0,,0,0,HOLD,2.6823529411764704,3,2,5
NKTX,2026-08-11,1.0,0.8765510658606427,4.0,0,0,2.0,5.0,3.0,45.25537028725165,4.0,0.3195875604495542,0,,0,0,HOLD,2.905882352941177,2,3,5
NKX,2026-08-11,,,5.0,0,0,3.0,,4.0,57.604593848444104,1.0,0.8294704470447045,0,,0,0,BUY,2.5,1,1,3
NL,2026-08-11,2.0,0.7008362302570358,2.0,0,0,3.0,3.0,4.0,62.313014694574946,3.0,0.46607180420073485,0,,0,0,HOLD,2.588235294117647,2,0,5
NLOP,2026-08-11,2.0,0.7156618193731077,4.0,0,0,3.0,3.0,3.0,47.975302744068806,3.0,0.5253782545860967,0,,0,0,HOLD,2.8,1,1,5
NLY,2026-08-11,1.0,0.804350990991422,1.0,1,0,2.0,2.0,4.0,59.191225844107535,1.0,0.9492899606550809,0,,0,0,STRONG BUY,1.3529411764705885,5,0,5
NMAD,2026-08-11,5.0,0.23162583518930954,4.0,0,0,3.0,3.0,2.0,34.9730614833981,4.0,0.20151785784990206,0,,0,0,SELL,3.9529411764705884,0,3,5
NMAI,2026-08-11,,,1.0,0,0,2.0,,5.0,74.72547620707519,1.0,1.0,1,1.0,0,0,STRONG BUY,1.040909090909091,3,0,3
NMAX,2026-08-11,,,2.0,0,0,3.0,4.0,4.0,57.19642461673668,4.0,0.33269603090050653,0,,0,0,HOLD,3.4406779661016955,1,2,4
NMCO,2026-08-11,,,4.0,0,0,3.0,,3.0,45.67457738838669,2.0,0.7766246958021176,1,1.0,0,0,BUY,2.4500000000000006,1,1,3
NMFC,2026-08-11,2.0,0.7082819006965099,4.0,0,0,4.0,2.0,4.0,65.88353676382863,4.0,0.3841166981240187,1,4.0,0,0,HOLD,2.7352941176470584,2,3,5
NMG,2026-08-11,,,5.0,0,0,5.0,,3.0,51.900678886300284,5.0,0.044619409186273676,0,,0,0,STRONG SELL,5.0,0,3,3
NMI,2026-08-11,,,3.0,0,0,3.0,,3.0,46.8333128347652,2.0,0.7977429943275852,0,,0,0,HOLD,2.545454545454546,1,0,3
NMIH,2026-08-11,3.0,0.5831096263297117,1.0,0,0,3.0,2.0,4.0,63.31345138940933,1.0,0.9697604696333794,0,,0,0,BUY,2.1411764705882352,3,0,5
NML,2026-08-11,,,1.0,0,0,2.0,,4.0,59.57103033375639,1.0,0.9632530655299743,0,,0,0,STRONG BUY,1.340909090909091,3,0,3
NMRA,2026-08-11,4.0,0.29207763283487115,4.0,0,0,4.0,5.0,3.0,53.280229282749346,4.0,0.28224297790967107,0,,0,0,SELL,4.176470588235294,0,5,5
NMS,2026-08-11,,,4.0,0,0,3.0,,2.0,34.525831323573414,3.0,0.5967481857515401,0,,0,0,HOLD,3.2045454545454555,0,1,3
NMT,2026-08-11,,,3.0,0,0,3.0,,3.0,48.51431833138042,2.0,0.7966135900240522,0,,0,0,HOLD,2.545454545454546,1,0,3
NMTC,2026-08-11,3.0,0.5226458686044119,5.0,0,0,5.0,3.0,1.0,27.410479338775673,5.0,0.014553024909585582,1,1.0,0,0,SELL,3.7352941176470598,0,3,5
NMZ,2026-08-11,,,5.0,0,0,3.0,,3.0,50.970022597456406,1.0,0.8015719199027777,1,1.0,0,0,BUY,2.2,1,1,3
NN,2026-08-11,5.0,0.08376789771854343,2.0,0,0,3.0,4.0,4.0,64.36251781045185,3.0,0.5220949243065902,0,,0,0,SELL,3.6823529411764713,1,2,5
NNBR,2026-08-11,3.0,0.4759809765823303,1.0,0,0,1.0,4.0,4.0,56.79962480118147,1.0,0.9070175078290177,0,,0,0,BUY,2.1411764705882352,3,1,5
NNE,2026-08-11,3.0,0.5800190900413618,5.0,0,0,5.0,3.0,3.0,54.036906483768206,5.0,0.10443112711578353,0,,0,0,SELL,4.03529411764706,0,3,5
NNI,2026-08-11,1.0,0.8574833174451859,3.0,1,0,4.0,2.0,2.0,33.919007113903845,4.0,0.21806855621815915,0,,0,0,HOLD,2.6235294117647063,2,2,5
NNN,2026-08-11,4.0,0.399399746883963,2.0,0,0,3.0,2.0,2.0,36.20958614965025,2.0,0.7141976658185218,0,,0,0,HOLD,2.7882352941176474,3,1,5
NNOX,2026-08-11,1.0,0.9258670060451798,5.0,0,0,5.0,,3.0,47.88911606160311,5.0,0.05165668409398842,0,,0,0,SELL,3.5142857142857147,1,3,4
NNVC,2026-08-11,4.0,0.36111994909322304,2.0,0,0,3.0,5.0,2.0,39.63396129246243,3.0,0.43644068524331375,0,,0,0,SELL,3.5529411764705885,1,2,5
NNY,2026-08-11,,,4.0,0,0,3.0,,2.0,41.46686496440322,3.0,0.5787036127424483,0,,0,0,HOLD,3.2045454545454555,0,1,3
NOA,2026-08-11,1.0,0.7931912185809736,2.0,0,0,4.0,,5.0,73.20403027290364,2.0,0.7051379530039064,0,,0,0,BUY,2.0571428571428574,3,1,4
NOC,2026-08-11,3.0,0.42997822471724867,3.0,0,0,4.0,2.0,4.0,66.88874097547844,4.0,0.29661108890181687,0,,0,0,HOLD,3.235294117647059,1,2,5
NODK,2026-08-11,2.0,0.7034690878438404,2.0,0,0,2.0,5.0,3.0,47.06600155147897,2.0,0.7799512017228627,0,,0,0,HOLD,2.5294117647058822,4,1,5
NOG,2026-08-11,2.0,0.625696592272697,2.0,0,0,3.0,2.0,4.0,68.59121230673738,3.0,0.5513917863362668,0,,0,0,BUY,2.4117647058823533,3,0,5
NOMD,2026-08-11,,,2.0,0,0,4.0,,3.0,45.7380607111782,4.0,0.39421667914418324,0,,0,0,SELL,3.590909090909091,1,2,3
NOV,2026-08-11,2.0,0.6573785211430949,1.0,0,0,2.0,3.0,4.0,61.74102238734034,1.0,0.9519824190205746,0,,0,0,BUY,1.835294117647059,4,0,5
NOVT,2026-08-11,4.0,0.26431181362741735,2.0,0,0,2.0,2.0,4.0,63.35611722215388,1.0,0.9733315413731636,0,,0,0,BUY,2.376470588235294,4,1,5
NOW,2026-08-11,5.0,0.15157637408730176,2.0,0,0,3.0,4.0,4.0,68.00501281774908,3.0,0.4022704766098247,1,1.0,0,0,HOLD,3.3823529411764715,1,2,5
NP,2026-08-11,5.0,0.14609469850263052,1.0,0,0,1.0,2.0,3.0,50.46760650474599,2.0,0.7968836239324367,1,2.0,0,0,BUY,2.335294117647059,4,1,5
NPB,2026-08-11,1.0,0.8131986865278552,4.0,0,0,3.0,3.0,2.0,39.860066003600004,3.0,0.5042373283110592,1,2.0,0,0,BUY,2.1941176470588237,1,1,5
NPCE,2026-08-11,5.0,0.16377167997310338,3.0,0,0,2.0,3.0,3.0,52.58853990509775,2.0,0.637499956808232,0,,0,0,HOLD,3.2,2,1,5
NPCT,2026-08-11,,,5.0,0,0,4.0,,3.0,54.03607478346922,3.0,0.43014209545440624,0,,0,0,SELL,3.750000000000001,0,2,3
NPK,2026-08-11,3.0,0.5043775756888728,1.0,0,0,2.0,4.0,5.0,70.48912968011575,1.0,0.8650577386847816,0,,0,0,BUY,2.3176470588235296,3,1,5
NPKI,2026-08-11,4.0,0.35082354151908623,4.0,0,0,3.0,2.0,3.0,49.575811687075486,2.0,0.631195267996361,0,,0,0,HOLD,3.0,2,2,5
NPO,2026-08-11,5.0,0.03908484270734033,3.0,0,0,2.0,3.0,3.0,52.68009723751105,2.0,0.7187389335899215,0,,0,0,HOLD,3.2,2,1,5
NPT,2026-08-11,,,3.0,0,0,5.0,,4.0,63.115379321648085,5.0,0.1296008297016008,0,,0,0,STRONG SELL,4.590909090909092,0,2,3
NPV,2026-08-11,,,5.0,0,1,3.0,,2.0,41.556440699795026,3.0,0.5220428405280333,0,,0,0,HOLD,3.4090909090909096,0,1,3
NPWR,2026-08-11,,,5.0,0,0,5.0,5.0,3.0,54.8273720863611,5.0,0.06876791320306457,0,,0,0,STRONG SELL,5.0,0,4,4
NRC,2026-08-11,4.0,0.3166540821410838,1.0,0,0,1.0,3.0,3.0,54.79782823967538,1.0,0.8582223807954362,1,1.0,0,0,BUY,1.9705882352941175,3,1,5
NREF,2026-08-11,3.0,0.5809105277628693,1.0,0,0,2.0,,3.0,50.10199945653104,2.0,0.7763116477970308,0,,0,0,BUY,2.2428571428571433,3,0,4
NRG,2026-08-11,2.0,0.667235702472134,5.0,0,0,4.0,2.0,2.0,41.295145214171384,5.0,0.05564064339629885,0,,0,0,HOLD,3.376470588235294,2,3,5
NRGV,2026-08-11,4.0,0.41472944210612006,5.0,0,1,2.0,3.0,3.0,53.655368004848704,3.0,0.42110457356684156,1,5.0,0,0,HOLD,3.0411764705882356,1,2,5
NRIM,2026-08-11,2.0,0.6008459118548627,1.0,0,0,3.0,1.0,3.0,49.061379670486936,2.0,0.7350649846292413,0,,0,0,BUY,1.8941176470588237,4,0,5
NRIX,2026-08-11,5.0,0.14541322255660427,1.0,0,0,1.0,4.0,5.0,72.77015081721098,1.0,1.0,0,,0,0,HOLD,2.7529411764705882,3,2,5
NRK,2026-08-11,,,2.0,0,0,3.0,,4.0,60.13368290280361,1.0,0.934349284524297,0,,0,0,BUY,1.8863636363636362,2,0,3
NRO,2026-08-11,,,4.0,0,0,3.0,,2.0,41.78700532116262,2.0,0.7166197688584861,0,,0,0,HOLD,2.7500000000000004,1,1,3
NRP,2026-08-11,,,4.0,0,0,4.0,4.0,4.0,58.318833537990486,4.0,0.26721936881510966,0,,0,0,SELL,4.0,0,4,4
NRT,2026-08-11,,,1.0,0,0,2.0,,4.0,61.95212771795953,1.0,0.9220348699708945,0,,0,0,STRONG BUY,1.340909090909091,3,0,3
NRXP,2026-08-11,5.0,0.06232294617563739,3.0,0,0,1.0,3.0,3.0,45.27614749913513,3.0,0.5884354335915647,0,,0,0,HOLD,3.2588235294117647,1,1,5
NRXS,2026-08-11,5.0,0.11617112513482171,3.0,0,0,1.0,4.0,2.0,40.11829309696463,3.0,0.5984614740179888,1,1.0,0,0,HOLD,3.1352941176470597,1,2,5
NSC,2026-08-11,4.0,0.2937614361842505,1.0,0,0,3.0,2.0,3.0,53.467795450721205,1.0,0.8215726518600807,0,,0,0,BUY,2.447058823529412,3,1,5
NSIT,2026-08-11,3.0,0.5737593249471404,1.0,0,0,2.0,2.0,5.0,82.05647827195929,1.0,0.9800686197724057,0,,0,0,BUY,1.9647058823529413,4,0,5
NSLR,2026-08-11,1.0,0.9518589132507148,4.0,0,0,2.0,3.0,3.0,49.123015018877055,4.0,0.37124484975410993,0,,0,0,HOLD,2.552941176470588,2,2,5
NSP,2026-08-11,3.0,0.44989432203981367,1.0,0,0,2.0,5.0,4.0,55.13037738233513,1.0,0.9031472891592587,1,4.0,0,0,BUY,2.1941176470588237,3,1,5
NSRX,2026-08-11,5.0,0.10690423162583519,3.0,0,0,5.0,,3.0,53.74528062869662,5.0,0.1820728319376997,0,,0,0,STRONG SELL,4.742857142857143,0,3,4
NSSC,2026-08-11,5.0,0.20982404814569067,3.0,0,0,3.0,2.0,4.0,60.32483888087952,3.0,0.5942448264105193,0,,0,0,HOLD,3.4352941176470586,1,1,5
NSTS,2026-08-11,1.0,0.8097359210944957,1.0,0,0,3.0,3.0,4.0,58.47129141906194,1.0,0.9900399295699506,0,,0,0,STRONG BUY,1.7058823529411764,3,0,5
NSYS,2026-08-11,1.0,0.8078648252254275,3.0,0,0,1.0,3.0,3.0,51.51960075829415,2.0,0.7279005509093934,0,,0,0,BUY,1.8,3,0,5
NTAP,2026-08-11,5.0,0.1879636460134934,1.0,0,0,1.0,1.0,5.0,72.26421501335443,1.0,0.9963937202018353,0,,0,0,BUY,2.223529411764706,4,1,5
NTB,2026-08-11,3.0,0.48234171174037543,1.0,0,0,2.0,,4.0,67.7088845416387,1.0,1.0,0,,0,0,BUY,1.9571428571428575,3,0,4
NTCT,2026-08-11,3.0,0.4914910666811632,3.0,0,0,1.0,1.0,2.0,41.233308041968286,2.0,0.7350502079767635,0,,0,0,BUY,2.058823529411765,3,0,5
NTGR,2026-08-11,2.0,0.699048307518187,4.0,0,0,3.0,3.0,3.0,48.645319812201386,4.0,0.23048326478576536,0,,0,0,HOLD,3.0352941176470583,1,2,5
NTHI,2026-08-11,5.0,0.012950222581950627,4.0,0,0,5.0,5.0,4.0,64.04967745469631,5.0,0.11851808938905725,0,,0,0,STRONG SELL,4.894117647058824,0,5,5
NTIC,2026-08-11,2.0,0.7591164341362356,5.0,0,0,3.0,4.0,3.0,46.01378211804337,4.0,0.31312358567378884,0,,0,0,HOLD,3.3176470588235296,1,3,5
NTIP,2026-08-11,3.0,0.44224671413441247,1.0,0,0,2.0,3.0,3.0,51.31857869822607,2.0,0.6185751793309812,0,,0,0,BUY,2.376470588235294,3,0,5
NTLA,2026-08-11,4.0,0.3062142158953078,4.0,0,0,3.0,4.0,3.0,48.59361545064901,4.0,0.20110332564032846,0,,0,0,SELL,3.823529411764706,0,4,5
NTR,2026-08-11,,,3.0,0,1,3.0,,3.0,50.62176885012422,3.0,0.4818265538289758,0,,0,0,HOLD,3.0000000000000004,0,0,3
NTRA,2026-08-11,5.0,0.08796585483696429,1.0,0,0,1.0,3.0,5.0,70.47989739891416,1.0,0.9622257640556539,0,,0,0,HOLD,2.5764705882352934,3,1,5
NTRB,2026-08-11,5.0,0.16960840324569532,4.0,0,0,5.0,4.0,4.0,59.48458218922668,5.0,0.06502638317343087,0,,0,0,STRONG SELL,4.7176470588235295,0,5,5
NTRP,2026-08-11,5.0,0.24714227358837632,5.0,0,0,5.0,4.0,2.0,35.5751172610053,5.0,0.009345785368615916,0,,0,0,STRONG SELL,4.823529411764706,0,5,5
NTRS,2026-08-11,4.0,0.3821527248116034,1.0,0,0,2.0,2.0,4.0,61.29961527476775,1.0,0.9464395169712468,0,,0,0,BUY,2.270588235294118,4,1,5
NTST,2026-08-11,4.0,0.3988324745737809,2.0,0,0,3.0,,2.0,32.956898085930746,3.0,0.5992873959902822,0,,0,0,HOLD,3.242857142857143,1,1,4
NTWK,2026-08-11,2.0,0.7093555985045333,3.0,0,0,2.0,2.0,2.0,44.81552246668956,2.0,0.60330593982492,1,1.0,0,0,BUY,1.8058823529411765,4,0,5
NTZ,2026-08-11,,,5.0,0,0,5.0,,2.0,34.084442468096,5.0,0.04316546978537611,0,,0,0,STRONG SELL,5.0,0,3,3
NU,2026-08-11,,,3.0,0,0,4.0,,2.0,43.8953994348091,4.0,0.27164800785955523,0,,0,0,SELL,3.795454545454546,0,2,3
NUAI,2026-08-11,5.0,0.032266893977933274,2.0,0,0,2.0,4.0,3.0,52.94727281978987,2.0,0.6332944819933384,0,,0,0,HOLD,3.270588235294118,3,2,5
NUCL,2026-08-11,,,,0,0,,,4.0,60.09333636259936,4.0,0.3599523276502186,0,,0,0,,,0,1,1
NUE,2026-08-11,4.0,0.26644423260247857,1.0,0,0,1.0,1.0,4.0,68.3931058547555,1.0,0.9893878952366075,0,,0,0,BUY,1.9176470588235293,4,1,5
NUS,2026-08-11,1.0,0.9880838894184938,5.0,0,0,5.0,2.0,2.0,37.78163829216748,5.0,0.0,0,,0,0,HOLD,3.2470588235294118,2,3,5
NUTX,2026-08-11,3.0,0.5639986040181711,1.0,0,0,1.0,2.0,3.0,50.46096063980616,2.0,0.6886526380207836,1,4.0,0,0,STRONG BUY,1.7235294117647062,4,0,5
NUV,2026-08-11,,,4.0,0,0,3.0,,2.0,41.51059088115153,1.0,0.8027019975124281,0,,0,0,BUY,2.2954545454545454,1,1,3
NUVB,2026-08-11,5.0,0.12146554542349569,1.0,1,0,1.0,3.0,3.0,54.23006993487386,3.0,0.5712328582347769,0,,0,0,HOLD,3.0470588235294116,2,1,5
NUW,2026-08-11,,,5.0,0,0,3.0,,2.0,41.900517373237925,2.0,0.6781049010405429,0,,0,0,HOLD,2.9545454545454546,1,1,3
NUWE,2026-08-11,2.0,0.7398948255385863,5.0,0,0,5.0,4.0,2.0,33.94093052463889,5.0,0.0003190616936482639,0,,0,0,SELL,3.905882352941177,1,4,5
NVA,2026-08-11,,,4.0,0,0,3.0,,4.0,60.25089915234378,4.0,0.30006458517468076,0,,0,0,SELL,3.659090909090909,0,2,3
NVAX,2026-08-11,1.0,0.7796165897093833,4.0,0,0,4.0,3.0,3.0,45.22511720864153,4.0,0.3340041034861403,0,,0,0,HOLD,2.905882352941177,1,3,5
NVCR,2026-08-11,4.0,0.3208619433116377,2.0,0,0,1.0,4.0,4.0,56.58010126769382,2.0,0.7489959848970927,0,,0,0,HOLD,2.7882352941176474,3,2,5
NVCT,2026-08-11,5.0,0.01590836780146357,1.0,0,0,1.0,3.0,3.0,50.778410238106865,3.0,0.5987762208067764,0,,0,0,HOLD,3.0470588235294116,2,1,5
NVEC,2026-08-11,5.0,0.14789334698356313,1.0,0,0,1.0,2.0,3.0,54.18266344620374,2.0,0.781879481341074,0,,0,0,HOLD,2.635294117647059,4,1,5
NVG,2026-08-11,,,5.0,0,0,3.0,,3.0,45.69621223556555,2.0,0.7158052622080089,0,,0,0,HOLD,2.9545454545454546,1,1,3
NVGS,2026-08-11,1.0,0.7826916958320076,2.0,0,0,2.0,,2.0,38.42666215484664,3.0,0.5839543726308467,0,,0,0,BUY,1.9142857142857146,3,0,4
NVMI,2026-08-11,5.0,0.12472160356347439,4.0,0,0,3.0,,2.0,40.48317404098646,3.0,0.418030339683508,0,,0,0,SELL,3.8714285714285714,0,2,4
NVNI,2026-08-11,,,4.0,0,0,5.0,,2.0,42.828856540842835,5.0,0.015228424421280085,0,,0,0,STRONG SELL,4.795454545454546,0,3,3
NVNO,2026-08-11,3.0,0.5201533692222667,4.0,0,0,4.0,4.0,3.0,51.000652346524795,5.0,0.01221750637169019,0,,0,0,SELL,3.929411764705882,0,4,5
NVO,2026-08-11,,,1.0,1,0,3.0,,3.0,48.076189898856256,3.0,0.4667635171208466,0,,0,0,HOLD,2.5909090909090917,1,0,3
NVR,2026-08-11,3.0,0.4505748389910114,5.0,0,0,4.0,2.0,3.0,51.63335269171508,4.0,0.28679792912548324,0,,0,0,HOLD,3.4470588235294115,1,3,5
NVRI,2026-08-11,,,2.0,0,0,2.0,,2.0,36.463863031538786,2.0,0.7703506895740364,0,,0,0,BUY,2.0,3,0,3
NVS,2026-08-11,,,1.0,0,0,3.0,,3.0,50.66390632973066,1.0,0.8228203346718638,0,,0,0,STRONG BUY,1.6818181818181817,2,0,3
NVST,2026-08-11,3.0,0.5441088574875824,1.0,0,0,3.0,2.0,4.0,61.34973785611078,1.0,0.8514588519447115,0,,0,0,BUY,2.1411764705882352,3,0,5
NVT,2026-08-11,5.0,0.24213536701620594,2.0,0,0,1.0,3.0,4.0,57.350079705357714,1.0,0.8117725459840908,0,,0,0,HOLD,2.6823529411764704,3,1,5
NVTS,2026-08-11,5.0,0.14115587087783435,3.0,0,0,1.0,3.0,3.0,50.08563243688118,4.0,0.3001904696440753,0,,0,0,HOLD,3.494117647058824,1,2,5
NWAX,2026-08-11,,,,0,0,3.0,,4.0,63.120353913948136,1.0,0.8177270500721757,0,,0,0,,,1,0,2
NWBI,2026-08-11,2.0,0.6991333862486542,1.0,0,0,2.0,2.0,4.0,60.794810573857546,1.0,0.9669479397163004,1,1.0,0,0,STRONG BUY,1.3588235294117648,5,0,5
NWE,2026-08-11,3.0,0.5447059454180537,1.0,0,0,2.0,3.0,3.0,51.104389833122084,1.0,0.893670382906905,0,,0,0,BUY,2.1411764705882352,3,0,5
NWFL,2026-08-11,1.0,0.8374642516682556,1.0,0,0,2.0,1.0,4.0,65.75237450395196,1.0,1.0,0,,0,0,STRONG BUY,1.1764705882352942,5,0,5
NWL,2026-08-11,,,1.0,0,0,2.0,4.0,4.0,61.66227391473111,1.0,0.9125014133185557,0,,0,0,BUY,2.0169491525423733,3,1,4
NWN,2026-08-11,2.0,0.6380839629635287,1.0,0,0,3.0,3.0,3.0,52.207826995003565,2.0,0.7259653909988798,0,,0,0,BUY,2.2470588235294118,3,0,5
NWPX,2026-08-11,4.0,0.4107446837933118,3.0,0,0,1.0,1.0,2.0,30.71028454501922,2.0,0.6239179957381358,0,,0,0,BUY,2.3647058823529408,3,1,5
NWTG,2026-08-11,1.0,0.8134358559287738,3.0,0,0,5.0,4.0,4.0,60.48068167184092,4.0,0.36009540912975463,0,,0,0,HOLD,3.1529411764705886,1,3,5
NX,2026-08-11,2.0,0.744022094361525,1.0,0,0,3.0,3.0,4.0,66.71178446892637,1.0,0.9546582510242745,0,,0,0,BUY,2.011764705882353,3,0,5
NXB,2026-08-11,3.0,0.5375225893151618,,0,0,4.0,3.0,3.0,54.96964597291572,5.0,0.14550263398919258,0,,0,0,SELL,3.723684210526316,0,2,4
NXDR,2026-08-11,4.0,0.41730531999236453,1.0,0,0,1.0,2.0,5.0,70.90508462912702,1.0,0.9361702721277599,0,,0,0,BUY,2.0941176470588236,4,1,5
NXDT,2026-08-11,2.0,0.7253974621368287,2.0,0,0,3.0,3.0,2.0,42.79916302117919,2.0,0.6925669992150802,0,,0,0,BUY,2.3529411764705883,3,0,5
NXE,2026-08-11,,,4.0,0,0,3.0,,4.0,62.75425908294576,3.0,0.5462466204326383,0,,0,0,HOLD,3.2045454545454555,0,1,3
NXG,2026-08-11,,,2.0,0,0,2.0,,4.0,58.07822787801595,1.0,0.8675923104180275,1,2.0,0,0,STRONG BUY,1.2454545454545454,3,0,3
NXP,2026-08-11,,,4.0,1,0,3.0,,3.0,51.07865204730405,1.0,0.8294460628920265,0,,0,0,BUY,2.2954545454545454,1,1,3
NXPI,2026-08-11,4.0,0.36129647283126787,4.0,0,0,3.0,3.0,2.0,37.65928031957458,4.0,0.34882580797161705,0,,0,0,SELL,3.647058823529412,0,3,5
NXPL,2026-08-11,2.0,0.7109609946536822,2.0,0,0,3.0,4.0,3.0,53.73986563545041,3.0,0.44836062802579063,0,,0,0,HOLD,2.7647058823529416,2,1,5
NXRT,2026-08-11,3.0,0.4686227749180029,5.0,0,0,4.0,4.0,2.0,39.19304891165496,5.0,0.1483274431414981,1,2.0,0,0,SELL,3.735294117647059,0,4,5
NXST,2026-08-11,3.0,0.5117992813827305,3.0,0,0,4.0,3.0,3.0,46.29663916409091,4.0,0.2900085611418354,0,,0,0,HOLD,3.411764705882353,0,2,5
NXTC,2026-08-11,3.0,0.5872253425257057,3.0,0,0,4.0,4.0,4.0,63.19498710998899,4.0,0.3954301181572894,0,,0,0,SELL,3.5882352941176476,0,3,5
NXTS,2026-08-11,2.0,0.651384683387484,5.0,0,0,5.0,3.0,2.0,39.06257494091612,5.0,0.006629448716258602,0,,0,0,SELL,3.7294117647058824,1,3,5
NXTT,2026-08-11,4.0,0.3089073534910509,3.0,0,0,3.0,3.0,5.0,90.3146569061531,5.0,0.01895441803507511,0,,0,0,SELL,3.776470588235295,0,2,5
NYAX,2026-08-11,,,3.0,0,0,3.0,,1.0,28.766528145366834,4.0,0.39290381676936437,0,,0,0,HOLD,3.454545454545455,0,1,3
NYC,2026-08-11,1.0,0.935412026726058,4.0,0,1,4.0,4.0,2.0,43.90316044050701,5.0,0.15025038836647553,0,,0,0,HOLD,3.317647058823529,1,4,5
NYT,2026-08-11,4.0,0.3465204957102002,5.0,0,1,4.0,1.0,2.0,32.65528718114824,4.0,0.30038770546536503,0,,0,0,SELL,3.5764705882352943,1,4,5
NYXH,2026-08-11,,,5.0,0,0,5.0,,3.0,53.55231530258177,5.0,0.05166376082716799,0,,0,0,STRONG SELL,5.0,0,3,3
NZF,2026-08-11,,,5.0,0,0,3.0,,3.0,45.61125331379508,2.0,0.7992239005681129,1,1.0,0,0,HOLD,2.6545454545454548,1,1,3
O,2026-08-11,4.0,0.3945513419119133,2.0,0,0,3.0,1.0,2.0,39.71971452226336,2.0,0.6654868432349305,0,,0,0,HOLD,2.6117647058823534,3,1,5
OABI,2026-08-11,4.0,0.3383966324875108,2.0,0,0,1.0,5.0,5.0,84.42134696537995,1.0,1.0,0,,0,0,HOLD,2.7294117647058824,3,2,5
OBDC,2026-08-11,1.0,0.8453788120210616,3.0,0,0,3.0,3.0,4.0,65.86154701348266,3.0,0.5899874330164863,1,1.0,0,0,BUY,2.0882352941176476,1,0,5
OBE,2026-08-11,,,1.0,0,0,1.0,,4.0,58.00660590509467,3.0,0.5760626468014388,0,,0,0,BUY,1.9090909090909094,2,0,3
OBIO,2026-08-11,4.0,0.34059940364727675,3.0,0,0,2.0,3.0,4.0,66.38702841163268,2.0,0.6950000127156576,1,1.0,0,0,HOLD,2.5941176470588236,2,1,5
OBK,2026-08-11,2.0,0.7179492628641395,1.0,0,0,2.0,,4.0,56.56496472183018,1.0,0.9414393945055863,0,,0,0,STRONG BUY,1.5857142857142859,4,0,4
OBT,2026-08-11,2.0,0.6354103363788539,1.0,0,0,2.0,2.0,4.0,59.37051923366912,1.0,0.9952699014308182,1,1.0,0,0,STRONG BUY,1.3588235294117648,5,0,5
OBX,2026-08-11,,,,0,0,,,,,,,0,,0,0,,,0,0,0
OC,2026-08-11,3.0,0.5125656632386244,1.0,0,0,2.0,3.0,4.0,67.16904327262557,1.0,1.0,0,,0,0,BUY,2.1411764705882352,3,0,5
OCAC,2026-08-11,,,,0,0,,,,,,,0,,0,0,,,0,0,0
OCC,2026-08-11,5.0,0.1390391345847916,3.0,0,0,1.0,4.0,3.0,51.36929588805479,3.0,0.5184534302315593,0,,0,0,HOLD,3.4352941176470595,1,2,5
OCCI,2026-08-11,,,5.0,0,0,5.0,,3.0,51.84070112819879,5.0,0.09496730590080535,0,,0,0,STRONG SELL,5.0,0,3,3
OCFC,2026-08-11,1.0,0.8271591133954339,1.0,0,0,3.0,2.0,3.0,49.97136974239137,1.0,0.8110963202667802,0,,0,0,STRONG BUY,1.5294117647058825,4,0,5
OCG,2026-08-11,1.0,0.9869551384028,5.0,0,0,5.0,,3.0,51.57973515662053,5.0,3.946289641785296e-05,0,,0,0,SELL,3.5142857142857147,1,3,4
OCGN,2026-08-11,5.0,0.059490084985835696,4.0,0,0,3.0,4.0,3.0,53.05449841782522,4.0,0.24282856523350566,0,,0,0,SELL,4.129411764705882,0,4,5
OCS,2026-08-11,,,4.0,0,0,5.0,,3.0,52.023327192729994,5.0,0.09024609881377962,0,,0,0,STRONG SELL,4.795454545454546,0,3,3
OCSL,2026-08-11,2.0,0.7126331862510875,2.0,0,0,3.0,2.0,4.0,63.568723046030826,1.0,0.9277318537984485,1,2.0,0,0,STRONG BUY,1.6411764705882352,4,0,5
OCUL,2026-08-11,5.0,0.203179909062277,4.0,0,0,4.0,4.0,4.0,60.24454723203384,4.0,0.29414951318700067,1,1.0,0,0,SELL,4.005882352941177,0,5,5
ODC,2026-08-11,,,2.0,0,0,1.0,1.0,2.0,33.51720413638516,2.0,0.7064979345691267,0,,0,0,STRONG BUY,1.4915254237288138,4,0,4
ODFL,2026-08-11,5.0,0.14305764239580684,3.0,0,0,2.0,1.0,2.0,39.47254756208327,2.0,0.6843732992399943,0,,0,0,HOLD,2.847058823529412,3,1,5
ODTX,2026-08-11,3.0,0.4629335030225899,,0,0,,,4.0,61.24415771798874,1.0,0.8184567586584903,0,,0,0,,,1,0,2
ODYS,2026-08-11,5.0,0.24016726495576612,3.0,0,0,4.0,4.0,3.0,46.08404107816868,4.0,0.33187078499604883,0,,0,0,SELL,4.2,0,4,5
OEC,2026-08-11,1.0,0.8558707861419981,2.0,0,0,4.0,4.0,3.0,49.3674518175934,4.0,0.39060100426788774,0,,0,0,HOLD,2.870588235294118,2,3,5
OESX,2026-08-11,3.0,0.5018921037895673,2.0,0,0,1.0,2.0,5.0,82.8134607327249,1.0,1.0,1,1.0,0,0,STRONG BUY,1.5941176470588234,4,0,5
OFG,2026-08-11,2.0,0.6565997003100356,1.0,0,0,2.0,2.0,4.0,58.93254433142769,1.0,0.9483625284915718,1,1.0,0,0,STRONG BUY,1.3588235294117648,5,0,5
OFIX,2026-08-11,1.0,0.8171169960982954,4.0,0,0,4.0,3.0,2.0,43.830284083967825,4.0,0.2135989508534141,1,2.0,0,0,HOLD,2.605882352941177,1,3,5
OFLX,2026-08-11,4.0,0.40425506296865465,5.0,0,0,4.0,3.0,3.0,49.48140704544372,3.0,0.44457053649835215,1,1.0,0,0,HOLD,3.3941176470588243,0,3,5
OFRM,2026-08-11,4.0,0.2650334075723831,,0,0,5.0,,3.0,47.93661030245845,4.0,0.20673073957273058,0,,0,0,SELL,4.245901639344262,0,3,3
OFS,2026-08-11,1.0,0.9280941775373847,4.0,0,0,4.0,3.0,3.0,53.54815946989572,4.0,0.20238187453993348,0,,0,0,HOLD,2.905882352941177,1,3,5
OGC,2026-08-11,,,4.0,0,0,3.0,,4.0,66.91295276974824,3.0,0.4737344960769266,0,,0,0,HOLD,3.2045454545454555,0,1,3
OGE,2026-08-11,3.0,0.5061117567304959,2.0,0,0,3.0,2.0,2.0,38.699610928035185,2.0,0.6019691693820254,1,1.0,0,0,BUY,2.1823529411764713,3,0,5
OGG,2026-08-11,,,4.0,0,0,4.0,,4.0,63.03366077176429,5.0,0.1850393667527946,0,,0,0,STRONG SELL,4.454545454545455,0,3,3
OGI,2026-08-11,,,4.0,0,0,4.0,,5.0,76.85753247751055,4.0,0.2776433158677439,0,,0,0,SELL,4.0,0,3,3
OGN,2026-08-11,3.0,0.5690750659909095,1.0,0,0,1.0,3.0,5.0,71.41841016703447,1.0,1.0,0,,0,0,BUY,1.964705882352941,3,0,5
OGS,2026-08-11,2.0,0.6117974502857311,3.0,0,0,3.0,2.0,3.0,52.55863655617846,3.0,0.4238170361984894,0,,0,0,HOLD,2.51764705882353,2,0,5
OHI,2026-08-11,4.0,0.34342730136782734,3.0,0,0,3.0,1.0,2.0,32.32101665860927,2.0,0.6351101002046233,0,,0,0,HOLD,2.7176470588235295,2,1,5
OI,2026-08-11,,,5.0,0,0,5.0,3.0,2.0,34.98780320991466,5.0,0.019730018045539883,0,,0,0,STRONG SELL,4.491525423728814,0,3,4
OIA,2026-08-11,,,4.0,0,0,3.0,,2.0,44.43670553847709,1.0,0.8022570652486917,0,,0,0,BUY,2.2954545454545454,1,1,3
OII,2026-08-11,3.0,0.4378722932911082,1.0,0,0,1.0,2.0,4.0,62.65857192550313,1.0,0.9422462870300415,0,,0,0,BUY,1.7882352941176471,4,0,5
OIO,2026-08-11,,,5.0,0,0,5.0,,2.0,40.54783945281755,5.0,0.013239185842010403,0,,0,0,STRONG SELL,5.0,0,3,3
OIS,2026-08-11,1.0,0.7972708610001339,3.0,0,0,2.0,3.0,4.0,59.59232018560011,3.0,0.4085106296634291,0,,0,0,BUY,2.211764705882353,2,0,5
OKE,2026-08-11,3.0,0.5392323979829007,1.0,0,0,2.0,2.0,4.0,57.05932174926795,1.0,0.9164414808117459,0,,0,0,BUY,1.9647058823529413,4,0,5
OKLO,2026-08-11,4.0,0.42570792236716515,5.0,0,0,5.0,3.0,3.0,53.09011582889888,5.0,0.07625638222055446,0,,0,0,STRONG SELL,4.341176470588236,0,4,5
OKYO,2026-08-11,,,5.0,0,0,5.0,,3.0,46.613398643906926,5.0,0.09148571092644493,0,,0,0,STRONG SELL,5.0,0,3,3
OLED,2026-08-11,4.0,0.3963525019649104,4.0,0,0,5.0,3.0,5.0,70.056927501514,4.0,0.2163728353402648,0,,0,0,SELL,4.0,0,4,5
OLLI,2026-08-11,3.0,0.5409914204003813,4.0,0,0,5.0,1.0,4.0,62.93891915031683,4.0,0.221771575837388,0,,0,0,HOLD,3.3411764705882354,1,3,5
OLMA,2026-08-11,3.0,0.5084314349347757,4.0,0,0,3.0,5.0,2.0,36.63961201533026,5.0,0.18202174520712708,0,,0,0,SELL,3.929411764705882,0,3,5
OLN,2026-08-11,1.0,0.7914345402041734,5.0,0,0,4.0,3.0,2.0,38.50104417261024,5.0,0.09141764678108737,0,,0,0,HOLD,3.2470588235294118,1,3,5
OLOX,2026-08-11,1.0,0.8396443310944566,5.0,0,0,5.0,3.0,1.0,27.05379664531941,5.0,0.0,0,,0,0,HOLD,3.423529411764706,1,3,5
OLP,2026-08-11,3.0,0.46388724318602537,2.0,0,0,3.0,2.0,2.0,40.34191609312074,2.0,0.7349530238432468,0,,0,0,BUY,2.482352941176471,3,0,5
OM,2026-08-11,1.0,0.7949627678286126,4.0,0,0,4.0,2.0,3.0,53.89356016580349,5.0,0.1343873520021421,0,,0,0,HOLD,2.964705882352941,2,3,5
OMC,2026-08-11,3.0,0.5142938694358189,1.0,1,0,2.0,4.0,4.0,61.38913851644717,1.0,0.9805599590878268,0,,0,0,BUY,2.3176470588235296,3,1,5
OMCL,2026-08-11,3.0,0.5799200274312435,4.0,0,0,3.0,1.0,2.0,39.32947666296512,4.0,0.3365253518201481,0,,0,0,HOLD,2.988235294117647,1,2,5
OMDA,2026-08-11,4.0,0.26116652094343584,1.0,0,0,2.0,2.0,4.0,61.426046979341656,1.0,0.8077651601242546,0,,0,0,BUY,2.270588235294118,4,1,5
OMER,2026-08-11,5.0,0.17806556050182112,2.0,0,0,1.0,4.0,5.0,71.46261290563521,2.0,0.7300380102669748,0,,0,0,HOLD,3.094117647058824,3,2,5
OMF,2026-08-11,3.0,0.5790852180301619,1.0,1,0,2.0,1.0,4.0,64.92470245022872,1.0,0.8139134007359509,0,,0,0,BUY,1.7882352941176471,4,0,5
OMSE,2026-08-11,,,3.0,0,0,4.0,,4.0,58.91934385836152,4.0,0.2862499952316284,0,,0,0,SELL,3.795454545454546,0,2,3
ON,2026-08-11,4.0,0.26237912692191917,3.0,0,0,2.0,3.0,2.0,41.311779743560315,3.0,0.4017746849243132,0,,0,0,HOLD,3.129411764705883,1,1,5
ONB,2026-08-11,3.0,0.4493742697032521,1.0,0,0,2.0,3.0,4.0,56.341367223725925,1.0,0.9397478879890775,0,,0,0,BUY,2.1411764705882352,3,0,5
ONDS,2026-08-11,5.0,0.18556981041960757,3.0,0,0,2.0,3.0,4.0,62.79974211958782,3.0,0.5694706771855981,0,,0,0,HOLD,3.4352941176470595,1,1,5
ONEG,2026-08-11,5.0,0.015272033089405028,5.0,0,0,5.0,,2.0,39.260809582387346,5.0,0.01400329164939204,0,,0,0,STRONG SELL,5.0,0,4,4
ONFO,2026-08-11,2.0,0.6948603804127883,3.0,0,0,1.0,3.0,5.0,93.44236645292182,1.0,1.0,0,,0,0,BUY,1.8705882352941174,3,0,5
ONIT,2026-08-11,1.0,0.922435223839057,3.0,0,0,4.0,3.0,3.0,54.39366088272762,4.0,0.3004104763459385,0,,0,0,HOLD,2.8000000000000003,1,2,5
ONL,2026-08-11,1.0,0.9548202354438434,2.0,0,0,3.0,4.0,3.0,54.34743373928572,1.0,0.8084309251970135,0,,0,0,BUY,1.9882352941176469,3,1,5
ONON,2026-08-11,,,5.0,0,0,5.0,,2.0,31.16993309360359,5.0,0.0,0,,0,0,STRONG SELL,5.0,0,3,3
ONT,2026-08-11,2.0,0.7340664457269918,4.0,0,0,5.0,3.0,2.0,40.07453096542218,5.0,0.11654591590688498,0,,0,0,SELL,3.6235294117647054,1,3,5
ONTO,2026-08-11,5.0,0.1437600242519414,2.0,0,0,1.0,4.0,4.0,56.32347317519964,2.0,0.7657865960513126,0,,0,0,HOLD,3.094117647058824,3,2,5
OOMA,2026-08-11,5.0,0.17621880455240652,1.0,0,0,1.0,3.0,3.0,53.050536647416095,1.0,0.9052768716313062,0,,0,0,HOLD,2.5764705882352934,3,1,5
OPAD,2026-08-11,,,1.0,0,0,1.0,3.0,3.0,52.88950763382259,2.0,0.726742118092255,0,,0,0,BUY,1.8474576271186443,3,0,4
OPBK,2026-08-11,3.0,0.5156343438879211,1.0,0,0,2.0,2.0,4.0,60.19064399802106,1.0,0.9162004370815523,0,,0,0,BUY,1.9647058823529413,4,0,5
OPCH,2026-08-11,2.0,0.594359768505399,3.0,0,0,4.0,3.0,4.0,63.93019829940405,4.0,0.27592262265246387,0,,0,0,HOLD,3.1058823529411765,1,2,5
OPEN,2026-08-11,3.0,0.5363692269396747,5.0,0,0,3.0,3.0,2.0,37.54585833159506,5.0,0.1498051211378298,0,,0,0,SELL,3.6823529411764704,0,2,5
OPFI,2026-08-11,1.0,0.9546855708577001,4.0,0,0,5.0,,1.0,22.681212812533673,5.0,0.0,0,,0,0,HOLD,3.3857142857142852,1,3,4
OPHC,2026-08-11,1.0,0.8238621184944305,1.0,0,0,1.0,1.0,5.0,78.27899281787472,1.0,0.9652256607433237,0,,0,0,STRONG BUY,1.0,5,0,5
OPI,2026-08-11,1.0,0.7950608733139385,,0,0,,5.0,1.0,13.142280822871157,,,0,,0,0,,,1,1,2
OPK,2026-08-11,,,2.0,0,0,3.0,3.0,3.0,54.608926698996285,3.0,0.5363636048372099,1,1.0,0,0,HOLD,2.547457627118644,1,0,4
OPLN,2026-08-11,3.0,0.4586797079438234,2.0,0,0,2.0,1.0,2.0,38.31423909078896,2.0,0.6713741186801729,0,,0,0,BUY,2.1294117647058823,4,0,5
OPP,2026-08-11,,,4.0,0,0,3.0,,3.0,50.94232299636913,2.0,0.7940724018304025,0,,0,0,HOLD,2.7500000000000004,1,1,3
OPRT,2026-08-11,3.0,0.5386848269979078,1.0,0,0,2.0,2.0,5.0,71.39442131309406,1.0,0.9090908762508847,0,,0,0,BUY,1.9647058823529413,4,0,5
OPRX,2026-08-11,2.0,0.6976665105783456,3.0,0,0,5.0,1.0,4.0,61.96111117251115,5.0,0.14294047609045618,0,,0,0,HOLD,3.164705882352941,2,2,5
OPTH,2026-08-11,,,,0,0,,,3.0,47.81035394375682,,,0,,0,0,,,0,0,0
OPXS,2026-08-11,3.0,0.510253112490458,5.0,0,0,4.0,1.0,2.0,44.74376309846342,4.0,0.21457492379614382,0,,0,0,HOLD,3.270588235294118,1,3,5
OPY,2026-08-11,1.0,0.9018112488083889,1.0,0,0,1.0,1.0,3.0,53.751730434039814,1.0,0.8973353908475279,0,,0,0,STRONG BUY,1.0,5,0,5
OR,2026-08-11,,,4.0,0,0,4.0,,4.0,65.95841755233702,4.0,0.28423274567468637,0,,0,0,SELL,4.0,0,3,3
ORA,2026-08-11,4.0,0.3593289068625118,4.0,0,0,3.0,4.0,4.0,60.80504813363738,3.0,0.4694086746851504,0,,0,0,SELL,3.5882352941176467,0,3,5
ORC,2026-08-11,1.0,0.7824963978124742,5.0,0,0,3.0,3.0,3.0,52.55006029119222,3.0,0.47814215663909654,0,,0,0,HOLD,2.6,1,1,5
ORCL,2026-08-11,5.0,0.23196621296571382,5.0,0,0,4.0,3.0,3.0,53.88179406596707,5.0,0.14357947838212418,0,,0,0,STRONG SELL,4.470588235294118,0,4,5
ORI,2026-08-11,1.0,0.8360343183984746,2.0,0,0,3.0,1.0,3.0,51.920060534018035,2.0,0.7989108003566803,1,1.0,0,0,STRONG BUY,1.3941176470588232,4,0,5
ORIC,2026-08-11,4.0,0.31275851097677376,2.0,0,0,1.0,3.0,4.0,67.98849911729583,1.0,0.913482417772749,0,,0,0,BUY,2.376470588235294,3,1,5
ORIQ,2026-08-11,5.0,0.0400890868596882,1.0,0,0,3.0,3.0,4.0,60.561568347121316,1.0,1.0,0,,0,0,HOLD,2.929411764705882,2,1,5
ORKA,2026-08-11,5.0,0.215717467387846,1.0,0,0,1.0,5.0,4.0,66.17290133119369,1.0,0.9803996055936867,0,,0,0,HOLD,2.929411764705882,3,2,5
ORLY,2026-08-11,4.0,0.36254685342000054,2.0,0,0,4.0,2.0,4.0,58.850766209485634,3.0,0.41012334747107887,0,,0,0,HOLD,3.2,2,2,5
ORMP,2026-08-11,3.0,0.5367758779956869,1.0,0,0,1.0,3.0,3.0,53.46641694269481,2.0,0.7694480560653632,0,,0,0,BUY,2.2,3,0,5
ORN,2026-08-11,2.0,0.6617571698518341,4.0,0,0,3.0,2.0,2.0,30.64521319896052,4.0,0.29990537691453856,1,1.0,0,0,HOLD,2.5588235294117645,2,2,5
ORRF,2026-08-11,3.0,0.47663759665784655,1.0,0,0,2.0,3.0,4.0,60.13946076503461,1.0,0.950603856778655,1,1.0,0,0,BUY,1.8411764705882352,3,0,5
OSBC,2026-08-11,2.0,0.6446923638114704,1.0,0,0,2.0,3.0,4.0,68.97160002836917,1.0,0.9649112880131938,0,,0,0,BUY,1.835294117647059,4,0,5
OSCR,2026-08-11,,,2.0,0,0,1.0,3.0,2.0,44.148402274731694,2.0,0.7965307000416613,0,,0,0,BUY,2.0,3,0,4
OSG,2026-08-11,1.0,0.8159057685736587,5.0,0,0,5.0,4.0,1.0,27.17767627505863,5.0,0.10179153315808402,0,,0,0,SELL,3.5999999999999996,1,4,5
OSIS,2026-08-11,4.0,0.3086122785737484,3.0,0,0,4.0,2.0,4.0,61.19972548324799,4.0,0.31898175692114566,0,,0,0,SELL,3.541176470588235,1,3,5
OSK,2026-08-11,3.0,0.5361168347073612,1.0,1,0,3.0,3.0,4.0,59.80040340433938,2.0,0.6339827967030007,0,,0,0,HOLD,2.552941176470588,2,0,5
OSPN,2026-08-11,3.0,0.556673685471849,1.0,0,0,2.0,3.0,4.0,62.307371372949014,1.0,0.9272933975926255,1,1.0,0,0,BUY,1.8411764705882352,3,0,5
OSS,2026-08-11,5.0,0.1955425621403585,3.0,0,0,1.0,3.0,3.0,46.477192828149974,3.0,0.5458039187032082,0,,0,0,HOLD,3.2588235294117647,1,1,5
OSTX,2026-08-11,,,3.0,0,0,3.0,5.0,3.0,50.024351708792054,4.0,0.33582092274215164,0,,0,0,SELL,3.8474576271186445,0,2,4
OSUR,2026-08-11,2.0,0.6851886962399054,3.0,0,0,2.0,4.0,2.0,44.181589218862484,2.0,0.7719665052835649,1,2.0,0,0,BUY,2.1588235294117646,3,1,5
OSW,2026-08-11,3.0,0.4756005639615015,2.0,0,0,2.0,1.0,3.0,47.126121623961076,2.0,0.7201342175628374,0,,0,0,BUY,2.1294117647058823,4,0,5
OTAI,2026-08-11,,,,0,0,,,3.0,48.194147109490764,,,0,,0,0,,,0,0,0
OTEX,2026-08-11,2.0,0.7039605842517197,3.0,0,0,4.0,1.0,3.0,49.434714144611,4.0,0.2174799505901395,0,,0,0,HOLD,2.7529411764705882,2,2,5
OTF,2026-08-11,1.0,0.8803064977315682,4.0,0,0,4.0,3.0,4.0,68.70562229974783,3.0,0.47322927196631376,1,1.0,0,0,BUY,2.370588235294118,1,2,5
OTIS,2026-08-11,3.0,0.5363133049698791,3.0,0,0,4.0,3.0,3.0,51.8778462326875,5.0,0.16275806426707431,0,,0,0,SELL,3.647058823529412,0,2,5
OTLK,2026-08-11,5.0,0.06839336301092674,3.0,0,0,3.0,5.0,3.0,47.965724693598084,4.0,0.3362193312858859,0,,0,0,SELL,4.2,0,3,5
OTTR,2026-08-11,3.0,0.5175942592978083,1.0,0,0,2.0,3.0,4.0,59.70836344282287,1.0,1.0,0,,0,0,BUY,2.1411764705882352,3,0,5
OUST,2026-08-11,5.0,0.14490434585906492,2.0,0,0,1.0,2.0,4.0,55.865704870789834,2.0,0.6345282379652809,1,1.0,0,0,BUY,2.4411764705882355,4,1,5
OUT,2026-08-11,4.0,0.30110204544185776,2.0,0,0,2.0,3.0,1.0,27.79467309925093,2.0,0.7871981126405324,0,,0,0,HOLD,2.7882352941176474,3,1,5
OVBC,2026-08-11,,,3.0,0,0,3.0,,4.0,56.89521463377406,2.0,0.648657793765217,1,2.0,0,0,BUY,2.245454545454546,1,0,3
OVID,2026-08-11,4.0,0.2991012639178267,2.0,0,0,1.0,4.0,4.0,55.76120560166861,1.0,0.844591797487085,0,,0,0,HOLD,2.552941176470588,3,2,5
OVLY,2026-08-11,2.0,0.6978970615106258,3.0,0,0,3.0,3.0,3.0,51.21592756960043,1.0,0.8657884996820757,1,3.0,0,0,BUY,1.923529411764706,2,0,5
OVV,2026-08-11,2.0,0.6170875493642328,1.0,0,0,1.0,1.0,4.0,62.31046006937903,1.0,1.0,0,,0,0,STRONG BUY,1.3058823529411767,5,0,5
OWL,2026-08-11,1.0,0.8545123659873173,2.0,0,0,4.0,2.0,5.0,76.57761715933054,4.0,0.38567867034802256,0,,0,0,HOLD,2.51764705882353,3,2,5
OWLT,2026-08-11,4.0,0.39494637630038004,3.0,0,0,5.0,3.0,3.0,51.92573733932966,5.0,0.08940396422979334,0,,0,0,SELL,4.129411764705883,0,3,5
OXBR,2026-08-11,3.0,0.48824217059088054,1.0,1,0,4.0,3.0,3.0,45.43030412818976,4.0,0.3026634097418697,0,,0,0,HOLD,3.1999999999999997,1,2,5
OXLC,2026-08-11,,,4.0,0,0,4.0,,4.0,65.72770224412072,4.0,0.324941825285277,0,,0,0,SELL,4.0,0,3,3
OXM,2026-08-11,1.0,0.8264792906495589,4.0,0,1,4.0,4.0,2.0,42.14250285410629,4.0,0.34637732922759,0,,0,0,HOLD,3.0823529411764707,1,4,5
OXSQ,2026-08-11,1.0,0.7949457602844994,3.0,0,0,4.0,5.0,3.0,47.26306707517955,4.0,0.3602663111811798,0,,0,0,HOLD,3.1529411764705886,1,3,5
OXY,2026-08-11,3.0,0.5316180563340722,1.0,0,0,2.0,3.0,4.0,62.32487689850156,2.0,0.7448468253010587,0,,0,0,BUY,2.376470588235294,3,0,5
OZK,2026-08-11,,,1.0,0,0,3.0,,4.0,57.22377261142318,1.0,0.9044473088977234,0,,0,0,STRONG BUY,1.6818181818181817,2,0,3
P,2026-08-11,5.0,0.03527168732125834,1.0,0,0,1.0,2.0,5.0,79.92999082468204,1.0,1.0,0,,0,0,BUY,2.4,4,1,5
PAAS,2026-08-11,,,3.0,0,0,3.0,,4.0,68.43842937017087,3.0,0.5613617822950799,0,,0,0,HOLD,3.0000000000000004,0,0,3
PAC,2026-08-11,,,5.0,0,0,4.0,,2.0,36.02970398197183,5.0,0.061957892427859464,0,,0,0,STRONG SELL,4.659090909090909,0,3,3
PACB,2026-08-11,,,5.0,0,0,4.0,5.0,2.0,33.509549748129714,5.0,0.022580622584714154,0,,0,0,STRONG SELL,4.745762711864407,0,4,4
PACK,2026-08-11,2.0,0.7502825729833157,4.0,0,0,3.0,3.0,2.0,38.551880288055635,3.0,0.4818182256596162,0,,0,0,HOLD,2.8,1,1,5
PACS,2026-08-11,4.0,0.3925385473483435,1.0,0,0,1.0,1.0,3.0,52.875114539132475,1.0,0.933726050198709,0,,0,0,BUY,1.9176470588235293,4,1,5
PAG,2026-08-11,2.0,0.6569400782234233,1.0,0,0,2.0,2.0,4.0,65.30804516815094,1.0,0.9290914236740008,0,,0,0,STRONG BUY,1.6588235294117648,5,0,5
PAGS,2026-08-11,,,4.0,0,0,4.0,,2.0,39.41030509236394,4.0,0.20408437990813774,1,1.0,0,0,SELL,3.7,0,3,3
PAI,2026-08-11,,,5.0,0,0,4.0,,3.0,45.03239337340117,4.0,0.24063952864212837,0,,0,0,SELL,4.204545454545455,0,3,3
PAL,2026-08-11,1.0,0.9217308304167992,5.0,0,0,5.0,5.0,1.0,27.514748566428338,5.0,0.027580024221970586,1,1.0,0,0,HOLD,3.476470588235294,1,4,5
PALI,2026-08-11,4.0,0.38052815781100857,1.0,1,0,1.0,3.0,4.0,58.26917927863938,2.0,0.7013274455898588,0,,0,0,HOLD,2.5058823529411764,3,1,5
PAM,2026-08-11,,,4.0,0,1,4.0,,2.0,36.316667908698946,2.0,0.6371780507942143,0,,0,0,HOLD,3.090909090909091,1,2,3
PAMT,2026-08-11,2.0,0.6426980591791283,2.0,0,0,3.0,4.0,2.0,42.81657284301712,2.0,0.6226320909149298,0,,0,0,HOLD,2.5294117647058827,3,1,5
PANL,2026-08-11,2.0,0.7506065032472191,4.0,0,1,3.0,3.0,2.0,37.64498558689112,3.0,0.48841079917726554,0,,0,0,HOLD,2.8,1,1,5
PANW,2026-08-11,5.0,0.09405798266071858,1.0,0,0,1.0,3.0,4.0,69.1569714315894,1.0,0.9919874589148485,1,1.0,0,0,BUY,2.2764705882352936,3,1,5
PAPL,2026-08-11,3.0,0.5839104152705443,3.0,0,0,3.0,3.0,3.0,51.093515922623595,5.0,0.07931140787614988,0,,0,0,HOLD,3.4705882352941173,0,1,5
PAR,2026-08-11,2.0,0.7259440033201029,3.0,0,0,5.0,4.0,4.0,57.52157040479606,5.0,0.13928489984347173,1,1.0,0,0,HOLD,3.394117647058824,1,3,5
PARK,2026-08-11,4.0,0.3172128539611836,,0,0,3.0,,4.0,57.67180224139415,1.0,0.9293194126830372,0,,0,0,HOLD,2.7704918032786887,1,1,3
PARR,2026-08-11,1.0,0.8660629170638704,1.0,0,0,1.0,2.0,3.0,52.69020460857596,1.0,0.8086734669052625,0,,0,0,STRONG BUY,1.176470588235294,5,0,5
PASG,2026-08-11,4.0,0.3569837734648425,5.0,0,0,5.0,4.0,2.0,44.46240864900959,5.0,0.027901080814734164,0,,0,0,STRONG SELL,4.517647058823529,0,5,5
PATH,2026-08-11,4.0,0.3484270734032412,2.0,0,0,1.0,1.0,5.0,77.0483407054775,2.0,0.6402623364402968,0,,0,0,BUY,2.2588235294117642,4,1,5
PATK,2026-08-11,2.0,0.5939417585555389,4.0,0,0,5.0,1.0,3.0,54.165767087971986,5.0,0.09604799209820103,1,1.0,0,0,HOLD,2.9705882352941178,2,3,5
PAVM,2026-08-11,3.0,0.47770215529668525,5.0,0,0,5.0,4.0,2.0,37.84999655002658,5.0,0.006504058989177308,0,,0,0,SELL,4.211764705882353,0,4,5
PAXS,2026-08-11,,,4.0,0,0,4.0,,4.0,56.72647145453341,2.0,0.6106790931768803,0,,0,0,HOLD,3.090909090909091,1,2,3
PAY,2026-08-11,1.0,0.8722804004608844,2.0,0,0,2.0,1.0,4.0,66.9587010201131,1.0,0.8263633906669261,0,,0,0,STRONG BUY,1.2823529411764707,5,0,5
PAYC,2026-08-11,5.0,0.23157417213818599,1.0,1,0,2.0,2.0,5.0,79.72776074507142,1.0,0.8368671924775924,0,,0,0,HOLD,2.5764705882352943,4,1,5
PAYO,2026-08-11,4.0,0.37078889110508645,1.0,0,0,3.0,2.0,4.0,60.15558623982962,1.0,0.9741378332290046,0,,0,0,BUY,2.447058823529412,3,1,5
PAYP,2026-08-11,,,,0,0,,,2.0,44.53266794153908,5.0,0.19196064258718473,0,,0,0,,,0,1,1
PAYS,2026-08-11,5.0,0.14978625769384973,1.0,0,0,1.0,2.0,5.0,84.11095989929838,1.0,1.0,0,,0,0,BUY,2.4,4,1,5
PAYX,2026-08-11,5.0,0.21579623031269093,1.0,1,0,3.0,2.0,4.0,68.11910789255256,2.0,0.7322367444739771,0,,0,0,HOLD,2.988235294117647,3,1,5
PB,2026-08-11,1.0,0.808981434650863,1.0,0,0,3.0,1.0,3.0,54.05681282994792,1.0,0.9126240918829069,0,,0,0,STRONG BUY,1.352941176470588,4,0,5
PBA,2026-08-11,,,1.0,0,0,2.0,,3.0,49.77545157844528,1.0,0.8394573987735846,0,,0,0,STRONG BUY,1.340909090909091,3,0,3
PBAM,2026-08-11,,,1.0,0,0,2.0,,5.0,81.36429852586552,1.0,0.9948086938967435,0,,0,0,STRONG BUY,1.340909090909091,3,0,3
PBF,2026-08-11,,,1.0,0,0,1.0,4.0,4.0,62.86568593976842,1.0,0.9141176430403298,0,,0,0,BUY,1.7627118644067798,3,1,4
PBFS,2026-08-11,3.0,0.4286924117337793,1.0,0,0,2.0,1.0,3.0,52.86307827548321,1.0,0.8788426775584423,0,,0,0,BUY,1.7882352941176471,4,0,5
PBH,2026-08-11,2.0,0.7621544327931363,3.0,0,0,4.0,3.0,4.0,60.15907405453026,4.0,0.3276141109607169,0,,0,0,HOLD,3.1058823529411765,1,2,5
PBHC,2026-08-11,1.0,0.8563727795610572,1.0,0,0,2.0,3.0,3.0,54.46846784041469,1.0,0.8919380717551101,1,1.0,0,0,STRONG BUY,1.2294117647058824,4,0,5
PBI,2026-08-11,3.0,0.555767397521449,2.0,0,0,1.0,2.0,2.0,38.262480865988714,1.0,0.813017722221109,1,2.0,0,0,STRONG BUY,1.5941176470588234,4,0,5
PBLS,2026-08-11,,,,0,0,,,4.0,62.0825507836733,,,0,,0,0,,,0,0,0
PBM,2026-08-11,,,4.0,0,0,4.0,,4.0,55.07070770482781,5.0,0.005615200568719835,0,,0,0,STRONG SELL,4.454545454545455,0,3,3
PBR,2026-08-11,,,1.0,0,0,2.0,,3.0,46.92046493964753,2.0,0.6256700964767793,0,,0,0,BUY,1.7954545454545454,3,0,3
PBT,2026-08-11,,,1.0,0,0,1.0,,4.0,66.06290515181212,1.0,0.946227052473179,0,,0,0,STRONG BUY,1.0,3,0,3
PBYI,2026-08-11,3.0,0.49605778754508345,1.0,0,0,1.0,2.0,4.0,63.98884408697821,1.0,0.9827789779281768,0,,0,0,BUY,1.7882352941176471,4,0,5
PCAR,2026-08-11,4.0,0.3622497616777884,1.0,0,0,2.0,3.0,4.0,56.22776140529683,1.0,0.8769253793142905,0,,0,0,BUY,2.447058823529412,3,1,5
PCB,2026-08-11,3.0,0.49828220486155256,1.0,0,0,2.0,2.0,3.0,53.06586335716042,1.0,0.8050434450764058,1,1.0,0,0,STRONG BUY,1.6647058823529413,4,0,5
PCF,2026-08-11,,,5.0,0,0,4.0,,4.0,55.45414744738665,4.0,0.3757407769484092,1,1.0,0,0,SELL,3.904545454545455,0,3,3
PCG,2026-08-11,2.0,0.6965741967167495,1.0,0,0,3.0,5.0,3.0,51.34574289431911,2.0,0.6635766372237424,0,,0,0,HOLD,2.6,3,1,5
PCM,2026-08-11,,,3.0,0,0,3.0,,4.0,56.963549955981954,3.0,0.5228299249421254,0,,0,0,HOLD,3.0000000000000004,0,0,3
PCN,2026-08-11,,,4.0,0,0,3.0,,4.0,64.10896774432831,2.0,0.7108862230435062,0,,0,0,HOLD,2.7500000000000004,1,1,3
PCOR,2026-08-11,5.0,0.22192333040767168,2.0,0,0,3.0,3.0,5.0,77.43791837126845,3.0,0.4910412341072366,0,,0,0,SELL,3.5058823529411764,1,1,5
PCQ,2026-08-11,,,3.0,0,0,3.0,,4.0,60.58416906897086,1.0,0.8907669775289472,0,,0,0,BUY,2.090909090909091,1,0,3
PCRX,2026-08-11,3.0,0.571594956699269,2.0,0,0,3.0,1.0,2.0,41.99618304645658,2.0,0.6170211230945398,0,,0,0,BUY,2.3058823529411763,3,0,5
PCSA,2026-08-11,4.0,0.4104358892777601,3.0,0,0,4.0,4.0,4.0,57.83173144005915,5.0,0.07901234995244992,0,,0,0,SELL,4.129411764705883,0,4,5
PCT,2026-08-11,5.0,0.02598157401674025,5.0,0,1,5.0,3.0,4.0,58.480628946963385,4.0,0.26067526864469953,0,,0,0,STRONG SELL,4.411764705882353,0,4,5
PCTY,2026-08-11,4.0,0.28002679259487157,2.0,0,0,3.0,2.0,4.0,64.34781954347261,3.0,0.5724687071032455,0,,0,0,HOLD,3.023529411764706,2,1,5
PCVX,2026-08-11,4.0,0.37161947184218896,1.0,0,0,2.0,5.0,4.0,59.31050587717609,1.0,0.8804314780305394,0,,0,0,HOLD,2.8,3,2,5
PCYO,2026-08-11,4.0,0.4094579325175541,2.0,0,0,3.0,3.0,4.0,65.4669095941138,2.0,0.7416267134773398,0,,0,0,HOLD,2.9647058823529413,2,1,5
PD,2026-08-11,3.0,0.47971111639131175,2.0,0,0,3.0,2.0,4.0,65.65341904633993,3.0,0.526660844862907,0,,0,0,HOLD,2.7176470588235295,2,0,5
PDEX,2026-08-11,4.0,0.35621147522173174,2.0,0,0,1.0,2.0,4.0,62.19984742258196,1.0,0.9669885215568933,0,,0,0,BUY,2.1999999999999997,4,1,5
PDFS,2026-08-11,5.0,0.2223989818644607,3.0,0,0,1.0,4.0,3.0,47.34724755991703,3.0,0.577383233331266,0,,0,0,HOLD,3.4352941176470595,1,2,5
PDI,2026-08-11,,,5.0,0,0,4.0,,3.0,48.872798894534725,4.0,0.24572252643443748,0,,0,0,SELL,4.204545454545455,0,3,3
PDLB,2026-08-11,1.0,0.7760979577833472,1.0,0,0,2.0,1.0,4.0,56.87277309973163,1.0,0.9706325733812239,0,,0,0,STRONG BUY,1.1764705882352942,5,0,5
PDM,2026-08-11,2.0,0.711053010547147,2.0,0,0,2.0,4.0,2.0,43.61300980502173,1.0,0.8137255098384056,0,,0,0,BUY,2.1176470588235294,4,1,5
PDO,2026-08-11,,,5.0,0,0,3.0,,3.0,51.983926145804425,2.0,0.7231816952925705,0,,0,0,HOLD,2.9545454545454546,1,1,3
PDS,2026-08-11,,,3.0,0,0,3.0,,4.0,55.36053753030611,2.0,0.6110197696060854,0,,0,0,HOLD,2.545454545454546,1,0,3
PDT,2026-08-11,,,4.0,0,0,3.0,,2.0,43.155517709118655,2.0,0.6521521985803854,0,,0,0,HOLD,2.7500000000000004,1,1,3
PDX,2026-08-11,,,1.0,0,0,3.0,,4.0,57.823348073746146,1.0,0.9610821050608228,0,,0,0,STRONG BUY,1.6818181818181817,2,0,3
PDYN,2026-08-11,5.0,0.21790003723204932,4.0,0,0,4.0,4.0,4.0,61.56573541952921,4.0,0.34390239647497167,1,1.0,0,0,SELL,4.005882352941177,0,5,5
PEB,2026-08-11,2.0,0.7599907180618665,2.0,0,0,1.0,3.0,2.0,39.5318852489023,1.0,0.8118137226057053,0,,0,0,BUY,1.764705882352941,4,0,5
PEBK,2026-08-11,2.0,0.6680724891973524,1.0,0,0,2.0,2.0,4.0,60.190727953427874,1.0,0.9771558158961343,0,,0,0,STRONG BUY,1.6588235294117648,5,0,5
PEBO,2026-08-11,2.0,0.761677788369876,1.0,0,0,2.0,2.0,4.0,61.22696051813427,1.0,0.9467068236491939,0,,0,0,STRONG BUY,1.6588235294117648,5,0,5
PECO,2026-08-11,4.0,0.27235713787011867,2.0,0,0,3.0,1.0,1.0,29.39442788990216,2.0,0.6391785830863754,0,,0,0,HOLD,2.6117647058823534,3,1,5
PED,2026-08-11,2.0,0.6456068717032832,5.0,0,1,4.0,4.0,3.0,50.28166481012035,4.0,0.2676210762025697,0,,0,0,HOLD,3.494117647058823,1,4,5
PEG,2026-08-11,3.0,0.49749963916517276,5.0,0,0,4.0,1.0,2.0,35.8990328216272,5.0,0.06527689937339971,0,,0,0,SELL,3.505882352941176,1,3,5
PEGA,2026-08-11,4.0,0.3330602727804493,4.0,0,0,4.0,1.0,4.0,59.36096349744952,5.0,0.175172438865324,0,,0,0,SELL,3.7058823529411766,1,4,5
PEN,2026-08-11,5.0,0.1708031414822285,1.0,0,0,3.0,2.0,5.0,70.94306478133281,2.0,0.7547438635696014,0,,0,0,HOLD,2.988235294117647,3,1,5
PENG,2026-08-11,4.0,0.309438729583399,3.0,0,0,1.0,2.0,3.0,48.78451886626496,2.0,0.6269378288950467,0,,0,0,HOLD,2.5411764705882356,3,1,5
PENN,2026-08-11,2.0,0.7212282625758614,3.0,0,0,2.0,4.0,2.0,40.892453915514636,2.0,0.7276698531119229,1,1.0,0,0,BUY,2.1588235294117646,3,1,5
PEO,2026-08-11,,,1.0,0,0,2.0,,4.0,68.9369250541967,1.0,1.0,0,,0,0,STRONG BUY,1.340909090909091,3,0,3
PEP,2026-08-11,3.0,0.4699714013346044,5.0,0,0,4.0,3.0,3.0,46.107310559263475,5.0,0.10862637623055713,0,,0,0,SELL,3.858823529411765,0,3,5
PEPG,2026-08-11,3.0,0.5822462615335666,3.0,0,0,3.0,3.0,5.0,72.10475877697871,4.0,0.3060064876945632,0,,0,0,HOLD,3.2352941176470593,0,1,5
PERF,2026-08-11,,,1.0,0,0,3.0,,3.0,46.770251537502666,2.0,0.684756241697145,0,,0,0,BUY,2.1363636363636367,2,0,3
PERI,2026-08-11,1.0,0.9000954502068088,2.0,0,0,3.0,,4.0,55.874295223513194,3.0,0.5910744634515035,0,,0,0,BUY,2.1285714285714286,2,0,4
PESI,2026-08-11,5.0,0.22705424155413576,1.0,1,0,2.0,3.0,4.0,68.23071521575245,1.0,1.0,0,,0,0,HOLD,2.7529411764705882,3,1,5
PETS,2026-08-11,1.0,0.7769600862539869,3.0,0,0,5.0,4.0,3.0,48.91214857534269,5.0,0.15652174048252498,0,,0,0,HOLD,3.388235294117647,1,3,5
PETZ,2026-08-11,1.0,0.9013681196309259,2.0,0,0,1.0,,4.0,68.37191528873021,1.0,0.931460689432827,0,,0,0,STRONG BUY,1.1285714285714288,4,0,4
PEW,2026-08-11,1.0,0.8212446673978656,4.0,0,0,5.0,3.0,3.0,53.63114314080144,5.0,0.08257919070698286,0,,0,0,HOLD,3.317647058823529,1,3,5
PFBC,2026-08-11,,,1.0,0,0,2.0,,4.0,58.29049219453473,1.0,0.9111617467085349,0,,0,0,STRONG BUY,1.340909090909091,3,0,3
PFE,2026-08-11,3.0,0.5610104861773118,2.0,0,0,3.0,3.0,4.0,68.95180012573222,1.0,0.828204186230808,0,,0,0,BUY,2.423529411764706,2,0,5
PFG,2026-08-11,3.0,0.5619788252310317,1.0,0,0,2.0,2.0,3.0,53.37845272721931,1.0,0.9469270472717,1,1.0,0,0,STRONG BUY,1.6647058823529413,4,0,5
PFGC,2026-08-11,4.0,0.2802121720611395,1.0,0,0,2.0,4.0,3.0,54.79294239768188,1.0,0.9140930670399258,0,,0,0,HOLD,2.623529411764706,3,2,5
PFIS,2026-08-11,2.0,0.7059794135159783,1.0,0,0,2.0,3.0,4.0,57.54943793468355,1.0,0.9540396133681276,0,,0,0,BUY,1.835294117647059,4,0,5
PFL,2026-08-11,,,3.0,0,0,4.0,,4.0,57.17087709708753,2.0,0.6554754762554054,0,,0,0,HOLD,2.8863636363636367,1,1,3
PFLT,2026-08-11,1.0,0.858097359210945,4.0,0,0,4.0,5.0,4.0,59.92562616122894,4.0,0.29892593777739584,1,2.0,0,0,HOLD,2.958823529411765,1,4,5
PFN,2026-08-11,,,3.0,0,0,3.0,,4.0,63.52572966794043,1.0,0.9884456437840241,0,,0,0,BUY,2.090909090909091,1,0,3
PFS,2026-08-11,3.0,0.49621076368531236,1.0,0,0,2.0,1.0,4.0,57.03462631318719,1.0,0.9231594706047208,0,,0,0,BUY,1.7882352941176471,4,0,5
PFSI,2026-08-11,4.0,0.26716700669982496,5.0,0,0,4.0,4.0,2.0,38.1811222852128,5.0,0.008195577176336401,1,1.0,0,0,SELL,4.041176470588236,0,5,5
PFX,2026-08-11,1.0,0.805283856164229,1.0,0,0,3.0,4.0,4.0,60.94480961825804,2.0,0.694061358899655,1,1.0,0,0,BUY,1.8176470588235294,3,1,5
PG,2026-08-11,3.0,0.5028598665395615,5.0,0,0,4.0,2.0,3.0,45.52629815348828,4.0,0.3338445920766888,0,,0,0,HOLD,3.4470588235294115,1,3,5
PGC,2026-08-11,2.0,0.6025943860673401,2.0,0,0,1.0,1.0,3.0,46.333263184089574,1.0,0.8830375361531677,0,,0,0,STRONG BUY,1.411764705882353,5,0,5
PGEN,2026-08-11,5.0,0.02620984285322373,1.0,0,0,1.0,4.0,4.0,68.81593263104463,1.0,0.9389799567276794,0,,0,0,HOLD,2.7529411764705882,3,2,5
PGNY,2026-08-11,4.0,0.40969048729075375,2.0,0,0,2.0,2.0,1.0,28.34731177936318,2.0,0.6338729411384662,0,,0,0,HOLD,2.6117647058823534,4,1,5
PGP,2026-08-11,,,4.0,0,0,3.0,,4.0,60.94611745039327,2.0,0.7848385961096833,0,,0,0,HOLD,2.7500000000000004,1,1,3
PGR,2026-08-11,1.0,0.8446139180171592,2.0,1,0,3.0,2.0,3.0,48.57623936934292,3.0,0.48317103079203616,0,,0,0,BUY,2.1058823529411765,3,0,5
PGZ,2026-08-11,,,1.0,1,0,3.0,,3.0,54.95897242481924,1.0,0.9162954710314692,0,,0,0,STRONG BUY,1.6818181818181817,2,0,3
PH,2026-08-11,5.0,0.23736892278360344,1.0,0,0,2.0,1.0,5.0,70.04038979509635,1.0,0.9750895835073535,0,,0,0,BUY,2.4,4,1,5
PHAR,2026-08-11,,,5.0,0,0,4.0,,2.0,43.58602135953275,5.0,0.14527288180214887,0,,0,0,STRONG SELL,4.659090909090909,0,3,3
PHAT,2026-08-11,4.0,0.39012545528126263,5.0,0,0,5.0,3.0,2.0,33.97761155492611,5.0,0.03401015483991149,0,,0,0,STRONG SELL,4.341176470588236,0,4,5
PHG,2026-08-11,,,4.0,0,0,4.0,,4.0,56.40421712809961,4.0,0.3535557472642535,0,,0,0,SELL,4.0,0,3,3
PHI,2026-08-11,,,3.0,0,0,4.0,,3.0,50.84531231355035,4.0,0.3370261822214369,0,,0,0,SELL,3.795454545454546,0,2,3
PHIN,2026-08-11,2.0,0.6298498524471644,3.0,0,0,3.0,2.0,3.0,45.08503873547697,2.0,0.7078307701952187,0,,0,0,BUY,2.282352941176471,3,0,5
PHIO,2026-08-11,1.0,0.7791918549156857,4.0,0,0,5.0,3.0,4.0,56.01499408574304,5.0,0.1435613286246032,0,,0,0,HOLD,3.317647058823529,1,3,5
PHK,2026-08-11,,,3.0,0,0,3.0,,4.0,60.59386517934219,1.0,0.9566913482854862,0,,0,0,BUY,2.090909090909091,1,0,3
PHM,2026-08-11,2.0,0.6207946071666788,1.0,1,0,3.0,4.0,4.0,55.151840772336904,2.0,0.7041479084460095,0,,0,0,BUY,2.423529411764706,3,1,5
PHOE,2026-08-11,5.0,0.017817371937639197,2.0,0,0,1.0,,3.0,45.83632494523728,5.0,0.09569150160904076,0,,0,0,SELL,3.757142857142857,2,2,4
PHR,2026-08-11,3.0,0.5667670510139612,3.0,0,0,4.0,3.0,5.0,70.09040607489544,5.0,0.17884848396345351,1,1.0,0,0,HOLD,3.3470588235294123,0,2,5
PHUN,2026-08-11,3.0,0.5598393083407497,1.0,1,0,3.0,4.0,3.0,50.23842546530416,4.0,0.35616430862241655,0,,0,0,HOLD,3.2,1,2,5
PHVS,2026-08-11,,,1.0,0,0,1.0,,3.0,53.81363288559898,1.0,0.9044312303635795,0,,0,0,STRONG BUY,1.0,3,0,3
PI,2026-08-11,5.0,0.102329058174187,2.0,0,0,2.0,3.0,4.0,68.11118628598787,3.0,0.5610015083469838,0,,0,0,HOLD,3.329411764705883,2,1,5
PII,2026-08-11,3.0,0.5163526076588529,1.0,0,0,2.0,3.0,3.0,50.10917647588457,1.0,0.8418335700155097,0,,0,0,BUY,2.1411764705882352,3,0,5
PIM,2026-08-11,,,5.0,0,0,3.0,,4.0,55.34846226224679,3.0,0.5692775059733758,0,,0,0,HOLD,3.4090909090909096,0,1,3
PINE,2026-08-11,3.0,0.5555154260705277,2.0,0,0,2.0,4.0,2.0,38.224919447629794,2.0,0.7577159703186465,0,,0,0,HOLD,2.658823529411765,3,1,5
PINS,2026-08-11,1.0,0.8908191792379602,2.0,0,0,3.0,2.0,3.0,53.15448105225658,4.0,0.36640030666575574,0,,0,1,BUY,2.3411764705882354,3,1,5
PIPR,2026-08-11,3.0,0.4742822390606911,5.0,0,0,4.0,1.0,3.0,49.92539596763622,4.0,0.2614064549969257,0,,0,0,HOLD,3.270588235294118,1,3,5
PJT,2026-08-11,,,1.0,1,0,3.0,1.0,4.0,60.845479991531576,2.0,0.749119284214903,0,,0,0,BUY,1.8474576271186443,3,0,4
PK,2026-08-11,2.0,0.7613009365204184,2.0,0,0,2.0,3.0,2.0,44.918036435312224,1.0,0.8367888227109938,0,,0,0,BUY,1.9411764705882353,4,0,5
PKBK,2026-08-11,1.0,0.8512869399428027,1.0,0,0,2.0,,4.0,63.04616071421485,1.0,1.0,1,1.0,0,0,STRONG BUY,1.0,4,0,4
PKE,2026-08-11,5.0,0.14612571756941492,1.0,0,0,1.0,2.0,4.0,58.52353109129894,1.0,0.9568114728127002,0,,0,0,BUY,2.4,4,1,5
PKG,2026-08-11,4.0,0.34985700667302194,1.0,0,0,2.0,4.0,4.0,66.66857866756628,1.0,1.0,0,,0,0,HOLD,2.623529411764706,3,2,5
PKOH,2026-08-11,4.0,0.38941849380362253,1.0,0,0,1.0,3.0,4.0,64.82588645971063,1.0,0.8312047293521488,0,,0,0,BUY,2.2705882352941176,3,1,5
PL,2026-08-11,5.0,0.10738222548939223,4.0,0,0,1.0,4.0,3.0,48.90695316279939,4.0,0.38871609279602454,0,,0,0,SELL,3.776470588235294,1,4,5
PLAB,2026-08-11,2.0,0.5992620166255278,4.0,0,1,3.0,2.0,4.0,56.62001105805153,4.0,0.3692001031369072,0,,0,0,HOLD,2.8588235294117643,2,2,5
PLAG,2026-08-11,5.0,0.12788344799676243,3.0,0,0,1.0,4.0,5.0,87.18848875751709,1.0,1.0,0,,0,0,HOLD,2.9647058823529413,2,2,5
PLAY,2026-08-11,2.0,0.6231938985848742,5.0,0,0,5.0,3.0,3.0,45.31009910099444,5.0,0.03078304411578689,1,1.0,0,0,HOLD,3.4294117647058826,1,3,5
PLBC,2026-08-11,2.0,0.6384117118550097,1.0,0,0,2.0,3.0,4.0,63.807069313506446,1.0,1.0,0,,0,0,BUY,1.835294117647059,4,0,5
PLBY,2026-08-11,4.0,0.4035134186824924,4.0,0,0,5.0,2.0,4.0,62.20114004010704,5.0,0.17187498253770198,0,,0,0,SELL,4.0588235294117645,1,4,5
PLCE,2026-08-11,1.0,0.9830028328611898,5.0,0,0,5.0,4.0,2.0,40.72823796750043,5.0,0.022827683690806705,0,,0,0,SELL,3.5999999999999996,1,4,5
PLD,2026-08-11,4.0,0.30931571827148047,2.0,0,0,3.0,3.0,2.0,43.29728531433343,2.0,0.7929781519645632,1,1.0,0,0,HOLD,2.6647058823529415,2,1,5
PLG,2026-08-11,,,4.0,0,0,4.0,,4.0,62.11445871653038,5.0,0.12946426813319636,0,,0,0,STRONG SELL,4.454545454545455,0,3,3
PLGO,2026-08-11,1.0,0.8024180719058225,1.0,0,0,2.0,,2.0,44.85647253372539,1.0,0.8580491693071168,0,,0,0,STRONG BUY,1.2142857142857144,4,0,4
PLMR,2026-08-11,4.0,0.3864614859799662,1.0,1,0,3.0,1.0,3.0,50.00467187893458,2.0,0.7312515477916318,0,,0,0,HOLD,2.5058823529411764,3,1,5
PLNT,2026-08-11,,,4.0,0,0,5.0,1.0,2.0,32.085756903032205,5.0,0.06400827108957483,0,,0,0,SELL,3.830508474576271,1,3,4
PLOW,2026-08-11,3.0,0.49571516808058985,3.0,0,0,2.0,2.0,2.0,41.296757052894165,3.0,0.5402582444242647,0,,0,0,HOLD,2.6470588235294117,2,0,5
PLPC,2026-08-11,4.0,0.3042473634029489,2.0,0,0,1.0,3.0,5.0,71.45146643404323,1.0,1.0,0,,0,0,BUY,2.376470588235294,3,1,5
PLRX,2026-08-11,1.0,0.9274578428253262,5.0,0,0,4.0,4.0,2.0,38.17596759109142,5.0,0.0,0,,0,0,HOLD,3.423529411764706,1,4,5
PLRZ,2026-08-11,1.0,0.8431434934775692,4.0,0,0,3.0,,2.0,37.13285775558091,3.0,0.5091893224890641,0,,0,0,BUY,2.3857142857142857,1,1,4
PLSE,2026-08-11,5.0,0.018692611732021806,1.0,0,0,1.0,4.0,5.0,79.47649746600835,1.0,1.0,0,,0,0,HOLD,2.7529411764705882,3,2,5
PLSM,2026-08-11,,,,0,0,5.0,,2.0,39.12571176067377,5.0,0.0,0,,0,0,,,0,2,2
PLTK,2026-08-11,1.0,0.9012545528126265,3.0,0,0,5.0,3.0,1.0,27.411209913123173,5.0,0.0,0,,0,0,HOLD,3.211764705882353,1,2,5
PLUG,2026-08-11,3.0,0.530613628302046,4.0,0,0,2.0,3.0,3.0,49.51647107360939,4.0,0.30399273845101016,0,,0,0,HOLD,3.164705882352941,1,2,5
PLUR,2026-08-11,5.0,0.18089842169162282,5.0,0,0,5.0,4.0,2.0,41.9098390246311,5.0,0.026634386829826568,0,,0,0,STRONG SELL,4.823529411764706,0,5,5
PLUS,2026-08-11,2.0,0.6150406550111445,1.0,0,0,3.0,3.0,3.0,47.81420284433847,2.0,0.6919786529101328,0,,0,0,BUY,2.2470588235294118,3,0,5
PLUT,2026-08-11,1.0,0.9166401527203311,5.0,0,0,4.0,,2.0,35.96637871748841,4.0,0.29999991825648714,0,,0,0,HOLD,3.014285714285715,1,3,4
PLX,2026-08-11,4.0,0.3981431059550643,1.0,1,0,3.0,5.0,4.0,57.421138833989005,3.0,0.5689220968042203,0,,0,0,HOLD,3.4470588235294115,1,2,5
PLXS,2026-08-11,4.0,0.39037472018671915,3.0,0,0,1.0,1.0,3.0,54.244214486211106,1.0,0.8097655372471183,0,,0,0,BUY,2.1294117647058823,3,1,5
PLYX,2026-08-11,5.0,0.02258988227807827,,0,0,5.0,4.0,3.0,45.63421507765434,5.0,0.0069612596652251,1,1.0,0,0,STRONG SELL,4.502631578947368,0,4,4
PM,2026-08-11,4.0,0.41897044804575784,1.0,0,0,3.0,1.0,3.0,47.6535393974857,2.0,0.7652562042400955,0,,0,0,HOLD,2.5058823529411764,3,1,5
PMA,2026-08-11,5.0,0.06554247534202991,4.0,0,0,3.0,,3.0,47.47042338352261,4.0,0.25100310124849273,0,,0,0,SELL,4.157142857142857,0,3,4
PMI,2026-08-11,5.0,0.08498583569405099,5.0,0,0,5.0,4.0,2.0,32.23750821089769,5.0,0.000304613442137245,0,,0,0,STRONG SELL,4.823529411764706,0,5,5
PML,2026-08-11,,,5.0,0,0,3.0,,4.0,56.3644366778044,2.0,0.768675890928527,1,2.0,0,0,HOLD,2.6545454545454548,1,1,3
PMM,2026-08-11,,,1.0,0,0,3.0,,3.0,52.85694610298746,1.0,0.823656980237953,0,,0,0,STRONG BUY,1.6818181818181817,2,0,3
PMN,2026-08-11,3.0,0.48806872414890234,1.0,1,0,4.0,4.0,4.0,57.969460611917214,3.0,0.44730999851580144,1,2.0,0,0,HOLD,2.8411764705882354,1,2,5
PMO,2026-08-11,,,4.0,0,0,3.0,,3.0,49.18967319389587,2.0,0.7561159348672072,1,1.0,0,0,BUY,2.4500000000000006,1,1,3
PMT,2026-08-11,1.0,0.9151672967764878,5.0,0,0,4.0,4.0,2.0,44.99456030591101,5.0,0.052427472572912553,0,,0,0,HOLD,3.423529411764706,1,4,5
PMTS,2026-08-11,2.0,0.7195318390033325,1.0,0,0,1.0,3.0,5.0,87.98886697153802,1.0,1.0,0,,0,0,STRONG BUY,1.6588235294117646,4,0,5
PMVP,2026-08-11,1.0,0.8421889914094813,2.0,0,0,3.0,5.0,4.0,59.14792151363386,4.0,0.36538458599376383,0,,0,0,HOLD,2.8705882352941177,2,2,5
PNBK,2026-08-11,2.0,0.6153356665606109,3.0,0,0,5.0,4.0,3.0,54.93740692486366,4.0,0.23979588206089272,0,,0,0,HOLD,3.4588235294117653,1,3,5
PNC,2026-08-11,2.0,0.6982840800762631,1.0,0,0,2.0,,4.0,59.64023541142732,1.0,0.97891437221121,1,1.0,0,0,STRONG BUY,1.2857142857142858,4,0,4
PNFP,2026-08-11,2.0,0.760767693192979,1.0,0,0,3.0,2.0,4.0,59.73759330773983,1.0,0.9034486180494955,1,1.0,0,0,STRONG BUY,1.535294117647059,4,0,5
PNI,2026-08-11,,,4.0,0,0,3.0,,4.0,56.21866760259011,1.0,0.8652164878820371,0,,0,0,BUY,2.2954545454545454,1,1,3
PNNT,2026-08-11,1.0,0.8969137766465161,4.0,0,0,5.0,2.0,4.0,68.11313281913885,5.0,0.18836383100145224,1,1.0,0,0,HOLD,2.841176470588235,2,3,5
PNR,2026-08-11,2.0,0.6363203050524309,5.0,0,0,5.0,2.0,3.0,47.36145200846537,5.0,0.12290985338570631,0,,0,0,SELL,3.552941176470588,2,3,5
PNRG,2026-08-11,2.0,0.6160066346489562,2.0,0,1,3.0,1.0,4.0,63.86377718443418,3.0,0.49474492056072733,0,,0,0,BUY,2.235294117647059,3,0,5
PNTG,2026-08-11,4.0,0.32317467581614556,1.0,0,0,2.0,4.0,2.0,44.39194294152807,2.0,0.7992383888861562,0,,0,0,HOLD,2.8588235294117643,3,2,5
PNW,2026-08-11,3.0,0.5533841754051477,3.0,0,0,3.0,,2.0,39.864322525085676,2.0,0.6830869538644481,0,,0,0,HOLD,2.714285714285715,1,0,4
POCI,2026-08-11,3.0,0.4989989999957737,4.0,0,0,4.0,4.0,2.0,36.87184487171539,5.0,0.13106795554673895,0,,0,0,SELL,3.929411764705882,0,4,5
PODC,2026-08-11,5.0,0.22717149220489977,3.0,0,0,2.0,3.0,2.0,38.019984653164975,3.0,0.5570651943283071,1,1.0,0,0,HOLD,3.1352941176470597,1,1,5
PODD,2026-08-11,4.0,0.26899134103657785,4.0,0,0,5.0,3.0,2.0,40.791460280357306,5.0,0.05153538254864712,1,2.0,0,0,SELL,3.935294117647059,0,4,5
POET,2026-08-11,,,3.0,0,0,1.0,,3.0,51.5875356284806,4.0,0.26951220604296905,0,,0,0,HOLD,2.7727272727272734,1,1,3
POLA,2026-08-11,3.0,0.5745568386039726,4.0,0,0,3.0,4.0,3.0,52.4158052531921,5.0,0.09948979335829694,0,,0,0,SELL,3.7529411764705882,0,3,5
POOL,2026-08-11,3.0,0.4392636721524402,4.0,0,0,5.0,3.0,3.0,51.98784175585598,5.0,0.1766169641379331,1,3.0,0,0,SELL,3.629411764705883,0,3,5
POR,2026-08-11,2.0,0.6334603007404802,4.0,0,0,3.0,4.0,2.0,36.812814331167736,2.0,0.6261350092586141,0,,0,0,HOLD,2.7411764705882353,2,2,5
POST,2026-08-11,2.0,0.7411820781696854,5.0,0,0,5.0,4.0,2.0,34.17086546731632,5.0,0.06096916376621768,0,,0,0,SELL,3.905882352941177,1,4,5
POWI,2026-08-11,5.0,0.2116059471576665,3.0,0,0,2.0,2.0,3.0,45.41009800082991,3.0,0.5746412007042988,0,,0,0,HOLD,3.2588235294117647,2,1,5
POWL,2026-08-11,4.0,0.26590755447658765,3.0,0,0,2.0,3.0,2.0,41.160698709584814,3.0,0.5273937962381072,0,,0,0,HOLD,3.129411764705883,1,1,5
POWW,2026-08-11,3.0,0.5321022719276237,1.0,0,0,1.0,2.0,4.0,59.44595469564489,1.0,0.8928572432119036,0,,0,0,BUY,1.7882352941176471,4,0,5
PPC,2026-08-11,2.0,0.7623828007654961,5.0,0,0,5.0,2.0,2.0,41.90381535551437,5.0,0.014221858351557407,0,,0,0,SELL,3.552941176470588,2,3,5
PPCB,2026-08-11,1.0,0.9697741011772192,5.0,0,0,5.0,2.0,3.0,45.78479620216506,5.0,0.000962511111775364,0,,0,0,HOLD,3.2470588235294118,2,3,5
PPG,2026-08-11,3.0,0.507473454395772,3.0,0,0,4.0,2.0,3.0,50.612804751180576,2.0,0.643802342618338,0,,0,0,HOLD,2.7647058823529416,2,1,5
PPHC,2026-08-11,3.0,0.48133591836592143,,0,0,4.0,4.0,4.0,61.53602175915405,3.0,0.5514403655568657,0,,0,0,HOLD,3.3947368421052633,0,2,4
PPIH,2026-08-11,3.0,0.5469311717908525,5.0,0,0,4.0,3.0,3.0,53.28953728691688,4.0,0.29548981778443817,0,,0,0,SELL,3.623529411764706,0,3,5
PPL,2026-08-11,3.0,0.5058342815429873,5.0,0,0,3.0,3.0,3.0,48.125700818041175,4.0,0.3968723235024908,0,,0,0,HOLD,3.4470588235294124,0,2,5
PPLI,2026-08-11,,,3.0,0,0,2.0,3.0,2.0,37.84488840407694,3.0,0.5341614465333402,0,,0,0,HOLD,2.745762711864407,1,0,4
PPSI,2026-08-11,2.0,0.7123754081894212,5.0,0,1,4.0,3.0,2.0,36.43742629773249,5.0,0.14016178274888008,0,,0,0,SELL,3.552941176470589,1,3,5
PPT,2026-08-11,,,4.0,0,0,3.0,,4.0,65.24884139172924,2.0,0.686383876085649,0,,0,0,HOLD,2.7500000000000004,1,1,3
PPTA,2026-08-11,4.0,0.30766783328030545,4.0,0,0,3.0,4.0,5.0,70.80978581360009,3.0,0.42285570199885925,0,,0,0,SELL,3.5882352941176467,0,3,5
PR,2026-08-11,3.0,0.5748354069399964,1.0,0,0,1.0,3.0,4.0,60.420857600223435,1.0,0.9177432724134527,0,,0,0,BUY,1.964705882352941,3,0,5
PRAA,2026-08-11,1.0,0.8600117635598586,1.0,0,0,2.0,3.0,4.0,56.15063447815531,2.0,0.6977138140336614,0,,0,0,BUY,1.7647058823529411,4,0,5
PRAX,2026-08-11,5.0,0.15844734330257715,1.0,0,0,1.0,4.0,4.0,65.09393893541284,1.0,0.9879682965274419,0,,0,0,HOLD,2.7529411764705882,3,2,5
PRCH,2026-08-11,4.0,0.3516794819910967,1.0,0,0,2.0,2.0,4.0,61.56835906033604,2.0,0.7428796880700519,0,,0,0,HOLD,2.5058823529411764,4,1,5
PRCT,2026-08-11,4.0,0.3409113449162277,4.0,0,0,5.0,4.0,4.0,65.46275994120542,4.0,0.23473893184338507,1,1.0,0,0,SELL,3.8764705882352946,0,5,5
PRDO,2026-08-11,3.0,0.5737295965616013,4.0,0,0,3.0,1.0,2.0,43.3409810213659,4.0,0.367154309206946,0,,0,0,HOLD,2.988235294117647,1,2,5
PRFX,2026-08-11,1.0,0.9713649379573657,5.0,0,0,5.0,,2.0,43.45438875897262,5.0,0.00848144040472974,0,,0,0,SELL,3.5142857142857147,1,3,4
PRG,2026-08-11,1.0,0.8298379408960915,2.0,0,0,2.0,2.0,2.0,41.91319949324644,2.0,0.7249844535003223,0,,0,0,STRONG BUY,1.6941176470588235,5,0,5
PRGO,2026-08-11,1.0,0.8773870208022256,2.0,0,0,4.0,3.0,4.0,66.24840385865768,4.0,0.26517990743634695,0,,0,0,HOLD,2.694117647058824,2,2,5
PRGS,2026-08-11,3.0,0.4525891328797613,2.0,0,0,3.0,2.0,4.0,64.46702357939904,1.0,0.8216254114198521,0,,0,0,BUY,2.2470588235294118,3,0,5
PRHI,2026-08-11,4.0,0.36256318855686365,4.0,0,0,4.0,5.0,2.0,39.561228890711185,5.0,0.11336407753688517,1,1.0,0,0,SELL,4.111764705882353,0,5,5
PRI,2026-08-11,3.0,0.436293634430164,1.0,0,0,2.0,1.0,3.0,53.69552221162899,1.0,0.8519687597569872,0,,0,0,BUY,1.7882352941176471,4,0,5
PRIM,2026-08-11,2.0,0.6207969257392051,5.0,0,0,5.0,2.0,2.0,43.72881286997696,5.0,0.055432707023388046,0,,0,0,SELL,3.552941176470588,2,3,5
PRK,2026-08-11,2.0,0.5972354623450906,1.0,0,0,2.0,1.0,4.0,60.30888292011997,1.0,0.8773238916062649,0,,0,0,STRONG BUY,1.4823529411764707,5,0,5
PRKS,2026-08-11,2.0,0.7326024785510009,2.0,0,0,3.0,2.0,3.0,45.2513498259266,3.0,0.5682888462471867,0,,0,0,BUY,2.4117647058823533,3,0,5
PRLB,2026-08-11,4.0,0.299022633474985,1.0,0,0,1.0,1.0,4.0,68.74752747857548,1.0,1.0,0,,0,0,BUY,1.9176470588235293,4,1,5
PRLD,2026-08-11,,,1.0,0,0,1.0,3.0,4.0,68.87839158937255,1.0,1.0,0,,0,0,STRONG BUY,1.5084745762711864,3,0,4
PRM,2026-08-11,5.0,0.2274395274643365,1.0,0,0,1.0,3.0,3.0,50.42494073384058,1.0,0.8294942966262469,0,,0,0,HOLD,2.5764705882352934,3,1,5
PRMB,2026-08-11,3.0,0.4705024306313386,3.0,0,0,3.0,2.0,3.0,48.523172839314405,1.0,0.8264189860239123,0,,0,0,BUY,2.3529411764705883,2,0,5
PRME,2026-08-11,5.0,0.06635945567577663,5.0,0,0,4.0,4.0,3.0,51.988134726305994,5.0,0.13350125127714585,0,,0,0,STRONG SELL,4.647058823529412,0,5,5
PROF,2026-08-11,4.0,0.305295238565513,1.0,0,0,2.0,4.0,3.0,45.23961900727272,2.0,0.66736406598868,0,,0,0,HOLD,2.8588235294117643,3,2,5
PROV,2026-08-11,2.0,0.7543535282517572,1.0,0,0,2.0,2.0,5.0,73.64672482257252,1.0,1.0,0,,0,0,STRONG BUY,1.6588235294117648,5,0,5
PRPL,2026-08-11,2.0,0.7264061010486177,1.0,1,0,1.0,3.0,4.0,57.05942872062572,2.0,0.7110148063450606,0,,0,0,BUY,1.8941176470588237,4,0,5
PRPO,2026-08-11,3.0,0.5104928944393633,5.0,0,0,2.0,2.0,2.0,44.63426319597896,3.0,0.46042007379293043,0,,0,0,HOLD,2.8588235294117648,2,1,5
PRQR,2026-08-11,,,2.0,0,0,2.0,,4.0,57.58646517705616,4.0,0.3214285587575156,0,,0,0,HOLD,2.9090909090909096,2,1,3
PRSU,2026-08-11,3.0,0.4303507324054799,2.0,0,0,2.0,3.0,2.0,31.99261859002685,3.0,0.5850569515403067,0,,0,0,HOLD,2.7176470588235295,2,0,5
PRTA,2026-08-11,4.0,0.35264289809654004,4.0,0,0,3.0,5.0,4.0,59.010125917206224,3.0,0.41939542817691833,0,,0,0,SELL,3.764705882352941,0,3,5
PRTH,2026-08-11,1.0,0.887791129233738,4.0,0,0,4.0,2.0,1.0,28.948049771602555,5.0,0.1477572237361206,0,,0,0,HOLD,2.964705882352941,2,3,5
PRTS,2026-08-11,1.0,0.8888614390403375,4.0,0,0,4.0,4.0,4.0,59.11325249399672,4.0,0.3213333334181044,0,,0,0,HOLD,3.0823529411764707,1,4,5
PRU,2026-08-11,1.0,0.809818875119161,1.0,0,0,2.0,1.0,4.0,62.98919907015499,1.0,0.9602014597667041,1,1.0,0,0,STRONG BUY,1.0,5,0,5
PRVA,2026-08-11,4.0,0.2674792330369135,3.0,0,0,3.0,2.0,1.0,29.574943775607935,4.0,0.24628710271143303,0,,0,0,HOLD,3.364705882352941,1,2,5
PS,2026-08-11,,,,0,0,,,4.0,66.2425699991979,3.0,0.5420197254003132,0,,0,0,,,0,0,1
PSA,2026-08-11,5.0,0.2038214543213482,1.0,0,0,2.0,3.0,3.0,54.328279687296536,1.0,0.9447960746376953,0,,0,0,HOLD,2.7529411764705882,3,1,5
PSBD,2026-08-11,1.0,0.8661842694016624,4.0,0,0,4.0,3.0,4.0,61.48232682626359,4.0,0.3694066530199349,0,,0,0,HOLD,2.905882352941177,1,3,5
PSEC,2026-08-11,1.0,0.9373210308622336,4.0,0,0,4.0,3.0,4.0,57.36626771720559,4.0,0.3388228428805885,1,1.0,0,0,HOLD,2.605882352941177,1,3,5
PSFE,2026-08-11,1.0,0.9322303531657652,4.0,0,0,4.0,,2.0,35.68513385611398,5.0,0.10380618346141755,0,,0,0,HOLD,3.1714285714285713,1,3,4
PSHG,2026-08-11,1.0,0.975501113585746,3.0,0,0,4.0,,4.0,55.4368856744166,5.0,0.17582414559358564,0,,0,0,HOLD,3.0428571428571427,1,2,4
PSIG,2026-08-11,,,5.0,0,1,5.0,,1.0,21.356212468032666,5.0,0.0,0,,0,0,STRONG SELL,5.0,0,3,3
PSIX,2026-08-11,3.0,0.5196515699490863,4.0,0,0,5.0,2.0,4.0,63.197598380185084,5.0,0.17705336672481398,0,,0,0,SELL,3.7529411764705882,1,3,5
PSMT,2026-08-11,3.0,0.4777033986705911,2.0,0,0,2.0,3.0,2.0,35.35668686945499,2.0,0.7158762880037884,0,,0,0,BUY,2.482352941176471,3,0,5
PSN,2026-08-11,1.0,0.7768899058039801,5.0,0,0,5.0,3.0,2.0,44.229397772824335,5.0,0.15928117301665348,0,,0,0,HOLD,3.423529411764706,1,3,5
PSNL,2026-08-11,5.0,0.16552048931034383,1.0,0,0,1.0,4.0,4.0,58.66906664798557,1.0,0.8538530005221134,1,1.0,0,0,BUY,2.4529411764705884,3,2,5
PSO,2026-08-11,,,1.0,0,0,2.0,,2.0,44.73074664115331,2.0,0.7515254149709613,0,,0,0,BUY,1.7954545454545454,3,0,3
PSQH,2026-08-11,,,5.0,0,0,5.0,4.0,2.0,42.6868479286051,5.0,0.02535750197252984,0,,0,0,STRONG SELL,4.745762711864407,0,4,4
PSTL,2026-08-11,5.0,0.18636796949475692,3.0,0,0,2.0,1.0,2.0,37.8036845830962,2.0,0.7792380821392297,0,,0,0,HOLD,2.847058823529412,3,1,5
PSUS,2026-08-11,,,,0,0,,,4.0,61.04390983322321,3.0,0.45021071785315503,0,,0,0,,,0,0,1
PSX,2026-08-11,3.0,0.5300285986653956,1.0,0,0,1.0,1.0,5.0,71.9045200785645,1.0,1.0,1,1.0,0,0,STRONG BUY,1.3117647058823527,4,0,5
PTC,2026-08-11,4.0,0.2966607883026313,3.0,0,0,4.0,1.0,5.0,71.14320473243467,4.0,0.3571977189134746,0,,0,0,HOLD,3.364705882352941,1,3,5
PTCT,2026-08-11,3.0,0.5380497043801068,4.0,0,0,2.0,2.0,2.0,44.960259814069204,2.0,0.6473512682650783,0,,0,0,HOLD,2.51764705882353,3,1,5
PTEN,2026-08-11,2.0,0.7093497261846813,2.0,0,0,1.0,3.0,4.0,59.9533117316265,2.0,0.7807265586271606,0,,0,0,BUY,2.0,4,0,5
PTGX,2026-08-11,5.0,0.10085905186127904,1.0,0,0,1.0,3.0,4.0,65.40097497868456,1.0,0.982337694044237,0,,0,0,HOLD,2.5764705882352934,3,1,5
PTHS,2026-08-11,4.0,0.36346432620505414,1.0,0,0,2.0,2.0,3.0,54.25154994060886,3.0,0.545738106331724,0,,0,0,HOLD,2.7411764705882353,3,1,5
PTN,2026-08-11,2.0,0.6897868278714604,5.0,0,0,5.0,5.0,2.0,34.26969341363166,5.0,0.09090909859846247,0,,0,0,SELL,4.08235294117647,1,4,5
PTON,2026-08-11,5.0,0.23260247855100097,3.0,0,0,3.0,1.0,2.0,41.33919246881971,4.0,0.36200377611765133,0,,0,0,HOLD,3.494117647058823,1,2,5
PTRN,2026-08-11,,,2.0,0,0,1.0,2.0,2.0,43.597073381709464,2.0,0.6456334857639673,0,,0,0,STRONG BUY,1.745762711864407,4,0,4
PTY,2026-08-11,,,4.0,0,0,4.0,,4.0,55.51381108698142,4.0,0.2990547293075784,0,,0,0,SELL,4.0,0,3,3
PUK,2026-08-11,,,4.0,0,0,4.0,,2.0,41.02618056648795,4.0,0.3033929272526329,0,,0,0,SELL,4.0,0,3,3
PULM,2026-08-11,2.0,0.690572073599645,4.0,0,0,5.0,4.0,2.0,43.395995452966844,5.0,0.09749999642372131,0,,0,0,SELL,3.8000000000000003,1,4,5
PUMP,2026-08-11,2.0,0.6154866341858538,4.0,0,0,2.0,3.0,3.0,45.939721782223636,3.0,0.5255847694595298,0,,0,0,HOLD,2.623529411764706,2,1,5
PURR,2026-08-11,2.0,0.7441934457524658,,0,0,1.0,,2.0,44.803229195660805,3.0,0.44663274518774687,0,,0,0,BUY,2.081967213114754,2,0,3
PUSA,2026-08-11,4.0,0.3668169459988875,5.0,0,0,4.0,4.0,3.0,51.80766585279912,4.0,0.25495262739940777,0,,0,0,SELL,4.105882352941177,0,5,5
PVH,2026-08-11,5.0,0.04242135367016206,1.0,0,0,2.0,3.0,4.0,55.163444176394506,2.0,0.6516461312656309,0,,0,0,HOLD,2.988235294117647,3,1,5
PVLA,2026-08-11,5.0,0.0994739408474336,1.0,0,0,1.0,4.0,4.0,58.102699479847914,1.0,0.9914698823978122,1,2.0,0,0,BUY,2.4529411764705884,3,2,5
PW,2026-08-11,5.0,0.17245743098058758,4.0,0,0,4.0,4.0,2.0,42.29559573624096,4.0,0.2543859711497627,0,,0,0,STRONG SELL,4.305882352941177,0,5,5
PWCM,2026-08-11,2.0,0.6144151132976206,5.0,0,0,5.0,4.0,1.0,26.40634378749843,5.0,0.0004936641665161495,0,,0,0,SELL,3.905882352941177,1,4,5
PWR,2026-08-11,5.0,0.2306895608265495,3.0,0,0,1.0,3.0,3.0,51.38372276217625,2.0,0.7114812160029041,0,,0,0,HOLD,3.023529411764706,2,1,5
PWRL,2026-08-11,,,,0,0,,,2.0,44.40015159996599,,,0,,0,0,,,0,0,0
PXED,2026-08-11,4.0,0.38402799872733057,4.0,1,0,3.0,,2.0,36.10588359340055,5.0,0.08233891695305372,0,,0,0,SELL,4.071428571428572,0,3,4
PXLW,2026-08-11,3.0,0.4908850620405348,2.0,1,0,4.0,3.0,4.0,55.144900323546715,5.0,0.14244466852885584,0,,0,0,SELL,3.5411764705882356,1,2,5
PXS,2026-08-11,1.0,0.9051861279032771,1.0,0,0,1.0,,4.0,66.01607855073921,1.0,0.9490195667775796,0,,0,0,STRONG BUY,1.0,4,0,4
PYPD,2026-08-11,5.0,0.15367483296213807,3.0,0,0,2.0,,3.0,52.081787378525505,2.0,0.6419753304452306,0,,0,0,HOLD,3.242857142857143,2,1,4
PYPL,2026-08-11,3.0,0.5723614541923252,2.0,0,0,3.0,1.0,4.0,69.82530409077708,3.0,0.5470718472351589,0,,0,0,HOLD,2.5411764705882356,2,0,5
PYXS,2026-08-11,5.0,0.2147650949413948,1.0,1,0,1.0,4.0,3.0,45.6216245795196,4.0,0.3569767483122738,0,,0,0,HOLD,3.458823529411765,2,3,5
PZG,2026-08-11,5.0,0.18117564233053488,2.0,0,0,3.0,5.0,5.0,73.66789196743643,3.0,0.44029846209641393,0,,0,0,SELL,3.858823529411765,1,2,5
PZZA,2026-08-11,1.0,0.7665844163119868,5.0,0,0,5.0,3.0,1.0,24.866179636991063,5.0,0.016836266044428533,0,,0,0,HOLD,3.423529411764706,1,3,5
Q,2026-08-11,5.0,0.21973307912297427,,0,0,2.0,,3.0,49.72714224912919,2.0,0.6319435375728409,0,,0,0,HOLD,3.278688524590164,2,1,3
QBTS,2026-08-11,5.0,0.10932595787206385,5.0,0,0,3.0,3.0,3.0,51.17265930294903,4.0,0.22515723330797,0,,0,0,SELL,4.058823529411765,0,3,5
QCLS,2026-08-11,3.0,0.4812674839395755,5.0,0,0,5.0,3.0,2.0,40.985015568370805,5.0,0.041224959274371795,0,,0,0,SELL,4.03529411764706,0,3,5
QCOM,2026-08-11,5.0,0.21475424671821422,4.0,0,0,2.0,2.0,2.0,44.4173347182849,4.0,0.30847317276697894,0,,0,1,SELL,3.5999999999999996,2,3,5
QCRH,2026-08-11,2.0,0.6542298950337873,1.0,0,0,2.0,1.0,4.0,64.99400654947445,1.0,0.9727279266625463,0,,0,0,STRONG BUY,1.4823529411764707,5,0,5
QDEL,2026-08-11,1.0,0.9040338446276122,4.0,0,0,5.0,3.0,2.0,40.77233065713326,5.0,0.16483081867084143,1,3.0,0,0,HOLD,3.0176470588235293,1,3,5
QGEN,2026-08-11,,,2.0,0,0,4.0,,4.0,62.422828750430355,3.0,0.46997268854157215,0,,0,0,HOLD,3.136363636363637,1,1,3
QLEP,2026-08-11,,,,0,0,,,4.0,61.54426298996134,,,0,,0,0,,,0,0,0
QLYS,2026-08-11,5.0,0.17173860332367177,1.0,0,0,1.0,1.0,5.0,76.22495396233154,1.0,1.0,0,,0,0,BUY,2.223529411764706,4,1,5
QMCO,2026-08-11,3.0,0.4912990692027519,2.0,0,0,1.0,3.0,5.0,80.89544487688136,1.0,1.0,0,,0,0,BUY,2.0705882352941174,3,0,5
QMLS,2026-08-11,,,,0,0,,,1.0,4.638067253286749,,,0,,0,0,,,0,0,0
QNC,2026-08-11,,,,0,0,,,3.0,46.39233106654087,5.0,0.17567571050673358,0,,0,0,,,0,1,1
QNCX,2026-08-11,5.0,0.03658924594336621,3.0,0,0,5.0,4.0,5.0,87.50530182439802,5.0,0.0190914339489407,0,,0,0,STRONG SELL,4.6117647058823525,0,4,5
QNST,2026-08-11,3.0,0.4347707417356917,1.0,0,0,1.0,4.0,5.0,70.55838948850518,1.0,0.884816780939762,0,,0,0,BUY,2.1411764705882352,3,1,5
QQQX,2026-08-11,,,2.0,0,0,2.0,,4.0,59.10704284519991,1.0,0.9570659727132482,0,,0,0,STRONG BUY,1.5454545454545454,3,0,3
QRED,2026-08-11,5.0,0.02036271078587337,,0,0,,,4.0,68.6285629308201,1.0,1.0,0,,0,0,,,1,1,2
QRHC,2026-08-11,1.0,0.8485422274837134,4.0,0,0,5.0,4.0,4.0,56.6176322787218,4.0,0.34845158291855555,1,3.0,0,0,HOLD,2.958823529411765,1,4,5
QRVO,2026-08-11,3.0,0.47293685739389885,2.0,0,0,3.0,1.0,4.0,59.77442503503385,2.0,0.6330333054623232,0,,0,0,BUY,2.3058823529411763,3,0,5
QS,2026-08-11,1.0,0.9646834234807509,5.0,0,0,5.0,2.0,3.0,54.99741322620411,5.0,0.10291405013055242,0,,0,0,HOLD,3.2470588235294118,2,3,5
QSR,2026-08-11,4.0,0.328768793019158,2.0,0,0,3.0,2.0,3.0,48.07717979899007,2.0,0.6456324472130834,0,,0,0,HOLD,2.7882352941176474,3,1,5
QTI,2026-08-11,4.0,0.34278092770438656,5.0,0,0,5.0,2.0,2.0,41.963465021798704,5.0,0.008620687883333979,0,,0,0,SELL,4.1647058823529415,1,4,5
QTRX,2026-08-11,1.0,0.843040946451865,5.0,0,0,5.0,4.0,2.0,33.243660229856104,5.0,0.03102835845098275,0,,0,0,SELL,3.5999999999999996,1,4,5
QTTB,2026-08-11,4.0,0.3986766639573656,1.0,0,0,1.0,4.0,3.0,51.282964744795144,2.0,0.6878803736906707,0,,0,0,HOLD,2.6823529411764704,3,2,5
QTWO,2026-08-11,5.0,0.24001066013133804,2.0,0,0,3.0,2.0,5.0,70.45114146817707,3.0,0.5061684517912289,0,,0,0,HOLD,3.3294117647058825,2,1,5
QUAD,2026-08-11,2.0,0.602001906577693,1.0,0,0,1.0,1.0,4.0,60.7419827416152,1.0,0.833845814322604,0,,0,0,STRONG BUY,1.3058823529411767,5,0,5
QUBT,2026-08-11,4.0,0.3713035324580565,5.0,0,0,4.0,4.0,3.0,52.63360978892004,5.0,0.14117970444691644,0,,0,0,STRONG SELL,4.341176470588236,0,5,5
QUCY,2026-08-11,4.0,0.26796176404141003,3.0,0,0,2.0,4.0,3.0,50.945030071070654,4.0,0.32035836368177145,0,,0,0,SELL,3.5411764705882356,1,3,5
QUIK,2026-08-11,5.0,0.13055396566817487,3.0,0,0,1.0,5.0,3.0,47.69181340972788,3.0,0.48937403170119687,0,,0,0,SELL,3.6117647058823534,1,2,5
QUMS,2026-08-11,,,1.0,0,0,3.0,,5.0,74.75045727204089,1.0,0.9864861730068845,0,,0,0,STRONG BUY,1.6818181818181817,2,0,3
QURE,2026-08-11,5.0,0.057906458797327386,1.0,0,0,1.0,3.0,4.0,59.394767206555244,3.0,0.5800845340306909,0,,0,0,HOLD,3.0470588235294116,2,1,5
QVCG,2026-08-11,,,,0,0,,,,,,,0,,0,0,,,0,0,0
QXL,2026-08-11,3.0,0.5498315347934576,3.0,0,0,2.0,4.0,2.0,42.62278978275819,3.0,0.5765920718804529,1,1.0,0,0,HOLD,2.7000000000000006,1,1,5
QXO,2026-08-11,2.0,0.6940550177352887,4.0,0,0,5.0,4.0,3.0,53.60504236990911,5.0,0.16303558216486294,0,,0,0,SELL,3.8000000000000003,1,4,5
R,2026-08-11,3.0,0.5409688323181059,3.0,0,0,2.0,1.0,3.0,45.83379719597572,1.0,0.8370793042566489,0,,0,0,BUY,2.0,3,0,5
RA,2026-08-11,,,3.0,0,0,3.0,,4.0,59.63511327097352,1.0,0.9444824987719264,0,,0,0,BUY,2.090909090909091,1,0,3
RAC,2026-08-11,,,1.0,0,0,3.0,,4.0,66.88678925376303,1.0,0.9687493480755189,0,,0,0,STRONG BUY,1.6818181818181817,2,0,3
RACE,2026-08-11,,,1.0,1,0,3.0,,4.0,64.94567482337351,3.0,0.5246160706997255,0,,0,0,HOLD,2.5909090909090917,1,0,3
RAIL,2026-08-11,1.0,0.8833762503527035,5.0,0,0,5.0,2.0,2.0,38.92533740543032,5.0,0.012080556930418197,0,,0,0,HOLD,3.2470588235294118,2,3,5
RAL,2026-08-11,4.0,0.31056741919026754,1.0,0,0,1.0,4.0,4.0,61.592880189687406,1.0,0.9354379870333284,0,,0,0,BUY,2.4470588235294115,3,2,5
RAMP,2026-08-11,2.0,0.6410867492850334,1.0,0,0,1.0,2.0,3.0,54.89645885301835,1.0,0.9842848646914004,0,,0,0,STRONG BUY,1.4823529411764707,5,0,5
RAND,2026-08-11,1.0,0.8953229398663697,5.0,0,0,4.0,4.0,3.0,49.181173561119756,5.0,0.06121162995477277,0,,0,0,HOLD,3.423529411764706,1,4,5
RANG,2026-08-11,,,1.0,0,0,3.0,4.0,5.0,77.14496198604745,1.0,1.0,0,,0,0,BUY,2.2711864406779663,2,1,4
RAPP,2026-08-11,5.0,0.22208081450843142,1.0,0,0,1.0,4.0,4.0,68.31714756839338,1.0,1.0,0,,0,0,HOLD,2.7529411764705882,3,2,5
RARE,2026-08-11,4.0,0.38972076082557666,3.0,0,0,3.0,3.0,3.0,46.93241305659242,3.0,0.4587028380584968,0,,0,0,HOLD,3.3058823529411767,0,1,5
RAVE,2026-08-11,3.0,0.4534011954254671,3.0,0,0,4.0,1.0,2.0,41.732057905337676,3.0,0.5572518458782438,0,,0,0,HOLD,2.823529411764706,1,1,5
RAY,2026-08-11,1.0,0.976455615653834,5.0,0,0,5.0,,3.0,48.77658422870898,5.0,0.026701029058546294,0,,0,0,SELL,3.5142857142857147,1,3,4
RBA,2026-08-11,4.0,0.3675287936875943,4.0,0,0,4.0,2.0,1.0,27.320906351176234,5.0,0.0,1,1.0,0,0,SELL,3.5823529411764707,1,4,5
RBB,2026-08-11,3.0,0.5022776849843344,1.0,0,0,2.0,1.0,4.0,58.3276239220454,1.0,0.9324840184756424,0,,0,0,BUY,1.7882352941176471,4,0,5
RBBN,2026-08-11,1.0,0.8506302827596629,5.0,0,0,4.0,2.0,2.0,39.412035325127036,5.0,0.024886910290200747,1,1.0,0,0,HOLD,2.770588235294117,2,3,5
RBC,2026-08-11,5.0,0.21276010063107936,3.0,0,0,3.0,2.0,2.0,38.158500803086795,2.0,0.6514435508474864,0,,0,0,HOLD,3.2,2,1,5
RBKB,2026-08-11,1.0,0.7751267547689314,1.0,0,0,2.0,2.0,4.0,56.58669204184687,1.0,0.9801295699239163,0,,0,0,STRONG BUY,1.3529411764705885,5,0,5
RBLX,2026-08-11,5.0,0.15344413204198604,5.0,0,0,5.0,3.0,2.0,32.27203410884161,5.0,0.011041921420835779,1,1.0,0,0,STRONG SELL,4.347058823529412,0,4,5
RBNE,2026-08-11,1.0,0.9599109131403119,5.0,0,0,5.0,,1.0,25.27050790452924,5.0,0.0,0,,0,0,SELL,3.5142857142857147,1,3,4
RBRK,2026-08-11,,,1.0,0,0,2.0,2.0,5.0,72.79198961593312,1.0,0.9674620056073052,0,,0,0,STRONG BUY,1.5084745762711866,4,0,4
RC,2026-08-11,1.0,0.9554565701559019,4.0,0,0,4.0,3.0,4.0,67.69674495090197,5.0,0.14755933092224152,1,1.0,0,0,HOLD,2.841176470588235,1,3,5
RCAT,2026-08-11,5.0,0.22631261633477762,4.0,0,0,4.0,3.0,4.0,63.985975231825414,4.0,0.3952762610291429,0,,0,0,SELL,4.129411764705883,0,4,5
RCBC,2026-08-11,,,1.0,0,0,3.0,,4.0,57.10296705955575,1.0,0.8134471622409283,0,,0,0,STRONG BUY,1.6818181818181817,2,0,3
RCEL,2026-08-11,4.0,0.42331040064751113,1.0,0,0,1.0,4.0,5.0,80.4981565969356,1.0,1.0,1,1.0,0,0,BUY,2.1470588235294117,3,2,5
RCG,2026-08-11,,,1.0,0,0,3.0,,3.0,49.26658376944494,3.0,0.5715236339655323,1,2.0,0,0,BUY,2.290909090909092,1,0,3
RCI,2026-08-11,,,4.0,0,0,3.0,,4.0,59.5226887421458,3.0,0.44844063948406687,0,,0,0,HOLD,3.2045454545454555,0,1,3
RCKT,2026-08-11,1.0,0.7734648425071587,3.0,0,0,3.0,5.0,3.0,49.82286103668241,4.0,0.304111077614776,0,,0,0,HOLD,2.9764705882352938,1,2,5
RCKY,2026-08-11,2.0,0.670388719408197,1.0,0,0,1.0,2.0,4.0,62.9194795419372,1.0,0.8816456243021461,0,,0,0,STRONG BUY,1.4823529411764707,5,0,5
RCL,2026-08-11,3.0,0.561487130600572,1.0,0,0,4.0,1.0,3.0,48.77340575615636,3.0,0.5316328720650012,0,,0,0,HOLD,2.6117647058823525,2,1,5
RCMT,2026-08-11,4.0,0.38413687511074707,1.0,0,0,2.0,1.0,4.0,56.497850769607375,2.0,0.7839549978503739,0,,0,0,BUY,2.3294117647058825,4,1,5
RCS,2026-08-11,,,5.0,0,0,4.0,,3.0,52.960190334832006,5.0,0.12225605941974706,0,,0,0,STRONG SELL,4.659090909090909,0,3,3
RCUS,2026-08-11,5.0,0.10787835953592526,1.0,0,0,1.0,5.0,3.0,53.843646959518225,1.0,0.8968978001361422,0,,0,0,HOLD,2.929411764705882,3,2,5
RDAC,2026-08-11,,,4.0,0,0,4.0,3.0,3.0,50.96441020935752,5.0,0.10427134669955006,0,,0,0,SELL,4.084745762711864,0,3,4
RDCM,2026-08-11,2.0,0.628380528157811,5.0,0,1,4.0,,1.0,25.587761919889687,5.0,0.011419201371548764,0,,0,0,SELL,3.671428571428572,1,3,4
RDDT,2026-08-11,5.0,0.14108674928503337,5.0,0,0,3.0,1.0,2.0,43.0088736582368,4.0,0.23591060339815817,1,1.0,0,0,HOLD,3.405882352941176,1,3,5
RDN,2026-08-11,2.0,0.6316246025226583,2.0,0,0,3.0,1.0,2.0,41.32284645286931,2.0,0.6349568607117478,0,,0,0,BUY,2.0,4,0,5
RDNT,2026-08-11,4.0,0.33674439922439664,2.0,0,0,2.0,4.0,5.0,74.15743681193266,2.0,0.7669425000851025,0,,0,0,HOLD,2.9647058823529413,3,2,5
RDVT,2026-08-11,5.0,0.15854787346454632,1.0,0,0,1.0,1.0,4.0,61.20299240537169,1.0,1.0,0,,0,0,BUY,2.223529411764706,4,1,5
RDW,2026-08-11,4.0,0.36907870924237124,2.0,0,0,1.0,3.0,4.0,65.794667856416,3.0,0.4114683502649043,0,,0,0,HOLD,2.8470588235294123,2,1,5
RDWR,2026-08-11,4.0,0.33184855233853006,3.0,0,0,3.0,,3.0,49.75098918660612,2.0,0.6477380849010519,0,,0,0,HOLD,3.0857142857142863,1,1,4
RDY,2026-08-11,,,5.0,0,0,4.0,,3.0,49.450907392890805,4.0,0.2832538017413553,0,,0,0,SELL,4.204545454545455,0,3,3
RDZN,2026-08-11,3.0,0.5839740995548361,5.0,0,1,4.0,4.0,3.0,53.868969256765155,4.0,0.30564364489980994,1,1.0,0,0,SELL,3.500000000000001,0,4,5
REA,2026-08-11,4.0,0.3617562838052816,,0,0,,,4.0,58.41319683648484,4.0,0.24956801438214984,0,,0,0,,,0,2,2
REAL,2026-08-11,3.0,0.557264265479563,3.0,0,0,2.0,3.0,3.0,51.03847253989172,3.0,0.5120889521761368,0,,0,0,HOLD,2.823529411764706,1,0,5
REAX,2026-08-11,5.0,0.12663060769965,3.0,0,0,5.0,,4.0,67.83947101835311,5.0,0.18337731862456388,0,,0,0,STRONG SELL,4.742857142857143,0,3,4
REBN,2026-08-11,2.0,0.660866046135168,5.0,0,0,5.0,4.0,3.0,49.8586852893369,5.0,0.19391982123988255,0,,0,0,SELL,3.905882352941177,1,4,5
RECT,2026-08-11,1.0,0.8829144129812281,4.0,0,0,5.0,,3.0,51.11562662480414,5.0,0.04590163806278637,0,,0,0,HOLD,3.3857142857142852,1,3,4
REF,2026-08-11,,,,0,0,,,,,,,0,,0,0,,,0,0,0
REFI,2026-08-11,2.0,0.6751919603943182,5.0,0,0,4.0,4.0,3.0,45.77889351758887,5.0,0.14936519818884028,0,,0,0,SELL,3.7294117647058824,1,4,5
REG,2026-08-11,4.0,0.3841396227307033,2.0,0,0,3.0,2.0,2.0,30.044823774132624,2.0,0.6197047967259749,0,,0,0,HOLD,2.7882352941176474,3,1,5
REGN,2026-08-11,3.0,0.5657769304099142,2.0,0,0,2.0,3.0,5.0,81.44171351842112,1.0,0.9804425374866789,0,,0,0,BUY,2.2470588235294118,3,0,5
REI,2026-08-11,1.0,0.8203389695690135,2.0,0,1,2.0,4.0,4.0,64.23158009466655,3.0,0.4786324738428586,0,,0,0,BUY,2.282352941176471,3,1,5
RELL,2026-08-11,,,1.0,0,0,1.0,1.0,4.0,56.127092812971455,1.0,0.8674298135954948,0,,0,0,STRONG BUY,1.0,4,0,4
RELY,2026-08-11,4.0,0.32519008032276703,1.0,0,0,2.0,3.0,3.0,50.773538308431384,1.0,0.829206035250941,0,,0,0,BUY,2.447058823529412,3,1,5
RENX,2026-08-11,2.0,0.6316055337997951,3.0,0,0,5.0,3.0,3.0,53.57195991954429,5.0,0.018595096580714624,0,,0,0,SELL,3.5176470588235293,1,2,5
REPL,2026-08-11,5.0,0.17531021317212853,1.0,0,0,1.0,5.0,4.0,65.25495618589113,1.0,1.0,0,,0,0,HOLD,2.929411764705882,3,2,5
REPX,2026-08-11,2.0,0.6774506187108522,1.0,0,0,1.0,2.0,4.0,63.922213502062384,2.0,0.7676656798842294,0,,0,0,STRONG BUY,1.7176470588235297,5,0,5
RES,2026-08-11,3.0,0.5827113203201534,3.0,0,1,2.0,3.0,4.0,61.65038145296486,3.0,0.5693089550065157,0,,0,0,HOLD,2.823529411764706,1,0,5
REVB,2026-08-11,1.0,0.9271396754692969,3.0,0,0,5.0,3.0,4.0,56.41850762743259,5.0,0.016713092153244635,0,,0,0,HOLD,3.211764705882353,1,2,5
REX,2026-08-11,3.0,0.5219475657457979,3.0,0,0,2.0,3.0,3.0,45.8147575028468,2.0,0.6943142430550664,0,,0,0,HOLD,2.588235294117647,2,0,5
REXR,2026-08-11,4.0,0.3778948279895098,3.0,0,0,3.0,3.0,3.0,48.11477858195016,3.0,0.4242320192921651,1,3.0,0,0,HOLD,3.005882352941177,0,1,5
REYN,2026-08-11,3.0,0.5574394243632148,1.0,0,0,2.0,3.0,3.0,54.522727542979744,1.0,0.8493792388647345,1,1.0,0,0,BUY,1.8411764705882352,3,0,5
REZI,2026-08-11,1.0,0.7687781687914228,2.0,0,0,3.0,4.0,3.0,50.51698009729076,3.0,0.47442859804787635,0,,0,0,BUY,2.4588235294117653,2,1,5
RF,2026-08-11,2.0,0.7588179218303147,1.0,0,0,2.0,1.0,4.0,59.081440320806834,1.0,0.9224029792199915,0,,0,0,STRONG BUY,1.4823529411764707,5,0,5
RFAI,2026-08-11,,,1.0,0,0,3.0,3.0,4.0,60.42875051438419,1.0,0.9814810563180045,0,,0,0,BUY,2.016949152542373,2,0,4
RFI,2026-08-11,,,2.0,1,0,3.0,,2.0,44.833478793559195,2.0,0.7647434953620933,0,,0,0,BUY,2.3409090909090913,2,0,3
RFIL,2026-08-11,4.0,0.35201430598707606,3.0,0,0,2.0,1.0,2.0,42.506175027242485,3.0,0.44542586657783356,0,,0,0,HOLD,2.7764705882352945,2,1,5
RFL,2026-08-11,,,3.0,0,0,2.0,4.0,2.0,44.732874374393944,4.0,0.32064882795201216,0,,0,0,HOLD,3.338983050847458,1,2,4
RFM,2026-08-11,,,1.0,0,0,3.0,,4.0,63.81352155391902,1.0,1.0,0,,0,0,STRONG BUY,1.6818181818181817,2,0,3
RFMZ,2026-08-11,,,3.0,0,0,3.0,,3.0,54.74930882927586,1.0,0.8613961104583246,0,,0,0,BUY,2.090909090909091,1,0,3
RGA,2026-08-11,2.0,0.7545192535321934,1.0,0,0,2.0,1.0,4.0,64.03531447773881,1.0,0.9732218821249792,0,,0,0,STRONG BUY,1.4823529411764707,5,0,5
RGC,2026-08-11,5.0,0.0028635062042634426,5.0,0,0,5.0,,2.0,30.765794071514236,5.0,0.003534295143935078,0,,0,0,STRONG SELL,5.0,0,4,4
RGCO,2026-08-11,3.0,0.5576630502079991,4.0,0,0,3.0,2.0,2.0,38.34896050303957,5.0,0.17899303968957708,1,3.0,0,0,HOLD,3.1,1,2,5
RGEN,2026-08-11,5.0,0.21607082018500995,2.0,0,0,2.0,2.0,5.0,70.78412629422843,1.0,0.9252055368366541,0,,0,0,HOLD,2.682352941176471,4,1,5
RGLD,2026-08-11,4.0,0.29739389313055686,3.0,0,0,3.0,3.0,5.0,72.35182372381476,3.0,0.4934618847484155,0,,0,0,HOLD,3.3058823529411767,0,1,5
RGNT,2026-08-11,3.0,0.5144766146993318,,0,0,5.0,,2.0,41.16076250125817,5.0,0.07389163176295836,0,,0,0,SELL,4.147540983606558,0,2,3
RGNX,2026-08-11,4.0,0.2827400572855289,2.0,0,0,2.0,4.0,3.0,50.55923209044863,3.0,0.47821881139769196,0,,0,0,HOLD,3.2,2,2,5
RGP,2026-08-11,1.0,0.8682849724579509,4.0,0,0,3.0,4.0,3.0,46.02203620606252,3.0,0.4351044065375623,0,,0,0,HOLD,2.670588235294118,1,2,5
RGR,2026-08-11,3.0,0.5804772343090319,4.0,0,0,3.0,4.0,2.0,44.821766383848214,3.0,0.47966705288520783,0,,0,0,HOLD,3.282352941176471,0,2,5
RGS,2026-08-11,1.0,0.9340951197413387,1.0,0,0,2.0,3.0,4.0,55.9308502998249,1.0,0.8260133997683473,0,,0,0,STRONG BUY,1.5294117647058825,4,0,5
RGT,2026-08-11,,,1.0,0,0,3.0,,4.0,62.31178794818367,1.0,0.9246800516463227,0,,0,0,STRONG BUY,1.6818181818181817,2,0,3
RGTI,2026-08-11,5.0,0.06870682323955875,5.0,0,0,3.0,3.0,4.0,56.865037135254454,5.0,0.11866944344542328,0,,0,0,STRONG SELL,4.294117647058824,0,3,5
RH,2026-08-11,4.0,0.3327738082348801,1.0,1,0,4.0,2.0,4.0,55.11325629782118,3.0,0.5196525524618203,0,,0,0,HOLD,3.0941176470588236,2,2,5
RHI,2026-08-11,3.0,0.5115337058798163,1.0,0,0,1.0,3.0,4.0,61.9594076406486,1.0,0.9690931998608778,0,,0,0,BUY,1.964705882352941,3,0,5
RHLD,2026-08-11,3.0,0.5418858761634966,4.0,0,0,3.0,2.0,3.0,48.6408860847344,3.0,0.4514210822074155,1,2.0,0,0,HOLD,2.6294117647058823,1,1,5
RHP,2026-08-11,4.0,0.28374885400061944,2.0,0,0,2.0,3.0,2.0,39.02471301860454,2.0,0.7305878202172951,1,1.0,0,0,BUY,2.4882352941176475,3,1,5
RICK,2026-08-11,2.0,0.7611961062164696,2.0,0,0,3.0,1.0,4.0,58.90371759104781,3.0,0.4037799278822269,0,,0,0,BUY,2.235294117647059,3,0,5
RIG,2026-08-11,2.0,0.7406595492531055,2.0,0,0,2.0,3.0,4.0,64.78577307129136,2.0,0.6370292585985188,0,,0,0,BUY,2.176470588235294,4,0,5
RIGL,2026-08-11,2.0,0.5982518779198139,1.0,1,0,2.0,3.0,4.0,59.770118197403946,2.0,0.6183386200227222,0,,0,0,BUY,2.070588235294118,4,0,5
RILY,2026-08-11,2.0,0.7349878504056013,3.0,0,0,2.0,4.0,3.0,48.949678081630445,3.0,0.5129310045091597,0,,0,0,HOLD,2.6941176470588237,2,1,5
RIO,2026-08-11,,,2.0,0,0,2.0,,4.0,61.366473647528046,2.0,0.7915495335721126,0,,0,0,BUY,2.0,3,0,3
RIOT,2026-08-11,4.0,0.2684437065210634,3.0,0,0,1.0,4.0,2.0,44.42935908583774,3.0,0.5093856900145259,0,,0,0,HOLD,3.129411764705883,1,2,5
RITM,2026-08-11,1.0,0.8040006155857844,2.0,0,0,4.0,4.0,4.0,66.58744453428449,2.0,0.627862598916431,0,,0,0,BUY,2.4,3,2,5
RIV,2026-08-11,,,4.0,0,0,3.0,,4.0,58.28142622333595,1.0,0.9695697397888913,0,,0,0,BUY,2.2954545454545454,1,1,3
RJET,2026-08-11,1.0,0.8452199431024506,2.0,0,0,2.0,3.0,3.0,54.160550551865775,3.0,0.46557360646288953,0,,0,0,BUY,2.1058823529411765,3,0,5
RJF,2026-08-11,3.0,0.4996446848339142,1.0,1,0,3.0,1.0,4.0,66.81904305200914,1.0,0.9805818542690179,0,,0,0,BUY,1.964705882352941,3,0,5
RKLB,2026-08-11,5.0,0.07593711542186475,3.0,0,0,2.0,3.0,3.0,53.93576886452395,4.0,0.3732731519323879,0,,0,0,SELL,3.6705882352941175,1,2,5
RKT,2026-08-11,,,4.0,0,0,4.0,,3.0,52.32535564186134,5.0,0.15825059843277517,0,,0,0,STRONG SELL,4.454545454545455,0,3,3
RL,2026-08-11,4.0,0.4065776930409914,2.0,0,0,2.0,1.0,4.0,56.82147271861867,1.0,0.88429453114803,0,,0,0,BUY,2.1999999999999997,4,1,5
RLAY,2026-08-11,5.0,0.14903233913994024,1.0,0,0,1.0,4.0,4.0,60.19119681002357,1.0,0.951999991280692,0,,0,0,HOLD,2.7529411764705882,3,2,5
RLGT,2026-08-11,2.0,0.6854643264288085,3.0,0,0,3.0,3.0,2.0,36.18870983139889,2.0,0.6587566356688853,0,,0,0,BUY,2.4588235294117644,2,0,5
RLI,2026-08-11,3.0,0.4396863392738282,2.0,0,0,3.0,2.0,4.0,60.44217581794043,1.0,0.9276457438340234,0,,0,0,BUY,2.2470588235294118,3,0,5
RLJ,2026-08-11,2.0,0.6710255693755249,2.0,0,0,1.0,2.0,2.0,33.49939129669718,2.0,0.7515282086707284,0,,0,0,BUY,1.823529411764706,5,0,5
RLMD,2026-08-11,3.0,0.47216035634743875,4.0,0,0,1.0,3.0,1.0,27.160998665026895,3.0,0.5333698563232387,0,,0,0,HOLD,2.7529411764705882,1,1,5
RLTY,2026-08-11,,,2.0,0,0,3.0,,2.0,36.72802900314222,2.0,0.7343232374342776,0,,0,0,BUY,2.3409090909090913,2,0,3
RLYB,2026-08-11,3.0,0.4577118262711391,1.0,0,0,1.0,3.0,4.0,55.887795906143424,1.0,0.9559301295300107,0,,0,0,BUY,1.964705882352941,3,0,5
RM,2026-08-11,1.0,0.8680745645576988,4.0,0,0,4.0,3.0,2.0,32.14863459269975,5.0,0.0927258335064622,0,,0,0,HOLD,3.141176470588235,1,3,5
RMAX,2026-08-11,3.0,0.5471877979027645,1.0,0,0,1.0,1.0,4.0,69.48381166191301,1.0,1.0,0,,0,0,STRONG BUY,1.6117647058823528,4,0,5
RMBI,2026-08-11,2.0,0.7336710137990502,1.0,0,0,2.0,1.0,4.0,65.25335180425171,1.0,0.9761732746983809,1,1.0,0,0,STRONG BUY,1.1823529411764706,5,0,5
RMBS,2026-08-11,5.0,0.17189528678256993,4.0,0,0,3.0,2.0,2.0,42.9401548829477,4.0,0.25242619346792994,0,,0,0,SELL,3.7764705882352936,1,3,5
RMD,2026-08-11,4.0,0.29128653014595474,3.0,0,0,4.0,1.0,4.0,61.83217781886256,4.0,0.37963896984609924,0,,0,0,HOLD,3.364705882352941,1,3,5
RMI,2026-08-11,,,1.0,0,0,3.0,,3.0,53.476010734438844,1.0,0.9159775546838811,0,,0,0,STRONG BUY,1.6818181818181817,2,0,3
RMM,2026-08-11,,,2.0,0,0,3.0,,3.0,54.353494548172804,1.0,0.8802671560516261,0,,0,0,BUY,1.8863636363636362,2,0,3
RMMZ,2026-08-11,,,4.0,0,0,3.0,,3.0,48.34313005941936,1.0,0.8851171777377078,0,,0,0,BUY,2.2954545454545454,1,1,3
RMNI,2026-08-11,2.0,0.751606937003207,1.0,0,0,2.0,2.0,4.0,55.31900406361788,1.0,0.8966345500818246,0,,0,0,STRONG BUY,1.6588235294117648,5,0,5
RMT,2026-08-11,,,2.0,0,0,2.0,,4.0,57.33263963228091,1.0,0.9268028504303308,1,1.0,0,0,STRONG BUY,1.2454545454545454,3,0,3
RMTI,2026-08-11,5.0,0.15494750238625518,3.0,0,0,5.0,4.0,4.0,56.45902776604019,5.0,0.14343251704456528,0,,0,0,STRONG SELL,4.6117647058823525,0,4,5
RNA,2026-08-11,1.0,0.8125994272987591,,0,0,,,3.0,54.777773169933354,4.0,0.21641785733603208,0,,0,0,,,1,1,2
RNAC,2026-08-11,5.0,0.025495750708215296,2.0,0,0,3.0,5.0,3.0,52.78537396435405,3.0,0.46592840034046334,0,,0,0,SELL,3.858823529411765,1,2,5
RNAZ,2026-08-11,3.0,0.4298440979955457,5.0,0,0,5.0,2.0,1.0,29.331317412445827,5.0,0.0,0,,0,0,SELL,3.858823529411765,1,3,5
RNG,2026-08-11,5.0,0.0567206863679695,1.0,0,0,1.0,1.0,5.0,75.77273850321771,1.0,0.985791349942258,0,,0,0,BUY,2.223529411764706,4,1,5
RNGR,2026-08-11,4.0,0.32459485224022877,1.0,0,0,2.0,4.0,4.0,64.8950969405472,1.0,0.8100499431075268,0,,0,0,HOLD,2.623529411764706,3,2,5
RNR,2026-08-11,1.0,0.7671571176088519,1.0,0,0,2.0,1.0,3.0,48.70429123003499,1.0,0.8455821231235636,0,,0,0,STRONG BUY,1.1764705882352942,5,0,5
RNST,2026-08-11,2.0,0.7172021138152346,1.0,0,0,3.0,2.0,3.0,49.03293281597116,1.0,0.8892047262678873,0,,0,0,BUY,1.835294117647059,4,0,5
RNXT,2026-08-11,5.0,0.1814164123320458,2.0,0,0,3.0,4.0,5.0,70.14177163118663,2.0,0.7034595534404692,1,3.0,0,0,HOLD,3.1470588235294126,2,2,5
ROAD,2026-08-11,3.0,0.5548404872375912,3.0,0,0,4.0,3.0,4.0,62.739828522828645,3.0,0.5615287119153551,0,,0,0,HOLD,3.176470588235294,0,1,5
ROC,2026-08-11,4.0,0.303030792358914,,0,0,,4.0,2.0,41.919957355498276,5.0,0.013147417895278108,0,,0,0,STRONG SELL,4.327868852459017,0,3,3
ROCK,2026-08-11,2.0,0.5888427005865678,2.0,0,0,4.0,4.0,4.0,58.84243325688962,4.0,0.38561084287397557,1,2.0,0,0,HOLD,2.8764705882352946,2,3,5
ROG,2026-08-11,3.0,0.4996970321281882,3.0,0,0,1.0,3.0,3.0,50.41230136841451,2.0,0.6595022486864126,0,,0,0,BUY,2.411764705882353,2,0,5
ROIV,2026-08-11,5.0,0.11393573264193999,1.0,0,0,1.0,5.0,3.0,54.43125654866152,1.0,0.9360373197587248,0,,0,0,HOLD,2.929411764705882,3,2,5
ROK,2026-08-11,5.0,0.1745167047685389,3.0,0,0,2.0,2.0,3.0,45.638430881002776,2.0,0.7287103106540491,0,,0,0,HOLD,3.023529411764706,3,1,5
ROL,2026-08-11,5.0,0.2228170006745934,5.0,0,0,5.0,3.0,1.0,29.464635595483117,5.0,0.011824401525565225,0,,0,0,STRONG SELL,4.647058823529412,0,4,5
ROLR,2026-08-11,3.0,0.4460713985031833,1.0,0,0,1.0,4.0,4.0,57.56101945556693,4.0,0.23692444488052083,1,1.0,0,0,HOLD,2.547058823529412,2,2,5
ROOT,2026-08-11,4.0,0.4203650687986255,4.0,0,0,4.0,1.0,2.0,41.28028727083768,5.0,0.13574664885835255,0,,0,0,SELL,3.7058823529411766,1,4,5
ROP,2026-08-11,4.0,0.4178069527763095,2.0,0,0,3.0,2.0,4.0,63.274326818693815,4.0,0.38171310452362306,0,,0,0,HOLD,3.2588235294117647,2,2,5
ROST,2026-08-11,5.0,0.24068912731254083,1.0,0,0,1.0,2.0,4.0,68.2652257735065,1.0,0.9875759334441138,0,,0,0,BUY,2.4,4,1,5
RPC,2026-08-11,1.0,0.8808570596815957,2.0,0,0,4.0,3.0,4.0,57.550598106400386,4.0,0.367706005804986,1,3.0,0,0,BUY,2.3941176470588243,2,2,5
RPD,2026-08-11,3.0,0.44651970038097805,2.0,0,0,3.0,3.0,5.0,74.27519750384047,3.0,0.5249847868305297,0,,0,0,HOLD,2.894117647058824,1,0,5
RPM,2026-08-11,3.0,0.42669497012625446,1.0,1,0,4.0,3.0,4.0,62.938327803572584,2.0,0.7302492518426849,0,,0,0,HOLD,2.729411764705883,2,1,5
RPT,2026-08-11,1.0,0.9424117085587019,5.0,0,0,4.0,3.0,3.0,51.39584014017488,4.0,0.3313369765646243,0,,0,0,HOLD,3.011764705882354,1,3,5
RQI,2026-08-11,,,4.0,0,0,3.0,,2.0,40.59602341623301,2.0,0.6147100333751497,0,,0,0,HOLD,2.7500000000000004,1,1,3
RRBI,2026-08-11,2.0,0.5915026546165201,1.0,0,0,2.0,1.0,4.0,61.28014964922243,1.0,0.9965835825595892,1,1.0,0,0,STRONG BUY,1.1823529411764706,5,0,5
RRC,2026-08-11,3.0,0.5165017506712963,2.0,0,0,2.0,1.0,4.0,61.021636263456585,3.0,0.5435583903567903,0,,0,0,BUY,2.3647058823529417,3,0,5
RRGB,2026-08-11,1.0,0.9664103601780656,1.0,0,0,1.0,3.0,4.0,60.49238790511,1.0,0.9083419486672951,0,,0,0,STRONG BUY,1.3529411764705885,4,0,5
RRX,2026-08-11,3.0,0.5381191802366346,4.0,0,0,3.0,2.0,2.0,34.215196463359646,3.0,0.408144881328557,0,,0,0,HOLD,2.929411764705882,1,1,5
RS,2026-08-11,3.0,0.48189552911239947,1.0,0,0,2.0,3.0,4.0,65.87880872312871,1.0,0.9850354088699232,0,,0,0,BUY,2.1411764705882352,3,0,5
RSF,2026-08-11,,,3.0,0,0,3.0,,4.0,56.434806127746896,1.0,0.9794391350554316,0,,0,0,BUY,2.090909090909091,1,0,3
RSG,2026-08-11,4.0,0.2772524072070978,2.0,0,0,4.0,3.0,3.0,53.85902291843723,3.0,0.5155502068298593,0,,0,0,HOLD,3.376470588235295,1,2,5
RSI,2026-08-11,5.0,0.17409678541911813,3.0,0,0,2.0,1.0,2.0,34.6381986180548,3.0,0.514492752510357,0,,0,0,HOLD,3.0823529411764707,2,1,5
RSKD,2026-08-11,,,1.0,0,0,3.0,,4.0,57.469543362989675,1.0,0.9591194647908274,0,,0,0,STRONG BUY,1.6818181818181817,2,0,3
RSSS,2026-08-11,3.0,0.4348552404498686,5.0,0,0,4.0,3.0,2.0,33.30356177787169,5.0,0.005434906550290767,0,,0,0,SELL,3.858823529411765,0,3,5
RSVR,2026-08-11,3.0,0.43841930392528794,2.0,0,0,2.0,3.0,2.0,39.512605318122624,2.0,0.6920101890745072,0,,0,0,BUY,2.482352941176471,3,0,5
RTB,2026-08-11,3.0,0.5746661270740591,1.0,0,0,1.0,3.0,4.0,56.74893684434203,1.0,0.8600124708027055,0,,0,0,BUY,1.964705882352941,3,0,5
RTX,2026-08-11,5.0,0.2001906577693041,1.0,1,0,2.0,1.0,5.0,76.04989129873155,1.0,0.9962129356184639,0,,0,0,BUY,2.4,4,1,5
RUBI,2026-08-11,1.0,0.9847279669105949,5.0,0,0,5.0,,1.0,20.861463163173326,5.0,7.839918204446567e-07,0,,0,0,SELL,3.5142857142857147,1,3,4
RUN,2026-08-11,1.0,0.8476849643953871,5.0,0,0,5.0,3.0,2.0,42.044559483089195,5.0,0.055170417164742844,1,1.0,0,0,HOLD,3.1235294117647063,1,3,5
RVI,2026-08-11,,,,0,0,,,3.0,46.8363306985679,5.0,0.1324226838071128,1,1.0,0,0,,,0,1,1
RVLV,2026-08-11,4.0,0.38322211630123926,3.0,0,0,3.0,3.0,3.0,46.39020678573656,3.0,0.4644906838884461,0,,0,0,HOLD,3.3058823529411767,0,1,5
RVMD,2026-08-11,5.0,0.06617881005408845,1.0,0,0,1.0,5.0,4.0,65.27503169655807,1.0,0.9862425546474148,0,,0,0,HOLD,2.929411764705882,3,2,5
RVSB,2026-08-11,1.0,0.8533248488705059,4.0,0,0,3.0,3.0,3.0,45.826025154192465,3.0,0.425144657268608,1,2.0,0,0,BUY,2.1941176470588237,1,1,5
RVSN,2026-08-11,1.0,0.9182309895004772,4.0,0,0,5.0,,4.0,57.4735915277091,5.0,0.001230721773500032,0,,0,0,HOLD,3.3857142857142852,1,3,4
RVT,2026-08-11,,,1.0,0,0,2.0,,4.0,62.86916053088189,1.0,0.9918316377097035,1,1.0,0,0,STRONG BUY,1.040909090909091,3,0,3
RVTY,2026-08-11,4.0,0.4218252974427504,1.0,0,0,2.0,2.0,4.0,59.74688603390409,1.0,0.9610127392532433,0,,0,0,BUY,2.270588235294118,4,1,5
RWAY,2026-08-11,1.0,0.9075836937628242,3.0,0,0,4.0,1.0,5.0,70.3576640004028,4.0,0.3214649552988038,0,,0,0,BUY,2.447058823529412,2,2,5
RWT,2026-08-11,1.0,0.8854597518294623,5.0,0,0,4.0,4.0,3.0,45.61951152591353,5.0,0.11445213710570866,0,,0,0,HOLD,3.423529411764706,1,4,5
RXO,2026-08-11,2.0,0.6347025480626276,3.0,0,0,1.0,2.0,2.0,39.70454877460699,3.0,0.5884697631522939,1,1.0,0,0,BUY,1.8647058823529414,3,0,5
RXST,2026-08-11,2.0,0.6558683720149063,3.0,0,0,4.0,4.0,5.0,70.55973519830665,4.0,0.2735293893253102,0,,0,0,HOLD,3.282352941176471,1,3,5
RXT,2026-08-11,1.0,0.8818292189397007,3.0,0,0,1.0,3.0,3.0,48.11830521687077,3.0,0.5864344770766263,0,,0,0,BUY,2.0352941176470587,2,0,5
RY,2026-08-11,,,1.0,0,0,2.0,,4.0,55.11009892133755,1.0,0.9300013651233818,0,,0,0,STRONG BUY,1.340909090909091,3,0,3
RYAM,2026-08-11,2.0,0.6217795655444616,1.0,0,0,2.0,3.0,3.0,50.694337229240524,3.0,0.5700549417259815,0,,0,0,BUY,2.3058823529411767,3,0,5
RYAN,2026-08-11,,,3.0,0,0,4.0,2.0,3.0,51.28444402146055,3.0,0.4195263276862205,1,1.0,0,0,HOLD,2.7000000000000006,1,1,4
RYET,2026-08-11,5.0,0.1759465478841871,2.0,0,0,4.0,,4.0,58.367318646302564,4.0,0.3915908682974407,0,,0,0,SELL,4.114285714285715,1,3,4
RYM,2026-08-11,2.0,0.6160124316857208,4.0,0,0,3.0,3.0,3.0,47.48057911697815,5.0,0.19717886419563124,0,,0,0,HOLD,3.2705882352941176,1,2,5
RYN,2026-08-11,3.0,0.5246879937427092,3.0,0,0,4.0,3.0,3.0,48.161767932425214,3.0,0.41854005217856355,0,,0,0,HOLD,3.176470588235294,0,1,5
RYOJ,2026-08-11,5.0,0.1234489341393573,1.0,1,0,1.0,,4.0,59.142854491727206,3.0,0.4383548318774095,0,,0,0,HOLD,3.0571428571428574,2,1,4
RYTM,2026-08-11,5.0,0.050704785627543374,1.0,1,0,2.0,3.0,4.0,61.05560445544847,1.0,0.9148324179885778,0,,0,0,HOLD,2.7529411764705882,3,1,5
RYZ,2026-08-11,,,1.0,0,0,3.0,3.0,3.0,50.00719925821461,2.0,0.7399282862252191,0,,0,0,BUY,2.3559322033898304,2,0,4
RZLT,2026-08-11,4.0,0.3079860006363347,2.0,1,0,3.0,4.0,3.0,47.68055825412344,4.0,0.3432914413462093,1,1.0,0,0,HOLD,3.3117647058823536,1,3,5
RZLV,2026-08-11,,,4.0,0,0,3.0,,4.0,61.717814631643115,5.0,0.11131057801227552,0,,0,0,SELL,4.113636363636364,0,2,3
S,2026-08-11,,,1.0,0,0,1.0,3.0,5.0,74.86242486028547,1.0,1.0,0,,0,0,STRONG BUY,1.5084745762711864,3,0,4
SA,2026-08-11,,,3.0,0,0,2.0,,4.0,67.63453910321635,2.0,0.6754491184647259,0,,0,0,BUY,2.2045454545454546,2,0,3
SABA,2026-08-11,,,4.0,0,0,3.0,,3.0,52.937557242530474,2.0,0.6941197446929545,0,,0,0,HOLD,2.7500000000000004,1,1,3
SABR,2026-08-11,1.0,0.9410600845442915,1.0,0,0,2.0,3.0,3.0,52.09405620482374,1.0,0.8031645874970832,1,2.0,0,0,STRONG BUY,1.2294117647058824,4,0,5
SABS,2026-08-11,2.0,0.6302895322939867,4.0,0,1,3.0,4.0,3.0,52.154766436055375,2.0,0.6799241539956379,0,,0,0,HOLD,2.7411764705882353,2,2,5
SAFE,2026-08-11,2.0,0.7385975749476117,2.0,0,0,3.0,3.0,2.0,42.69340935282027,2.0,0.6675667535637355,0,,0,0,BUY,2.3529411764705883,3,0,5
SAFT,2026-08-11,2.0,0.6916110581506196,1.0,1,0,1.0,1.0,5.0,85.30778845957177,1.0,1.0,0,,0,0,STRONG BUY,1.3058823529411767,5,0,5
SAH,2026-08-11,3.0,0.4547187797902765,2.0,0,0,2.0,3.0,2.0,38.71227423829027,3.0,0.43362677378168535,1,1.0,0,0,BUY,2.4176470588235297,2,0,5
SAIA,2026-08-11,4.0,0.3788247397017994,4.0,0,0,3.0,3.0,2.0,33.440035229115765,3.0,0.4467244509599155,0,,0,0,HOLD,3.411764705882353,0,2,5
SAIC,2026-08-11,3.0,0.5545320847810723,1.0,0,0,2.0,3.0,4.0,66.9225917599498,1.0,0.9826303509455395,0,,0,0,BUY,2.1411764705882352,3,0,5
SAIL,2026-08-11,4.0,0.42391132716013735,2.0,0,0,3.0,2.0,4.0,68.14881872971552,2.0,0.6286149629039544,0,,0,0,HOLD,2.7882352941176474,3,1,5
SAM,2026-08-11,2.0,0.613441372735939,4.0,0,0,5.0,1.0,3.0,45.66966017667826,5.0,0.16590886630280122,0,,0,0,HOLD,3.2705882352941176,2,3,5
SAMG,2026-08-11,2.0,0.611534795042898,5.0,0,0,5.0,1.0,3.0,46.77452699816233,5.0,0.054556352805991165,0,,0,0,HOLD,3.376470588235294,2,3,5
SAN,2026-08-11,,,1.0,0,0,2.0,,4.0,64.1280656332074,1.0,1.0,0,,0,0,STRONG BUY,1.340909090909091,3,0,3
SANA,2026-08-11,5.0,0.1714922048997773,4.0,0,0,3.0,5.0,4.0,59.51110278421161,4.0,0.28703698321025467,0,,0,0,STRONG SELL,4.305882352941176,0,4,5
SANG,2026-08-11,,,3.0,0,0,4.0,,3.0,53.11626889584129,4.0,0.22900760719099586,0,,0,0,SELL,3.795454545454546,0,2,3
SANM,2026-08-11,4.0,0.39741234298472017,3.0,0,0,1.0,2.0,3.0,48.081991518276816,3.0,0.5328981553621673,0,,0,0,HOLD,2.776470588235294,2,1,5
SAP,2026-08-11,,,2.0,0,0,4.0,,5.0,76.12512651823982,3.0,0.45861769409916103,0,,0,0,HOLD,3.136363636363637,1,1,3
SAR,2026-08-11,1.0,0.8472171613807176,5.0,0,0,4.0,3.0,3.0,49.62867060954326,3.0,0.41043223009532176,0,,0,0,HOLD,2.776470588235294,1,2,5
SARO,2026-08-11,3.0,0.45756255163239573,2.0,0,0,4.0,1.0,3.0,46.2848453180419,3.0,0.4384180598575674,1,1.0,0,0,BUY,2.4176470588235297,2,1,5
SB,2026-08-11,1.0,0.811326757874642,1.0,0,0,1.0,,3.0,49.33442847444147,1.0,0.8410198040224777,0,,0,0,STRONG BUY,1.0,4,0,4
SBC,2026-08-11,2.0,0.6793788779494367,3.0,0,0,5.0,3.0,4.0,56.37790090766959,5.0,0.1556604622351698,0,,0,0,SELL,3.5176470588235293,1,2,5
SBCF,2026-08-11,2.0,0.644793214502675,1.0,1,0,2.0,2.0,4.0,65.34431185693634,1.0,0.9965150086149962,1,1.0,0,0,STRONG BUY,1.3588235294117648,5,0,5
SBET,2026-08-11,3.0,0.4690301933794492,3.0,0,0,5.0,4.0,3.0,51.253277542937326,5.0,0.08175106269168583,0,,0,0,SELL,4.000000000000001,0,3,5
SBFG,2026-08-11,1.0,0.9365890755063787,1.0,0,0,2.0,1.0,4.0,58.15082412638544,1.0,0.9410356262037943,1,1.0,0,0,STRONG BUY,1.0,5,0,5
SBFM,2026-08-11,1.0,0.9534349843604227,5.0,0,0,5.0,3.0,1.0,29.38764308027153,5.0,0.002640425667013316,0,,0,0,HOLD,3.423529411764706,1,3,5
SBH,2026-08-11,2.0,0.7294176008262696,2.0,0,0,2.0,1.0,4.0,67.9581745288057,1.0,1.0,0,,0,0,STRONG BUY,1.588235294117647,5,0,5
SBI,2026-08-11,,,5.0,0,0,3.0,,2.0,43.72484920836448,2.0,0.7304445304820117,0,,0,0,HOLD,2.9545454545454546,1,1,3
SBLK,2026-08-11,,,1.0,0,0,2.0,,3.0,50.54831778068288,1.0,0.8755186442247912,0,,0,0,STRONG BUY,1.340909090909091,3,0,3
SBMT,2026-08-11,4.0,0.3238943684377983,,0,0,,,3.0,49.903546067485415,5.0,0.1543478375797238,0,,0,0,,,0,2,2
SBR,2026-08-11,,,4.0,0,0,3.0,,3.0,51.35826552709795,2.0,0.6400612344743778,0,,0,0,HOLD,2.7500000000000004,1,1,3
SBRA,2026-08-11,4.0,0.36468086871902056,1.0,0,0,3.0,2.0,2.0,42.07600919492248,2.0,0.6075722138608761,0,,0,0,HOLD,2.6823529411764704,3,1,5
SBSI,2026-08-11,2.0,0.7445185891325071,3.0,0,0,3.0,3.0,2.0,41.790267878854394,2.0,0.6826959303979567,0,,0,0,BUY,2.4588235294117644,2,0,5
SBSW,2026-08-11,,,4.0,0,0,4.0,,4.0,68.00762914001675,4.0,0.2615300972976068,1,4.0,0,0,SELL,3.7,0,3,3
SBUX,2026-08-11,4.0,0.3625032252337436,1.0,0,0,3.0,3.0,4.0,56.64902595172686,1.0,0.9392161971008554,0,,0,0,HOLD,2.6235294117647054,2,1,5
SBXD,2026-08-11,,,2.0,0,0,3.0,4.0,2.0,44.64343960954846,1.0,0.810516398267601,0,,0,0,BUY,2.4237288135593222,2,1,4
SCCO,2026-08-11,4.0,0.25691134413727357,1.0,0,0,2.0,,4.0,59.70474789415631,1.0,0.8555151753871912,0,,0,0,BUY,2.3285714285714287,3,1,4
SCD,2026-08-11,,,2.0,0,0,3.0,,4.0,62.58748504722341,1.0,0.9942557636832354,0,,0,0,BUY,1.8863636363636362,2,0,3
SCHL,2026-08-11,2.0,0.7617534740621769,3.0,0,0,2.0,1.0,2.0,44.18488878658569,2.0,0.7527401745444368,0,,0,0,BUY,1.9294117647058824,4,0,5
SCHW,2026-08-11,3.0,0.46711153479504286,1.0,1,0,3.0,1.0,4.0,67.94331943850784,1.0,0.9805913168261985,0,,0,0,BUY,1.964705882352941,3,0,5
SCI,2026-08-11,4.0,0.343954791107198,2.0,0,0,3.0,2.0,4.0,58.942691141673066,1.0,0.815624046137146,0,,0,0,HOLD,2.552941176470588,3,1,5
SCKT,2026-08-11,3.0,0.5679712735855932,3.0,0,0,2.0,4.0,4.0,64.40691361599698,3.0,0.5603447998274069,0,,0,0,HOLD,3.0000000000000004,1,1,5
SCL,2026-08-11,4.0,0.3217349857006673,1.0,0,0,3.0,3.0,5.0,70.15194771412163,1.0,0.9759239922364908,0,,0,0,HOLD,2.6235294117647054,2,1,5
SCLX,2026-08-11,3.0,0.5872116552003237,4.0,0,0,3.0,3.0,3.0,45.24130984374196,4.0,0.20367272556985627,0,,0,0,HOLD,3.341176470588236,0,2,5
SCM,2026-08-11,1.0,0.8761964638703751,4.0,0,0,4.0,5.0,4.0,68.35347082955685,4.0,0.30408845617814756,1,3.0,0,0,HOLD,2.958823529411765,1,4,5
SCOR,2026-08-11,1.0,0.8584379788545218,4.0,1,0,3.0,3.0,3.0,49.11284996395541,3.0,0.4040485621544065,0,,0,0,BUY,2.4941176470588236,1,1,5
SCSC,2026-08-11,1.0,0.7764578671851387,1.0,0,0,2.0,2.0,2.0,41.5974460584915,2.0,0.7363932516112138,1,1.0,0,0,STRONG BUY,1.2882352941176471,5,0,5
SCTX,2026-08-11,,,,0,0,,,,,,,0,,0,0,,,0,0,0
SCWO,2026-08-11,5.0,0.07660885729900366,4.0,0,0,4.0,4.0,4.0,57.95736870173944,5.0,0.11068700813940098,0,,0,0,STRONG SELL,4.541176470588235,0,5,5
SCYX,2026-08-11,2.0,0.7063067413482733,3.0,0,0,5.0,3.0,4.0,55.06915201221112,4.0,0.22231689015397413,0,,0,0,HOLD,3.2823529411764714,1,2,5
SCZM,2026-08-11,,,2.0,0,0,3.0,,5.0,74.36005510592251,3.0,0.43298971625598576,0,,0,0,HOLD,2.795454545454546,1,0,3
SD,2026-08-11,2.0,0.6644792784503252,4.0,0,0,3.0,1.0,4.0,57.18900083536834,3.0,0.5532026225442448,0,,0,0,BUY,2.447058823529412,2,1,5
SDEV,2026-08-11,1.0,0.9325485205217945,5.0,0,0,5.0,4.0,2.0,41.69200584541808,5.0,0.0007380850967856187,0,,0,0,SELL,3.5999999999999996,1,4,5
SDGR,2026-08-11,4.0,0.3375211411319856,1.0,1,0,2.0,3.0,5.0,76.39969272984418,2.0,0.6820959777768079,0,,0,0,HOLD,2.6823529411764704,3,1,5
SDHC,2026-08-11,1.0,0.8141086749285034,3.0,0,0,4.0,5.0,3.0,48.394755869401735,4.0,0.3264134094026224,1,4.0,0,0,HOLD,2.8529411764705888,1,3,5
SDHY,2026-08-11,,,3.0,0,0,3.0,,4.0,63.313664386637655,1.0,1.0,0,,0,0,BUY,2.090909090909091,1,0,3
SDOT,2026-08-11,1.0,0.9157793322583793,5.0,0,0,5.0,3.0,2.0,42.81466650175662,5.0,0.044403806400518525,0,,0,0,HOLD,3.423529411764706,1,3,5
SDRL,2026-08-11,1.0,0.9285033365109628,1.0,0,0,2.0,4.0,4.0,62.433292455037254,2.0,0.7056817965895017,0,,0,0,BUY,1.9411764705882355,4,1,5
SEB,2026-08-11,1.0,0.8797330551481798,5.0,0,1,4.0,2.0,1.0,27.83223868951417,4.0,0.35280040017160386,0,,0,0,HOLD,2.835294117647059,2,3,5
SECZ,2026-08-11,,,,0,0,,,1.0,28.704151733615603,,,0,,0,0,,,0,0,0
SEDG,2026-08-11,4.0,0.4158822410143232,4.0,0,0,3.0,2.0,2.0,35.365994736448144,5.0,0.15799289154217047,0,,0,0,SELL,3.7058823529411766,1,3,5
SEED,2026-08-11,,,4.0,0,0,4.0,,3.0,51.32515053356116,5.0,0.11009169545962974,0,,0,0,STRONG SELL,4.454545454545455,0,3,3
SEG,2026-08-11,2.0,0.6538412086857461,1.0,0,0,2.0,3.0,5.0,77.05477295650276,1.0,1.0,0,,0,0,BUY,1.835294117647059,4,0,5
SEGG,2026-08-11,3.0,0.5148586269522876,5.0,0,0,5.0,4.0,1.0,25.533995990947716,5.0,0.0,0,,0,0,SELL,4.211764705882353,0,4,5
SEI,2026-08-11,,,4.0,0,0,2.0,2.0,3.0,48.55290584101669,3.0,0.5902763897439177,0,,0,0,HOLD,2.6440677966101696,2,1,4
SEIC,2026-08-11,4.0,0.3199974360138866,1.0,0,0,2.0,2.0,5.0,72.426528123499,1.0,1.0,0,,0,0,BUY,2.270588235294118,4,1,5
SELF,2026-08-11,3.0,0.5060482838820424,2.0,0,0,3.0,2.0,3.0,53.802979540007954,2.0,0.624800580290046,0,,0,0,BUY,2.482352941176471,3,0,5
SENS,2026-08-11,5.0,0.2312279208004383,3.0,0,0,4.0,2.0,5.0,79.20536085936473,3.0,0.4541924981224537,1,2.0,0,0,HOLD,3.311764705882353,1,2,5
SEPN,2026-08-11,5.0,0.15969852107191554,1.0,0,0,1.0,3.0,5.0,77.39295563425406,1.0,1.0,0,,0,0,HOLD,2.5764705882352934,3,1,5
SER,2026-08-11,5.0,0.03439902873330635,2.0,0,0,3.0,4.0,5.0,75.63637498841223,4.0,0.33180778181852705,0,,0,0,SELL,3.9176470588235297,1,3,5
SERV,2026-08-11,4.0,0.40001703549084294,5.0,0,0,5.0,4.0,2.0,39.73807728014436,5.0,0.04132232707703417,0,,0,0,STRONG SELL,4.517647058823529,0,5,5
SEVN,2026-08-11,2.0,0.6667763710484458,5.0,0,0,4.0,4.0,2.0,42.07161225649977,5.0,0.06018085119951025,0,,0,0,SELL,3.7294117647058824,1,4,5
SEZL,2026-08-11,5.0,0.12705352763538366,2.0,0,0,1.0,1.0,2.0,39.33629366286106,3.0,0.5721761896570521,0,,0,0,HOLD,2.8000000000000003,3,1,5
SF,2026-08-11,2.0,0.7378455672068637,2.0,0,0,3.0,1.0,4.0,67.30923701079362,1.0,0.821620683274483,0,,0,0,BUY,1.764705882352941,4,0,5
SFBS,2026-08-11,3.0,0.4885045758674958,1.0,0,0,3.0,2.0,4.0,57.89789631435736,1.0,0.9427957619040691,0,,0,0,BUY,2.1411764705882352,3,0,5
SFD,2026-08-11,2.0,0.7634143376971226,3.0,0,0,4.0,2.0,2.0,33.327116807014974,4.0,0.393213274396204,0,,0,0,HOLD,2.929411764705882,2,2,5
SFL,2026-08-11,3.0,0.5682468978682788,1.0,0,0,2.0,,3.0,47.1970568653327,1.0,0.8357971502634685,0,,0,0,BUY,1.9571428571428575,3,0,4
SFM,2026-08-11,3.0,0.5051943030607358,2.0,0,0,3.0,2.0,3.0,54.353776718057134,4.0,0.21824565686677633,1,2.0,0,0,HOLD,2.6529411764705886,2,1,5
SFNC,2026-08-11,1.0,0.7865097041043589,1.0,0,0,2.0,3.0,4.0,60.16257645121051,1.0,0.9554217407615059,0,,0,0,STRONG BUY,1.5294117647058825,4,0,5
SFST,2026-08-11,2.0,0.6605799032259159,1.0,0,0,2.0,2.0,4.0,57.59863754617399,1.0,0.9682505842358349,1,1.0,0,0,STRONG BUY,1.3588235294117648,5,0,5
SG,2026-08-11,1.0,0.7753507496728168,4.0,0,0,4.0,4.0,2.0,34.634621216537965,5.0,0.12976408763833902,1,1.0,0,0,HOLD,3.0176470588235293,1,4,5
SGC,2026-08-11,1.0,0.7659153079909422,3.0,0,0,2.0,3.0,3.0,47.01443399134565,2.0,0.7637569765380104,0,,0,0,BUY,1.9764705882352942,3,0,5
SGHC,2026-08-11,,,2.0,0,0,2.0,,2.0,36.56126795375612,2.0,0.6323772155269831,0,,0,0,BUY,2.0,3,0,3
SGHT,2026-08-11,5.0,0.2227380587823008,2.0,0,0,1.0,3.0,5.0,83.41336673200009,1.0,0.8068375919984934,0,,0,0,HOLD,2.6823529411764704,3,1,5
SGI,2026-08-11,4.0,0.27359389895138225,5.0,0,0,5.0,3.0,2.0,39.966584399434936,5.0,0.11471757678318001,0,,0,0,STRONG SELL,4.341176470588236,0,4,5
SGLY,2026-08-11,5.0,0.1815205269139066,3.0,0,0,4.0,3.0,4.0,59.023571730799794,5.0,0.18881989772257082,0,,0,0,STRONG SELL,4.258823529411765,0,3,5
SGML,2026-08-11,,,5.0,0,1,3.0,,4.0,56.15567156171408,4.0,0.3763837609622589,0,,0,0,SELL,3.863636363636364,0,2,3
SGMT,2026-08-11,1.0,0.9955664770233401,1.0,0,0,2.0,4.0,5.0,75.00920214062187,1.0,1.0,0,,0,0,STRONG BUY,1.7058823529411764,4,1,5
SGP,2026-08-11,4.0,0.32548520521794466,,0,0,4.0,3.0,4.0,67.00755526122711,2.0,0.6039603290396485,0,,0,0,HOLD,3.2763157894736845,1,2,4
SGRY,2026-08-11,2.0,0.7158765510658607,3.0,1,0,4.0,3.0,3.0,46.827832772634295,4.0,0.30121458721656375,0,,0,0,HOLD,3.1058823529411765,1,2,5
SGU,2026-08-11,,,2.0,0,0,3.0,3.0,3.0,51.14302740057045,2.0,0.7950770895115612,0,,0,0,HOLD,2.508474576271186,2,0,4
SHAK,2026-08-11,5.0,0.1306005719733079,3.0,0,0,5.0,1.0,4.0,66.53866379082882,4.0,0.32183511546630794,0,,0,0,SELL,3.847058823529412,1,3,5
SHBI,2026-08-11,3.0,0.45854174572381673,1.0,0,0,2.0,3.0,4.0,55.78213238036859,1.0,0.9273918225610568,0,,0,0,BUY,2.1411764705882352,3,0,5
SHC,2026-08-11,5.0,0.22457413741444734,1.0,0,0,2.0,2.0,4.0,69.3718180711342,1.0,0.9638263067829086,0,,0,0,HOLD,2.5764705882352943,4,1,5
SHEN,2026-08-11,2.0,0.698502168811544,3.0,0,0,3.0,4.0,4.0,56.23407946129512,3.0,0.5024999509917417,0,,0,0,HOLD,2.8705882352941177,1,1,5
SHIM,2026-08-11,1.0,0.9121813031161473,1.0,0,0,2.0,3.0,3.0,47.99660116259484,3.0,0.4106383079098812,0,,0,0,BUY,2.0000000000000004,3,0,5
SHIP,2026-08-11,2.0,0.7123767101495386,1.0,0,0,1.0,,3.0,49.82945619705205,1.0,0.8073237772150408,0,,0,0,STRONG BUY,1.3714285714285714,4,0,4
SHO,2026-08-11,3.0,0.5763666220106803,2.0,0,0,2.0,3.0,1.0,28.4161337758064,2.0,0.6704493155622123,0,,0,0,BUY,2.482352941176471,3,0,5
SHOE,2026-08-11,1.0,0.8896567429415934,4.0,0,0,4.0,3.0,3.0,54.98266693626721,5.0,0.14355131259193296,0,,0,0,HOLD,3.141176470588235,1,3,5
SHOO,2026-08-11,3.0,0.42619964492899204,1.0,0,0,1.0,4.0,4.0,64.23370443495295,1.0,0.9790028513196031,0,,0,0,BUY,2.1411764705882352,3,1,5
SHPH,2026-08-11,5.0,0.17181037225580656,4.0,0,0,5.0,3.0,4.0,56.20265724160271,5.0,0.03190540193057031,0,,0,0,STRONG SELL,4.541176470588235,0,4,5
SHW,2026-08-11,5.0,0.2202113813944004,2.0,0,0,3.0,2.0,4.0,61.186537920218896,1.0,0.8881619499165173,0,,0,0,HOLD,2.8588235294117648,3,1,5
SI,2026-08-11,4.0,0.2986567444379295,2.0,0,0,1.0,3.0,2.0,41.23917466847898,2.0,0.6472809549074828,1,3.0,0,0,BUY,2.3117647058823536,3,1,5
SIBN,2026-08-11,4.0,0.31252357224264027,1.0,1,0,2.0,2.0,4.0,66.19639470433424,2.0,0.7681306979970599,0,,0,0,HOLD,2.5058823529411764,4,1,5
SIEB,2026-08-11,1.0,0.8212440108186081,5.0,0,0,5.0,3.0,3.0,49.527762844347905,5.0,0.027667956812690502,0,,0,0,HOLD,3.423529411764706,1,3,5
SIF,2026-08-11,3.0,0.4939321240856465,2.0,0,0,1.0,2.0,2.0,37.98997166641802,2.0,0.6879106363282377,0,,0,0,BUY,2.1294117647058823,4,0,5
SIFY,2026-08-11,,,3.0,0,0,2.0,,3.0,51.51262500250942,2.0,0.7732025421341194,0,,0,0,BUY,2.2045454545454546,2,0,3
SIG,2026-08-11,2.0,0.6903349063255824,2.0,0,0,3.0,2.0,3.0,54.753014745238794,2.0,0.6572257026813922,0,,0,0,BUY,2.1764705882352944,4,0,5
SIGA,2026-08-11,2.0,0.6581761667440083,5.0,0,0,5.0,3.0,1.0,27.939202080572713,5.0,0.0,0,,0,0,SELL,3.7294117647058824,1,3,5
SIGI,2026-08-11,2.0,0.6819235160013274,2.0,0,0,3.0,2.0,3.0,46.1362669538858,2.0,0.7820805528988592,0,,0,0,BUY,2.1764705882352944,4,0,5
SII,2026-08-11,,,3.0,0,1,2.0,,4.0,62.82867918903484,3.0,0.5811413552220588,0,,0,0,HOLD,2.6590909090909096,1,0,3
SILC,2026-08-11,3.0,0.4896595609290486,2.0,0,0,1.0,,3.0,54.99317006850107,1.0,0.8361793099082284,0,,0,0,BUY,1.8714285714285712,3,0,4
SILO,2026-08-11,5.0,0.06871339580337767,5.0,0,0,5.0,4.0,2.0,32.145751541277804,5.0,0.0,0,,0,0,STRONG SELL,4.823529411764706,0,5,5
SIND,2026-08-11,,,,0,0,,,4.0,68.56126702588769,,,0,,0,0,,,0,0,0
SINT,2026-08-11,4.0,0.3266993105468399,5.0,0,0,5.0,4.0,4.0,56.660217879351954,5.0,0.10218979330125627,1,3.0,0,0,SELL,4.2176470588235295,0,5,5
SION,2026-08-11,1.0,0.8310531339484569,3.0,0,0,5.0,3.0,1.0,19.60179993882319,5.0,0.009024496519806016,0,,0,0,HOLD,3.211764705882353,1,2,5
SIRI,2026-08-11,1.0,0.7821329081547971,2.0,0,0,2.0,3.0,2.0,41.96484160599853,2.0,0.7233903977085238,0,,0,0,BUY,1.8705882352941174,4,0,5
SITC,2026-08-11,1.0,0.9923736892278362,5.0,0,0,5.0,3.0,2.0,34.486600833725944,5.0,0.0,0,,0,0,HOLD,3.423529411764706,1,3,5
SITE,2026-08-11,3.0,0.5476575750876489,5.0,0,0,5.0,1.0,2.0,44.854575138625975,5.0,0.07342353212413397,0,,0,0,SELL,3.6823529411764704,1,3,5
SITM,2026-08-11,5.0,0.07347898021707665,2.0,0,0,1.0,2.0,4.0,56.88044391342308,2.0,0.6709644650798271,0,,0,0,HOLD,2.7411764705882353,4,1,5
SJM,2026-08-11,3.0,0.4766146993318485,1.0,0,0,3.0,3.0,3.0,52.01519841480601,2.0,0.7719750783921442,1,1.0,0,0,BUY,2.2529411764705882,2,0,5
SJT,2026-08-11,,,5.0,0,0,5.0,,3.0,50.99059267427011,5.0,0.07037033766548753,0,,0,0,STRONG SELL,5.0,0,3,3
SKE,2026-08-11,,,1.0,0,0,2.0,,4.0,69.58221999044812,2.0,0.7969152516513296,0,,0,0,BUY,1.7954545454545454,3,0,3
SKIL,2026-08-11,2.0,0.7210751257512082,2.0,0,0,3.0,3.0,5.0,74.36279362842686,3.0,0.43499648026818155,0,,0,0,HOLD,2.588235294117647,2,0,5
SKM,2026-08-11,,,3.0,0,0,2.0,,3.0,50.72803390627406,3.0,0.5321049099734334,0,,0,0,HOLD,2.6590909090909096,1,0,3
SKT,2026-08-11,5.0,0.18294622971683105,2.0,0,0,2.0,,2.0,37.805503473032914,2.0,0.7332947209628528,0,,0,0,HOLD,3.1142857142857148,3,1,4
SKWD,2026-08-11,4.0,0.33700321352601575,1.0,0,0,2.0,1.0,4.0,57.14575904035076,1.0,0.8734099622615755,1,4.0,0,0,BUY,1.7941176470588236,4,1,5
SKY,2026-08-11,4.0,0.41706387035271686,1.0,1,0,2.0,1.0,4.0,67.97408093156744,1.0,0.9006025383825222,0,,0,0,BUY,2.0941176470588236,4,1,5
SKYA,2026-08-11,3.0,0.5229569524777107,4.0,0,0,5.0,3.0,2.0,40.02928947191129,5.0,0.01193633944391454,0,,0,0,SELL,3.9294117647058826,0,3,5
SKYH,2026-08-11,5.0,0.05958055290753098,1.0,1,0,2.0,3.0,4.0,68.36477866312558,1.0,1.0,0,,0,0,HOLD,2.7529411764705882,3,1,5
SKYQ,2026-08-11,5.0,0.18771874005727013,3.0,0,0,3.0,4.0,3.0,46.83528733373108,4.0,0.202323138107354,0,,0,0,SELL,4.023529411764706,0,3,5
SKYW,2026-08-11,1.0,0.8646329837940896,1.0,1,0,3.0,1.0,4.0,55.43562632827468,2.0,0.661738704009624,0,,0,0,STRONG BUY,1.588235294117647,4,0,5
SKYX,2026-08-11,4.0,0.3562770636424077,3.0,0,0,4.0,4.0,4.0,57.245172045366964,5.0,0.13003663993354847,0,,0,0,SELL,4.129411764705883,0,4,5
SLAB,2026-08-11,5.0,0.2000689447185438,2.0,0,0,2.0,3.0,3.0,54.094666210712,1.0,0.9813955748338561,0,,0,0,HOLD,2.8588235294117648,3,1,5
SLB,2026-08-11,3.0,0.4568673964966283,2.0,0,0,2.0,3.0,4.0,63.34128808194666,1.0,0.8326285911259164,0,,0,0,BUY,2.2470588235294118,3,0,5
SLBT,2026-08-11,,,5.0,0,0,5.0,,2.0,38.82727929474158,5.0,0.008813175609752226,0,,0,0,STRONG SELL,5.0,0,3,3
SLDB,2026-08-11,4.0,0.2672059472551723,2.0,0,0,2.0,5.0,3.0,52.52372079993919,2.0,0.6689751332378536,0,,0,0,HOLD,3.1411764705882357,3,2,5
SLDE,2026-08-11,2.0,0.5963073731408295,1.0,0,0,2.0,2.0,3.0,52.409605803231806,1.0,0.8452127677922662,0,,0,0,STRONG BUY,1.6588235294117648,5,0,5
SLE,2026-08-11,2.0,0.7591506653758773,4.0,0,0,5.0,3.0,4.0,57.40863975581723,5.0,0.004773390909857191,0,,0,0,SELL,3.6235294117647054,1,3,5
SLF,2026-08-11,,,1.0,0,0,2.0,,3.0,48.73594659501679,1.0,0.8843356956898266,0,,0,0,STRONG BUY,1.340909090909091,3,0,3
SLG,2026-08-11,3.0,0.5713582856097206,1.0,0,0,2.0,4.0,4.0,62.93731647983483,2.0,0.774033272163894,0,,0,0,HOLD,2.552941176470588,3,1,5
SLGL,2026-08-11,5.0,0.12058542793509386,1.0,0,0,1.0,,3.0,47.03350170650773,2.0,0.7755077439460129,1,1.0,0,0,BUY,2.471428571428572,3,1,4
SLGN,2026-08-11,2.0,0.6781995191220878,3.0,1,0,4.0,1.0,2.0,41.37520359044438,3.0,0.4132613093823519,0,,0,0,HOLD,2.51764705882353,2,1,5
SLI,2026-08-11,,,5.0,0,0,5.0,,3.0,52.68692342820502,5.0,0.13978496760023026,0,,0,0,STRONG SELL,5.0,0,3,3
SLM,2026-08-11,4.0,0.41381805615893463,1.0,1,0,3.0,3.0,4.0,63.81472631126464,2.0,0.6227675696575935,0,,0,0,HOLD,2.8588235294117643,2,1,5
SLN,2026-08-11,5.0,0.01348315180103593,1.0,0,0,1.0,5.0,5.0,73.45931220170517,1.0,0.9609164047489724,0,,0,0,HOLD,2.929411764705882,3,2,5
SLNG,2026-08-11,2.0,0.6304650700561174,2.0,0,0,4.0,3.0,4.0,64.71816382282418,2.0,0.7007576020980112,0,,0,0,HOLD,2.5294117647058822,3,1,5
SLNH,2026-08-11,4.0,0.3653417694822526,5.0,0,0,1.0,3.0,3.0,50.99913300479701,4.0,0.2105263055683898,0,,0,0,HOLD,3.4,1,3,5
SLP,2026-08-11,4.0,0.39232771028045493,1.0,0,0,2.0,3.0,4.0,59.62930057402983,2.0,0.7331223043989433,0,,0,0,HOLD,2.6823529411764704,3,1,5
SLRC,2026-08-11,1.0,0.9237368922783604,3.0,0,0,4.0,4.0,3.0,49.55789463971346,5.0,0.18964168032312287,1,2.0,0,0,HOLD,2.9117647058823533,1,3,5
SLS,2026-08-11,5.0,0.06840598154629335,1.0,0,0,1.0,4.0,3.0,48.12918599688203,2.0,0.6913228871232066,0,,0,0,HOLD,2.988235294117647,3,2,5
SLSN,2026-08-11,3.0,0.43263735809587744,4.0,0,0,5.0,3.0,4.0,57.92122568264363,5.0,0.11290320978369828,0,,0,0,SELL,3.9294117647058826,0,3,5
SLSR,2026-08-11,,,5.0,0,1,3.0,,3.0,52.01933003559456,3.0,0.495041287791314,0,,0,0,HOLD,3.4090909090909096,0,1,3
SLVM,2026-08-11,2.0,0.7273270167794221,4.0,0,0,4.0,3.0,4.0,56.98504233786504,4.0,0.2686872210144272,0,,0,0,HOLD,3.211764705882353,1,3,5
SLXN,2026-08-11,2.0,0.75336581928601,5.0,0,0,5.0,3.0,1.0,25.4514217223536,5.0,0.0,0,,0,0,SELL,3.7294117647058824,1,3,5
SM,2026-08-11,2.0,0.7028524759848529,1.0,0,0,2.0,2.0,4.0,57.625797708560526,1.0,0.8756668098368401,0,,0,0,STRONG BUY,1.6588235294117648,5,0,5
SMA,2026-08-11,3.0,0.442916443628394,1.0,1,0,3.0,4.0,4.0,55.334925102651326,2.0,0.6289465754783368,0,,0,0,HOLD,2.7294117647058824,2,1,5
SMBC,2026-08-11,2.0,0.7121067683508103,1.0,0,0,2.0,,3.0,52.272992710090094,1.0,0.9326213559191745,0,,0,0,STRONG BUY,1.5857142857142859,4,0,4
SMBK,2026-08-11,2.0,0.6136828888600728,1.0,0,0,2.0,2.0,4.0,63.19810080700685,1.0,0.9441637426900584,0,,0,0,STRONG BUY,1.6588235294117648,5,0,5
SMC,2026-08-11,1.0,0.8580950458903993,1.0,0,0,2.0,3.0,5.0,71.08303415191773,1.0,1.0,0,,0,0,STRONG BUY,1.5294117647058825,4,0,5
SMCI,2026-08-11,2.0,0.5968365003339721,5.0,0,0,4.0,2.0,4.0,55.23675960252374,4.0,0.2829619969655408,0,,0,0,HOLD,3.1411764705882352,2,3,5
SMG,2026-08-11,2.0,0.6538100919681283,3.0,0,0,3.0,2.0,2.0,40.09585582519633,3.0,0.48811247527422436,1,1.0,0,0,BUY,2.21764705882353,2,0,5
SMHB,2026-08-11,,,1.0,1,0,3.0,,3.0,51.352033422789745,1.0,0.8154690186987602,0,,0,0,STRONG BUY,1.6818181818181817,2,0,3
SMHI,2026-08-11,,,1.0,0,0,1.0,4.0,5.0,72.70908978920352,1.0,1.0,0,,0,0,BUY,1.7627118644067798,3,1,4
SMID,2026-08-11,3.0,0.562233968247848,5.0,0,0,4.0,2.0,3.0,46.204191127157166,5.0,0.11771629207869996,0,,0,0,SELL,3.6823529411764704,1,3,5
SMJF,2026-08-11,,,,0,0,1.0,,5.0,91.58163596334927,1.0,1.0,0,,0,0,,,2,0,2
SMMT,2026-08-11,5.0,0.060133630289532294,4.0,0,0,4.0,5.0,4.0,56.218005846277215,5.0,0.14490443606169434,0,,0,0,STRONG SELL,4.7176470588235295,0,5,5
SMP,2026-08-11,3.0,0.5123927550047664,1.0,1,0,4.0,1.0,3.0,52.24387967971463,3.0,0.5176618925922726,0,,0,0,HOLD,2.6117647058823525,2,1,5
SMPL,2026-08-11,1.0,0.8309494265724815,5.0,0,0,5.0,2.0,2.0,42.99782425289922,5.0,0.030765371593786832,0,,0,0,HOLD,3.2470588235294118,2,3,5
SMR,2026-08-11,3.0,0.4282025076019173,4.0,0,0,5.0,5.0,4.0,55.78522330851674,5.0,0.047835941554910215,0,,0,0,STRONG SELL,4.2823529411764705,0,4,5
SMRT,2026-08-11,2.0,0.656356967553705,4.0,0,0,4.0,4.0,5.0,75.81709329570072,3.0,0.4155289950945677,1,1.0,0,0,HOLD,2.8529411764705888,1,3,5
SMSI,2026-08-11,4.0,0.32646975378513576,4.0,0,1,3.0,4.0,4.0,60.15304656791178,4.0,0.32340423157443,0,,0,0,SELL,3.823529411764706,0,4,5
SMTC,2026-08-11,5.0,0.116731374913018,3.0,0,0,1.0,2.0,3.0,49.86850297519445,2.0,0.6501663227416514,0,,0,0,HOLD,2.847058823529412,3,1,5
SMTI,2026-08-11,5.0,0.2274834425325853,1.0,0,0,2.0,3.0,5.0,83.8134505640138,1.0,0.9258115075719088,0,,0,0,HOLD,2.7529411764705882,3,1,5
SMWB,2026-08-11,5.0,0.03881641743557111,1.0,1,0,2.0,,4.0,60.09262329006708,2.0,0.6115241796037063,0,,0,0,HOLD,2.9857142857142858,3,1,4
SMX,2026-08-11,,,4.0,0,0,5.0,,3.0,47.056938808548686,5.0,0.0035497464194809087,0,,0,0,STRONG SELL,4.795454545454546,0,3,3
SN,2026-08-11,5.0,0.24282258565734957,1.0,0,0,1.0,2.0,5.0,79.95496635453924,1.0,1.0,0,,0,0,BUY,2.4,4,1,5
SNA,2026-08-11,3.0,0.5109628217349858,1.0,0,0,2.0,2.0,4.0,55.253261232352386,1.0,0.9481992502331229,0,,0,0,BUY,1.9647058823529413,4,0,5
SNAP,2026-08-11,3.0,0.42959999272968263,4.0,0,0,3.0,3.0,4.0,61.86555360473361,4.0,0.29360466660927986,0,,0,0,HOLD,3.341176470588236,0,2,5
SND,2026-08-11,2.0,0.7380595642333724,3.0,0,0,2.0,2.0,3.0,52.83781317114384,2.0,0.7336834450183208,0,,0,0,BUY,2.1058823529411765,4,0,5
SNDA,2026-08-11,4.0,0.41855751231111427,1.0,0,0,2.0,3.0,3.0,47.719561089267344,1.0,0.80988592998321,1,1.0,0,0,BUY,2.147058823529412,3,1,5
SNDK,2026-08-11,5.0,0.09877606970567164,3.0,0,0,1.0,3.0,2.0,44.49448929412288,3.0,0.5400426231406684,0,,0,0,HOLD,3.2588235294117647,1,1,5
SNDL,2026-08-11,,,5.0,0,0,5.0,,3.0,48.504126374986605,5.0,0.037151667136368485,0,,0,0,STRONG SELL,5.0,0,3,3
SNDR,2026-08-11,5.0,0.14251668255481412,3.0,0,0,2.0,1.0,2.0,43.83553258591534,1.0,0.8010750352648615,0,,0,0,HOLD,2.6117647058823525,3,1,5
SNDX,2026-08-11,5.0,0.10114210852166867,4.0,0,1,3.0,5.0,3.0,46.07715684886869,2.0,0.602848045872944,0,,0,0,SELL,3.8352941176470594,1,3,5
SNES,2026-08-11,2.0,0.615843154932955,5.0,0,0,5.0,3.0,2.0,40.17874370447123,5.0,0.0,1,1.0,0,0,HOLD,3.4294117647058826,1,3,5
SNEX,2026-08-11,2.0,0.6985469871188223,3.0,0,0,2.0,4.0,2.0,36.462618495644165,3.0,0.5263411264661811,0,,0,0,HOLD,2.6941176470588237,2,1,5
SNN,2026-08-11,,,4.0,0,0,4.0,,3.0,45.52985748153344,5.0,0.14650484600564334,0,,0,0,STRONG SELL,4.454545454545455,0,3,3
SNOA,2026-08-11,1.0,0.8384563350026965,3.0,0,0,5.0,4.0,4.0,61.64292220203722,5.0,0.08751151372233541,0,,0,0,HOLD,3.388235294117647,1,3,5
SNOW,2026-08-11,5.0,0.06452032084692357,1.0,0,0,1.0,3.0,5.0,81.70971884036743,1.0,1.0,0,,0,0,HOLD,2.5764705882352934,3,1,5
SNPS,2026-08-11,4.0,0.3039984312496625,5.0,0,1,4.0,4.0,3.0,50.995847285043126,5.0,0.15216793758025357,0,,0,0,STRONG SELL,4.341176470588236,0,5,5
SNT,2026-08-11,1.0,0.7728285077951003,5.0,0,0,5.0,,3.0,50.32424464625055,5.0,0.06896458422124489,0,,0,0,SELL,3.5142857142857147,1,3,4
SNWV,2026-08-11,3.0,0.427957857047343,5.0,0,0,5.0,3.0,1.0,29.89819079726189,5.0,0.0,0,,0,0,SELL,4.03529411764706,0,3,5
SNX,2026-08-11,4.0,0.4184938036224976,3.0,0,0,1.0,2.0,3.0,51.50543930487221,2.0,0.7689955432747099,0,,0,0,HOLD,2.5411764705882356,3,1,5
SO,2026-08-11,3.0,0.4613918017159199,3.0,0,0,3.0,2.0,2.0,38.80593477419675,3.0,0.5888449298412619,0,,0,0,HOLD,2.823529411764706,1,0,5
SOBO,2026-08-11,,,2.0,0,0,2.0,,3.0,48.00099297450201,1.0,0.8350504466745163,0,,0,0,STRONG BUY,1.5454545454545454,3,0,3
SOC,2026-08-11,3.0,0.5593382118994591,5.0,0,0,5.0,4.0,2.0,42.44276483070385,5.0,0.055992503477160754,0,,0,0,SELL,4.211764705882353,0,4,5
SOFI,2026-08-11,4.0,0.30063832406500623,4.0,0,0,4.0,4.0,3.0,52.80700097465325,5.0,0.16148893050173668,1,1.0,0,0,SELL,3.935294117647059,0,5,5
SOLS,2026-08-11,4.0,0.32991754756192976,4.0,0,0,4.0,4.0,2.0,43.309538786844904,3.0,0.41360406145470974,0,,0,0,SELL,3.7647058823529416,0,4,5
SOLV,2026-08-11,3.0,0.5451584626395827,1.0,0,0,3.0,2.0,4.0,56.01927857681761,1.0,0.8526475915223555,1,1.0,0,0,BUY,1.8411764705882352,3,0,5
SON,2026-08-11,2.0,0.7253753446700688,1.0,0,0,2.0,2.0,4.0,56.88077840968587,1.0,0.8965950778691154,0,,0,0,STRONG BUY,1.6588235294117648,5,0,5
SONM,2026-08-11,1.0,0.9749089437474706,5.0,0,0,5.0,4.0,3.0,46.833854560415034,5.0,0.060215355022106246,0,,0,0,SELL,3.5999999999999996,1,4,5
SONO,2026-08-11,3.0,0.46558306233703595,3.0,0,0,3.0,3.0,3.0,50.45161700880819,3.0,0.505725140130071,1,3.0,0,0,HOLD,2.7000000000000006,0,0,5
SOPH,2026-08-11,,,1.0,0,0,1.0,,5.0,71.13064778315317,1.0,0.9978722917488555,0,,0,0,STRONG BUY,1.0,3,0,3
SOR,2026-08-11,,,2.0,0,0,3.0,,4.0,61.316712248535325,1.0,0.8237519989055597,0,,0,0,BUY,1.8863636363636362,2,0,3
SORA,2026-08-11,4.0,0.3398027362392618,3.0,0,0,3.0,,5.0,73.25162261528197,4.0,0.2588126024351208,0,,0,0,SELL,3.6571428571428575,0,2,4
SOTK,2026-08-11,4.0,0.319579076564094,3.0,0,0,1.0,2.0,3.0,48.54996398896678,2.0,0.693114190624985,1,1.0,0,0,BUY,2.2411764705882358,3,1,5
SOUL,2026-08-11,,,1.0,0,0,3.0,3.0,4.0,64.658468901752,1.0,1.0,0,,0,0,BUY,2.016949152542373,2,0,4
SOWG,2026-08-11,,,3.0,0,0,5.0,4.0,3.0,48.03287172206102,5.0,0.14358599518531764,0,,0,0,STRONG SELL,4.4406779661016955,0,3,4
SPAI,2026-08-11,5.0,0.12696226627468266,3.0,0,0,2.0,3.0,4.0,62.716237623175786,4.0,0.2552447712761288,0,,0,0,SELL,3.6705882352941175,1,2,5
SPB,2026-08-11,3.0,0.47283126787416585,1.0,0,0,2.0,3.0,3.0,51.99760116617749,1.0,0.9369572102451497,0,,0,0,BUY,2.1411764705882352,3,0,5
SPCB,2026-08-11,2.0,0.6691059497295577,3.0,0,0,3.0,,3.0,48.8050854603811,3.0,0.593645467615344,0,,0,0,HOLD,2.628571428571429,1,0,4
SPCE,2026-08-11,4.0,0.4033682868641293,2.0,0,0,2.0,3.0,4.0,62.041839071098714,4.0,0.2065420633216584,0,,0,0,HOLD,3.2588235294117647,2,2,5
SPE,2026-08-11,,,4.0,0,0,4.0,,4.0,58.08761589935624,3.0,0.4027917542832522,0,,0,0,SELL,3.545454545454546,0,2,3
SPFI,2026-08-11,2.0,0.6907423751915059,1.0,0,0,3.0,1.0,4.0,58.45377843990042,1.0,0.9406725549127455,0,,0,0,STRONG BUY,1.6588235294117646,4,0,5
SPG,2026-08-11,2.0,0.680648236415634,1.0,0,0,2.0,,3.0,47.29203578988865,1.0,0.8265811112647731,0,,0,0,STRONG BUY,1.5857142857142859,4,0,4
SPGI,2026-08-11,4.0,0.2928547640613395,4.0,0,0,3.0,2.0,2.0,43.69816687313183,4.0,0.24806377972672047,0,,0,0,HOLD,3.4705882352941173,1,3,5
SPH,2026-08-11,1.0,0.8527168732125834,4.0,0,0,4.0,1.0,3.0,45.566597553428764,4.0,0.36253312318106273,0,,0,0,HOLD,2.552941176470588,2,3,5
SPHL,2026-08-11,,,5.0,0,0,5.0,,3.0,52.630262941647146,5.0,0.05262475990105397,0,,0,0,STRONG SELL,5.0,0,3,3
SPHR,2026-08-11,5.0,0.030028598665395617,2.0,0,0,1.0,1.0,4.0,62.37134023096678,1.0,0.9374674754669355,0,,0,0,BUY,2.329411764705882,4,1,5
SPIR,2026-08-11,1.0,0.8779790276453765,3.0,0,0,1.0,3.0,4.0,55.90188309091088,3.0,0.41359696281070457,0,,0,0,BUY,2.0352941176470587,2,0,5
SPMC,2026-08-11,,,4.0,0,0,4.0,,4.0,65.01368902497086,3.0,0.4037984171279081,1,2.0,0,0,HOLD,3.245454545454546,0,2,3
SPNT,2026-08-11,1.0,0.7792098211384695,2.0,0,0,2.0,3.0,2.0,37.050276641115545,3.0,0.595696520309159,0,,0,0,BUY,2.1058823529411765,3,0,5
SPOK,2026-08-11,2.0,0.608483597246902,3.0,0,0,4.0,2.0,4.0,65.29711951069855,5.0,0.1724919863983001,0,,0,0,HOLD,3.164705882352941,2,2,5
SPOT,2026-08-11,,,3.0,0,0,4.0,,3.0,54.66873861089952,4.0,0.27421874707264343,0,,0,0,SELL,3.795454545454546,0,2,3
SPPL,2026-08-11,4.0,0.3035316576519249,4.0,1,0,5.0,,2.0,35.11863837718114,5.0,0.10790459002762341,0,,0,0,STRONG SELL,4.5,0,4,4
SPRB,2026-08-11,3.0,0.5501113585746102,5.0,0,0,3.0,3.0,3.0,49.91011094193171,4.0,0.22351935441768866,0,,0,0,HOLD,3.4470588235294124,0,2,5
SPRC,2026-08-11,,,4.0,0,0,3.0,,3.0,53.42963289019096,5.0,0.0730434802960157,0,,0,0,SELL,4.113636363636364,0,2,3
SPRO,2026-08-11,3.0,0.5585475400994127,5.0,0,0,5.0,3.0,1.0,29.391137890260794,5.0,0.03825139388552769,0,,0,0,SELL,4.03529411764706,0,3,5
SPRU,2026-08-11,1.0,0.9232024702380788,5.0,0,0,3.0,3.0,3.0,45.752898004162184,5.0,0.16608268586224068,1,3.0,0,0,HOLD,2.7705882352941185,1,2,5
SPRY,2026-08-11,5.0,0.19144924133055388,5.0,0,0,5.0,4.0,2.0,40.45464713047966,5.0,0.06331309939114552,0,,0,0,STRONG SELL,4.823529411764706,0,5,5
SPSC,2026-08-11,4.0,0.3969213205843393,2.0,0,0,4.0,1.0,4.0,66.12677659554194,4.0,0.37367625056061465,0,,0,0,HOLD,3.2588235294117647,2,3,5
SPTX,2026-08-11,4.0,0.38752783964365256,,0,0,,,4.0,62.38135899638985,1.0,0.9856629836079694,0,,0,0,,,1,1,2
SPWH,2026-08-11,1.0,0.9670288233071384,5.0,0,0,5.0,3.0,3.0,50.67241402941395,5.0,0.03318586019652125,0,,0,0,HOLD,3.423529411764706,1,3,5
SPXC,2026-08-11,4.0,0.28734895081976564,3.0,0,0,4.0,3.0,3.0,50.54847387516621,3.0,0.5502282431605436,0,,0,0,HOLD,3.482352941176471,0,2,5
SPXX,2026-08-11,,,1.0,0,0,3.0,,4.0,63.53751477748839,1.0,0.9728779206388579,0,,0,0,STRONG BUY,1.6818181818181817,2,0,3
SQM,2026-08-11,,,5.0,0,1,3.0,,3.0,52.92606641411515,3.0,0.5849936499473427,0,,0,0,HOLD,3.4090909090909096,0,1,3
SR,2026-08-11,2.0,0.6072360070717346,3.0,0,0,3.0,3.0,3.0,54.451552826256346,3.0,0.45201320811355544,0,,0,0,HOLD,2.6941176470588237,1,0,5
SRBK,2026-08-11,2.0,0.703115322326726,1.0,0,0,2.0,2.0,4.0,58.01163617189171,1.0,0.949410349782689,1,4.0,0,0,STRONG BUY,1.3588235294117648,5,0,5
SRCE,2026-08-11,2.0,0.7592945662535748,1.0,0,0,1.0,,4.0,60.616498696644776,1.0,0.9219740653623246,1,1.0,0,0,STRONG BUY,1.0714285714285714,4,0,4
SRE,2026-08-11,3.0,0.4531813644512376,5.0,0,0,3.0,3.0,2.0,35.41889857148968,4.0,0.38158193154895864,1,3.0,0,0,HOLD,3.1470588235294126,0,2,5
SRG,2026-08-11,,,5.0,0,0,4.0,4.0,3.0,45.879251370342686,5.0,0.06621003522280597,0,,0,0,STRONG SELL,4.491525423728814,0,4,4
SRI,2026-08-11,1.0,0.8007904231822706,3.0,0,0,4.0,4.0,2.0,42.42522858363222,3.0,0.4741798053154374,0,,0,0,HOLD,2.7411764705882353,1,2,5
SRL,2026-08-11,,,4.0,0,0,4.0,,4.0,61.46147584514619,5.0,0.18689791275810302,0,,0,0,STRONG SELL,4.454545454545455,0,3,3
SRPT,2026-08-11,2.0,0.7186995195709174,4.0,0,0,4.0,4.0,4.0,58.93743154786842,4.0,0.30865481717349463,0,,0,0,HOLD,3.388235294117647,1,4,5
SRRK,2026-08-11,5.0,0.041679923639834554,2.0,0,0,2.0,5.0,4.0,55.09364143382525,1.0,0.8077947789346612,0,,0,0,HOLD,3.211764705882353,3,2,5
SRTS,2026-08-11,2.0,0.6770121439112657,3.0,0,0,4.0,3.0,3.0,53.83219424148267,5.0,0.13716475928768204,1,1.0,0,0,HOLD,3.041176470588236,1,2,5
SRV,2026-08-11,,,3.0,0,0,2.0,,2.0,43.016932050289476,2.0,0.749726368847756,0,,0,0,BUY,2.2045454545454546,2,0,3
SRXH,2026-08-11,5.0,0.03846717308611192,5.0,0,0,5.0,4.0,2.0,39.57757404333224,5.0,0.015111356471018463,0,,0,0,STRONG SELL,4.823529411764706,0,5,5
SRZN,2026-08-11,5.0,0.06717927964386888,3.0,0,1,2.0,4.0,4.0,61.0832846797868,2.0,0.6214536855372781,1,1.0,0,0,HOLD,3.0764705882352943,2,2,5
SSB,2026-08-11,2.0,0.7323695355576267,1.0,0,0,3.0,3.0,5.0,70.75684755311087,1.0,1.0,0,,0,0,BUY,2.011764705882353,3,0,5
SSD,2026-08-11,4.0,0.3709492436621547,2.0,0,0,3.0,2.0,4.0,56.756937599938695,2.0,0.7995529271046367,0,,0,0,HOLD,2.7882352941176474,3,1,5
SSII,2026-08-11,5.0,0.1153951076851694,3.0,0,0,4.0,3.0,3.0,49.1134425645719,5.0,0.067264585337677,1,3.0,0,0,SELL,3.958823529411765,0,3,5
SSM,2026-08-11,1.0,0.9523355576739753,5.0,0,0,5.0,4.0,1.0,25.284268294742873,5.0,0.0,0,,0,0,SELL,3.5999999999999996,1,4,5
SSMR,2026-08-11,,,,0,0,,,3.0,54.98002560303634,,,0,,0,0,,,0,0,0
SSNC,2026-08-11,3.0,0.4321965205349349,2.0,0,0,3.0,3.0,4.0,68.30688350157843,2.0,0.6601526635393479,0,,0,0,HOLD,2.658823529411765,2,0,5
SSRM,2026-08-11,3.0,0.4840147238486093,2.0,0,0,2.0,2.0,4.0,63.27113132470105,2.0,0.7995539280817135,0,,0,0,BUY,2.3058823529411767,4,0,5
SST,2026-08-11,1.0,0.9635774989882638,5.0,0,0,5.0,4.0,2.0,35.970237066523666,5.0,0.03443708450332776,0,,0,0,SELL,3.5999999999999996,1,4,5
SSTI,2026-08-11,2.0,0.6704063782294719,2.0,0,0,3.0,3.0,3.0,48.880654370539446,4.0,0.31303123695409657,1,1.0,0,0,HOLD,2.5235294117647062,2,1,5
SSTK,2026-08-11,1.0,0.9313648146156892,5.0,0,0,5.0,1.0,1.0,28.598860423889718,5.0,0.0007742090267402254,0,,0,0,HOLD,3.070588235294117,2,3,5
SSYS,2026-08-11,1.0,0.8520521794463888,4.0,0,0,4.0,,4.0,59.388865539325266,4.0,0.302788775746122,0,,0,0,HOLD,2.885714285714286,1,3,4
ST,2026-08-11,5.0,0.030505243088655862,3.0,0,0,2.0,3.0,3.0,48.57488870938107,2.0,0.7074349715124036,1,1.0,0,0,HOLD,2.9000000000000004,2,1,5
STAA,2026-08-11,4.0,0.33037548732606253,3.0,0,0,3.0,5.0,3.0,48.26616973020324,3.0,0.5133932053469931,1,1.0,0,0,HOLD,3.3588235294117648,0,2,5
STAG,2026-08-11,4.0,0.3915005612361246,3.0,0,0,3.0,2.0,2.0,35.87953631038474,3.0,0.42897300818235073,0,,0,0,HOLD,3.129411764705882,1,1,5
STBA,2026-08-11,2.0,0.689233088589491,1.0,0,0,2.0,2.0,3.0,54.55526068058429,1.0,0.8954022089141348,0,,0,0,STRONG BUY,1.6588235294117648,5,0,5
STC,2026-08-11,2.0,0.7448548889441449,4.0,0,0,4.0,2.0,2.0,43.48911491269127,3.0,0.482885524486264,1,1.0,0,0,BUY,2.5,2,2,5
STDN,2026-08-11,,,,0,0,,,2.0,33.247981723997654,,,0,,0,0,,,0,0,0
STE,2026-08-11,4.0,0.3692651795739986,2.0,0,0,4.0,1.0,4.0,68.57726984456664,3.0,0.5971360796685161,0,,0,0,HOLD,3.0235294117647062,2,2,5
STEM,2026-08-11,1.0,0.9150141643059491,5.0,0,0,5.0,3.0,2.0,43.81718799465622,5.0,0.03582931979412768,0,,0,0,HOLD,3.423529411764706,1,3,5
STEW,2026-08-11,,,1.0,1,0,3.0,,4.0,68.24265109530089,1.0,0.9699860460123797,0,,0,0,STRONG BUY,1.6818181818181817,2,0,3
STHO,2026-08-11,1.0,0.840517971057477,1.0,0,0,2.0,3.0,4.0,57.09651094141647,1.0,0.9353611905336043,0,,0,0,STRONG BUY,1.5294117647058825,4,0,5
STI,2026-08-11,5.0,0.19714313909630826,3.0,0,0,1.0,4.0,3.0,52.16079905790263,5.0,0.15487132672512635,0,,0,0,SELL,3.9058823529411764,1,3,5
STIM,2026-08-11,4.0,0.344091065667612,1.0,1,0,3.0,3.0,5.0,75.8104420537831,2.0,0.691605843465071,1,1.0,0,0,HOLD,2.5588235294117645,2,1,5
STK,2026-08-11,,,2.0,0,0,1.0,,4.0,58.53893608266183,1.0,0.8155262327684901,0,,0,0,STRONG BUY,1.2045454545454548,3,0,3
STKE,2026-08-11,,,5.0,0,0,5.0,,2.0,44.956982183915365,5.0,0.02182193761284955,0,,0,0,STRONG SELL,5.0,0,3,3
STKS,2026-08-11,1.0,0.9777418049372724,5.0,0,0,4.0,4.0,3.0,48.18202833507254,5.0,0.08275862806050341,0,,0,0,HOLD,3.423529411764706,1,4,5
STLA,2026-08-11,,,5.0,0,0,5.0,,2.0,39.00873931085053,5.0,0.021354931036986692,0,,0,0,STRONG SELL,5.0,0,3,3
STLD,2026-08-11,4.0,0.4023060916524991,2.0,0,0,1.0,3.0,4.0,61.83999743085522,1.0,0.891160848908528,0,,0,0,BUY,2.376470588235294,3,1,5
STLN,2026-08-11,2.0,0.6964791582355322,1.0,0,0,1.0,3.0,4.0,62.76216611146186,1.0,0.955279544164985,1,1.0,0,0,STRONG BUY,1.3588235294117645,4,0,5
STM,2026-08-11,4.0,0.4177537384664333,3.0,0,0,1.0,,2.0,43.530375594680585,3.0,0.5751659765485536,0,,0,0,HOLD,2.942857142857143,1,1,4
STN,2026-08-11,,,3.0,0,0,5.0,,4.0,63.211633075557835,5.0,0.16648424697364334,0,,0,0,STRONG SELL,4.590909090909092,0,2,3
STNG,2026-08-11,,,2.0,0,0,2.0,,2.0,42.817930798415766,2.0,0.7245034388333015,0,,0,0,BUY,2.0,3,0,3
STOK,2026-08-11,5.0,0.206191319004811,3.0,0,0,2.0,3.0,4.0,60.241368065011905,2.0,0.7590313606294448,0,,0,0,HOLD,3.2,2,1,5
STRA,2026-08-11,2.0,0.7122498036269543,2.0,0,0,3.0,1.0,3.0,48.423707384818606,3.0,0.5350321177878211,1,1.0,0,0,BUY,1.9352941176470588,3,0,5
STRL,2026-08-11,5.0,0.1786184895704796,3.0,0,0,1.0,3.0,2.0,38.042711084311506,4.0,0.36092886842062205,0,,0,0,HOLD,3.494117647058824,1,2,5
STRO,2026-08-11,4.0,0.38162687171185755,3.0,0,0,1.0,3.0,3.0,46.56063106475422,3.0,0.5251413493751135,0,,0,0,HOLD,2.9529411764705884,1,1,5
STRR,2026-08-11,1.0,0.9076390916253737,3.0,0,0,2.0,5.0,3.0,50.07434275579673,2.0,0.7675840604005315,1,3.0,0,0,BUY,2.0294117647058827,3,1,5
STRT,2026-08-11,2.0,0.714855881049374,1.0,0,0,3.0,2.0,3.0,49.140931821238546,2.0,0.7739424834076822,0,,0,0,BUY,2.070588235294118,4,0,5
STRW,2026-08-11,4.0,0.36767890866828296,2.0,0,0,2.0,2.0,2.0,43.35008743312186,1.0,0.807027222167313,1,1.0,0,0,BUY,2.0764705882352943,4,1,5
STRZ,2026-08-11,1.0,0.7857816877278584,3.0,0,0,1.0,4.0,2.0,37.206892782734414,2.0,0.6971243533835844,0,,0,0,BUY,1.9764705882352944,3,1,5
STT,2026-08-11,3.0,0.49220158755090465,1.0,0,0,1.0,1.0,4.0,61.164882422212564,1.0,0.9991246580934164,1,1.0,0,0,STRONG BUY,1.3117647058823527,4,0,5
STTK,2026-08-11,5.0,0.1901080114454123,1.0,0,0,1.0,4.0,3.0,53.79087788453424,1.0,0.9053056259471658,0,,0,0,HOLD,2.7529411764705882,3,2,5
STUB,2026-08-11,,,5.0,0,0,4.0,3.0,2.0,35.509794832352995,5.0,0.13482083750228677,0,,0,0,SELL,4.237288135593221,0,3,4
STVN,2026-08-11,,,1.0,1,0,3.0,,4.0,62.56416992844393,3.0,0.5299916633857265,0,,0,0,HOLD,2.5909090909090917,1,0,3
STWD,2026-08-11,2.0,0.641929399005274,4.0,0,0,4.0,2.0,4.0,56.46498075552631,4.0,0.30487622151696425,0,,0,0,HOLD,3.0352941176470583,2,3,5
STX,2026-08-11,5.0,0.09031307406427831,3.0,0,0,1.0,1.0,3.0,47.557621703513746,2.0,0.7137230823490592,0,,0,0,HOLD,2.670588235294118,3,1,5
STXS,2026-08-11,,,5.0,0,0,5.0,3.0,3.0,49.58164272561392,5.0,0.09523810998259648,0,,0,0,STRONG SELL,4.491525423728814,0,3,4
STZ,2026-08-11,,,5.0,0,0,4.0,3.0,3.0,50.45717602212026,4.0,0.20096927863316202,0,,0,0,SELL,3.8983050847457625,0,3,4
SU,2026-08-11,,,1.0,0,0,2.0,,3.0,52.4175930205671,1.0,0.8114803169388394,0,,0,0,STRONG BUY,1.340909090909091,3,0,3
SUI,2026-08-11,3.0,0.45777598119770113,5.0,0,0,4.0,3.0,3.0,45.00671927848748,5.0,0.1708967808785,0,,0,0,SELL,3.858823529411765,0,3,5
SUNB,2026-08-11,4.0,0.255152481351644,,0,0,,2.0,4.0,59.92562472923825,2.0,0.7923455382700434,0,,0,0,HOLD,2.8524590163934427,2,1,3
SUNE,2026-08-11,1.0,0.9461065061974645,2.0,0,0,2.0,2.0,3.0,51.89013387168206,4.0,0.34554901275777783,0,,0,0,BUY,2.1647058823529415,4,1,5
SUNS,2026-08-11,2.0,0.6786238525029143,5.0,0,0,4.0,3.0,2.0,38.47090206026182,5.0,0.15829530777605286,0,,0,0,SELL,3.552941176470589,1,3,5
SUPN,2026-08-11,4.0,0.40835339417668304,3.0,0,0,3.0,4.0,3.0,54.43347183588395,3.0,0.44917838898581064,0,,0,0,HOLD,3.4823529411764707,0,2,5
SUPX,2026-08-11,5.0,0.15940184537066496,5.0,0,0,5.0,,3.0,45.66528959380844,5.0,0.014019370808304867,0,,0,0,STRONG SELL,5.0,0,4,4
SVC,2026-08-11,2.0,0.7318367403493398,5.0,0,0,5.0,3.0,3.0,46.30142872105559,4.0,0.27549245729746863,0,,0,0,HOLD,3.4941176470588244,1,3,5
SVCO,2026-08-11,4.0,0.385116411331669,3.0,0,0,1.0,4.0,2.0,39.61061955161671,4.0,0.3991477438851617,0,,0,0,HOLD,3.364705882352941,1,3,5
SVM,2026-08-11,,,2.0,0,0,2.0,,5.0,71.23780950600224,2.0,0.716751516818838,0,,0,0,BUY,2.0,3,0,3
SVRA,2026-08-11,5.0,0.08379410747849278,3.0,0,0,2.0,4.0,3.0,49.00868603932427,2.0,0.6892201886284621,0,,0,0,HOLD,3.376470588235294,2,2,5
SVRN,2026-08-11,1.0,0.9825007954183901,5.0,0,0,5.0,,2.0,37.7452677906533,5.0,0.04453441866103566,0,,0,0,SELL,3.5142857142857147,1,3,4
SVV,2026-08-11,3.0,0.43924249181285463,1.0,1,0,3.0,2.0,4.0,69.58240435027841,2.0,0.7254161053370052,0,,0,0,BUY,2.376470588235294,3,0,5
SW,2026-08-11,2.0,0.6412867760847512,1.0,0,0,3.0,2.0,4.0,59.17760289503345,1.0,0.9003871551637449,0,,0,0,BUY,1.835294117647059,4,0,5
SWAG,2026-08-11,1.0,0.8083276939762344,3.0,0,0,2.0,3.0,3.0,48.28617368529841,4.0,0.3163265461278236,0,,0,0,BUY,2.447058823529412,2,1,5
SWBI,2026-08-11,2.0,0.587601881272115,3.0,0,0,1.0,2.0,2.0,41.8947240312061,2.0,0.7459694699046818,0,,0,0,BUY,1.9294117647058826,4,0,5
SWIM,2026-08-11,3.0,0.49534896698074815,2.0,0,0,3.0,1.0,5.0,70.57198938317819,2.0,0.7779369208614221,0,,0,0,BUY,2.3058823529411763,3,0,5
SWK,2026-08-11,3.0,0.5806378223567509,1.0,0,0,2.0,2.0,4.0,68.66983008167202,1.0,1.0,0,,0,0,BUY,1.9647058823529413,4,0,5
SWKS,2026-08-11,3.0,0.5331641579391783,2.0,0,0,3.0,2.0,4.0,56.82241426296165,3.0,0.5078455281389408,0,,0,0,HOLD,2.7176470588235295,2,0,5
SWMR,2026-08-11,5.0,0.060769965001590834,,0,0,,,3.0,51.53631982200801,4.0,0.258819038090662,0,,0,0,,,0,2,2
SWX,2026-08-11,2.0,0.6528172576259179,1.0,0,0,3.0,3.0,3.0,52.82890964485121,1.0,0.9081342990985446,0,,0,0,BUY,2.011764705882353,3,0,5
SWZ,2026-08-11,,,4.0,0,0,4.0,,3.0,54.75283370919897,4.0,0.20652230250132167,1,2.0,0,0,SELL,3.7,0,3,3
SXC,2026-08-11,,,1.0,0,0,2.0,4.0,4.0,58.45460880299861,1.0,0.9207139955827773,1,3.0,0,0,STRONG BUY,1.7169491525423732,3,1,4
SXI,2026-08-11,5.0,0.23563123588113905,2.0,0,0,1.0,4.0,4.0,57.8812775323037,1.0,0.8375161916081579,0,,0,0,HOLD,2.8588235294117648,3,2,5
SXT,2026-08-11,5.0,0.22116301239275502,1.0,0,0,2.0,4.0,4.0,67.17804432566655,1.0,1.0,0,,0,0,HOLD,2.929411764705882,3,2,5
SXTP,2026-08-11,2.0,0.688599100687562,5.0,0,0,5.0,3.0,2.0,32.72857680458162,5.0,0.004934205979346009,0,,0,0,SELL,3.7294117647058824,1,3,5
SY,2026-08-11,1.0,0.9723194400254533,3.0,0,0,5.0,,4.0,66.94022401371132,4.0,0.23941795967490176,0,,0,0,HOLD,2.9714285714285715,1,2,4
SYBT,2026-08-11,3.0,0.5328382286928145,1.0,0,0,2.0,1.0,4.0,58.10874288206313,1.0,0.8381858129827536,0,,0,0,BUY,1.7882352941176471,4,0,5
SYF,2026-08-11,2.0,0.6856070309308467,2.0,0,0,3.0,1.0,4.0,58.99551745476305,2.0,0.6252221663962674,0,,0,0,BUY,2.0,4,0,5
SYK,2026-08-11,5.0,0.22402287893231645,2.0,0,0,4.0,3.0,4.0,59.858657766177814,2.0,0.6158438090193105,0,,0,0,HOLD,3.447058823529412,2,2,5
SYNA,2026-08-11,4.0,0.3431277441755893,3.0,0,0,2.0,3.0,2.0,43.04951675849216,3.0,0.5348118193491455,0,,0,0,HOLD,3.129411764705883,1,1,5
SYNX,2026-08-11,,,5.0,0,0,4.0,,3.0,49.694057615424114,4.0,0.27550046169452547,0,,0,0,SELL,4.204545454545455,0,3,3
SYPR,2026-08-11,4.0,0.368119630925867,5.0,0,0,4.0,4.0,3.0,45.425187969544986,5.0,0.07627117145818181,0,,0,0,STRONG SELL,4.341176470588236,0,5,5
SYRE,2026-08-11,5.0,0.14603881641743557,1.0,0,0,1.0,4.0,3.0,54.636028417596556,1.0,0.9623245654444154,0,,0,0,HOLD,2.7529411764705882,3,2,5
SYY,2026-08-11,3.0,0.48522402287893224,1.0,0,0,3.0,3.0,4.0,55.963357211350804,2.0,0.738458254677493,0,,0,0,HOLD,2.552941176470588,2,0,5
T,2026-08-11,1.0,0.9184938036224977,3.0,0,0,4.0,2.0,4.0,63.7867518592667,3.0,0.5141633547969753,0,,1,0,BUY,2.3882352941176475,2,1,5
TAC,2026-08-11,,,5.0,0,0,4.0,,2.0,41.368471484959755,5.0,0.12384683936141094,0,,0,0,STRONG SELL,4.659090909090909,0,3,3
TACO,2026-08-11,4.0,0.26930409914204007,2.0,0,0,3.0,2.0,3.0,45.868132731777884,2.0,0.6666653421203734,0,,0,0,HOLD,2.7882352941176474,3,1,5
TACT,2026-08-11,2.0,0.6250017805011585,1.0,0,0,1.0,4.0,4.0,66.58271330333498,1.0,0.9733839663059264,1,1.0,0,0,STRONG BUY,1.535294117647059,4,1,5
TALK,2026-08-11,5.0,0.2396185659779088,1.0,0,0,1.0,2.0,4.0,56.871381243203786,1.0,1.0,0,,0,0,BUY,2.4,4,1,5
TALO,2026-08-11,1.0,0.8460072338962558,1.0,0,0,1.0,3.0,4.0,60.40012454957805,1.0,0.8925713675362723,0,,0,0,STRONG BUY,1.3529411764705885,4,0,5
TAOX,2026-08-11,4.0,0.42061338075533883,5.0,0,0,4.0,4.0,3.0,49.79746920613486,5.0,0.05337517972156155,0,,0,0,STRONG SELL,4.341176470588236,0,5,5
TAP,2026-08-11,,,3.0,0,0,4.0,3.0,3.0,53.46267007226754,4.0,0.2412092395483354,0,,0,0,SELL,3.593220338983051,0,2,4
TARA,2026-08-11,2.0,0.6309258670060451,5.0,0,0,4.0,5.0,3.0,45.31253838250291,4.0,0.207284798152356,0,,0,0,SELL,3.670588235294118,1,4,5
TARS,2026-08-11,5.0,0.20531703507918023,3.0,0,0,2.0,3.0,4.0,67.04249848301413,3.0,0.5885369905940963,0,,0,0,HOLD,3.4352941176470595,1,1,5
TATT,2026-08-11,4.0,0.41361756283805284,5.0,0,0,4.0,,2.0,37.9855580461183,5.0,0.1867067715807013,0,,0,0,STRONG SELL,4.414285714285715,0,4,4
TAVI,2026-08-11,,,1.0,0,0,3.0,3.0,3.0,50.18288875155938,2.0,0.7499991485042626,0,,0,0,BUY,2.3559322033898304,2,0,4
TAYD,2026-08-11,4.0,0.38184746696895394,5.0,0,0,4.0,4.0,3.0,49.49664396712923,4.0,0.2634045817752929,0,,0,0,SELL,4.105882352941177,0,5,5
TBBB,2026-08-11,,,2.0,0,0,2.0,,3.0,51.92606655264642,1.0,0.9119061441786704,0,,0,0,STRONG BUY,1.5454545454545454,3,0,3
TBBK,2026-08-11,4.0,0.40089255762473464,1.0,1,0,2.0,1.0,4.0,57.4866706757492,2.0,0.6240471351765752,1,1.0,0,0,BUY,2.0294117647058827,4,1,5
TBCH,2026-08-11,2.0,0.6004736037326663,5.0,0,0,3.0,2.0,3.0,49.69261093065953,4.0,0.3741006473596325,0,,0,0,HOLD,2.964705882352941,2,2,5
TBI,2026-08-11,2.0,0.7034680241807191,1.0,0,0,1.0,4.0,4.0,69.58926188293255,1.0,0.946502013737488,1,3.0,0,0,STRONG BUY,1.535294117647059,4,1,5
TBLA,2026-08-11,2.0,0.6908419009953458,4.0,0,0,2.0,3.0,2.0,35.12249307962256,3.0,0.43536113934714465,0,,0,0,HOLD,2.623529411764706,2,1,5
TBLD,2026-08-11,,,1.0,0,0,3.0,,4.0,65.66430689338941,1.0,0.9671150500612039,0,,0,0,STRONG BUY,1.6818181818181817,2,0,3
TBN,2026-08-11,3.0,0.5077951002227171,2.0,0,0,1.0,5.0,4.0,64.84878824616244,3.0,0.5458485500398832,0,,0,0,HOLD,2.894117647058824,2,1,5
TBPH,2026-08-11,4.0,0.39723521554808394,3.0,0,0,3.0,1.0,3.0,54.464277288744505,3.0,0.5915417053820313,0,,0,0,HOLD,2.952941176470588,1,1,5
TCBI,2026-08-11,2.0,0.7187797902764538,3.0,0,0,3.0,1.0,3.0,47.81185102942961,2.0,0.7543399614159628,1,2.0,0,0,BUY,1.8058823529411765,3,0,5
TCBK,2026-08-11,3.0,0.43979746487248833,1.0,0,0,2.0,1.0,3.0,51.4151676638187,1.0,0.8015412829888447,0,,0,0,BUY,1.7882352941176471,4,0,5
TCBS,2026-08-11,1.0,0.7678412407501969,2.0,0,0,3.0,2.0,3.0,47.08228343225588,2.0,0.6332096106806824,0,,0,0,BUY,1.8705882352941174,4,0,5
TCBX,2026-08-11,2.0,0.7608011365257724,1.0,0,0,3.0,3.0,4.0,68.96927905125636,1.0,1.0,1,1.0,0,0,STRONG BUY,1.7117647058823529,3,0,5
TCI,2026-08-11,2.0,0.6082765102453076,5.0,0,0,5.0,3.0,2.0,39.881389059317165,5.0,0.16311517532604872,0,,0,0,SELL,3.7294117647058824,1,3,5
TCMD,2026-08-11,3.0,0.5121346710308079,3.0,0,0,3.0,1.0,2.0,31.11768008006817,3.0,0.5593870102793124,0,,0,0,HOLD,2.6470588235294117,1,0,5
TCPC,2026-08-11,1.0,0.8943684377982819,4.0,0,0,4.0,3.0,4.0,66.77293209393034,4.0,0.2654944487342441,1,4.0,0,0,HOLD,2.605882352941177,1,3,5
TCRT,2026-08-11,5.0,0.1813843544662142,5.0,0,0,5.0,4.0,3.0,45.24601651273888,5.0,0.07722009108141506,0,,0,0,STRONG SELL,4.823529411764706,0,5,5
TCX,2026-08-11,1.0,0.8915418858761635,4.0,0,0,5.0,3.0,3.0,52.493794786542274,4.0,0.260869580452211,0,,0,0,HOLD,3.0823529411764703,1,3,5
TD,2026-08-11,,,1.0,0,0,1.0,,4.0,55.180760894894846,1.0,0.9361316398275862,0,,0,0,STRONG BUY,1.0,3,0,3
TDAC,2026-08-11,,,1.0,0,0,3.0,3.0,5.0,71.93123310095606,1.0,0.9817039670775067,0,,0,0,BUY,2.016949152542373,2,0,4
TDAY,2026-08-11,3.0,0.4396485518495416,2.0,0,0,2.0,1.0,1.0,27.067047748359514,2.0,0.6119134068841776,0,,0,0,BUY,2.1294117647058823,4,0,5
TDC,2026-08-11,3.0,0.46853937059989803,4.0,0,0,3.0,2.0,2.0,39.9790112741438,4.0,0.38910835117256726,0,,0,0,HOLD,3.164705882352941,1,2,5
TDF,2026-08-11,,,3.0,0,0,3.0,,4.0,57.039046152929494,3.0,0.5754011402480138,0,,0,0,HOLD,3.0000000000000004,0,0,3
TDG,2026-08-11,5.0,0.24070543374642517,5.0,0,0,4.0,2.0,3.0,46.65865227216869,4.0,0.33356467875128903,1,1.0,0,0,SELL,3.7588235294117656,1,4,5
TDOC,2026-08-11,1.0,0.8286767771707267,2.0,0,0,2.0,2.0,2.0,37.72541310244348,3.0,0.4561904311234219,0,,0,0,BUY,1.9294117647058826,4,0,5
TDS,2026-08-11,2.0,0.6498254319617501,5.0,0,0,4.0,2.0,2.0,40.61939267091625,5.0,0.01928583045863229,0,,0,0,HOLD,3.376470588235294,2,3,5
TDW,2026-08-11,3.0,0.4469120803702533,1.0,0,0,1.0,2.0,4.0,67.50252407167292,1.0,0.99030337590685,0,,0,0,BUY,1.7882352941176471,4,0,5
TDY,2026-08-11,4.0,0.3518285064160516,1.0,0,0,3.0,1.0,4.0,62.69501236167785,1.0,0.9557609439010949,0,,0,0,BUY,2.2705882352941176,3,1,5
TE,2026-08-11,4.0,0.3415292988529209,4.0,0,0,3.0,2.0,3.0,45.908722511521596,4.0,0.39490741886433595,0,,0,0,HOLD,3.4705882352941173,1,3,5
TECH,2026-08-11,5.0,0.19914638945830532,1.0,1,0,2.0,3.0,5.0,71.67134206110013,1.0,0.9967319841176318,0,,0,0,HOLD,2.7529411764705882,3,1,5
TECK,2026-08-11,,,2.0,0,0,2.0,,4.0,62.71202783203833,1.0,0.8962574004190617,0,,0,0,STRONG BUY,1.5454545454545454,3,0,3
TECX,2026-08-11,4.0,0.41679923639834554,2.0,0,0,1.0,3.0,3.0,53.929572947005894,2.0,0.7390181138564729,1,1.0,0,0,BUY,2.3117647058823536,3,1,5
TEI,2026-08-11,,,1.0,0,0,3.0,,4.0,65.89936259342286,1.0,1.0,0,,0,0,STRONG BUY,1.6818181818181817,2,0,3
TEL,2026-08-11,4.0,0.27645376549094375,3.0,0,0,3.0,3.0,4.0,60.376471393077715,3.0,0.43285741388679955,0,,0,0,HOLD,3.3058823529411767,0,1,5
TELO,2026-08-11,5.0,0.15081132675787465,5.0,0,0,4.0,3.0,3.0,46.22983808144492,4.0,0.22858554098500605,0,,0,0,SELL,4.23529411764706,0,4,5
TEN,2026-08-11,1.0,0.8848234171174038,2.0,0,0,1.0,,3.0,47.79992173478187,2.0,0.7867917765439897,0,,0,0,STRONG BUY,1.4142857142857144,4,0,4
TENB,2026-08-11,5.0,0.19578425634525637,1.0,0,0,2.0,3.0,4.0,62.05137055689647,1.0,0.8196165749094135,1,1.0,0,0,BUY,2.4529411764705884,3,1,5
TENX,2026-08-11,1.0,0.9220489977728286,3.0,0,0,5.0,5.0,1.0,18.014002717958093,5.0,0.015532608402014394,0,,0,0,SELL,3.564705882352941,1,3,5
TEO,2026-08-11,,,2.0,0,0,2.0,,2.0,44.325398211112756,2.0,0.7061310928236155,0,,0,0,BUY,2.0,3,0,3
TER,2026-08-11,5.0,0.09974976978025965,3.0,0,0,1.0,3.0,3.0,51.60805611056903,2.0,0.7158612470198942,0,,0,0,HOLD,3.023529411764706,2,1,5
TEX,2026-08-11,3.0,0.5386081982840801,1.0,0,0,3.0,3.0,3.0,54.087640124632415,2.0,0.7922812312263577,0,,0,0,HOLD,2.552941176470588,2,0,5
TFC,2026-08-11,1.0,0.7771136502489009,1.0,0,0,3.0,,3.0,54.543244465882886,1.0,0.8442914086676395,0,,0,0,STRONG BUY,1.4285714285714286,3,0,4
TFII,2026-08-11,,,3.0,0,0,2.0,,3.0,46.805202003930425,2.0,0.739089173650126,0,,0,0,BUY,2.2045454545454546,2,0,3
TFIN,2026-08-11,3.0,0.4357939929976262,1.0,0,0,2.0,1.0,3.0,49.41364792931864,1.0,0.8617052132145222,1,1.0,0,0,STRONG BUY,1.488235294117647,4,0,5
TFPM,2026-08-11,,,3.0,0,0,3.0,,4.0,63.0619662783459,3.0,0.43745575904140144,0,,0,0,HOLD,3.0000000000000004,0,0,3
TFSL,2026-08-11,4.0,0.3814328968529775,2.0,0,0,2.0,2.0,2.0,40.690958200177285,1.0,0.8091376962623316,1,1.0,0,0,BUY,2.0764705882352943,4,1,5
TFX,2026-08-11,,,1.0,0,0,2.0,3.0,3.0,50.198342738747016,1.0,0.8539479314899576,0,,0,0,BUY,1.7627118644067798,3,0,4
TG,2026-08-11,2.0,0.749363263787028,4.0,0,0,4.0,2.0,3.0,53.94810358089467,3.0,0.4285713279020882,0,,0,0,HOLD,2.8,2,2,5
TGB,2026-08-11,,,1.0,0,0,2.0,,4.0,66.36119758828866,1.0,0.9784482765708044,0,,0,0,STRONG BUY,1.340909090909091,3,0,3
TGEN,2026-08-11,4.0,0.2765857861240827,5.0,0,0,4.0,4.0,3.0,52.824356715231836,5.0,0.19960280931437727,1,5.0,0,0,SELL,4.041176470588236,0,5,5
TGL,2026-08-11,2.0,0.7595874853573875,5.0,0,0,5.0,4.0,2.0,42.56955414530554,5.0,0.010099078537127293,0,,0,0,SELL,3.905882352941177,1,4,5
TGLS,2026-08-11,3.0,0.5575602359459678,4.0,0,0,5.0,3.0,2.0,43.825338449969585,5.0,0.10387443069359428,1,2.0,0,0,SELL,3.629411764705883,0,3,5
TGS,2026-08-11,,,5.0,0,1,4.0,,2.0,36.858544642626214,3.0,0.5013157569470473,0,,0,0,SELL,3.750000000000001,0,2,3
TGT,2026-08-11,3.0,0.5416628419039875,1.0,0,0,1.0,3.0,5.0,70.34623278467416,1.0,1.0,0,,0,0,BUY,1.964705882352941,3,0,5
TGTX,2026-08-11,5.0,0.20009585596127158,2.0,0,0,1.0,3.0,2.0,44.995378084574085,2.0,0.7257421991080358,0,,0,0,HOLD,2.9176470588235293,3,1,5
TH,2026-08-11,4.0,0.28447539951382644,3.0,0,0,1.0,3.0,3.0,49.42316717787614,2.0,0.7129371083495682,0,,0,0,HOLD,2.7176470588235295,2,1,5
THC,2026-08-11,2.0,0.6401334604385128,1.0,1,0,2.0,,5.0,70.04465182250568,1.0,0.9887417090806513,0,,0,0,STRONG BUY,1.5857142857142859,4,0,4
THCH,2026-08-11,,,5.0,0,0,4.0,,2.0,41.49398996166617,5.0,0.11627905472390389,0,,0,0,STRONG SELL,4.659090909090909,0,3,3
THFF,2026-08-11,2.0,0.6756583014346849,1.0,0,0,1.0,2.0,4.0,64.37955722237655,1.0,0.9735601075262638,0,,0,0,STRONG BUY,1.4823529411764707,5,0,5
THG,2026-08-11,1.0,0.8074356530028599,1.0,0,0,2.0,2.0,4.0,55.308327689842976,1.0,0.8777417842658957,0,,0,0,STRONG BUY,1.3529411764705885,5,0,5
THH,2026-08-11,,,3.0,0,0,1.0,,5.0,96.5722181151812,5.0,0.04193254383111629,0,,0,0,HOLD,3.2272727272727275,1,1,3
THM,2026-08-11,4.0,0.28189627744193446,3.0,0,1,2.0,5.0,5.0,71.50536381425229,2.0,0.6673470030224178,0,,0,0,HOLD,3.247058823529412,2,2,5
THO,2026-08-11,2.0,0.6429933269780743,3.0,0,0,4.0,3.0,4.0,60.48714201046502,4.0,0.20869777932540365,1,1.0,0,0,HOLD,2.8058823529411767,1,2,5
THQ,2026-08-11,,,1.0,0,0,2.0,,4.0,69.81346740437436,1.0,1.0,0,,0,0,STRONG BUY,1.340909090909091,3,0,3
THRM,2026-08-11,2.0,0.587568730855762,1.0,0,0,2.0,3.0,4.0,56.758880090989784,2.0,0.772282494894733,0,,0,0,BUY,2.070588235294118,4,0,5
THRY,2026-08-11,1.0,0.818211446668524,5.0,0,0,5.0,2.0,1.0,23.43064914433063,5.0,0.0017021259672235544,1,5.0,0,0,HOLD,2.947058823529412,2,3,5
THW,2026-08-11,,,1.0,0,0,2.0,,5.0,71.32135228556835,1.0,1.0,0,,0,0,STRONG BUY,1.340909090909091,3,0,3
TIC,2026-08-11,2.0,0.7011941794727191,3.0,0,0,3.0,3.0,5.0,81.21737443059867,3.0,0.5025157209316162,0,,0,0,HOLD,2.6941176470588237,1,0,5
TIGO,2026-08-11,,,1.0,0,0,1.0,,3.0,50.11658762583316,1.0,0.8542045921063939,0,,0,0,STRONG BUY,1.0,3,0,3
TII,2026-08-11,,,4.0,0,0,3.0,,4.0,62.62981780647022,4.0,0.298155102749922,0,,0,0,SELL,3.659090909090909,0,2,3
TIL,2026-08-11,1.0,0.9223671651288579,5.0,0,0,4.0,4.0,4.0,55.72027520412934,5.0,0.0337882508246365,0,,0,0,HOLD,3.423529411764706,1,4,5
TILE,2026-08-11,3.0,0.49370232662721303,1.0,0,0,2.0,1.0,5.0,70.30462372039064,1.0,1.0,0,,0,0,BUY,1.7882352941176471,4,0,5
TIPT,2026-08-11,4.0,0.37402857477208734,1.0,0,0,4.0,3.0,4.0,55.41457118518511,4.0,0.25982722753752313,1,1.0,0,0,HOLD,3.205882352941176,1,3,5
TISI,2026-08-11,1.0,0.9676244435451234,1.0,0,0,2.0,3.0,5.0,81.01673587286257,1.0,1.0,1,1.0,0,0,STRONG BUY,1.2294117647058824,4,0,5
TITN,2026-08-11,1.0,0.8954923680428389,3.0,0,0,4.0,3.0,3.0,49.231990109098604,3.0,0.4814629785142327,0,,0,0,HOLD,2.564705882352941,1,1,5
TJGC,2026-08-11,4.0,0.37321030862233534,3.0,0,0,3.0,,2.0,34.93312219497358,3.0,0.4079304762271898,0,,0,0,HOLD,3.3714285714285714,0,1,4
TJX,2026-08-11,5.0,0.12671610378722284,3.0,0,0,3.0,1.0,3.0,46.579908713427365,2.0,0.6663032753097279,0,,0,0,HOLD,3.0235294117647062,2,1,5
TK,2026-08-11,,,2.0,0,0,2.0,,3.0,51.25295495191549,2.0,0.7130150667411179,0,,0,0,BUY,2.0,3,0,3
TKC,2026-08-11,,,5.0,0,0,4.0,,2.0,38.82806250049425,5.0,0.01412434781741932,0,,0,0,STRONG SELL,4.659090909090909,0,3,3
TKNO,2026-08-11,5.0,0.21018136894081546,1.0,0,0,1.0,3.0,5.0,77.3290842510631,1.0,1.0,1,2.0,0,0,BUY,2.2764705882352936,3,1,5
TKO,2026-08-11,5.0,0.09294566253574833,5.0,0,0,4.0,2.0,4.0,58.18099722220953,4.0,0.37780846292259207,0,,0,0,SELL,4.058823529411765,1,4,5
TKR,2026-08-11,4.0,0.3312678741658723,3.0,0,0,2.0,3.0,2.0,42.0434575571748,2.0,0.7860364833447362,0,,0,0,HOLD,2.8941176470588235,2,1,5
TLF,2026-08-11,1.0,0.9388230039147897,3.0,0,0,3.0,2.0,3.0,54.43769853012414,2.0,0.7120087633811875,0,,0,0,BUY,1.9764705882352942,3,0,5
TLIH,2026-08-11,5.0,0.1154947502386255,1.0,0,0,2.0,,4.0,61.37915471734549,2.0,0.6733067187919949,0,,0,0,HOLD,2.9857142857142858,3,1,4
TLK,2026-08-11,,,5.0,0,0,4.0,,3.0,48.436907165329636,5.0,0.18276265838400432,0,,0,0,STRONG SELL,4.659090909090909,0,3,3
TLN,2026-08-11,5.0,0.18652663984313766,4.0,0,0,4.0,4.0,3.0,50.18519054634531,4.0,0.3721914300434641,0,,0,0,STRONG SELL,4.305882352941177,0,5,5
TLPH,2026-08-11,4.0,0.29907731466751514,1.0,1,0,1.0,3.0,4.0,65.09804793743153,1.0,1.0,1,4.0,0,0,BUY,1.9705882352941175,3,1,5
TLRY,2026-08-11,1.0,0.881671145708229,4.0,0,0,5.0,4.0,4.0,56.39739256748451,5.0,0.04380841150779643,0,,0,0,HOLD,3.494117647058823,1,4,5
TLS,2026-08-11,3.0,0.4492710834645223,5.0,0,0,3.0,3.0,2.0,44.0158879483712,5.0,0.10796916175467233,0,,0,0,SELL,3.6823529411764704,0,2,5
TLSA,2026-08-11,,,5.0,0,0,5.0,,3.0,45.300716252921525,5.0,0.07070067345653398,0,,0,0,STRONG SELL,5.0,0,3,3
TLSI,2026-08-11,5.0,0.12537640261236802,2.0,0,0,2.0,3.0,5.0,76.23894432704455,2.0,0.6415662970731869,1,5.0,0,0,HOLD,2.7941176470588243,3,1,5
TLYS,2026-08-11,,,3.0,0,0,1.0,3.0,4.0,56.52634208807958,2.0,0.7213115646554774,0,,0,0,BUY,2.152542372881356,2,0,4
TM,2026-08-11,1.0,0.9821826280623608,3.0,0,0,4.0,,4.0,58.90316967616402,4.0,0.27821257795200877,0,,0,0,HOLD,2.7571428571428576,1,2,4
TMC,2026-08-11,1.0,0.9594852240228788,4.0,0,0,5.0,4.0,4.0,59.97550828960809,5.0,0.1491850677907379,0,,0,0,HOLD,3.494117647058823,1,4,5
TMCI,2026-08-11,3.0,0.4581179287544276,1.0,0,0,3.0,4.0,4.0,59.947048240381854,3.0,0.5538461961689801,0,,0,0,HOLD,2.9647058823529413,1,1,5
TMCR,2026-08-11,,,,0,0,,,3.0,49.75716046939824,5.0,0.11333333878290086,0,,0,0,,,0,1,1
TMDX,2026-08-11,4.0,0.3127593489012438,3.0,0,0,5.0,2.0,4.0,68.71622115517111,4.0,0.2995021729272506,0,,0,0,SELL,3.717647058823529,1,3,5
TMO,2026-08-11,4.0,0.2917063870352717,2.0,0,0,2.0,3.0,5.0,74.39881293276105,1.0,0.8312907540022786,0,,0,0,HOLD,2.552941176470588,3,1,5
TMP,2026-08-11,1.0,0.9008579599618686,1.0,0,0,2.0,3.0,4.0,58.34516321927454,1.0,0.9529149061071325,0,,0,0,STRONG BUY,1.5294117647058825,4,0,5
TMQ,2026-08-11,5.0,0.24753420299077317,4.0,0,0,3.0,5.0,4.0,68.80215614479125,4.0,0.26459755799978546,0,,0,0,STRONG SELL,4.305882352941176,0,4,5
TMS,2026-08-11,,,5.0,0,0,5.0,3.0,3.0,53.47133866384084,4.0,0.2827004488238051,0,,0,0,SELL,4.152542372881356,0,3,4
TMUS,2026-08-11,3.0,0.4578707853926329,5.0,0,0,4.0,2.0,3.0,48.48551393798665,5.0,0.13059377084002272,0,,0,0,SELL,3.6823529411764704,1,3,5
TNC,2026-08-11,3.0,0.5794463144234647,4.0,0,0,4.0,3.0,1.0,25.282779708226357,4.0,0.22543532155257684,1,3.0,0,0,HOLD,3.2176470588235295,0,3,5
TNDM,2026-08-11,4.0,0.34177656092292447,2.0,0,0,1.0,4.0,5.0,75.78400257840784,2.0,0.7420776970455596,0,,0,0,HOLD,2.7882352941176474,3,2,5
TNET,2026-08-11,3.0,0.42701644063369165,1.0,1,0,2.0,2.0,4.0,59.153962879019254,1.0,0.8694047640279631,0,,0,0,BUY,1.9647058823529413,4,0,5
TNGX,2026-08-11,5.0,0.18398539567316619,3.0,0,0,1.0,4.0,2.0,43.871624169138826,2.0,0.7520722876469879,0,,0,0,HOLD,3.2,2,2,5
TNK,2026-08-11,,,1.0,0,0,2.0,,4.0,55.94555058458899,1.0,0.8966539044090025,0,,0,0,STRONG BUY,1.340909090909091,3,0,3
TNL,2026-08-11,3.0,0.517159199237369,2.0,0,0,3.0,1.0,2.0,44.2918434130048,2.0,0.7767092887008731,0,,0,0,BUY,2.3058823529411763,3,0,5
TNON,2026-08-11,5.0,0.08642704556062385,2.0,0,0,1.0,3.0,5.0,97.3221386714695,1.0,1.0,0,,0,0,HOLD,2.6823529411764704,3,1,5
TNXP,2026-08-11,3.0,0.5038526035895599,4.0,0,0,5.0,3.0,4.0,57.56716370647011,5.0,0.053720698283052815,1,1.0,0,0,SELL,3.629411764705883,0,3,5
TOL,2026-08-11,2.0,0.6371694958538642,1.0,0,0,3.0,2.0,3.0,51.36160695496443,2.0,0.6821531148509431,0,,0,0,BUY,2.070588235294118,4,0,5
TOMZ,2026-08-11,5.0,0.1349799501371003,4.0,0,0,5.0,3.0,2.0,40.20436861894493,5.0,0.1142857415335519,0,,0,0,STRONG SELL,4.541176470588235,0,4,5
TONT,2026-08-11,,,2.0,0,0,3.0,4.0,3.0,51.23928390634746,3.0,0.5576922547887749,0,,0,0,HOLD,3.101694915254237,1,1,4
TONX,2026-08-11,3.0,0.5733745576803791,3.0,0,0,3.0,4.0,3.0,51.210560388165455,5.0,0.06634382906526955,0,,0,0,SELL,3.647058823529412,0,2,5
TORO,2026-08-11,1.0,0.8488705058860961,1.0,0,0,1.0,,5.0,78.0420405884999,1.0,0.8153653166395903,0,,0,0,STRONG BUY,1.0,4,0,4
TOST,2026-08-11,1.0,0.8763708071661468,2.0,0,0,3.0,1.0,4.0,69.85154185313246,3.0,0.558410147329917,0,,0,0,BUY,1.9294117647058824,3,0,5
TOWN,2026-08-11,,,1.0,0,0,3.0,,3.0,54.9161046893882,1.0,0.8519875010998411,0,,0,0,STRONG BUY,1.6818181818181817,2,0,3
TOYO,2026-08-11,3.0,0.5526566974228444,5.0,0,1,4.0,,2.0,42.54137778965171,5.0,0.07061487844625772,0,,0,0,SELL,4.042857142857144,0,3,4
TP,2026-08-11,,,,0,0,,,,,,,0,,0,0,,,0,0,0
TPB,2026-08-11,4.0,0.37797902764537655,4.0,0,0,4.0,2.0,4.0,59.30241748226204,4.0,0.23871093347865616,0,,0,0,SELL,3.6470588235294112,1,4,5
TPC,2026-08-11,3.0,0.4580022002165546,1.0,0,0,2.0,2.0,4.0,68.69917333021564,1.0,0.9687927464612367,1,2.0,0,0,STRONG BUY,1.6647058823529413,4,0,5
TPCS,2026-08-11,4.0,0.3997517180782977,1.0,1,0,3.0,2.0,4.0,61.9585737702052,2.0,0.7320144268970464,0,,0,0,HOLD,2.6823529411764704,3,1,5
TPL,2026-08-11,5.0,0.10332451574419375,3.0,0,0,3.0,4.0,2.0,39.992793016882686,4.0,0.3359297024071628,1,2.0,0,0,SELL,3.723529411764706,0,3,5
TPR,2026-08-11,5.0,0.15690148430444797,1.0,0,0,2.0,2.0,4.0,64.48268548930905,1.0,0.9352836982368498,0,,0,0,HOLD,2.5764705882352943,4,1,5
TPST,2026-08-11,5.0,0.053770283168946865,4.0,0,0,5.0,4.0,4.0,66.68102862644045,5.0,0.02906870316341905,1,1.0,0,0,STRONG SELL,4.41764705882353,0,5,5
TPVG,2026-08-11,1.0,0.9082241008574075,4.0,0,0,4.0,4.0,4.0,65.9378683182718,3.0,0.5168325972051263,0,,0,0,HOLD,2.847058823529412,1,3,5
TR,2026-08-11,,,2.0,0,0,3.0,2.0,4.0,56.25535087667055,3.0,0.5521415724372025,0,,0,0,HOLD,2.593220338983051,2,0,4
TRAD,2026-08-11,,,,0,0,,,4.0,60.45004753502008,1.0,0.941175150624376,0,,0,0,,,1,0,1
TRAK,2026-08-11,4.0,0.3334977621834151,5.0,0,0,5.0,3.0,3.0,47.230345097463854,5.0,0.14265215261901024,0,,0,0,STRONG SELL,4.341176470588236,0,4,5
TRAX,2026-08-11,,,,0,0,,,5.0,72.53669749722911,1.0,1.0,0,,0,0,,,1,0,1
TRC,2026-08-11,3.0,0.5316335550709345,4.0,0,0,4.0,2.0,2.0,31.551032243969445,4.0,0.22222211518806362,0,,0,0,HOLD,3.3411764705882354,1,3,5
TRDA,2026-08-11,3.0,0.4773096528600552,4.0,0,0,3.0,4.0,3.0,54.539985935603205,5.0,0.19073567393522076,0,,0,0,SELL,3.7529411764705882,0,3,5
TREE,2026-08-11,1.0,0.7946142759111776,5.0,0,0,5.0,3.0,2.0,30.58059864597837,5.0,0.0,0,,0,0,HOLD,3.423529411764706,1,3,5
TREX,2026-08-11,4.0,0.312168534612342,2.0,0,0,3.0,3.0,4.0,62.84047331648957,3.0,0.5543416674489289,1,1.0,0,0,HOLD,2.9000000000000004,1,1,5
TRGP,2026-08-11,4.0,0.25435752354230484,2.0,0,0,2.0,2.0,3.0,48.969879305268236,1.0,0.8766946039161053,0,,0,0,BUY,2.376470588235294,4,1,5
TRI,2026-08-11,,,3.0,0,0,3.0,,4.0,59.50903536156306,4.0,0.2985604429328201,0,,0,0,HOLD,3.454545454545455,0,1,3
TRIN,2026-08-11,2.0,0.7158954360872364,1.0,0,0,2.0,,4.0,58.67948122881851,1.0,0.9617219713582058,1,3.0,0,0,STRONG BUY,1.2857142857142858,4,0,4
TRIP,2026-08-11,2.0,0.6126482911341167,3.0,1,0,4.0,1.0,2.0,32.24296081450676,5.0,0.16363635838195947,0,,0,0,HOLD,2.988235294117647,2,2,5
TRLV,2026-08-11,3.0,0.5707107411093738,3.0,0,0,2.0,3.0,3.0,54.52900839106971,3.0,0.5318324690466706,0,,0,0,HOLD,2.823529411764706,1,0,5
TRMB,2026-08-11,4.0,0.41821675147342763,3.0,0,0,4.0,3.0,4.0,56.10717901139423,4.0,0.2412921236043272,0,,0,0,SELL,3.717647058823529,0,3,5
TRMK,2026-08-11,2.0,0.7032889063152873,1.0,0,0,2.0,2.0,4.0,58.391585000812256,1.0,0.9480986343429174,1,1.0,0,0,STRONG BUY,1.3588235294117648,5,0,5
TRN,2026-08-11,1.0,0.8879885605338418,4.0,0,0,4.0,1.0,1.0,29.051068080924566,4.0,0.32480783614552416,0,,0,0,HOLD,2.552941176470588,2,3,5
TRNO,2026-08-11,4.0,0.4185535004954566,1.0,0,0,2.0,3.0,2.0,44.019399336864765,2.0,0.7378635495297735,0,,0,0,HOLD,2.6823529411764704,3,1,5
TRNR,2026-08-11,2.0,0.7507247580987504,5.0,0,0,5.0,2.0,3.0,50.6866703475153,5.0,0.002971384406031472,0,,0,0,SELL,3.552941176470588,2,3,5
TRNS,2026-08-11,4.0,0.38057148229225213,2.0,0,0,2.0,3.0,4.0,62.96574496595996,1.0,1.0,0,,0,0,HOLD,2.552941176470588,3,1,5
TRON,2026-08-11,5.0,0.24553374196046923,5.0,0,0,4.0,3.0,3.0,45.96433417737892,5.0,0.05472637661773978,0,,0,0,STRONG SELL,4.470588235294118,0,4,5
TROO,2026-08-11,5.0,0.2437161947184219,5.0,0,1,3.0,,3.0,46.983756396508426,4.0,0.28266033341592567,0,,0,0,STRONG SELL,4.285714285714286,0,3,4
TROW,2026-08-11,3.0,0.5030180015950789,1.0,0,0,2.0,3.0,3.0,48.079652118040215,2.0,0.7899318259796803,0,,0,0,BUY,2.376470588235294,3,0,5
TROX,2026-08-11,1.0,0.8598286977168446,4.0,0,0,3.0,4.0,3.0,51.69876377042238,3.0,0.4772932952364175,0,,0,0,HOLD,2.670588235294118,1,2,5
TRP,2026-08-11,3.0,0.45752465797009234,3.0,0,0,2.0,,2.0,34.12910065097226,2.0,0.6835684003163702,0,,0,0,HOLD,2.5000000000000004,2,0,4
TRS,2026-08-11,2.0,0.6836779635454866,3.0,0,0,3.0,3.0,3.0,46.12601065584996,2.0,0.6402585867327899,1,1.0,0,0,BUY,2.1588235294117646,2,0,5
TRST,2026-08-11,2.0,0.631962370418803,1.0,0,0,1.0,2.0,3.0,51.14959759165807,1.0,0.9231871153390757,1,1.0,0,0,STRONG BUY,1.1823529411764706,5,0,5
TRT,2026-08-11,3.0,0.42900800706695985,3.0,0,0,1.0,3.0,3.0,52.406653117336546,3.0,0.48069777546796655,0,,0,0,HOLD,2.6470588235294117,1,0,5
TRTX,2026-08-11,1.0,0.8609146757483523,5.0,0,0,4.0,2.0,2.0,41.735941090595446,3.0,0.4635489595911759,0,,0,0,HOLD,2.6,2,2,5
TRU,2026-08-11,4.0,0.37649583139385345,2.0,0,0,3.0,1.0,4.0,56.109302025817335,3.0,0.5568373781152444,0,,0,0,HOLD,2.847058823529412,2,1,5
TRUP,2026-08-11,3.0,0.4845340671850476,2.0,0,0,4.0,4.0,4.0,68.21363002949901,4.0,0.3089041171948128,0,,0,0,HOLD,3.482352941176471,1,3,5
TRV,2026-08-11,3.0,0.5711137092821411,1.0,0,0,2.0,1.0,4.0,59.3864708317122,1.0,0.8591271425902959,0,,0,0,BUY,1.7882352941176471,4,0,5
TRVI,2026-08-11,5.0,0.15272033089405027,1.0,0,0,1.0,3.0,3.0,48.995472589638474,1.0,0.855884766209295,0,,0,0,HOLD,2.5764705882352934,3,1,5
TRX,2026-08-11,,,4.0,0,0,3.0,,4.0,69.96454070825308,4.0,0.394021754755175,0,,0,0,SELL,3.659090909090909,0,2,3
TSBK,2026-08-11,2.0,0.7067356598059711,1.0,0,0,2.0,1.0,4.0,63.18024521204459,1.0,1.0,0,,0,0,STRONG BUY,1.4823529411764707,5,0,5
TSCO,2026-08-11,3.0,0.4519548896109731,3.0,0,0,5.0,2.0,5.0,71.17655825525479,5.0,0.1859224233720584,0,,0,0,SELL,3.647058823529412,1,2,5
TSEM,2026-08-11,5.0,0.1212217626471524,2.0,0,0,1.0,,3.0,54.43920044739557,2.0,0.7557340428364778,0,,0,0,HOLD,2.9000000000000004,3,1,4
TSHA,2026-08-11,5.0,0.13919370872892667,2.0,0,0,1.0,3.0,4.0,57.96895679060817,1.0,0.8803317272471135,0,,0,0,HOLD,2.6823529411764704,3,1,5
TSI,2026-08-11,,,5.0,0,0,4.0,,3.0,50.05936234127745,5.0,0.1386410473923498,1,1.0,0,0,STRONG SELL,4.359090909090909,0,3,3
TSLA,2026-08-11,5.0,0.10751751867797088,5.0,0,0,4.0,3.0,2.0,43.284733777833395,5.0,0.17785554269386294,0,,0,0,STRONG SELL,4.470588235294118,0,4,5
TSLX,2026-08-11,2.0,0.763311127089136,3.0,0,0,4.0,2.0,4.0,64.66655501671315,4.0,0.3951028603281387,1,6.0,0,0,HOLD,2.6294117647058823,2,2,5
TSM,2026-08-11,,,3.0,0,0,2.0,,3.0,52.59512821084334,2.0,0.7757457679134667,1,3.0,0,0,BUY,1.9045454545454545,2,0,3
TSN,2026-08-11,5.0,0.21734985700667303,4.0,0,1,4.0,3.0,2.0,40.97177664690827,4.0,0.3854250911499803,0,,0,0,SELL,4.129411764705883,0,4,5
TSQ,2026-08-11,1.0,0.9457709429380817,4.0,0,0,4.0,3.0,2.0,33.84596311598155,3.0,0.46518737129338633,0,,0,0,HOLD,2.670588235294118,1,2,5
TSSI,2026-08-11,3.0,0.48725301474558624,4.0,0,0,3.0,2.0,3.0,54.815279496132995,4.0,0.33111113089102284,0,,0,0,HOLD,3.164705882352941,1,2,5
TT,2026-08-11,5.0,0.19701589440034484,2.0,0,0,3.0,1.0,3.0,54.87979042943384,1.0,0.835347127765956,0,,0,0,HOLD,2.682352941176471,3,1,5
TTAM,2026-08-11,,,4.0,0,0,4.0,,2.0,42.67990521601047,4.0,0.3569631383867521,1,1.0,0,0,SELL,3.7,0,3,3
TTC,2026-08-11,4.0,0.3492668408745782,1.0,0,0,3.0,2.0,4.0,61.36036023623403,1.0,0.9575613656237,0,,0,0,BUY,2.447058823529412,3,1,5
TTE,2026-08-11,,,1.0,0,0,2.0,,4.0,61.70193535680096,1.0,0.8566787321236693,0,,0,0,STRONG BUY,1.340909090909091,3,0,3
TTEC,2026-08-11,1.0,0.9838122217725618,4.0,0,0,5.0,2.0,2.0,32.32140004643358,5.0,0.0,1,1.0,0,0,HOLD,2.841176470588235,2,3,5
TTEK,2026-08-11,4.0,0.3960517828160151,2.0,0,0,4.0,2.0,4.0,68.33236084221699,3.0,0.5763684471250579,0,,0,0,HOLD,3.2,2,2,5
TTGT,2026-08-11,1.0,0.8774655695867474,4.0,0,0,5.0,3.0,2.0,42.671945132777765,5.0,0.10195531209925032,0,,0,0,HOLD,3.317647058823529,1,3,5
TTI,2026-08-11,4.0,0.28245977081738366,4.0,0,0,3.0,3.0,3.0,51.34828876568436,3.0,0.5821429244515067,0,,0,0,HOLD,3.411764705882353,0,2,5
TTMI,2026-08-11,5.0,0.23281719466674283,3.0,0,0,1.0,2.0,2.0,44.95129472228214,3.0,0.49589329681294986,0,,0,0,HOLD,3.0823529411764707,2,1,5
TTRX,2026-08-11,5.0,0.019090041361756283,1.0,0,0,1.0,4.0,4.0,63.29060636498543,1.0,1.0,0,,0,0,HOLD,2.7529411764705882,3,2,5
TTWO,2026-08-11,5.0,0.17063111929806712,1.0,0,0,2.0,2.0,4.0,57.64643047483972,1.0,0.8387051552424024,0,,0,0,HOLD,2.5764705882352943,4,1,5
TU,2026-08-11,,,5.0,0,0,5.0,,2.0,37.28316328629548,5.0,0.019046787231179398,0,,0,0,STRONG SELL,5.0,0,3,3
TULP,2026-08-11,1.0,0.8629904716739506,5.0,0,0,5.0,5.0,3.0,45.29288241247841,5.0,0.058593788562576216,0,,0,0,SELL,3.776470588235294,1,4,5
TUSK,2026-08-11,2.0,0.6111038978901184,2.0,0,0,1.0,3.0,4.0,68.21201917971443,2.0,0.7867299376122955,0,,0,0,BUY,2.0,4,0,5
TV,2026-08-11,,,3.0,0,0,3.0,,3.0,52.53164391069621,3.0,0.45614029217148483,0,,0,0,HOLD,3.0000000000000004,0,0,3
TVC,2026-08-11,,,3.0,0,0,3.0,2.0,3.0,54.85372153930836,2.0,0.7201918744454887,0,,0,0,BUY,2.406779661016949,2,0,4
TVE,2026-08-11,,,4.0,0,0,4.0,2.0,3.0,52.36916161203995,4.0,0.39279043611861464,0,,0,0,HOLD,3.491525423728814,1,3,4
TVGN,2026-08-11,,,5.0,0,0,5.0,4.0,3.0,52.835938789032646,5.0,0.054923829867468375,0,,0,0,STRONG SELL,4.745762711864407,0,4,4
TVRD,2026-08-11,2.0,0.6375410065203232,5.0,0,0,5.0,5.0,2.0,34.99883205693058,5.0,0.00675024046479714,0,,0,0,SELL,4.08235294117647,1,4,5
TVTX,2026-08-11,5.0,0.0924315966701084,1.0,0,0,1.0,2.0,4.0,61.074008790204424,1.0,0.9539864383445035,0,,0,0,BUY,2.4,4,1,5
TWAV,2026-08-11,1.0,0.8173719376391982,5.0,0,0,3.0,4.0,3.0,53.289266094245534,4.0,0.21492210592302108,0,,0,0,HOLD,3.0117647058823525,1,3,5
TWFG,2026-08-11,5.0,0.17492850333651097,1.0,1,0,2.0,1.0,3.0,53.60212497941614,1.0,0.8075990811420409,0,,0,0,BUY,2.4,4,1,5
TWI,2026-08-11,1.0,0.8673785501711622,4.0,0,0,5.0,4.0,2.0,41.875745626979544,5.0,0.10272532957248395,0,,0,0,HOLD,3.494117647058823,1,4,5
TWIN,2026-08-11,2.0,0.6372199168371121,1.0,0,0,1.0,4.0,4.0,60.74012869730423,1.0,1.0,0,,0,0,BUY,1.835294117647059,4,1,5
TWLO,2026-08-11,5.0,0.22819407580968723,2.0,0,0,1.0,2.0,5.0,77.82356812114527,1.0,1.0,0,,0,0,HOLD,2.5058823529411764,4,1,5
TWN,2026-08-11,,,2.0,0,0,1.0,,4.0,59.85822166410926,1.0,0.8721799632906656,1,1.0,0,0,STRONG BUY,1.0,3,0,3
TWO,2026-08-11,1.0,0.9125039770919504,3.0,0,0,2.0,4.0,2.0,42.006326359595626,2.0,0.7335006626482435,0,,0,0,BUY,2.1529411764705886,3,1,5
TWST,2026-08-11,5.0,0.062360801781737196,1.0,0,0,1.0,4.0,5.0,70.86479877596747,1.0,0.9890786487048152,0,,0,0,HOLD,2.7529411764705882,3,2,5
TXG,2026-08-11,5.0,0.15857633111367087,1.0,0,0,1.0,3.0,5.0,75.70241905811565,1.0,1.0,0,,0,0,HOLD,2.5764705882352934,3,1,5
TXMD,2026-08-11,3.0,0.5168532494436583,1.0,0,0,3.0,2.0,3.0,54.58802162269824,2.0,0.603930654096541,0,,0,0,BUY,2.376470588235294,3,0,5
TXN,2026-08-11,5.0,0.17302192564346996,3.0,0,0,2.0,2.0,3.0,46.965529821885774,2.0,0.7175244312280101,0,,0,0,HOLD,3.023529411764706,3,1,5
TXNM,2026-08-11,3.0,0.47350973935907814,4.0,0,0,3.0,3.0,3.0,50.34479065202904,3.0,0.5965805089376819,0,,0,0,HOLD,3.1058823529411765,0,1,5
TXRH,2026-08-11,4.0,0.3148867030343255,1.0,0,0,2.0,3.0,4.0,66.65898178714556,1.0,0.9945903022755619,0,,0,0,BUY,2.447058823529412,3,1,5
TXT,2026-08-11,2.0,0.631898308172299,4.0,0,0,3.0,1.0,3.0,46.196914928971644,3.0,0.45937671907666566,0,,0,0,BUY,2.447058823529412,2,1,5
TY,2026-08-11,,,1.0,0,0,3.0,,4.0,63.376320833980216,1.0,0.9866417588226322,0,,0,0,STRONG BUY,1.6818181818181817,2,0,3
TYG,2026-08-11,,,4.0,0,0,3.0,,3.0,47.12481385677667,3.0,0.4676181186213994,0,,0,0,HOLD,3.2045454545454555,0,1,3
TYGO,2026-08-11,2.0,0.7276951189688688,5.0,0,0,5.0,2.0,2.0,31.389237530959562,5.0,0.013819112598238715,0,,0,0,SELL,3.552941176470588,2,3,5
TYL,2026-08-11,5.0,0.24970868439259175,3.0,0,0,4.0,1.0,4.0,56.030672567544684,5.0,0.15178199309909426,1,2.0,0,0,SELL,3.6058823529411765,1,3,5
TYRA,2026-08-11,4.0,0.2876232898504613,3.0,0,0,3.0,5.0,2.0,31.636491410959337,3.0,0.49949168609941,0,,0,0,SELL,3.6588235294117646,0,2,5
TZOO,2026-08-11,2.0,0.7426040804567932,4.0,0,0,3.0,3.0,1.0,26.94834763390864,4.0,0.29603397080027327,1,1.0,0,0,HOLD,2.7352941176470584,1,2,5
U,2026-08-11,5.0,0.2015164625593561,2.0,0,0,1.0,3.0,5.0,81.94491975460761,1.0,0.8169449101249007,0,,0,0,HOLD,2.6823529411764704,3,1,5
UA,2026-08-11,,,3.0,0,0,4.0,4.0,1.0,28.469108572346585,4.0,0.33188777880984366,0,,0,0,SELL,3.8474576271186445,0,3,4
UAA,2026-08-11,,,3.0,0,0,4.0,4.0,1.0,28.416321980275583,4.0,0.3085641869614713,0,,0,0,SELL,3.8474576271186445,0,3,4
UAC,2026-08-11,,,,0,0,,,4.0,60.68761751184693,1.0,0.8620690789149158,1,1.0,0,0,,,1,0,1
UAL,2026-08-11,2.0,0.6451913205068602,1.0,0,0,2.0,1.0,3.0,53.619195849907506,1.0,0.8127701671197088,0,,0,0,STRONG BUY,1.4823529411764707,5,0,5
UAMY,2026-08-11,5.0,0.1749679857052744,5.0,0,0,3.0,3.0,3.0,54.10610896620708,4.0,0.20175441226018104,0,,0,0,SELL,4.058823529411765,0,3,5
UAVS,2026-08-11,3.0,0.5180122989343752,4.0,0,0,4.0,3.0,5.0,71.85020495394127,5.0,0.1509008852390204,0,,0,0,SELL,3.7529411764705882,0,3,5
UBER,2026-08-11,4.0,0.3702743644633307,3.0,0,0,3.0,3.0,4.0,63.75230136366205,4.0,0.366217680319845,1,1.0,0,0,HOLD,3.2411764705882358,0,2,5
UBS,2026-08-11,,,1.0,0,0,2.0,,4.0,58.08460717938259,1.0,0.9284824984766076,0,,0,0,STRONG BUY,1.340909090909091,3,0,3
UBSI,2026-08-11,2.0,0.7140133460438512,1.0,0,0,2.0,1.0,4.0,58.45445395721004,1.0,0.9475095892298366,0,,0,0,STRONG BUY,1.4823529411764707,5,0,5
UCB,2026-08-11,2.0,0.5930755269401687,1.0,0,0,3.0,1.0,4.0,57.43878573972285,1.0,0.8887357752104676,0,,0,0,STRONG BUY,1.6588235294117646,4,0,5
UCIB,2026-08-11,,,1.0,0,0,2.0,,4.0,55.69214294925367,2.0,0.690306905303447,0,,0,0,BUY,1.7954545454545454,3,0,3
UCTT,2026-08-11,4.0,0.388244356525765,3.0,0,0,1.0,3.0,3.0,45.76678165287823,3.0,0.52141558770067,0,,0,0,HOLD,2.9529411764705884,1,1,5
UDR,2026-08-11,5.0,0.19556107393358294,3.0,0,0,4.0,1.0,2.0,37.274686642091446,3.0,0.5785109718858682,0,,0,0,HOLD,3.4352941176470586,1,2,5
UE,2026-08-11,4.0,0.3190929887853374,3.0,0,0,3.0,2.0,2.0,35.0039419823722,2.0,0.6503618126955745,0,,0,0,HOLD,2.8941176470588235,2,1,5
UEC,2026-08-11,5.0,0.19212884369673242,4.0,0,0,4.0,3.0,4.0,61.535201904126986,4.0,0.21306305342647036,0,,0,0,SELL,4.129411764705883,0,4,5
UEIC,2026-08-11,,,1.0,0,0,2.0,1.0,5.0,83.93401612520435,1.0,1.0,0,,0,0,STRONG BUY,1.2542372881355932,4,0,4
UFCS,2026-08-11,2.0,0.7075786531301087,1.0,0,0,1.0,1.0,4.0,59.20737850117576,1.0,0.9593048897982943,0,,0,0,STRONG BUY,1.3058823529411767,5,0,5
UFI,2026-08-11,1.0,0.9429380817482801,1.0,0,0,1.0,4.0,4.0,66.4039241674477,1.0,0.9524939942303837,0,,0,0,STRONG BUY,1.5294117647058825,4,1,5
UFPI,2026-08-11,3.0,0.5833686647961984,2.0,0,0,4.0,2.0,4.0,58.39062934589352,4.0,0.38405289777132784,0,,0,0,HOLD,3.129411764705883,2,2,5
UFPT,2026-08-11,4.0,0.2908804526750225,1.0,0,0,2.0,2.0,4.0,69.88101894285757,1.0,0.916755938133955,0,,0,0,BUY,2.270588235294118,4,1,5
UG,2026-08-11,4.0,0.4050270442252625,2.0,0,0,3.0,2.0,3.0,48.97989101173875,2.0,0.6744023220163881,0,,0,0,HOLD,2.7882352941176474,3,1,5
UGI,2026-08-11,1.0,0.8388941849380362,4.0,0,0,4.0,1.0,2.0,42.726348747004906,3.0,0.45629401598708963,0,,0,0,BUY,2.317647058823529,2,2,5
UHAL,2026-08-11,,,1.0,0,0,2.0,3.0,4.0,62.39174600655108,1.0,0.9458889542481926,0,,0,0,BUY,1.7627118644067798,3,0,4
UHS,2026-08-11,1.0,0.9294566253574833,3.0,0,0,4.0,1.0,4.0,60.59781507855495,4.0,0.2778838608149426,0,,0,0,BUY,2.447058823529412,2,2,5
UHT,2026-08-11,4.0,0.30397441805111114,3.0,0,0,3.0,3.0,2.0,39.1814509577793,2.0,0.6245706617206896,0,,0,0,HOLD,3.0705882352941174,1,1,5
UI,2026-08-11,5.0,0.11236043239681556,4.0,0,0,3.0,2.0,4.0,58.731004732896864,4.0,0.2701265692530229,0,,0,0,SELL,3.7764705882352936,1,3,5
UIS,2026-08-11,,,4.0,0,0,3.0,5.0,2.0,34.9472856044127,4.0,0.2989208729961477,0,,0,0,SELL,4.0,0,3,4
ULBI,2026-08-11,1.0,0.8250193521390454,3.0,0,0,3.0,3.0,5.0,73.72714996317477,2.0,0.6724138157829832,1,2.0,0,0,BUY,1.852941176470588,2,0,5
ULCC,2026-08-11,3.0,0.5015194800350465,2.0,0,0,1.0,5.0,3.0,50.71450159331234,2.0,0.7721773237997958,0,,0,0,HOLD,2.658823529411765,3,1,5
ULH,2026-08-11,1.0,0.85164613629167,2.0,0,0,3.0,4.0,4.0,61.79955068661157,3.0,0.5021817244552375,0,,0,0,BUY,2.4588235294117653,2,1,5
ULS,2026-08-11,5.0,0.21274238308338025,4.0,0,0,3.0,2.0,2.0,32.14824014087368,4.0,0.3736012815758402,0,,0,0,SELL,3.7764705882352936,1,3,5
ULTA,2026-08-11,4.0,0.3669621866892129,3.0,0,0,4.0,3.0,4.0,65.36988051547036,4.0,0.367555716894322,0,,0,0,SELL,3.717647058823529,0,3,5
UMAC,2026-08-11,5.0,0.20847440984627727,2.0,0,0,1.0,4.0,4.0,60.24343538067028,2.0,0.7227202480534599,0,,0,0,HOLD,3.094117647058824,3,2,5
UMBF,2026-08-11,2.0,0.6520649524865717,1.0,0,0,2.0,1.0,4.0,60.35713432642209,1.0,1.0,0,,0,0,STRONG BUY,1.4823529411764707,5,0,5
UMC,2026-08-11,,,3.0,0,0,1.0,,2.0,43.72207999524191,3.0,0.5953971472134084,0,,0,0,BUY,2.3181818181818183,1,0,3
UMH,2026-08-11,4.0,0.4138808156577509,2.0,0,1,3.0,1.0,4.0,63.63949793195206,1.0,1.0,1,2.0,0,0,BUY,2.0764705882352943,3,1,5
UNB,2026-08-11,1.0,0.8755958055290755,2.0,0,0,3.0,,3.0,50.92381776868833,2.0,0.6158477347341457,1,3.0,0,0,STRONG BUY,1.5428571428571427,3,0,4
UNCY,2026-08-11,5.0,0.20615990510158974,5.0,0,1,3.0,4.0,2.0,41.82352083178549,4.0,0.2614107641626436,0,,0,0,SELL,4.235294117647059,0,4,5
UNF,2026-08-11,4.0,0.2640610104861773,1.0,0,0,1.0,3.0,4.0,59.43885482494694,1.0,0.9381118735695533,0,,0,0,BUY,2.2705882352941176,3,1,5
UNFI,2026-08-11,2.0,0.7514212608199655,3.0,0,0,1.0,3.0,3.0,45.074275211100996,2.0,0.7321956179684127,0,,0,0,BUY,2.1058823529411765,3,0,5
UNH,2026-08-11,2.0,0.6701101662123483,2.0,0,0,1.0,2.0,2.0,42.322828875345515,1.0,0.8288750947455439,0,,0,0,STRONG BUY,1.588235294117647,5,0,5
UNIT,2026-08-11,3.0,0.47395634986553165,3.0,0,0,2.0,3.0,2.0,33.47122829971907,3.0,0.545331567336667,0,,0,0,HOLD,2.823529411764706,1,0,5
UNM,2026-08-11,3.0,0.5195424213536701,2.0,0,0,2.0,4.0,4.0,55.89573204087797,1.0,0.9342628198827456,0,,0,0,BUY,2.423529411764706,3,1,5
UNP,2026-08-11,5.0,0.23240381130535265,1.0,0,0,2.0,1.0,3.0,52.7970886401677,1.0,0.8422851169256401,0,,0,0,BUY,2.4,4,1,5
UNTY,2026-08-11,2.0,0.652587050815664,1.0,0,0,2.0,1.0,4.0,63.45144632822179,1.0,1.0,0,,0,0,STRONG BUY,1.4823529411764707,5,0,5
UP,2026-08-11,1.0,0.934034803723189,5.0,0,0,5.0,4.0,2.0,34.52911230492602,5.0,0.0030337806284302434,0,,0,0,SELL,3.5999999999999996,1,4,5
UPB,2026-08-11,4.0,0.3651223270787242,4.0,0,0,5.0,4.0,3.0,53.591102026164954,5.0,0.04366566835880718,0,,0,0,STRONG SELL,4.411764705882353,0,5,5
UPBD,2026-08-11,2.0,0.6973307912297426,3.0,0,0,4.0,2.0,2.0,41.69880400666466,4.0,0.39906928975248357,0,,0,0,HOLD,2.929411764705882,2,2,5
UPLD,2026-08-11,1.0,0.8195062727640632,5.0,0,0,5.0,3.0,3.0,49.52145201576623,5.0,0.03129891148674951,0,,0,0,HOLD,3.423529411764706,1,3,5
UPS,2026-08-11,2.0,0.67302192564347,2.0,0,0,3.0,3.0,2.0,41.524747471245746,2.0,0.6550791681528162,0,,0,0,BUY,2.3529411764705883,3,0,5
UPST,2026-08-11,4.0,0.36779421061162776,5.0,0,0,5.0,3.0,3.0,46.87471954981797,5.0,0.10012112856664837,0,,0,0,STRONG SELL,4.341176470588236,0,4,5
UPWK,2026-08-11,2.0,0.6599658401292408,4.0,0,0,5.0,2.0,2.0,40.13304454657447,5.0,0.03718988878032611,0,,0,0,HOLD,3.4470588235294115,2,3,5
URBN,2026-08-11,3.0,0.5844286341949654,1.0,0,0,3.0,1.0,4.0,62.82320449302306,1.0,0.8631649951594735,0,,0,0,BUY,1.964705882352941,3,0,5
URG,2026-08-11,5.0,0.14991823878200927,5.0,0,0,4.0,4.0,4.0,57.66612516413731,4.0,0.2760416750744406,1,1.0,0,0,SELL,4.111764705882353,0,5,5
URGN,2026-08-11,5.0,0.1367867260218535,1.0,0,0,1.0,5.0,4.0,68.03092397669454,1.0,0.9968894103113619,0,,0,0,HOLD,2.929411764705882,3,2,5
URI,2026-08-11,5.0,0.1739676176028076,1.0,0,0,2.0,2.0,4.0,58.674982932629646,1.0,0.9698790538465977,0,,0,0,HOLD,2.5764705882352943,4,1,5
UROY,2026-08-11,,,2.0,0,0,3.0,,5.0,76.1504494403128,3.0,0.5620689864958077,0,,0,0,HOLD,2.795454545454546,1,0,3
USA,2026-08-11,,,2.0,0,0,3.0,,5.0,74.74568781713249,1.0,1.0,0,,0,0,BUY,1.8863636363636362,2,0,3
USAR,2026-08-11,5.0,0.01254552812626467,4.0,0,0,3.0,4.0,4.0,57.85311701748103,4.0,0.2699775712045348,0,,0,0,SELL,4.129411764705882,0,4,5
USAS,2026-08-11,,,4.0,0,0,3.0,,4.0,62.90069394333469,4.0,0.37810313323301037,0,,0,0,SELL,3.659090909090909,0,2,3
USAU,2026-08-11,5.0,0.234489341393573,4.0,0,0,3.0,4.0,4.0,56.766425317484156,4.0,0.39622639147648336,0,,0,0,SELL,4.129411764705882,0,4,5
USB,2026-08-11,3.0,0.5515498392370808,1.0,0,0,2.0,1.0,4.0,60.95187482714215,1.0,0.9944489666851536,0,,0,0,BUY,1.7882352941176471,4,0,5
USEA,2026-08-11,1.0,0.9153674832962138,2.0,0,0,1.0,,3.0,54.007277771577336,1.0,0.9377966091640367,0,,0,0,STRONG BUY,1.1285714285714288,4,0,4
USFD,2026-08-11,3.0,0.4711976665657618,1.0,0,0,2.0,1.0,5.0,72.22610671152236,1.0,1.0,0,,0,0,BUY,1.7882352941176471,4,0,5
USGO,2026-08-11,5.0,0.05949729557747375,4.0,0,0,4.0,3.0,4.0,63.10046400570469,5.0,0.17176471037023208,0,,0,0,STRONG SELL,4.364705882352941,0,4,5
USIO,2026-08-11,3.0,0.5600169005015758,1.0,0,0,1.0,4.0,3.0,54.12149533478417,2.0,0.7699999809265137,0,,0,0,BUY,2.376470588235294,3,1,5
USLM,2026-08-11,4.0,0.26220200849055564,2.0,0,0,3.0,3.0,4.0,63.90198111990702,3.0,0.5149079312696752,0,,0,0,HOLD,3.2,1,1,5
USNA,2026-08-11,1.0,0.85887149021952,3.0,1,0,5.0,2.0,1.0,25.94165881336346,5.0,0.0,0,,0,0,HOLD,3.0352941176470583,2,2,5
USPH,2026-08-11,5.0,0.15014299332697809,2.0,0,0,4.0,2.0,4.0,65.21424211649443,2.0,0.6948529540091363,0,,0,0,HOLD,3.270588235294118,3,2,5
UTF,2026-08-11,,,2.0,0,0,3.0,,2.0,35.19197448783629,1.0,0.8061782143675993,0,,0,0,BUY,1.8863636363636362,2,0,3
UTG,2026-08-11,,,4.0,0,0,3.0,,3.0,49.31874170690832,3.0,0.5572814684867372,0,,0,0,HOLD,3.2045454545454555,0,1,3
UTHR,2026-08-11,4.0,0.3444517325614016,4.0,0,0,2.0,1.0,2.0,40.67014885618121,2.0,0.7302500828515175,0,,0,0,HOLD,2.6470588235294117,3,2,5
UTI,2026-08-11,3.0,0.4495174173587883,4.0,0,0,4.0,2.0,1.0,27.474186480883844,5.0,0.13047910678793162,0,,0,0,SELL,3.576470588235294,1,3,5
UTL,2026-08-11,2.0,0.6068536893869575,1.0,0,0,3.0,3.0,3.0,50.53423880727487,1.0,0.8242186911248086,0,,0,0,BUY,2.011764705882353,3,0,5
UTMD,2026-08-11,3.0,0.4416912295360541,1.0,0,0,2.0,2.0,4.0,55.291989543211244,1.0,0.8941039119466276,0,,0,0,BUY,1.9647058823529413,4,0,5
UTSI,2026-08-11,1.0,0.8895959274578428,4.0,0,0,4.0,,3.0,47.67926207410736,4.0,0.3409302612698063,0,,0,0,HOLD,2.885714285714286,1,3,4
UTZ,2026-08-11,2.0,0.660166189223602,1.0,1,0,2.0,3.0,5.0,84.68909024908248,1.0,0.9932711926021492,0,,0,0,BUY,1.835294117647059,4,0,5
UUU,2026-08-11,3.0,0.46709013572885,5.0,0,1,4.0,4.0,2.0,40.55914985852985,5.0,0.19336027947274165,1,1.0,0,0,SELL,3.735294117647059,0,4,5
UUUU,2026-08-11,5.0,0.17919969109137904,4.0,0,0,3.0,4.0,4.0,61.38386085057931,4.0,0.3194805154914616,0,,0,0,SELL,4.129411764705882,0,4,5
UVE,2026-08-11,2.0,0.6967528785130372,1.0,0,0,1.0,1.0,4.0,55.75808252667101,1.0,0.9194541361875114,0,,0,0,STRONG BUY,1.3058823529411767,5,0,5
UVSP,2026-08-11,2.0,0.5919527709170641,2.0,0,0,2.0,1.0,2.0,44.06584165191319,1.0,0.8706115073954787,0,,0,0,STRONG BUY,1.588235294117647,5,0,5
UVV,2026-08-11,1.0,0.7777012754785549,5.0,0,0,4.0,3.0,1.0,27.124429722121803,5.0,0.0,0,,0,0,HOLD,3.2470588235294118,1,3,5
UWMC,2026-08-11,1.0,0.8122020972354622,5.0,0,0,5.0,3.0,2.0,36.45185493293292,5.0,0.053982016354358904,0,,0,0,HOLD,3.423529411764706,1,3,5
V,2026-08-11,,,1.0,0,0,3.0,2.0,4.0,55.127574119331875,1.0,0.895581414509555,0,,0,1,BUY,1.7627118644067798,3,0,4
VABK,2026-08-11,2.0,0.6780694348154477,1.0,0,0,2.0,2.0,4.0,61.37036530877094,1.0,1.0,0,,0,0,STRONG BUY,1.6588235294117648,5,0,5
VAC,2026-08-11,2.0,0.6429832954684542,1.0,0,0,1.0,2.0,4.0,63.553188378678165,1.0,0.8956710583561684,1,1.0,0,0,STRONG BUY,1.1823529411764706,5,0,5
VACI,2026-08-11,,,,0,0,3.0,,3.0,45.037711219593234,3.0,0.5283024979037186,0,,0,0,,,0,0,2
VAL,2026-08-11,4.0,0.38952886739750986,2.0,0,0,2.0,1.0,4.0,66.42534073392386,2.0,0.6301864607748517,0,,0,0,BUY,2.4352941176470586,4,1,5
VALU,2026-08-11,,,1.0,1,0,3.0,2.0,3.0,52.51112149963893,2.0,0.6530552137476437,0,,0,0,BUY,2.1016949152542375,3,0,4
VANI,2026-08-11,5.0,0.19853643016226535,2.0,0,0,3.0,5.0,4.0,55.20004059033081,3.0,0.49034331188866465,1,1.0,0,0,SELL,3.5588235294117654,1,2,5
VATE,2026-08-11,1.0,0.9753136382031566,4.0,0,0,1.0,4.0,2.0,42.142211424689066,4.0,0.2233457879368083,0,,0,0,HOLD,2.552941176470588,2,3,5
VBF,2026-08-11,,,5.0,0,0,4.0,,2.0,42.310782534259005,4.0,0.25101189851734357,0,,0,0,SELL,4.204545454545455,0,3,3
VBNK,2026-08-11,,,3.0,0,0,1.0,,2.0,41.321683943684356,2.0,0.6750512519033673,0,,0,0,BUY,1.863636363636364,2,0,3
VC,2026-08-11,2.0,0.6786741066147134,3.0,0,0,3.0,1.0,3.0,52.742571181036006,3.0,0.5214625097401545,0,,0,0,BUY,2.3411764705882354,2,0,5
VCEL,2026-08-11,5.0,0.19392583870791225,1.0,0,0,2.0,1.0,3.0,49.35850000037934,1.0,0.8186609267240339,0,,0,0,BUY,2.4,4,1,5
VCTR,2026-08-11,4.0,0.36265576706998487,1.0,0,0,1.0,3.0,5.0,75.82951932329203,1.0,1.0,0,,0,0,BUY,2.2705882352941176,3,1,5
VCV,2026-08-11,,,4.0,0,0,3.0,,4.0,58.015248463385944,1.0,0.8164803542635838,0,,0,0,BUY,2.2954545454545454,1,1,3
VCX,2026-08-11,,,,0,0,,,1.0,27.243597975905004,5.0,0.0,1,1.0,0,0,,,0,1,1
VCYT,2026-08-11,4.0,0.32034196288506256,3.0,0,0,1.0,1.0,2.0,37.21273171224016,3.0,0.5661538011900799,0,,0,0,HOLD,2.6,2,1,5
VECA,2026-08-11,,,,0,0,,,3.0,52.452147479327685,,,0,,0,0,,,0,0,0
VECO,2026-08-11,4.0,0.2867220328383384,3.0,0,0,1.0,2.0,2.0,43.20236398459763,3.0,0.43860387600187134,0,,0,0,HOLD,2.776470588235294,2,1,5
VEEE,2026-08-11,1.0,0.8907791226537123,3.0,0,0,5.0,3.0,3.0,48.99678827375279,5.0,0.08000795927517489,1,3.0,0,0,HOLD,2.9117647058823533,1,2,5
VEEV,2026-08-11,5.0,0.2092996234678705,2.0,0,0,3.0,2.0,5.0,78.00880756581593,3.0,0.5544285973684974,0,,0,0,HOLD,3.3294117647058825,2,1,5
VEL,2026-08-11,1.0,0.8153919175526365,3.0,0,0,4.0,3.0,4.0,63.193600637308876,4.0,0.39841685069137595,0,,0,0,HOLD,2.8000000000000003,1,2,5
VELO,2026-08-11,4.0,0.3047660540918851,3.0,0,0,2.0,4.0,3.0,52.91325407679508,4.0,0.39109983635463175,1,1.0,0,0,HOLD,3.2411764705882358,1,3,5
VENU,2026-08-11,2.0,0.5990295963846575,5.0,0,0,5.0,4.0,2.0,36.34345924635183,5.0,0.0,1,1.0,0,0,SELL,3.605882352941177,1,4,5
VERI,2026-08-11,3.0,0.5223589296655159,4.0,0,0,5.0,4.0,4.0,67.77701721814346,5.0,0.06507914824700296,0,,0,0,SELL,4.105882352941177,0,4,5
VERU,2026-08-11,3.0,0.5389925616885248,2.0,0,0,3.0,4.0,4.0,61.90876507969152,4.0,0.28418813019814926,0,,0,0,HOLD,3.305882352941177,1,2,5
VET,2026-08-11,,,1.0,0,0,2.0,,4.0,57.940929720658175,2.0,0.6079287105807945,0,,0,0,BUY,1.7954545454545454,3,0,3
VFC,2026-08-11,3.0,0.5705764491215741,5.0,0,0,4.0,2.0,2.0,39.52426602122931,4.0,0.3238579307351331,0,,0,0,HOLD,3.4470588235294115,1,3,5
VFF,2026-08-11,2.0,0.7550584352026002,4.0,0,0,4.0,2.0,5.0,72.35446814689263,4.0,0.24999998726396366,0,,0,0,HOLD,3.0352941176470583,2,3,5
VFS,2026-08-11,,,5.0,0,0,4.0,,3.0,48.28971753874582,5.0,0.1590256579923887,0,,0,0,STRONG SELL,4.659090909090909,0,3,3
VG,2026-08-11,2.0,0.6935176358436607,1.0,0,0,2.0,,3.0,51.062876584376326,2.0,0.633612936993313,0,,0,0,BUY,1.8714285714285717,4,0,4
VGI,2026-08-11,,,4.0,0,0,3.0,,4.0,62.821550687663596,2.0,0.7706987872364026,0,,0,0,HOLD,2.7500000000000004,1,1,3
VGM,2026-08-11,,,2.0,0,0,3.0,,4.0,58.87843755192635,1.0,0.8829842734747056,0,,0,0,BUY,1.8863636363636362,2,0,3
VGNT,2026-08-11,5.0,0.02513522112631244,,0,0,,,4.0,61.32463465469975,1.0,0.8331898237397848,0,,0,0,,,1,1,2
VGZ,2026-08-11,5.0,0.1880369074132994,3.0,0,0,3.0,5.0,5.0,71.27720418578369,2.0,0.6050000190734863,0,,0,0,SELL,3.729411764705883,1,2,5
VHC,2026-08-11,5.0,0.2037802381859971,3.0,0,0,4.0,3.0,4.0,60.073672062053184,4.0,0.31190147070018287,0,,0,0,SELL,4.023529411764707,0,3,5
VHI,2026-08-11,1.0,0.930224130780032,1.0,0,0,3.0,3.0,5.0,72.66572846771325,1.0,0.8732683853531337,0,,0,0,STRONG BUY,1.7058823529411764,3,0,5
VIA,2026-08-11,1.0,0.9955664770233401,2.0,0,0,1.0,3.0,5.0,78.55547433223538,4.0,0.2928360299754254,0,,0,0,BUY,2.164705882352941,3,1,5
VIAV,2026-08-11,5.0,0.14978970461048477,3.0,0,0,1.0,3.0,3.0,45.95901573102664,2.0,0.6172397816771655,0,,0,0,HOLD,3.023529411764706,2,1,5
VICI,2026-08-11,2.0,0.5874891255495082,5.0,0,0,4.0,2.0,2.0,42.23302164727036,5.0,0.024154271422930106,0,,0,0,HOLD,3.376470588235294,2,3,5
VICR,2026-08-11,4.0,0.2935907171766167,3.0,0,0,1.0,1.0,2.0,42.2127377074794,3.0,0.4969115478881653,0,,0,0,HOLD,2.6,2,1,5
VIDA,2026-08-11,4.0,0.36652879414572065,,0,0,,,3.0,45.81364747255714,,,0,,0,0,,,0,1,1
VIK,2026-08-11,,,1.0,0,0,1.0,,3.0,48.7521644818218,1.0,0.8701640439070311,0,,0,0,STRONG BUY,1.0,3,0,3
VIR,2026-08-11,4.0,0.3888477444718842,3.0,0,0,1.0,4.0,3.0,45.22153586446946,2.0,0.6791482469932476,0,,0,0,HOLD,2.8941176470588235,2,2,5
VIRC,2026-08-11,2.0,0.7613944546955373,5.0,0,0,4.0,4.0,2.0,40.511212557802054,5.0,0.13524372417416014,0,,0,0,SELL,3.7294117647058824,1,4,5
VIRT,2026-08-11,1.0,0.8560533841754052,3.0,0,0,2.0,1.0,2.0,39.803742012549115,2.0,0.6690982828549012,0,,0,0,STRONG BUY,1.6235294117647059,4,0,5
VISN,2026-08-11,2.0,0.7626191861637879,5.0,0,0,2.0,2.0,3.0,48.043723021737065,2.0,0.7788676802452247,0,,0,0,BUY,2.3176470588235296,4,1,5
VITL,2026-08-11,2.0,0.7142566113290747,4.0,0,0,5.0,4.0,2.0,43.399568241358935,5.0,0.07817810560431368,1,2.0,0,0,SELL,3.5000000000000004,1,4,5
VIVK,2026-08-11,1.0,0.9727142166212428,5.0,0,0,5.0,3.0,1.0,28.511004540202947,5.0,8.134257914529437e-06,0,,0,0,HOLD,3.423529411764706,1,3,5
VKI,2026-08-11,,,4.0,0,0,3.0,,2.0,41.78881681749904,2.0,0.6893251924809207,0,,0,0,HOLD,2.7500000000000004,1,1,3
VKQ,2026-08-11,,,3.0,0,0,3.0,,3.0,50.285994704325724,1.0,0.8930292066837219,0,,0,0,BUY,2.090909090909091,1,0,3
VKTX,2026-08-11,5.0,0.12090359529112313,2.0,1,0,3.0,5.0,3.0,46.215425154842634,3.0,0.5659139184752752,1,1.0,0,0,SELL,3.5588235294117654,1,2,5
VLN,2026-08-11,3.0,0.5860642698059179,4.0,0,0,3.0,,2.0,43.83312609161314,4.0,0.23760328044266646,0,,0,0,HOLD,3.4142857142857146,0,2,4
VLO,2026-08-11,5.0,0.2159199237368923,1.0,0,0,1.0,2.0,4.0,66.98794737001384,1.0,1.0,0,,0,0,BUY,2.4,4,1,5
VLT,2026-08-11,,,5.0,0,0,4.0,,3.0,45.59329404113899,3.0,0.5280686461686305,0,,0,0,SELL,3.750000000000001,0,2,3
VLTO,2026-08-11,4.0,0.27319234376518015,2.0,0,0,3.0,3.0,4.0,62.1434622451307,3.0,0.5891192663809731,0,,0,0,HOLD,3.2,1,1,5
VLY,2026-08-11,2.0,0.7254528122020972,1.0,0,0,2.0,,4.0,56.53991064629038,1.0,0.9363211862157946,1,1.0,0,0,STRONG BUY,1.2857142857142858,4,0,4
VMC,2026-08-11,4.0,0.30470413149957853,5.0,0,0,4.0,1.0,3.0,51.11523635408846,3.0,0.4109887051140442,0,,0,0,HOLD,3.3411764705882354,1,3,5
VMD,2026-08-11,3.0,0.5421950354992767,2.0,0,0,2.0,2.0,1.0,24.992885877567062,3.0,0.5032948113830069,0,,0,0,HOLD,2.5411764705882356,3,0,5
VMET,2026-08-11,,,,0,0,,,3.0,50.32916759338019,4.0,0.2535698471741543,0,,0,0,,,0,1,1
VMI,2026-08-11,4.0,0.3555767397521449,3.0,0,0,2.0,3.0,3.0,46.16213322378758,2.0,0.6167792810955118,0,,0,0,HOLD,2.8941176470588235,2,1,5
VMO,2026-08-11,,,2.0,0,0,3.0,,4.0,56.19509466577418,1.0,0.9430934901384029,0,,0,0,BUY,1.8863636363636362,2,0,3
VNCE,2026-08-11,2.0,0.7444417140092596,1.0,0,0,1.0,2.0,3.0,51.2958299817576,2.0,0.77984494697044,0,,0,0,STRONG BUY,1.7176470588235297,5,0,5
VNDA,2026-08-11,2.0,0.6695201566060978,5.0,0,0,4.0,4.0,2.0,33.13875689250288,5.0,0.1322160130786567,0,,0,0,SELL,3.7294117647058824,1,4,5
VNO,2026-08-11,2.0,0.5908563940829883,1.0,0,0,2.0,1.0,3.0,50.44293550169137,1.0,0.8418809166327501,1,1.0,0,0,STRONG BUY,1.1823529411764706,5,0,5
VNT,2026-08-11,3.0,0.5108574955999312,3.0,0,0,4.0,1.0,4.0,67.160976812454,3.0,0.4176850407454175,0,,0,0,HOLD,2.823529411764706,1,1,5
VOR,2026-08-11,,,1.0,0,0,3.0,3.0,4.0,67.39279724314697,4.0,0.390229315266529,0,,0,0,HOLD,3.033898305084746,1,1,4
VOXR,2026-08-11,,,3.0,0,1,3.0,,4.0,67.91295750049945,2.0,0.6273711500693332,0,,0,0,HOLD,2.545454545454546,1,0,3
VOYA,2026-08-11,3.0,0.4956815695682035,1.0,0,0,2.0,2.0,3.0,53.03885039689813,1.0,0.9241000918119516,0,,0,0,BUY,1.9647058823529413,4,0,5
VOYG,2026-08-11,,,2.0,0,0,1.0,3.0,5.0,72.03868937208286,2.0,0.7448194565818179,0,,0,0,BUY,2.0,3,0,4
VPG,2026-08-11,4.0,0.4094157918570937,3.0,0,0,1.0,2.0,2.0,32.97236971315742,4.0,0.33127171914342485,0,,0,0,HOLD,3.011764705882353,2,2,5
VPV,2026-08-11,,,2.0,0,0,3.0,,4.0,61.11407465828173,1.0,0.9253747991353934,0,,0,0,BUY,1.8863636363636362,2,0,3
VRA,2026-08-11,1.0,0.8768913697276505,3.0,0,0,1.0,4.0,2.0,38.73136610802986,2.0,0.6341462469091603,0,,0,0,BUY,1.9764705882352944,3,1,5
VRAX,2026-08-11,,,5.0,0,0,5.0,,2.0,44.15584359635328,5.0,0.01826215997193417,0,,0,0,STRONG SELL,5.0,0,3,3
VRCA,2026-08-11,4.0,0.25889617275297594,5.0,0,0,4.0,2.0,3.0,49.56671424390697,4.0,0.3814432770082452,0,,0,0,SELL,3.752941176470588,1,4,5
VRDN,2026-08-11,4.0,0.30194082087177854,3.0,0,0,3.0,4.0,5.0,71.00911326128661,3.0,0.47656249745341467,0,,0,0,HOLD,3.4823529411764707,0,2,5
VREX,2026-08-11,2.0,0.6748984908132181,2.0,0,0,1.0,3.0,5.0,92.27487051895477,1.0,1.0,0,,0,0,BUY,1.764705882352941,4,0,5
VRM,2026-08-11,1.0,0.9439874074701657,4.0,0,0,5.0,4.0,4.0,64.58739342732926,5.0,0.12515639357741362,0,,0,0,HOLD,3.494117647058823,1,4,5
VRNS,2026-08-11,5.0,0.1056315622017181,1.0,0,0,3.0,3.0,3.0,48.07146014187581,3.0,0.5062615839247315,0,,0,0,HOLD,3.4,1,1,5
VRSK,2026-08-11,4.0,0.2850740315990297,4.0,0,0,4.0,3.0,2.0,38.51857358975787,4.0,0.20468628700600736,1,3.0,0,0,SELL,3.523529411764706,0,4,5
VRSN,2026-08-11,5.0,0.1700382682778001,1.0,0,0,2.0,,4.0,57.85874697149434,1.0,0.8049884462959532,1,1.0,0,0,BUY,2.4000000000000004,3,1,4
VRT,2026-08-11,5.0,0.11848457543246507,3.0,0,0,2.0,3.0,3.0,48.59209569904467,2.0,0.6172305152785608,0,,0,0,HOLD,3.2,2,1,5
VRTS,2026-08-11,2.0,0.7331692880380861,1.0,1,0,3.0,4.0,4.0,60.59998000193324,2.0,0.6864953623306145,1,1.0,0,0,BUY,2.1235294117647063,3,1,5
VRTX,2026-08-11,5.0,0.2032780073806912,1.0,0,0,2.0,2.0,5.0,71.65115576391705,1.0,0.9960836472205757,0,,0,0,HOLD,2.5764705882352943,4,1,5
VRXA,2026-08-11,,,5.0,0,0,5.0,,2.0,38.67997338072481,5.0,0.008454364869029413,0,,0,0,STRONG SELL,5.0,0,3,3
VS,2026-08-11,2.0,0.6848761915036706,3.0,0,0,3.0,3.0,3.0,46.99821549633825,4.0,0.33546328214862214,0,,0,0,HOLD,2.929411764705882,1,1,5
VSAT,2026-08-11,3.0,0.4752795916991485,1.0,0,0,1.0,3.0,4.0,60.9109378045364,1.0,0.9309057745411752,0,,0,0,BUY,1.964705882352941,3,0,5
VSEC,2026-08-11,4.0,0.33982517003752016,1.0,0,0,2.0,3.0,4.0,66.80137767550073,1.0,1.0,0,,0,0,BUY,2.447058823529412,3,1,5
VSH,2026-08-11,,,3.0,0,0,1.0,3.0,2.0,40.594508752684085,3.0,0.4063909185183105,0,,0,0,BUY,2.491525423728814,1,0,4
VST,2026-08-11,4.0,0.2754697559429503,5.0,0,0,4.0,2.0,2.0,44.16318735591884,5.0,0.12883718934308183,0,,0,0,SELL,3.9882352941176467,1,4,5
VSTM,2026-08-11,5.0,0.11278725242841964,2.0,0,0,3.0,3.0,5.0,72.86716135043892,3.0,0.4754097794670609,0,,0,0,SELL,3.5058823529411764,1,1,5
VSTS,2026-08-11,2.0,0.6453562288295753,2.0,0,0,1.0,4.0,3.0,45.144223518836185,1.0,0.8110932177925728,0,,0,0,BUY,1.9411764705882353,4,1,5
VSXY,2026-08-11,4.0,0.36890598087082926,1.0,0,0,1.0,3.0,4.0,63.894149712107144,1.0,0.9364272103878497,0,,0,0,BUY,2.2705882352941176,3,1,5
VTEX,2026-08-11,,,2.0,1,0,3.0,,2.0,42.43352960038591,2.0,0.6011236210902371,0,,0,0,BUY,2.3409090909090913,2,0,3
VTN,2026-08-11,,,5.0,0,0,3.0,,3.0,51.2607359168805,1.0,0.8101426645084687,0,,0,0,BUY,2.5,1,1,3
VTOL,2026-08-11,2.0,0.7407303241674703,1.0,0,0,3.0,2.0,4.0,56.608941535101096,2.0,0.7402278329748642,0,,0,0,BUY,2.070588235294118,4,0,5
VTR,2026-08-11,4.0,0.2782616351630378,2.0,0,0,3.0,,2.0,38.34100823860709,2.0,0.6379390408967099,1,1.0,0,0,HOLD,2.6571428571428575,2,1,4
VTRS,2026-08-11,1.0,0.991096721974909,2.0,0,0,2.0,3.0,2.0,40.02479528361693,1.0,0.8133589557260841,1,1.0,0,0,STRONG BUY,1.3352941176470587,4,0,5
VTS,2026-08-11,4.0,0.4199237368922784,4.0,0,0,5.0,1.0,4.0,59.47957326810166,5.0,0.14461664449435796,0,,0,0,SELL,3.8823529411764706,1,4,5
VTSI,2026-08-11,2.0,0.6471111930866127,5.0,0,0,5.0,3.0,3.0,52.291239199312464,5.0,0.05069125183435358,1,1.0,0,0,HOLD,3.4294117647058826,1,3,5
VUZI,2026-08-11,5.0,0.11707762791693672,5.0,0,1,3.0,4.0,3.0,54.027851013067355,4.0,0.23302469777408655,0,,0,0,SELL,4.235294117647059,0,4,5
VVR,2026-08-11,,,5.0,0,0,4.0,,3.0,50.72568906495799,4.0,0.21229133078363469,0,,0,0,SELL,4.204545454545455,0,3,3
VVV,2026-08-11,4.0,0.3351015393107349,3.0,0,0,4.0,2.0,1.0,27.35159630179264,4.0,0.36440663582903493,0,,0,0,SELL,3.541176470588235,1,3,5
VVX,2026-08-11,2.0,0.603415533974977,2.0,0,0,2.0,1.0,3.0,48.72537203451562,2.0,0.7420439376166185,0,,0,0,BUY,1.8235294117647056,5,0,5
VWAV,2026-08-11,1.0,0.9570474069360483,5.0,0,0,5.0,4.0,1.0,20.65851804278404,5.0,0.0,0,,0,0,SELL,3.5999999999999996,1,4,5
VXX,2026-08-11,,,5.0,0,0,5.0,,2.0,37.59275666877398,5.0,0.0,0,,0,0,STRONG SELL,5.0,0,3,3
VXZ,2026-08-11,,,5.0,0,0,4.0,,2.0,40.6320303147128,5.0,0.01923073242831016,0,,0,0,STRONG SELL,4.659090909090909,0,3,3
VYGR,2026-08-11,3.0,0.524571573697479,5.0,0,0,4.0,5.0,3.0,48.566991831555654,5.0,0.08369096121369592,0,,0,0,SELL,4.211764705882353,0,4,5
VYX,2026-08-11,2.0,0.7396808956072832,3.0,0,0,4.0,4.0,3.0,48.3930437295411,4.0,0.2542932193190728,0,,0,0,HOLD,3.282352941176471,1,3,5
VZ,2026-08-11,1.0,0.8274547187797903,1.0,0,0,3.0,2.0,4.0,60.165822383715955,1.0,0.8088064802903492,0,,0,0,STRONG BUY,1.5294117647058825,4,0,5
VZLA,2026-08-11,,,4.0,0,0,3.0,,4.0,65.08113311066117,4.0,0.22564098833424034,0,,0,0,SELL,3.659090909090909,0,2,3
W,2026-08-11,,,2.0,0,0,2.0,2.0,4.0,58.42482666591927,2.0,0.7474452666754862,0,,0,0,BUY,2.0,4,0,4
WAB,2026-08-11,4.0,0.2981935713945558,1.0,0,0,2.0,3.0,4.0,60.77455474464318,1.0,0.9212416113909524,0,,0,0,BUY,2.447058823529412,3,1,5
WABC,2026-08-11,2.0,0.6420244695402934,1.0,0,0,2.0,2.0,3.0,48.09418834438435,1.0,0.8364924364154105,0,,0,0,STRONG BUY,1.6588235294117648,5,0,5
WAFD,2026-08-11,3.0,0.49526465805234093,1.0,0,0,2.0,1.0,4.0,57.28142564930448,1.0,0.8857287115314808,0,,0,0,BUY,1.7882352941176471,4,0,5
WAFU,2026-08-11,1.0,0.8530066815144766,3.0,0,0,3.0,,4.0,64.12149354828107,3.0,0.4626866893211778,0,,0,0,BUY,2.2571428571428576,1,0,4
WAL,2026-08-11,3.0,0.5048561570899678,1.0,1,0,4.0,2.0,3.0,50.47383930793451,3.0,0.540174773102261,0,,0,0,HOLD,2.788235294117647,2,1,5
WASH,2026-08-11,3.0,0.47931523901580236,1.0,0,0,2.0,1.0,4.0,59.039450408483304,1.0,0.9504669282710142,0,,0,0,BUY,1.7882352941176471,4,0,5
WAT,2026-08-11,4.0,0.30181878168425574,1.0,0,0,2.0,3.0,5.0,70.53579737397519,1.0,1.0,1,2.0,0,0,BUY,2.147058823529412,3,1,5
WATT,2026-08-11,3.0,0.46261533566656055,3.0,0,0,1.0,3.0,3.0,54.79649106417334,3.0,0.46920027790808055,0,,0,0,HOLD,2.6470588235294117,1,0,5
WAY,2026-08-11,3.0,0.5101959044231036,3.0,0,0,4.0,3.0,4.0,60.70304503563332,4.0,0.3131891540617588,1,1.0,0,0,HOLD,3.111764705882353,0,2,5
WBD,2026-08-11,3.0,0.4879532473841687,3.0,0,1,2.0,2.0,4.0,59.994422318074044,1.0,0.8486979787419039,0,,0,0,BUY,2.1764705882352944,3,0,5
WBI,2026-08-11,,,2.0,0,0,1.0,3.0,2.0,44.487247647963486,2.0,0.7674061314732565,0,,0,0,BUY,2.0,3,0,4
WBS,2026-08-11,3.0,0.4520702485056859,1.0,0,0,2.0,1.0,4.0,65.7963113068952,1.0,1.0,0,,0,0,BUY,1.7882352941176471,4,0,5
WBTN,2026-08-11,1.0,0.7817339336333569,5.0,0,0,4.0,3.0,2.0,34.86452908720091,5.0,0.0,0,,0,0,HOLD,3.2470588235294118,1,3,5
WBX,2026-08-11,,,3.0,0,0,3.0,,2.0,42.55022228152129,4.0,0.2041237072858995,0,,0,0,HOLD,3.454545454545455,0,1,3
WCC,2026-08-11,4.0,0.3760724499523356,2.0,0,0,1.0,4.0,4.0,60.52211107280672,1.0,0.9707830607795341,0,,0,0,HOLD,2.552941176470588,3,2,5
WCN,2026-08-11,4.0,0.28630129664323795,2.0,0,0,4.0,3.0,3.0,51.79090886940092,3.0,0.4658785522489302,0,,0,0,HOLD,3.376470588235295,1,2,5
WD,2026-08-11,3.0,0.5830866310584945,5.0,0,0,5.0,4.0,2.0,32.94488193692996,5.0,0.015061550753255755,1,4.0,0,0,SELL,3.9117647058823533,0,4,5
WDC,2026-08-11,5.0,0.11140722309756197,3.0,0,0,1.0,3.0,2.0,38.985919439182624,3.0,0.5404379424170759,0,,0,0,HOLD,3.2588235294117647,1,1,5
WDFC,2026-08-11,5.0,0.21966787418665545,1.0,0,0,3.0,2.0,3.0,49.667646363689016,2.0,0.6182986483346677,0,,0,0,HOLD,2.988235294117647,3,1,5
WDI,2026-08-11,,,5.0,0,0,4.0,,3.0,49.536594934412186,2.0,0.6366107422826468,0,,0,0,HOLD,3.295454545454546,1,2,3
WEA,2026-08-11,,,5.0,0,0,3.0,,3.0,54.811893373664354,3.0,0.5898152701060057,0,,0,0,HOLD,3.4090909090909096,0,1,3
WEAV,2026-08-11,4.0,0.4233866489891924,3.0,1,0,4.0,2.0,2.0,31.105192892198275,5.0,0.18865232967723908,0,,0,0,SELL,3.776470588235294,1,3,5
WEC,2026-08-11,3.0,0.4367732459185279,4.0,0,0,4.0,3.0,2.0,32.73971880506784,4.0,0.2985787887815921,0,,0,0,SELL,3.5176470588235293,0,3,5
WELL,2026-08-11,5.0,0.21221483263005617,1.0,0,0,2.0,,2.0,40.31992645409308,2.0,0.7257887649878086,0,,0,0,HOLD,2.9857142857142858,3,1,4
WEN,2026-08-11,3.0,0.49949421125376053,3.0,0,0,4.0,3.0,3.0,49.40578183028091,4.0,0.341619863406129,0,,0,0,HOLD,3.411764705882353,0,2,5
WENC,2026-08-11,,,,0,0,,,4.0,58.784724488936895,,,0,,0,0,,,0,0,0
WERN,2026-08-11,2.0,0.6880032512491773,3.0,0,0,2.0,3.0,2.0,34.20964408684296,3.0,0.5552813506813479,0,,0,0,HOLD,2.51764705882353,2,0,5
WEST,2026-08-11,1.0,0.8146499392958316,2.0,0,0,2.0,4.0,4.0,55.87167747797686,2.0,0.7558140474337367,1,1.0,0,0,STRONG BUY,1.7470588235294116,4,1,5
WETH,2026-08-11,1.0,0.8887130934103877,5.0,0,0,4.0,1.0,2.0,43.94960608872103,5.0,0.09727341911307058,0,,0,0,HOLD,2.8941176470588235,2,3,5
WETO,2026-08-11,3.0,0.4858415526566975,5.0,0,1,5.0,,1.0,26.901128653593574,5.0,0.006319149504316614,0,,0,0,STRONG SELL,4.257142857142858,0,3,4
WEX,2026-08-11,4.0,0.35277799662680004,1.0,1,0,3.0,3.0,5.0,70.15969644709018,1.0,0.9902680172043598,0,,0,0,HOLD,2.6235294117647054,2,1,5
WEYS,2026-08-11,2.0,0.6161870542267347,1.0,0,0,1.0,3.0,5.0,81.32778303416413,1.0,1.0,0,,0,0,STRONG BUY,1.6588235294117646,4,0,5
WFC,2026-08-11,3.0,0.573990090578331,1.0,1,0,3.0,3.0,4.0,56.40390373507559,2.0,0.6701995324076323,0,,0,0,HOLD,2.552941176470588,2,0,5
WFF,2026-08-11,3.0,0.48329621380846327,4.0,1,0,4.0,,2.0,44.798942028103845,4.0,0.22155320165965708,0,,0,0,SELL,3.628571428571429,0,3,4
WFG,2026-08-11,,,1.0,0,0,4.0,,4.0,57.201948439885896,2.0,0.7233849165895248,0,,0,0,BUY,2.477272727272728,2,1,3
WFRD,2026-08-11,3.0,0.49449653631493956,3.0,0,1,3.0,1.0,4.0,61.70286349962361,2.0,0.7051283132023889,0,,0,0,BUY,2.411764705882353,2,0,5
WGO,2026-08-11,2.0,0.6721536047470525,3.0,0,0,4.0,2.0,4.0,60.83642066267266,4.0,0.2563221321113431,0,,0,0,HOLD,2.929411764705882,2,2,5
WH,2026-08-11,5.0,0.2166191806024991,4.0,0,0,4.0,3.0,2.0,37.82642195932598,4.0,0.2160446287484264,0,,0,0,SELL,4.129411764705883,0,4,5
WHD,2026-08-11,5.0,0.2478551000953289,1.0,0,0,1.0,3.0,5.0,74.22635259161837,1.0,1.0,0,,0,0,HOLD,2.5764705882352934,3,1,5
WHF,2026-08-11,1.0,0.8777706882607199,3.0,0,0,3.0,1.0,5.0,71.77853521599752,2.0,0.7683021035112506,1,3.0,0,0,STRONG BUY,1.4999999999999998,3,0,5
WHG,2026-08-11,2.0,0.6144151229522987,1.0,0,0,3.0,1.0,3.0,47.417700981420275,2.0,0.7690440874111496,0,,0,0,BUY,1.8941176470588237,4,0,5
WHK,2026-08-11,,,,0,0,,,3.0,52.21919588342234,,,0,,0,0,,,0,0,0
WHR,2026-08-11,1.0,0.9070880857100864,3.0,0,0,5.0,3.0,4.0,60.7011376024795,5.0,0.14129387237715124,1,1.0,0,0,HOLD,2.9117647058823533,1,2,5
WHWK,2026-08-11,4.0,0.37999392414152855,2.0,0,0,1.0,4.0,4.0,66.44966688925587,1.0,0.9014286280164933,0,,0,0,HOLD,2.552941176470588,3,2,5
WIA,2026-08-11,,,5.0,0,0,3.0,,4.0,56.31300406775739,2.0,0.7332307798275723,0,,0,0,HOLD,2.9545454545454546,1,1,3
WILC,2026-08-11,,,4.0,0,0,3.0,,2.0,39.623032503441735,3.0,0.4953586660342064,0,,0,0,HOLD,3.2045454545454555,0,1,3
WINA,2026-08-11,5.0,0.19752896719969193,5.0,0,0,4.0,3.0,4.0,55.400363504851754,4.0,0.2698607945710347,0,,0,0,SELL,4.23529411764706,0,4,5
WING,2026-08-11,3.0,0.42858726255949947,5.0,0,0,5.0,3.0,1.0,27.05894769282203,5.0,0.0,0,,0,0,SELL,4.03529411764706,0,3,5
WIT,2026-08-11,,,5.0,0,0,4.0,,3.0,50.949700946034156,5.0,0.16670745093784045,0,,0,0,STRONG SELL,4.659090909090909,0,3,3
WIW,2026-08-11,,,5.0,0,0,3.0,,4.0,58.730498930446345,1.0,0.8796867590073986,0,,0,0,BUY,2.5,1,1,3
WIX,2026-08-11,,,3.0,0,0,4.0,,4.0,64.44600790532436,5.0,0.18162855020023114,0,,0,0,STRONG SELL,4.250000000000001,0,2,3
WK,2026-08-11,,,2.0,0,0,3.0,2.0,5.0,75.55611717149802,3.0,0.49244903972773957,0,,0,0,HOLD,2.593220338983051,2,0,4
WKC,2026-08-11,1.0,0.7884283344049112,1.0,0,0,1.0,3.0,3.0,52.94881748193459,1.0,0.8281196342731147,0,,0,0,STRONG BUY,1.3529411764705885,4,0,5
WKHS,2026-08-11,2.0,0.6745928806221072,4.0,0,0,5.0,3.0,3.0,52.26723774552765,5.0,0.03873598484211895,0,,0,0,SELL,3.6235294117647054,1,3,5
WLDN,2026-08-11,3.0,0.4471800845680897,4.0,0,0,5.0,2.0,4.0,60.735866825147994,4.0,0.25341758302391837,0,,0,0,SELL,3.5176470588235293,1,3,5
WLDS,2026-08-11,1.0,0.919185491568565,3.0,0,0,5.0,,3.0,52.49911293715932,5.0,0.020220491419497343,0,,0,0,HOLD,3.257142857142857,1,2,4
WLFC,2026-08-11,1.0,0.8872022866344075,5.0,0,1,5.0,1.0,1.0,16.343482052788346,5.0,0.0,0,,0,0,HOLD,3.070588235294117,2,3,5
WLK,2026-08-11,,,4.0,0,0,4.0,4.0,4.0,59.56119973230817,4.0,0.3756894913208299,0,,0,0,SELL,4.0,0,4,4
WLTH,2026-08-11,3.0,0.43285531199145294,,0,0,2.0,4.0,3.0,51.64252757683415,4.0,0.34296304208260997,0,,0,0,HOLD,3.263157894736842,1,2,4
WLY,2026-08-11,1.0,0.819351763584366,1.0,0,0,1.0,1.0,3.0,46.495949499247075,2.0,0.7918917473465944,0,,0,0,STRONG BUY,1.2352941176470589,5,0,5
WLYB,2026-08-11,1.0,0.8126787416587226,1.0,0,0,1.0,1.0,3.0,49.69595444634548,1.0,0.8522060018379838,0,,0,0,STRONG BUY,1.0,5,0,5
WM,2026-08-11,4.0,0.26354203524527264,1.0,0,0,4.0,2.0,3.0,47.37039540552743,2.0,0.6723448401937784,0,,0,0,HOLD,2.8588235294117643,3,2,5
WMB,2026-08-11,4.0,0.29647283126787416,3.0,0,0,3.0,1.0,3.0,49.17694187240154,2.0,0.7281976859527217,0,,0,1,HOLD,2.7176470588235295,2,1,5
WMK,2026-08-11,2.0,0.7539710093139065,3.0,0,0,3.0,2.0,2.0,36.119627409099756,3.0,0.49747172186909816,0,,0,0,HOLD,2.51764705882353,2,0,5
WMS,2026-08-11,4.0,0.32930254547554183,3.0,0,0,4.0,3.0,3.0,48.790643805117305,4.0,0.31142737800078973,0,,0,0,SELL,3.717647058823529,0,3,5
WMT,2026-08-11,5.0,0.22545281220209723,5.0,0,1,4.0,2.0,3.0,50.24674429392572,3.0,0.4496940275276715,0,,0,0,SELL,3.823529411764706,1,3,5
WNC,2026-08-11,1.0,0.7789398163965474,1.0,0,0,3.0,3.0,3.0,49.1593235789359,2.0,0.7933719918706232,0,,0,0,BUY,1.9411764705882353,3,0,5
WNEB,2026-08-11,2.0,0.7022299368679628,1.0,0,0,3.0,1.0,3.0,51.36190033121715,1.0,0.8011676040968354,0,,0,0,STRONG BUY,1.6588235294117646,4,0,5
WNW,2026-08-11,1.0,0.985682468978683,5.0,0,0,5.0,,3.0,48.71937454175273,5.0,0.0018705708568801918,0,,0,0,SELL,3.5142857142857147,1,3,4
WOLF,2026-08-11,2.0,0.6062058591405389,3.0,0,0,1.0,4.0,3.0,49.50146507557834,4.0,0.26882452784063715,0,,0,0,HOLD,2.7529411764705882,2,2,5
WOR,2026-08-11,3.0,0.5051481841515941,2.0,0,0,4.0,2.0,3.0,53.289374298840166,3.0,0.5343231090357129,0,,0,0,HOLD,2.8941176470588235,2,1,5
WPAC,2026-08-11,,,,0,0,,,3.0,53.1443578610543,3.0,0.43589831370554405,0,,0,0,,,0,0,1
WPC,2026-08-11,4.0,0.39341102832307023,3.0,0,0,3.0,3.0,2.0,34.511398798091406,2.0,0.6035108444635847,0,,0,0,HOLD,3.0705882352941174,1,1,5
WPM,2026-08-11,,,3.0,0,0,3.0,,5.0,71.61540720483129,3.0,0.5814981069585817,0,,0,0,HOLD,3.0000000000000004,0,0,3
WPRT,2026-08-11,1.0,0.9140948138720967,3.0,0,0,4.0,,3.0,53.88878016407743,5.0,0.19227053852308784,0,,0,0,HOLD,3.0428571428571427,1,2,4
WRAP,2026-08-11,5.0,0.14019710956647322,2.0,0,0,2.0,3.0,3.0,54.34243091320646,3.0,0.4166176584022683,0,,0,0,HOLD,3.329411764705883,2,1,5
WRB,2026-08-11,3.0,0.5332575119176964,1.0,1,0,3.0,2.0,2.0,44.005647088343714,3.0,0.5704824102725051,1,2.0,0,0,BUY,2.3117647058823527,2,0,5
WRBY,2026-08-11,4.0,0.25403909675239805,3.0,0,0,3.0,2.0,2.0,44.24754278945302,2.0,0.6577617588039975,0,,0,0,HOLD,2.8941176470588235,2,1,5
WRLD,2026-08-11,3.0,0.5282590836145752,2.0,0,0,2.0,1.0,3.0,48.53926405331856,2.0,0.6679751836787621,0,,0,0,BUY,2.1294117647058823,4,0,5
WRN,2026-08-11,,,4.0,0,0,3.0,,4.0,61.5267860269516,3.0,0.42907800159250076,0,,0,0,HOLD,3.2045454545454555,0,1,3
WS,2026-08-11,2.0,0.6013579614900141,2.0,0,0,3.0,4.0,4.0,57.48409118885945,3.0,0.500245370530195,0,,0,0,HOLD,2.7647058823529416,2,1,5
WSBC,2026-08-11,2.0,0.7395527707007249,1.0,0,0,2.0,3.0,4.0,64.11893858412301,1.0,0.9882677393346321,1,1.0,0,0,STRONG BUY,1.535294117647059,4,0,5
WSBF,2026-08-11,2.0,0.7545519790248484,1.0,0,0,2.0,1.0,4.0,61.95643214162474,1.0,0.9831087176335302,0,,0,0,STRONG BUY,1.4823529411764707,5,0,5
WSBK,2026-08-11,1.0,0.7741011772192173,1.0,0,0,2.0,4.0,3.0,51.06484451142968,1.0,0.9397294333650364,0,,0,0,STRONG BUY,1.7058823529411764,4,1,5
WSFS,2026-08-11,2.0,0.669208770257388,1.0,0,0,2.0,2.0,4.0,60.06539133285147,1.0,0.9755790055725133,0,,0,0,STRONG BUY,1.6588235294117648,5,0,5
WSM,2026-08-11,5.0,0.24367907737105732,1.0,0,0,2.0,3.0,4.0,68.96158671412279,1.0,1.0,0,,0,0,HOLD,2.7529411764705882,3,1,5
WSO,2026-08-11,4.0,0.41182078169685415,5.0,0,1,4.0,2.0,2.0,35.60552485630508,5.0,0.07218112735575617,0,,0,0,SELL,3.9882352941176467,1,4,5
WST,2026-08-11,5.0,0.18622501777579406,1.0,0,0,1.0,2.0,4.0,55.64105316940963,1.0,0.9054593266239948,0,,0,0,BUY,2.4,4,1,5
WT,2026-08-11,5.0,0.2272245383939867,1.0,0,0,1.0,2.0,4.0,64.19488940245898,1.0,0.9811917935475539,1,1.0,0,0,BUY,2.1,4,1,5
WTBA,2026-08-11,2.0,0.5985621657924874,1.0,0,0,2.0,2.0,5.0,73.54580859164493,1.0,1.0,0,,0,0,STRONG BUY,1.6588235294117648,5,0,5
WTFC,2026-08-11,3.0,0.4345022496677797,1.0,0,0,2.0,2.0,4.0,55.38241383966684,1.0,0.8991865047269636,0,,0,0,BUY,1.9647058823529413,4,0,5
WTI,2026-08-11,2.0,0.7163091865641441,2.0,0,0,1.0,3.0,4.0,58.944548144271096,2.0,0.6935941844342429,0,,0,0,BUY,2.0,4,0,5
WTM,2026-08-11,1.0,0.775449699478986,2.0,0,1,3.0,2.0,2.0,43.921942577750045,2.0,0.6826308315727496,0,,0,0,BUY,1.8705882352941174,4,0,5
WTRG,2026-08-11,2.0,0.605815061963775,2.0,0,0,3.0,2.0,4.0,56.13055394541359,2.0,0.753859000427342,0,,0,0,BUY,2.1764705882352944,4,0,5
WTS,2026-08-11,5.0,0.24642516682554813,1.0,0,0,2.0,3.0,4.0,68.1580287056234,1.0,0.9566190657442449,0,,0,0,HOLD,2.7529411764705882,3,1,5
WTTR,2026-08-11,,,1.0,0,0,1.0,4.0,4.0,58.07459495673697,1.0,0.9151123819765,0,,0,0,BUY,1.7627118644067798,3,1,4
WTW,2026-08-11,3.0,0.5200190657769304,2.0,0,0,2.0,2.0,5.0,78.00850169975308,1.0,0.97956264962791,1,2.0,0,0,BUY,1.7705882352941178,4,0,5
WU,2026-08-11,1.0,0.8763758915874857,4.0,0,0,4.0,2.0,2.0,39.76194179856078,5.0,0.19994709219831916,0,,0,0,HOLD,2.964705882352941,2,3,5
WULF,2026-08-11,5.0,0.04986376699763861,4.0,0,0,2.0,5.0,2.0,39.702989416253224,3.0,0.48420391533525187,1,1.0,0,0,SELL,3.594117647058824,1,3,5
WVE,2026-08-11,4.0,0.3180739200436204,5.0,0,0,5.0,4.0,2.0,34.602899678083574,5.0,0.0,1,1.0,0,0,SELL,4.2176470588235295,0,5,5
WVVI,2026-08-11,1.0,0.9416341918005015,5.0,0,0,5.0,5.0,2.0,33.59446144899353,5.0,0.04844286261363863,0,,0,0,SELL,3.776470588235294,1,4,5
WW,2026-08-11,1.0,0.8920830100344241,5.0,0,0,5.0,4.0,3.0,48.6739897978435,4.0,0.23255815500823765,0,,0,0,HOLD,3.3647058823529417,1,4,5
WWD,2026-08-11,5.0,0.1801715919923737,3.0,0,0,3.0,1.0,2.0,34.533739201514265,3.0,0.5971912285354292,0,,0,0,HOLD,3.2588235294117647,1,1,5
WWW,2026-08-11,2.0,0.6644423260247855,1.0,1,0,4.0,1.0,3.0,47.025801176281504,4.0,0.23135940511388267,0,,0,0,HOLD,2.541176470588235,3,2,5
WXM,2026-08-11,5.0,0.0922685332484887,3.0,0,0,3.0,,5.0,83.45341267254379,5.0,0.1612413866766568,0,,0,0,STRONG SELL,4.314285714285715,0,2,4
WY,2026-08-11,3.0,0.46964453759688357,1.0,1,0,4.0,3.0,3.0,54.49571778937691,2.0,0.7275594304432411,1,2.0,0,0,BUY,2.429411764705883,2,1,5
WYFI,2026-08-11,4.0,0.3132095861819851,3.0,0,0,1.0,3.0,2.0,44.86271790435282,3.0,0.4086496042111384,0,,0,0,HOLD,2.9529411764705884,1,1,5
WYNN,2026-08-11,4.0,0.3036224976167779,4.0,0,0,4.0,2.0,4.0,64.14566285151844,4.0,0.26101279024877505,0,,0,0,SELL,3.6470588235294112,1,4,5
WYY,2026-08-11,3.0,0.44057178485276877,3.0,0,0,1.0,4.0,3.0,47.16995344731069,3.0,0.4638196642684766,0,,0,0,HOLD,2.823529411764706,1,1,5
XAIR,2026-08-11,5.0,0.16082543220147444,5.0,0,0,5.0,2.0,2.0,44.94828892697788,5.0,0.011304064383893553,0,,0,0,STRONG SELL,4.470588235294118,1,4,5
XBIO,2026-08-11,2.0,0.6221149272898787,2.0,0,0,2.0,4.0,4.0,61.40821521189442,5.0,0.13070744512641816,0,,0,0,HOLD,3.058823529411765,3,2,5
XBIT,2026-08-11,1.0,0.910913140311804,5.0,0,0,4.0,3.0,3.0,50.892548548682555,5.0,0.1195653526003172,0,,0,0,HOLD,3.2470588235294118,1,3,5
XBP,2026-08-11,1.0,0.9352703230547866,3.0,0,0,5.0,3.0,3.0,50.621006648377524,5.0,0.0791802416451668,0,,0,0,HOLD,3.211764705882353,1,2,5
XCUR,2026-08-11,4.0,0.2927139675469297,5.0,0,0,5.0,4.0,1.0,29.854383000959373,5.0,0.0008019238678033006,0,,0,0,STRONG SELL,4.517647058823529,0,5,5
XEL,2026-08-11,3.0,0.5115082034130403,4.0,0,0,3.0,3.0,2.0,44.62294126043391,2.0,0.6218844093916275,0,,0,0,HOLD,2.8705882352941177,1,1,5
XELB,2026-08-11,1.0,0.9350938593700288,4.0,0,0,4.0,4.0,1.0,27.889416286963296,5.0,0.15898958280895123,0,,0,0,HOLD,3.317647058823529,1,4,5
XENE,2026-08-11,5.0,0.24721603563474387,1.0,0,0,1.0,5.0,3.0,47.62053661720452,2.0,0.7812754981725685,0,,0,0,HOLD,3.164705882352941,3,2,5
XERS,2026-08-11,4.0,0.33630109267503033,1.0,0,0,2.0,1.0,3.0,54.63447073373704,2.0,0.6583514259087059,0,,0,0,BUY,2.3294117647058825,4,1,5
XFLH,2026-08-11,5.0,0.008908685968819599,,0,0,,,4.0,64.43266479153998,3.0,0.4864874617563593,1,1.0,0,0,,,0,1,2
XFLT,2026-08-11,,,3.0,0,0,4.0,,5.0,70.7452394497958,3.0,0.46909061912304273,1,1.0,0,0,HOLD,3.040909090909092,0,1,3
XFOR,2026-08-11,4.0,0.3167172911617047,2.0,0,0,1.0,3.0,4.0,55.83881289557222,1.0,0.8892307322124066,0,,0,0,BUY,2.376470588235294,3,1,5
XGN,2026-08-11,4.0,0.2817614977873848,2.0,0,0,3.0,4.0,5.0,73.35432038614672,3.0,0.45972070454099045,0,,0,0,HOLD,3.376470588235294,1,2,5
XHLD,2026-08-11,5.0,0.1747980649898982,2.0,0,0,3.0,4.0,4.0,69.23292435743954,3.0,0.5108641112302599,0,,0,0,SELL,3.6823529411764713,1,2,5
XHR,2026-08-11,3.0,0.584687258108473,2.0,0,0,2.0,1.0,2.0,32.526186223812644,2.0,0.6823310510248963,0,,0,0,BUY,2.1294117647058823,4,0,5
XLO,2026-08-11,1.0,0.7855356330877492,2.0,0,0,3.0,2.0,4.0,56.18021983552473,3.0,0.41481176655048063,1,1.0,0,0,BUY,1.8058823529411765,3,0,5
XMAX,2026-08-11,5.0,0.10240119538554243,1.0,0,0,1.0,4.0,4.0,66.11074262728346,1.0,1.0,0,,0,0,HOLD,2.7529411764705882,3,2,5
XNCR,2026-08-11,4.0,0.2757135145816092,1.0,0,0,1.0,4.0,5.0,70.53599216721284,1.0,1.0,0,,0,0,BUY,2.4470588235294115,3,2,5
XOM,2026-08-11,3.0,0.4406617881005409,1.0,0,0,2.0,,4.0,65.47984318469477,1.0,0.8493947392690523,0,,0,0,BUY,1.9571428571428575,3,0,4
XOS,2026-08-11,2.0,0.6878532092159104,3.0,0,0,3.0,3.0,4.0,56.57259341785893,5.0,0.19316239156004755,0,,0,0,HOLD,3.164705882352941,1,1,5
XPEL,2026-08-11,4.0,0.3791767237961544,3.0,0,1,3.0,2.0,4.0,57.3220563522343,2.0,0.7089552101340318,0,,0,0,HOLD,2.8941176470588235,2,1,5
XPER,2026-08-11,1.0,0.8294531166016842,3.0,0,0,2.0,4.0,2.0,33.611036851176806,3.0,0.43342766063298843,0,,0,0,BUY,2.3882352941176475,2,1,5
XPO,2026-08-11,5.0,0.2493892421127079,3.0,0,0,2.0,3.0,3.0,48.046133290675826,2.0,0.769575518937747,0,,0,0,HOLD,3.2,2,1,5
XPOF,2026-08-11,,,5.0,0,0,5.0,2.0,1.0,24.84455947533972,5.0,0.11782782700426477,0,,0,0,SELL,4.237288135593221,1,3,4
XPON,2026-08-11,1.0,0.8785409466449969,5.0,0,0,5.0,3.0,2.0,44.50473741650234,5.0,0.020505487413420346,0,,0,0,HOLD,3.423529411764706,1,3,5
XPRO,2026-08-11,,,2.0,0,1,2.0,,4.0,69.20220321831695,1.0,0.9847059793703392,0,,0,0,STRONG BUY,1.5454545454545454,3,0,3
XRAY,2026-08-11,2.0,0.6883551108729994,4.0,0,0,4.0,3.0,2.0,41.113407571610026,3.0,0.4176586424937978,1,2.0,0,0,HOLD,2.676470588235294,1,2,5
XRN,2026-08-11,2.0,0.6711323105236879,2.0,0,0,3.0,1.0,2.0,43.16151440136577,2.0,0.7407833768701994,0,,0,0,BUY,2.0,4,0,5
XRTX,2026-08-11,,,4.0,0,0,4.0,,4.0,57.011618901405555,5.0,0.1284768257929115,0,,0,0,STRONG SELL,4.454545454545455,0,3,3
XRX,2026-08-11,1.0,0.8157729488767335,2.0,0,0,3.0,4.0,4.0,57.427604357231445,2.0,0.6878864227897833,0,,0,0,BUY,2.223529411764706,3,1,5
XTIA,2026-08-11,3.0,0.4961554026709834,5.0,0,0,4.0,3.0,3.0,53.12805210186955,5.0,0.1895604622333822,0,,0,0,SELL,3.858823529411765,0,3,5
XXI,2026-08-11,,,5.0,0,0,5.0,,2.0,40.7038059531234,5.0,0.010007853777473834,0,,0,0,STRONG SELL,5.0,0,3,3
XXII,2026-08-11,1.0,0.9661552638394442,5.0,0,0,5.0,3.0,2.0,42.28207582394927,5.0,0.000852899943284171,0,,0,0,HOLD,3.423529411764706,1,3,5
XYL,2026-08-11,4.0,0.40631169331363054,3.0,0,0,4.0,2.0,4.0,57.54129799929165,4.0,0.37408676970930277,0,,0,0,SELL,3.541176470588235,1,3,5
XYZ,2026-08-11,4.0,0.25357483317445184,1.0,0,0,2.0,3.0,3.0,47.509514304724384,1.0,0.8278480203115733,0,,0,0,BUY,2.447058823529412,3,1,5
XZO,2026-08-11,4.0,0.3110304872331928,,0,0,3.0,3.0,3.0,52.77332067952106,4.0,0.3179487459549333,1,3.0,0,0,HOLD,3.3052631578947373,0,2,4
YARW,2026-08-11,5.0,0.015413014598133089,1.0,0,0,1.0,4.0,5.0,85.19036640207015,1.0,0.9932093325753107,0,,0,0,HOLD,2.7529411764705882,3,2,5
YCY,2026-08-11,,,,0,0,3.0,,4.0,65.89030207141707,1.0,0.9393954281420686,0,,0,0,,,1,0,2
YDES,2026-08-11,,,4.0,0,0,5.0,,4.0,57.87652167564753,5.0,0.03488920823288667,0,,0,0,STRONG SELL,4.795454545454546,0,3,3
YELP,2026-08-11,2.0,0.6655639361013946,4.0,0,0,4.0,1.0,2.0,39.743613727588354,4.0,0.27900354142346845,0,,0,0,HOLD,2.8588235294117643,2,3,5
YETI,2026-08-11,4.0,0.3832740499617524,1.0,0,0,2.0,2.0,3.0,49.61437782047394,1.0,0.8890489237679828,0,,0,0,BUY,2.270588235294118,4,1,5
YEXT,2026-08-11,4.0,0.31146579579590156,3.0,0,0,4.0,2.0,4.0,63.169868803272635,3.0,0.4115120698997401,0,,0,0,HOLD,3.3058823529411767,1,2,5
YHC,2026-08-11,4.0,0.419621998110862,5.0,0,0,5.0,4.0,1.0,24.695674939976954,5.0,0.002548124937552022,0,,0,0,STRONG SELL,4.517647058823529,0,5,5
YHGJ,2026-08-11,2.0,0.7282850779510023,4.0,0,0,4.0,3.0,4.0,58.46184892310743,5.0,0.1340206366562857,0,,0,0,HOLD,3.447058823529412,1,3,5
YJ,2026-08-11,,,2.0,0,0,1.0,,4.0,61.078888266078664,3.0,0.5394298042139123,0,,0,0,BUY,2.113636363636364,2,0,3
YORW,2026-08-11,3.0,0.42917454242262953,2.0,0,0,3.0,4.0,4.0,65.7738296382185,2.0,0.7969899580692712,1,1.0,0,0,HOLD,2.535294117647059,2,1,5
YOU,2026-08-11,5.0,0.19053584400331483,2.0,0,0,1.0,2.0,2.0,34.96671523090811,3.0,0.5830952888707139,0,,0,0,HOLD,2.9764705882352946,3,1,5
YSS,2026-08-11,1.0,0.8456888323258034,,0,0,5.0,,1.0,27.413380857334232,5.0,0.001213251866737137,0,,0,0,HOLD,3.2950819672131146,1,2,3
YUM,2026-08-11,4.0,0.41277407054337467,5.0,0,0,4.0,3.0,2.0,38.31889476160196,4.0,0.2620711086398556,0,,0,0,SELL,3.929411764705882,0,4,5
YUMC,2026-08-11,3.0,0.5216675162072179,3.0,0,0,4.0,1.0,4.0,62.95591053976042,3.0,0.43450249993016954,0,,0,0,HOLD,2.823529411764706,1,1,5
YXT,2026-08-11,1.0,0.995227489659561,3.0,0,0,5.0,,3.0,50.008961102363905,5.0,0.12049928855576879,0,,0,0,HOLD,3.257142857142857,1,2,4
ZBH,2026-08-11,4.0,0.38751191611058144,2.0,0,0,3.0,3.0,4.0,60.824138967809056,2.0,0.6796910299115067,0,,0,0,HOLD,2.9647058823529413,2,1,5
ZBIO,2026-08-11,5.0,0.12960939592369336,1.0,1,0,1.0,4.0,4.0,61.9759749861728,2.0,0.6154254543297609,1,3.0,0,0,HOLD,2.6882352941176473,3,2,5
ZD,2026-08-11,2.0,0.6853338324061508,1.0,0,0,1.0,2.0,3.0,54.61427081254213,1.0,0.9414616421101869,0,,0,0,STRONG BUY,1.4823529411764707,5,0,5
ZDGE,2026-08-11,,,4.0,0,0,4.0,2.0,3.0,46.70605501660691,4.0,0.3848450048492719,0,,0,0,HOLD,3.491525423728814,1,3,4
ZENA,2026-08-11,1.0,0.8803690741329939,3.0,0,0,5.0,,5.0,70.8369864836454,5.0,0.10275228217980374,0,,0,0,HOLD,3.257142857142857,1,2,4
ZETA,2026-08-11,,,1.0,0,0,1.0,3.0,5.0,72.90822567566366,1.0,1.0,0,,0,0,STRONG BUY,1.5084745762711864,3,0,4
ZGN,2026-08-11,,,1.0,0,0,1.0,,3.0,47.74284114184839,1.0,0.8622083705344014,0,,0,0,STRONG BUY,1.0,3,0,3
ZIM,2026-08-11,,,2.0,0,0,2.0,,3.0,45.117502279188955,2.0,0.7578113880102922,0,,0,0,BUY,2.0,3,0,3
ZION,2026-08-11,3.0,0.4752179798756855,1.0,0,0,2.0,1.0,4.0,56.22451697366935,1.0,0.9180745838197081,1,1.0,0,0,STRONG BUY,1.488235294117647,4,0,5
ZIP,2026-08-11,1.0,0.7891541885876163,1.0,0,0,1.0,4.0,4.0,65.90175094475453,1.0,0.8539474025987878,0,,0,0,STRONG BUY,1.5294117647058825,4,1,5
ZKIN,2026-08-11,1.0,0.9494113903913458,5.0,0,0,5.0,,2.0,36.14848337442994,5.0,0.014778369961513603,0,,0,0,SELL,3.5142857142857147,1,3,4
ZNTL,2026-08-11,3.0,0.5112949411390392,2.0,0,0,1.0,4.0,2.0,41.547009743302795,3.0,0.5375234375968017,0,,0,0,HOLD,2.7176470588235295,2,1,5
ZOOZ,2026-08-11,5.0,0.16735602927139676,5.0,0,0,5.0,,3.0,50.19362063482875,5.0,0.0066225246679979385,0,,0,0,STRONG SELL,5.0,0,4,4
ZS,2026-08-11,5.0,0.1456406864398248,3.0,0,0,4.0,3.0,5.0,72.85306728386263,4.0,0.27506643643062345,0,,0,0,SELL,4.023529411764707,0,3,5
ZSQR,2026-08-11,4.0,0.4035109513803144,5.0,0,0,5.0,3.0,2.0,33.06970432240095,5.0,0.0,0,,0,0,STRONG SELL,4.341176470588236,0,4,5
ZSTK,2026-08-11,1.0,0.9577706433377355,5.0,0,0,5.0,4.0,2.0,39.27714945311646,5.0,0.010435324510740826,0,,0,0,SELL,3.5999999999999996,1,4,5
ZTR,2026-08-11,,,1.0,0,0,3.0,,3.0,50.039870427978734,1.0,0.9277328073034553,0,,0,0,STRONG BUY,1.6818181818181817,2,0,3
ZTS,2026-08-11,4.0,0.34329487223196764,5.0,0,0,5.0,3.0,3.0,46.74101974456974,5.0,0.04187670755340236,0,,0,0,STRONG SELL,4.341176470588236,0,4,5
ZUMZ,2026-08-11,1.0,0.7723044913459118,3.0,0,0,3.0,1.0,3.0,48.43659085939932,4.0,0.30699082084164975,0,,0,0,BUY,2.2705882352941176,2,1,5
ZVIA,2026-08-11,,,4.0,0,0,5.0,3.0,2.0,36.79594334372159,5.0,0.13316582929624163,0,,0,0,STRONG SELL,4.338983050847458,0,3,4
ZVRA,2026-08-11,3.0,0.4956398106037256,3.0,0,0,3.0,3.0,3.0,49.07103217862402,3.0,0.5507978367064806,0,,0,0,HOLD,3.0000000000000004,0,0,5
ZWS,2026-08-11,4.0,0.265316578364293,1.0,0,0,3.0,1.0,4.0,59.28408729693193,1.0,0.8528746566890897,0,,0,0,BUY,2.2705882352941176,3,1,5
ZYME,2026-08-11,5.0,0.10142936944186978,3.0,0,1,2.0,3.0,3.0,54.53603968957074,2.0,0.7298387361567102,0,,0,0,HOLD,3.2,2,1,5
BRK.B,2026-08-11,,,1.0,1,0,3.0,4.0,4.0,58.36239667043634,2.0,0.7948683837470356,0,,0,0,HOLD,2.610169491525424,2,1,4
BRK.A,2026-08-11,,,1.0,1,0,3.0,4.0,4.0,59.19793314113683,1.0,0.805416120576671,0,,0,0,BUY,2.2711864406779663,2,1,4
BF.B,2026-08-11,4.0,0.4198014794592112,2.0,0,0,4.0,2.0,3.0,54.67547364222307,2.0,0.7020549187351849,0,,0,0,HOLD,2.9647058823529413,3,2,5
AGM.A,2026-08-11,1.0,0.8789323164918971,1.0,0,0,2.0,4.0,4.0,66.0207832695053,1.0,0.8605688093230878,0,,0,0,STRONG BUY,1.7058823529411764,4,1,5
ADSE,2026-08-11,,,1.0,0,0,3.0,,3.0,48.158149450629416,2.0,0.7494553770722941,0,,0,0,BUY,2.1363636363636367,2,0,3
BRBI,2026-08-11,,,5.0,0,0,5.0,,1.0,13.570724219588826,5.0,0.0,0,,0,0,STRONG SELL,5.0,0,3,3
BVFL,2026-08-11,2.0,0.7600938427656024,1.0,0,0,2.0,1.0,3.0,52.580152053318656,1.0,0.9263887915714262,0,,0,0,STRONG BUY,1.4823529411764707,5,0,5
CCZ,2026-08-11,1.0,0.8312678741658722,3.0,0,0,3.0,1.0,1.0,15.181598991866565,3.0,0.5099267293682066,0,,0,0,BUY,2.0352941176470587,2,0,5
DXR,2026-08-11,,,4.0,0,0,4.0,,3.0,46.61445827908546,4.0,0.23469389244597508,1,2.0,0,0,SELL,3.7,0,3,3
FWAC,2026-08-11,,,,0,0,,,,,,,0,,0,0,,,0,0,0
HHS,2026-08-11,1.0,0.8814483225009964,4.0,0,0,4.0,4.0,4.0,58.099742436515925,4.0,0.2565444960823835,0,,0,0,HOLD,3.0823529411764707,1,4,5
MBBC,2026-08-11,2.0,0.6260644571749034,2.0,0,0,2.0,2.0,2.0,38.299965548157175,1.0,0.8254113265838057,0,,0,0,BUY,1.7647058823529411,5,0,5
NEXM,2026-08-11,1.0,0.7909095011063119,5.0,0,0,5.0,2.0,3.0,54.18314649446199,5.0,0.060889924381112584,0,,0,0,HOLD,3.2470588235294118,2,3,5
NPAC,2026-08-11,,,1.0,0,0,3.0,3.0,4.0,69.67507210497891,1.0,0.985293787656094,0,,0,0,BUY,2.016949152542373,2,0,4
PAAC,2026-08-11,,,,0,0,,,4.0,55.83344039422185,1.0,0.8125014901175405,1,2.0,0,0,,,1,0,1
SFBC,2026-08-11,2.0,0.7317886510497339,1.0,1,0,3.0,2.0,4.0,57.24524498180241,1.0,0.8114331177662737,0,,0,0,BUY,1.835294117647059,4,0,5
SWVL,2026-08-11,,,4.0,0,0,5.0,,3.0,53.09546685478206,5.0,0.044673538392704,0,,0,0,STRONG SELL,4.795454545454546,0,3,3
AKO.A,2026-08-11,,,2.0,0,0,3.0,,4.0,56.69071886394128,2.0,0.7107871157452167,0,,0,0,BUY,2.3409090909090913,2,0,3
AKO.B,2026-08-11,,,1.0,0,0,3.0,,4.0,63.66748888013935,1.0,0.9167512444271306,0,,0,0,STRONG BUY,1.6818181818181817,2,0,3
BF.A,2026-08-11,4.0,0.4136988125692048,2.0,0,0,4.0,2.0,3.0,53.64988326914848,2.0,0.7343270641416425,0,,0,0,HOLD,2.9647058823529413,3,2,5
BH.A,2026-08-11,,,1.0,1,0,3.0,4.0,3.0,48.6123369316232,3.0,0.510259949273497,1,3.0,0,0,HOLD,2.6491525423728817,1,1,4
CRD.A,2026-08-11,,,1.0,0,0,2.0,2.0,4.0,67.76284103514277,1.0,0.8699603010852743,0,,0,0,STRONG BUY,1.5084745762711866,4,0,4
CRD.B,2026-08-11,,,1.0,0,0,2.0,2.0,4.0,69.0715912093338,1.0,0.9769854904829135,0,,0,0,STRONG BUY,1.5084745762711866,4,0,4
GEF.B,2026-08-11,,,1.0,0,0,1.0,2.0,5.0,76.8408742514134,1.0,1.0,0,,0,0,STRONG BUY,1.254237288135593,4,0,4
GTN.A,2026-08-11,1.0,0.9559973146423979,5.0,0,0,5.0,3.0,2.0,32.67317865719906,5.0,0.0,0,,0,0,HOLD,3.423529411764706,1,3,5
HEI.A,2026-08-11,4.0,0.3718162459288806,1.0,0,0,3.0,2.0,4.0,60.84542596179942,1.0,0.853088082413316,1,1.0,0,0,BUY,2.147058823529412,3,1,5
LEN.B,2026-08-11,1.0,0.9513822688274547,4.0,0,0,4.0,3.0,3.0,54.174319345949094,5.0,0.11798257565157194,0,,0,0,HOLD,3.141176470588235,1,3,5
MKC.V,2026-08-11,2.0,0.6096282173498571,3.0,0,0,4.0,3.0,4.0,57.01154335006191,4.0,0.3053758558811515,0,,0,0,HOLD,3.1058823529411765,1,2,5
MOG.A,2026-08-11,5.0,0.15300285986653955,1.0,0,0,1.0,2.0,4.0,55.911800559682725,1.0,0.9622232732514822,0,,0,0,BUY,2.4,4,1,5
UHAL.B,2026-08-11,,,1.0,0,0,2.0,3.0,4.0,62.18596287620162,1.0,0.9391878139853963,0,,0,0,BUY,1.7627118644067798,3,0,4
WSO.B,2026-08-11,4.0,0.39990467111534794,5.0,0,0,4.0,2.0,2.0,35.214650118076705,5.0,0.09448830980605744,0,,0,0,SELL,3.9882352941176467,1,4,5
AEI,2026-08-11,2.0,0.6094098053216523,5.0,0,0,5.0,4.0,2.0,39.55848195363645,5.0,0.0030769201425405648,0,,0,0,SELL,3.905882352941177,1,4,5
NCEW,2026-08-11,5.0,0.11326757874642061,3.0,0,0,1.0,,3.0,49.89307541612236,2.0,0.7851893172146388,0,,0,0,HOLD,3.028571428571429,2,1,4
AACB,2026-08-11,,,1.0,0,0,3.0,3.0,4.0,58.39359417083158,1.0,0.9777793790094075,0,,0,0,BUY,2.016949152542373,2,0,4
AACO,2026-08-11,,,,0,0,,,3.0,51.91539328346181,2.0,0.7142847411444142,1,2.0,0,0,,,1,0,1
AACP,2026-08-11,,,,0,0,,,4.0,63.91955535377659,,,0,,0,0,,,0,0,0
ABEV,2026-08-11,,,4.0,0,0,3.0,,1.0,27.507419249970795,3.0,0.5591754979518954,0,,0,0,HOLD,3.2045454545454555,0,1,3
ABNB,2026-08-11,,,1.0,0,0,1.0,2.0,5.0,81.63526224585384,1.0,1.0,0,,0,0,STRONG BUY,1.254237288135593,4,0,4
ABTC,2026-08-11,2.0,0.6804685563056548,5.0,0,0,5.0,4.0,3.0,49.34261393738244,5.0,0.012866280665917343,1,2.0,0,0,SELL,3.605882352941177,1,4,5
ABVX,2026-08-11,,,1.0,0,0,2.0,,3.0,50.546907179564364,2.0,0.7576948216145598,0,,0,0,BUY,1.7954545454545454,3,0,3
ACAA,2026-08-11,,,,0,0,,,3.0,48.46133000166564,4.0,0.36124919533652816,1,2.0,0,0,,,0,1,1
ACCL,2026-08-11,5.0,0.06713331212217627,2.0,0,0,1.0,,5.0,81.66845112541465,3.0,0.49844236922092167,0,,0,0,HOLD,3.1857142857142864,2,1,4
ACDC,2026-08-11,,,4.0,0,0,4.0,4.0,4.0,58.223843326583335,3.0,0.4271046753439273,0,,0,0,SELL,3.661016949152543,0,3,4
ACGC,2026-08-11,,,,0,0,,,4.0,56.32036455777934,,,0,,0,0,,,0,0,0
ACMR,2026-08-11,5.0,0.14680648236415633,3.0,0,0,1.0,4.0,3.0,46.06746651367677,3.0,0.5438477077409144,0,,0,0,HOLD,3.4352941176470595,1,2,5
ADAC,2026-08-11,,,,0,0,3.0,,4.0,64.33948002308071,1.0,1.0,0,,0,0,,,1,0,2
ADV,2026-08-11,1.0,0.937995679507014,3.0,0,0,3.0,3.0,2.0,40.27145717518942,3.0,0.4839506292353638,1,3.0,0,0,BUY,2.0882352941176476,1,0,5
AEAQ,2026-08-11,,,,0,0,3.0,,5.0,77.15287970368833,1.0,1.0,0,,0,0,,,1,0,2
AEHL,2026-08-11,,,2.0,0,0,3.0,,5.0,85.74321374910872,5.0,0.19840342921310827,0,,0,0,SELL,3.7045454545454546,1,1,3
AERO,2026-08-11,,,,0,0,4.0,,3.0,47.58869942389113,4.0,0.32037915197473404,1,1.0,0,0,,,0,2,2
AERT,2026-08-11,4.0,0.2657174592831817,2.0,0,0,2.0,2.0,4.0,58.65427979104839,2.0,0.7343366098313686,0,,0,0,HOLD,2.6117647058823534,4,1,5
AESP,2026-08-11,,,,0,0,,,5.0,77.57569563904775,,,0,,0,0,,,0,0,0
AFRM,2026-08-11,3.0,0.48129267082335037,2.0,0,0,2.0,1.0,3.0,52.32909455417011,2.0,0.6883182679046825,0,,0,0,BUY,2.1294117647058823,4,0,5
AFYA,2026-08-11,,,5.0,0,0,4.0,,2.0,40.370964831260366,4.0,0.300039261577847,0,,0,0,SELL,4.204545454545455,0,3,3
AGCC,2026-08-11,,,2.0,0,0,1.0,,3.0,47.567692974587494,3.0,0.5513784777444908,0,,0,0,BUY,2.113636363636364,2,0,3
AGMH,2026-08-11,,,4.0,0,0,5.0,,4.0,55.66297988743269,5.0,0.037961518944289986,0,,0,0,STRONG SELL,4.795454545454546,0,3,3
AHG,2026-08-11,5.0,0.08972319440025453,4.0,0,0,4.0,,3.0,45.74170331499665,5.0,0.1716418010032262,0,,0,0,STRONG SELL,4.6571428571428575,0,4,4
AHMA,2026-08-11,,,4.0,0,0,5.0,,3.0,52.21333126843901,5.0,0.025223042018224402,0,,0,0,STRONG SELL,4.795454545454546,0,3,3
AIAI,2026-08-11,,,,0,0,,,2.0,36.958470771358506,,,0,,0,0,,,0,0,0
AIFU,2026-08-11,5.0,0.00922685332484887,5.0,0,0,4.0,,3.0,50.24861994834238,5.0,0.13003663611473784,0,,0,0,STRONG SELL,4.785714285714286,0,4,4
AIIO,2026-08-11,,,5.0,0,0,4.0,,3.0,46.00773150960701,5.0,0.04614850053833654,0,,0,0,STRONG SELL,4.659090909090909,0,3,3
AIOS,2026-08-11,,,4.0,0,0,5.0,,3.0,54.82864127959503,5.0,0.07148356628406484,0,,0,0,STRONG SELL,4.795454545454546,0,3,3
AIRJ,2026-08-11,,,1.0,0,0,1.0,4.0,4.0,69.2508807786154,1.0,0.9534313603748688,0,,0,0,BUY,1.7627118644067798,3,1,4
AISP,2026-08-11,3.0,0.5178075696574178,5.0,0,0,5.0,3.0,3.0,47.40491637064756,5.0,0.05882351876689006,1,1.0,0,0,SELL,3.7352941176470598,0,3,5
AKTX,2026-08-11,5.0,0.0006363347120585428,5.0,0,0,5.0,3.0,2.0,40.55160396652121,5.0,0.11188308948854736,0,,0,0,STRONG SELL,4.647058823529412,0,4,5
ALAR,2026-08-11,,,5.0,0,0,5.0,,1.0,24.823490696361745,5.0,0.009771992864807809,0,,0,0,STRONG SELL,5.0,0,3,3
ALDF,2026-08-11,5.0,0.003818008272351257,1.0,0,0,3.0,,5.0,70.5328691050241,1.0,1.0,0,,0,0,HOLD,2.9142857142857146,2,1,4
ALF,2026-08-11,,,3.0,0,0,3.0,4.0,3.0,50.82539228487343,2.0,0.7800006866455078,0,,0,0,HOLD,2.915254237288136,1,1,4
ALMR,2026-08-11,,,,0,0,,,5.0,79.66002259744718,1.0,1.0,0,,0,0,,,1,0,1
ALPX,2026-08-11,,,,0,0,,,4.0,65.76702338942908,,,0,,0,0,,,0,0,0
ALTI,2026-08-11,1.0,0.8863329375213724,2.0,0,0,4.0,4.0,4.0,56.58557844770255,3.0,0.5294118354182603,0,,0,0,HOLD,2.6352941176470592,2,2,5
AMAN,2026-08-11,,,,0,0,,,4.0,62.93219504277527,,,0,,0,0,,,0,0,0
AMBR,2026-08-11,,,5.0,0,0,5.0,,2.0,37.366354340106504,5.0,0.011194019394373205,0,,0,0,STRONG SELL,5.0,0,3,3
AMCX,2026-08-11,1.0,0.9323164918970448,1.0,0,0,1.0,1.0,4.0,64.36269520686263,1.0,0.9564428707952113,0,,0,0,STRONG BUY,1.0,5,0,5
AMOD,2026-08-11,5.0,0.0008093889113719142,5.0,0,0,5.0,5.0,4.0,55.82606642001334,5.0,0.02063789462103214,0,,0,0,STRONG SELL,5.0,0,5,5
AMPL,2026-08-11,,,2.0,0,0,2.0,3.0,5.0,80.67691272113937,1.0,1.0,0,,0,0,BUY,1.9152542372881356,3,0,4
AMRN,2026-08-11,5.0,0.09965628223251098,5.0,0,0,4.0,3.0,2.0,42.14575428315279,5.0,0.0755555894639757,0,,0,0,STRONG SELL,4.470588235294118,0,4,5
AMRX,2026-08-11,5.0,0.10438512869399429,1.0,0,0,2.0,1.0,2.0,43.21704801654118,1.0,0.805068230469429,0,,0,0,BUY,2.4,4,1,5
ANGI,2026-08-11,1.0,0.9680648236415634,5.0,0,0,5.0,4.0,2.0,34.90097056196453,5.0,0.0,0,,0,0,SELL,3.5999999999999996,1,4,5
ANL,2026-08-11,,,1.0,0,0,1.0,,4.0,56.78105154026653,2.0,0.7760814013182075,0,,0,0,STRONG BUY,1.4545454545454548,3,0,3
ANNA,2026-08-11,5.0,0.13727359389895138,5.0,0,0,4.0,1.0,2.0,33.660633925018516,5.0,0.016393457409210773,0,,0,0,SELL,4.11764705882353,1,4,5
ANSC,2026-08-11,,,1.0,0,0,3.0,3.0,4.0,63.01814439755625,1.0,0.983050463905861,0,,0,0,BUY,2.016949152542373,2,0,4
ANTA,2026-08-11,1.0,0.8822780782691696,5.0,0,0,5.0,,3.0,47.79716785991541,5.0,0.09324698397888019,0,,0,0,SELL,3.5142857142857147,1,3,4
APC,2026-08-11,1.0,0.995227489659561,,0,0,,,2.0,34.86849904387108,4.0,0.27868293172157166,1,1.0,0,0,,,1,1,2
APLM,2026-08-11,,,1.0,1,0,2.0,,3.0,51.809616094796105,3.0,0.4348676333532258,0,,0,0,BUY,2.2500000000000004,2,0,3
APP,2026-08-11,5.0,0.11394063099379366,5.0,0,0,5.0,1.0,1.0,28.419291210493526,5.0,0.0,0,,0,0,STRONG SELL,4.294117647058823,1,4,5
APPF,2026-08-11,5.0,0.16968541468064824,2.0,0,0,3.0,2.0,4.0,66.78430120539804,3.0,0.41699280303708763,0,,0,0,HOLD,3.3294117647058825,2,1,5
APPN,2026-08-11,4.0,0.314711024171214,2.0,0,0,2.0,2.0,5.0,76.57311866005614,2.0,0.6236998128006758,0,,0,0,HOLD,2.6117647058823534,4,1,5
APUR,2026-08-11,,,,0,0,,,4.0,63.936317976239195,,,0,,0,0,,,0,0,0
APXT,2026-08-11,,,,0,0,3.0,,4.0,55.865024744351764,1.0,0.8928579943528803,0,,0,0,,,1,0,2
ARBK,2026-08-11,,,5.0,0,0,4.0,,2.0,39.665564127233054,5.0,0.0013249154563123085,0,,0,0,STRONG SELL,4.659090909090909,0,3,3
AREC,2026-08-11,3.0,0.49848180955628857,3.0,0,0,2.0,4.0,5.0,80.4334673057942,4.0,0.2954955169359458,0,,0,0,HOLD,3.235294117647059,1,2,5
ARGX,2026-08-11,,,3.0,0,0,2.0,,3.0,48.39670508768345,2.0,0.7519528543208859,0,,0,0,BUY,2.2045454545454546,2,0,3
ARHS,2026-08-11,3.0,0.5343183984747378,2.0,0,0,3.0,3.0,5.0,71.53767219544315,2.0,0.6342405131805994,0,,0,0,HOLD,2.658823529411765,2,0,5
ARM,2026-08-11,5.0,0.030225898822780782,3.0,0,0,1.0,,3.0,46.75260787704658,3.0,0.4908184148454432,0,,0,0,HOLD,3.314285714285715,1,1,4
ARTNA,2026-08-11,2.0,0.674928503336511,1.0,0,0,3.0,2.0,4.0,63.17576758104312,1.0,1.0,0,,0,0,BUY,1.835294117647059,4,0,5
ARXS,2026-08-11,,,,0,0,,,4.0,67.4578608281748,1.0,0.927525023470533,0,,0,0,,,1,0,1
ASPC,2026-08-11,,,5.0,0,0,4.0,4.0,2.0,42.27263053943299,5.0,0.016695526655776453,0,,0,0,STRONG SELL,4.491525423728814,0,4,4
ASST,2026-08-11,2.0,0.6037378791164909,5.0,0,0,3.0,3.0,3.0,51.55995331379528,5.0,0.03189405688790207,1,2.0,0,0,HOLD,3.0764705882352943,1,2,5
ASTS,2026-08-11,,,5.0,0,1,3.0,3.0,3.0,54.23843422870038,4.0,0.36098979697345923,0,,0,0,SELL,3.6440677966101696,0,2,4
ASX,2026-08-11,,,3.0,0,0,1.0,,3.0,52.500611300199836,1.0,0.8286504643865961,0,,0,0,STRONG BUY,1.4090909090909092,2,0,3
ATAT,2026-08-11,,,3.0,0,0,4.0,,3.0,51.37513635029043,4.0,0.26745611456440777,0,,0,0,SELL,3.795454545454546,0,2,3
ATGL,2026-08-11,,,5.0,0,0,5.0,,2.0,42.24770800943499,5.0,0.045240351552588126,0,,0,0,STRONG SELL,5.0,0,3,3
ATHE,2026-08-11,,,3.0,0,0,3.0,,3.0,50.70722868840203,3.0,0.5993265517558607,0,,0,0,HOLD,3.0000000000000004,0,0,3
ATHM,2026-08-11,1.0,0.9204581609926821,2.0,0,0,3.0,,4.0,65.31439827647768,3.0,0.5512831456244325,0,,0,0,BUY,2.1285714285714286,2,0,4
AUR,2026-08-11,5.0,0.093776126863628,2.0,0,0,2.0,4.0,4.0,57.31338248782953,2.0,0.6868250706784982,0,,0,0,HOLD,3.270588235294118,3,2,5
AURE,2026-08-11,5.0,0.24053452115812918,5.0,0,0,5.0,,3.0,45.53553677983867,5.0,0.025440312700669945,0,,0,0,STRONG SELL,5.0,0,4,4
AUTL,2026-08-11,,,1.0,0,0,2.0,4.0,5.0,77.24650578284923,1.0,0.888888804790624,0,,0,0,BUY,2.0169491525423733,3,1,4
AVPT,2026-08-11,5.0,0.16531479230236276,1.0,1,0,3.0,3.0,4.0,58.34295597064739,3.0,0.5433070718321934,0,,0,0,HOLD,3.4,1,1,5
AXG,2026-08-11,3.0,0.587336939230035,5.0,0,0,5.0,,1.0,15.02484944348528,5.0,0.04453436996829419,0,,0,0,STRONG SELL,4.257142857142858,0,3,4
AXIN,2026-08-11,,,3.0,0,0,3.0,,2.0,42.93379956656294,2.0,0.7021270983359407,0,,0,0,HOLD,2.545454545454546,1,0,3
AZI,2026-08-11,,,5.0,0,0,5.0,,3.0,50.960923414477875,5.0,0.0033194313189482396,0,,0,0,STRONG SELL,5.0,0,3,3
AZUL,2026-08-11,,,,0,0,,,2.0,41.03412624809388,,,0,,0,0,,,0,0,0
BABA,2026-08-11,3.0,0.480750874960229,3.0,0,0,4.0,,4.0,62.56930411161898,4.0,0.35600790504086105,0,,0,0,SELL,3.5000000000000004,0,2,4
BACC,2026-08-11,,,3.0,0,0,3.0,,2.0,44.75226121777033,3.0,0.47963755213920706,0,,0,0,HOLD,3.0000000000000004,0,0,3
BAND,2026-08-11,,,3.0,0,0,1.0,3.0,3.0,46.9535169615849,3.0,0.5912831090072079,0,,0,0,BUY,2.491525423728814,1,0,4
BANL,2026-08-11,5.0,0.21317212853961184,1.0,0,0,1.0,,4.0,64.83922004587839,2.0,0.7894413209212493,0,,0,0,HOLD,2.771428571428572,3,1,4
BBCQ,2026-08-11,,,,0,0,3.0,,2.0,39.07539973576338,4.0,0.21487621544211474,0,,0,0,,,0,1,2
BBD,2026-08-11,,,4.0,0,0,4.0,,2.0,30.285051014934254,4.0,0.3422460116452127,0,,0,0,SELL,4.0,0,3,3
BBDO,2026-08-11,,,4.0,0,0,3.0,,2.0,41.989149638958736,3.0,0.4990084231741867,0,,0,0,HOLD,3.2045454545454555,0,1,3
BBGI,2026-08-11,,,2.0,0,0,1.0,4.0,3.0,50.51517016983555,1.0,0.8194266456582187,0,,0,0,BUY,1.9152542372881356,3,1,4
BCAR,2026-08-11,,,5.0,0,1,5.0,,1.0,24.88848258438078,5.0,0.1024890620675827,0,,0,0,STRONG SELL,5.0,0,3,3
BCYC,2026-08-11,2.0,0.6598141849013568,5.0,0,0,5.0,5.0,3.0,51.889375913653204,5.0,0.05189620578007537,0,,0,0,SELL,4.08235294117647,1,4,5
BDCI,2026-08-11,,,1.0,0,0,3.0,,4.0,62.66774653857077,3.0,0.5217396712719553,0,,0,0,HOLD,2.5909090909090917,1,0,3
BDRX,2026-08-11,,,5.0,0,0,5.0,,2.0,36.41625450633986,5.0,0.004889055861596428,0,,0,0,STRONG SELL,5.0,0,3,3
BEAG,2026-08-11,,,1.0,0,0,3.0,3.0,5.0,73.54442920065358,2.0,0.7592590303250794,0,,0,0,BUY,2.3559322033898304,2,0,4
BEKE,2026-08-11,,,2.0,0,0,4.0,,3.0,54.452556688786096,3.0,0.4711988504105748,0,,0,0,HOLD,3.136363636363637,1,1,3
BELFA,2026-08-11,,,3.0,0,0,2.0,1.0,3.0,51.169260258847274,2.0,0.6904224966742931,0,,0,0,BUY,1.898305084745763,3,0,4
BELFB,2026-08-11,,,2.0,0,0,1.0,1.0,3.0,54.45333650746534,2.0,0.7912829691530106,0,,0,0,STRONG BUY,1.4915254237288138,4,0,4
BENF,2026-08-11,,,5.0,0,0,4.0,4.0,2.0,34.94137523758472,5.0,0.0503314057708357,0,,0,0,STRONG SELL,4.491525423728814,0,4,4
BETR,2026-08-11,4.0,0.41014475016162527,5.0,0,0,4.0,5.0,2.0,37.02775649065537,5.0,0.021500904250993005,1,4.0,0,0,SELL,4.2176470588235295,0,5,5
BGC,2026-08-11,4.0,0.3088655862726406,2.0,0,0,3.0,2.0,2.0,30.367972346679707,3.0,0.43307926759759685,0,,0,0,HOLD,3.023529411764706,2,1,5
BGIN,2026-08-11,,,5.0,0,0,5.0,,2.0,42.93069879050801,5.0,0.022300584249849216,0,,0,0,STRONG SELL,5.0,0,3,3
BHAV,2026-08-11,,,,0,0,,,4.0,56.98613853832409,1.0,0.9285699688694219,1,1.0,0,0,,,1,0,1
BHP,2026-08-11,,,1.0,0,0,1.0,,4.0,61.49781052342952,1.0,0.9255061152184286,0,,0,0,STRONG BUY,1.0,3,0,3
BIDU,2026-08-11,,,5.0,0,0,4.0,,2.0,40.37399493311493,4.0,0.26068212344185854,0,,0,0,SELL,4.204545454545455,0,3,3
BILI,2026-08-11,,,3.0,0,0,5.0,,3.0,46.7925978975301,5.0,0.10170340295968743,0,,0,0,STRONG SELL,4.590909090909092,0,2,3
BIRD,2026-08-11,5.0,0.13649379573655743,5.0,0,0,5.0,5.0,2.0,40.90955116940876,5.0,0.022327464794866782,0,,0,0,STRONG SELL,5.0,0,5,5
BIXI,2026-08-11,,,,0,0,3.0,,4.0,59.32231152606888,1.0,0.9521519310797985,0,,0,0,,,1,0,2
BLLN,2026-08-11,4.0,0.40441459421958786,,0,0,2.0,1.0,2.0,37.15193569588687,4.0,0.3945776436907732,0,,0,0,HOLD,3.013157894736842,2,2,4
BLRK,2026-08-11,,,,0,0,3.0,,3.0,54.351047436648834,2.0,0.7708318432157929,0,,0,0,,,1,0,2
BLRX,2026-08-11,,,4.0,0,0,4.0,,3.0,45.23545199443183,4.0,0.26327435005354394,0,,0,0,SELL,4.0,0,3,3
BLTE,2026-08-11,5.0,0.13108495068405981,2.0,0,0,2.0,,5.0,70.7861817024524,1.0,0.9010039609732932,0,,0,0,HOLD,2.8285714285714287,3,1,4
BLUW,2026-08-11,,,1.0,0,0,3.0,,3.0,52.65636564702079,1.0,0.9318188714578628,0,,0,0,STRONG BUY,1.6818181818181817,2,0,3
BLZR,2026-08-11,,,,0,0,3.0,,4.0,61.63353861530252,1.0,0.9687492549412298,0,,0,0,,,1,0,2
BNR,2026-08-11,1.0,0.995227489659561,3.0,0,0,3.0,,4.0,58.37204505427974,5.0,0.10203105928741721,0,,0,0,HOLD,2.8285714285714287,1,1,4
BNTX,2026-08-11,,,3.0,0,0,4.0,,3.0,52.527425750919186,4.0,0.25134004031419765,0,,0,0,SELL,3.795454545454546,0,2,3
BODI,2026-08-11,,,3.0,0,0,3.0,3.0,1.0,25.229861752613445,5.0,0.17288136387720682,0,,0,0,SELL,3.6779661016949152,0,1,4
BON,2026-08-11,1.0,0.9739102768055998,5.0,0,0,4.0,,3.0,50.388229726053076,5.0,0.08130083113103058,0,,0,0,HOLD,3.3,1,3,4
BOXL,2026-08-11,,,5.0,0,0,5.0,4.0,2.0,37.50470443804848,5.0,0.001183502256119205,0,,0,0,STRONG SELL,4.745762711864407,0,4,4
BPAC,2026-08-11,5.0,0.20171810372255808,,0,0,3.0,,4.0,63.44909246172415,1.0,1.0,0,,0,0,HOLD,3.19672131147541,1,1,3
BRCB,2026-08-11,,,4.0,0,0,5.0,2.0,2.0,36.01026461020888,5.0,0.033256341201851204,0,,0,0,SELL,4.084745762711864,1,3,4
BRKH,2026-08-11,,,,0,0,,,1.0,27.104808376722772,,,0,,0,0,,,0,0,0
BRLT,2026-08-11,,,3.0,0,0,4.0,3.0,4.0,67.89946692049637,5.0,0.15873018776408168,0,,0,0,SELL,3.932203389830508,0,2,4
BRUN,2026-08-11,,,3.0,0,0,1.0,,2.0,40.48117821382747,4.0,0.28852799679955604,0,,0,0,HOLD,2.7727272727272734,1,1,3
BRZE,2026-08-11,1.0,0.7722082909305361,2.0,0,0,2.0,4.0,4.0,62.85322655258318,2.0,0.6093137335795621,0,,0,0,BUY,2.0470588235294116,4,1,5
BSAA,2026-08-11,,,3.0,0,0,3.0,3.0,2.0,44.790096853860454,4.0,0.2568628081630028,0,,0,0,HOLD,3.3389830508474576,0,1,4
BSY,2026-08-11,5.0,0.21639656816015249,3.0,0,0,4.0,1.0,4.0,63.17000932527715,4.0,0.2789889626341307,0,,0,0,SELL,3.670588235294118,1,3,5
BTMD,2026-08-11,1.0,0.9000894111699471,5.0,0,0,5.0,2.0,2.0,31.055957781354977,5.0,0.10958904258721819,0,,0,0,HOLD,3.2470588235294118,2,3,5
BULL,2026-08-11,,,2.0,0,0,3.0,,4.0,55.15624105215471,4.0,0.25846156516119695,0,,0,0,HOLD,3.2500000000000004,1,1,3
BUUU,2026-08-11,,,1.0,0,0,1.0,,4.0,68.77221763475366,1.0,1.0,0,,0,0,STRONG BUY,1.0,3,0,3
BVS,2026-08-11,5.0,0.21925643469971404,1.0,0,0,1.0,1.0,4.0,61.78957153708497,1.0,0.838857160295759,0,,0,0,BUY,2.223529411764706,4,1,5
BWAY,2026-08-11,,,2.0,0,0,1.0,,3.0,46.658960565207785,1.0,0.8030575039032467,0,,0,0,STRONG BUY,1.2045454545454548,3,0,3
BWIN,2026-08-11,,,1.0,1,0,2.0,4.0,4.0,61.99586361841468,2.0,0.7495761027850742,1,1.0,0,0,BUY,2.0559322033898306,3,1,4
BYAH,2026-08-11,5.0,0.04040725421571747,5.0,0,0,5.0,,2.0,43.117775083150946,5.0,0.0035804213546349775,0,,0,0,STRONG SELL,5.0,0,4,4
BZFD,2026-08-11,,,3.0,0,0,3.0,4.0,2.0,39.511896721840074,4.0,0.3630991817804366,0,,0,0,SELL,3.593220338983051,0,2,4
BZUN,2026-08-11,,,1.0,1,0,3.0,,3.0,54.9517766594076,4.0,0.304672924018092,0,,0,0,HOLD,3.045454545454546,1,1,3
CANF,2026-08-11,2.0,0.6102449888641426,3.0,0,0,5.0,,3.0,51.24611536310164,5.0,0.04977777269151476,0,,0,0,SELL,3.628571428571429,1,2,4
CAQ,2026-08-11,,,,0,0,,,4.0,62.801471110284034,1.0,0.8823559110951542,1,1.0,0,0,,,1,0,1
CARG,2026-08-11,3.0,0.46377502383222113,2.0,0,0,2.0,3.0,3.0,53.42428829608302,2.0,0.7638775023877414,1,1.0,0,0,BUY,2.1823529411764713,3,0,5
CAST,2026-08-11,,,,0,0,,,2.0,37.0417231366869,5.0,0.08216216598661205,0,,0,0,,,0,1,1
CBC,2026-08-11,3.0,0.5810295519542421,,0,0,1.0,,4.0,63.21434954683721,1.0,0.9521395345652772,0,,0,0,BUY,1.8524590163934425,2,0,3
CBRS,2026-08-11,,,,0,0,,,4.0,56.20176325566317,,,0,,0,0,,,0,0,0
CBUS,2026-08-11,4.0,0.2638607854737471,2.0,0,0,3.0,3.0,4.0,55.19404637652488,4.0,0.25605534676515307,0,,0,0,HOLD,3.4352941176470595,1,2,5
CCAQ,2026-08-11,,,1.0,0,0,3.0,3.0,5.0,70.38441000056322,1.0,1.0,0,,0,0,BUY,2.016949152542373,2,0,4
CCCT,2026-08-11,,,,0,0,,,,,,,0,,0,0,,,0,0,0
CCG,2026-08-11,4.0,0.3671651288577792,1.0,0,0,1.0,,5.0,73.83276768282771,1.0,0.9027833262999153,0,,0,0,BUY,2.1142857142857143,3,1,4
CCHH,2026-08-11,4.0,0.36875596563792556,5.0,0,0,5.0,,2.0,31.210639484194886,5.0,0.00026677312701487376,0,,0,0,STRONG SELL,4.628571428571429,0,4,4
CCII,2026-08-11,,,2.0,0,0,3.0,3.0,2.0,44.08709248472322,2.0,0.75,0,,0,0,HOLD,2.508474576271186,2,0,4
CCM,2026-08-11,,,2.0,0,0,2.0,,4.0,59.59146895402263,3.0,0.5043226937039288,0,,0,0,BUY,2.454545454545455,2,0,3
CCXI,2026-08-11,,,,0,0,1.0,,4.0,60.419039128664615,2.0,0.6970033881369693,0,,0,0,,,2,0,2
CDLR,2026-08-11,,,1.0,0,0,3.0,,3.0,52.96635307919865,3.0,0.5340658763303059,0,,0,0,HOLD,2.5909090909090917,1,0,3
CDNL,2026-08-11,5.0,0.011439466158245948,,0,0,1.0,2.0,1.0,24.751331946551957,4.0,0.2246817995840407,1,1.0,0,0,HOLD,3.055263157894737,2,2,4
CDZIP,2026-08-11,5.0,0.029691338072993984,3.0,0,0,2.0,4.0,3.0,47.76877131962281,1.0,0.8352119601616222,0,,0,0,HOLD,3.1411764705882352,2,2,5
CENTA,2026-08-11,2.0,0.7068636796949476,1.0,0,0,2.0,1.0,3.0,50.92738223842789,1.0,0.8471738360180412,0,,0,0,STRONG BUY,1.4823529411764707,5,0,5
CEPO,2026-08-11,,,1.0,0,0,3.0,,3.0,54.52696130612068,1.0,0.8767775746385867,0,,0,0,STRONG BUY,1.6818181818181817,2,0,3
CEPU,2026-08-11,,,5.0,0,0,4.0,,2.0,36.00353275119742,3.0,0.5481986444918372,0,,0,0,SELL,3.750000000000001,0,2,3
CEPV,2026-08-11,,,,0,0,3.0,,3.0,45.058511342569,1.0,0.8108115770942823,0,,0,0,,,1,0,2
CGTL,2026-08-11,4.0,0.2803054406617881,5.0,0,0,5.0,,2.0,36.24462497336723,5.0,0.0005394497669610318,0,,0,0,STRONG SELL,4.628571428571429,0,4,4
CHA,2026-08-11,1.0,0.9650015908367802,5.0,0,0,4.0,,2.0,36.03938355779473,5.0,0.08461657207474244,0,,0,0,HOLD,3.3,1,3,4
CHAR,2026-08-11,,,1.0,0,0,3.0,4.0,5.0,77.15435644281216,1.0,1.0,0,,0,0,BUY,2.2711864406779663,2,1,4
CHCI,2026-08-11,3.0,0.567206863679695,3.0,0,0,2.0,4.0,3.0,46.08342222012646,3.0,0.4945295192479453,0,,0,0,HOLD,3.0000000000000004,1,1,5
CHEC,2026-08-11,,,,0,0,3.0,3.0,5.0,73.76695106028419,1.0,1.0,0,,0,0,BUY,2.1999999999999997,1,0,3
CHR,2026-08-11,1.0,0.9780464524339801,5.0,0,0,5.0,,3.0,51.316516872578504,5.0,0.0022593270830773603,0,,0,0,SELL,3.5142857142857147,1,3,4
CHSN,2026-08-11,1.0,0.8685968819599109,5.0,0,0,5.0,,1.0,25.330396774484086,5.0,8.162821395085197e-05,0,,0,0,SELL,3.5142857142857147,1,3,4
CHTR,2026-08-11,1.0,0.9737845567206865,3.0,0,0,5.0,2.0,4.0,65.80464561689513,4.0,0.215643269536668,0,,0,0,HOLD,2.8,2,2,5
CHYM,2026-08-11,1.0,0.9955664770233401,2.0,0,0,2.0,3.0,5.0,77.74708097655584,1.0,1.0,0,,0,0,STRONG BUY,1.6352941176470588,4,0,5
CIG,2026-08-11,,,4.0,0,0,4.0,,2.0,32.18054442314401,4.0,0.22848937362898952,0,,0,0,SELL,4.0,0,3,3
CIG.C,2026-08-11,,,3.0,0,0,3.0,,2.0,37.263817970601394,3.0,0.4623156960809645,0,,0,0,HOLD,3.0000000000000004,0,0,3
CLLS,2026-08-11,,,5.0,0,0,4.0,,3.0,51.552977436919456,5.0,0.11415201884820386,0,,0,0,STRONG SELL,4.659090909090909,0,3,3
CLOV,2026-08-11,,,3.0,0,0,1.0,3.0,3.0,47.67043082596229,2.0,0.725067375744552,0,,0,0,BUY,2.152542372881356,2,0,4
CMCM,2026-08-11,,,5.0,0,0,5.0,,3.0,51.811404365898596,5.0,0.0572755606490359,0,,0,0,STRONG SELL,5.0,0,3,3
CMCSA,2026-08-11,1.0,0.9690181124880839,3.0,0,0,4.0,1.0,4.0,63.02183166261587,4.0,0.38236456332272617,0,,0,0,BUY,2.447058823529412,2,2,5
CME,2026-08-11,3.0,0.46520495710200194,3.0,0,0,4.0,2.0,3.0,53.658596735244245,3.0,0.4131288003524211,1,1.0,0,0,HOLD,2.7,1,1,5
CMII,2026-08-11,,,,0,0,,,2.0,44.575218109693736,2.0,0.617648626285009,1,1.0,0,0,,,1,0,1
CMMB,2026-08-11,5.0,0.16874926294061396,3.0,0,0,3.0,4.0,4.0,61.84478567205845,4.0,0.21844658625730043,0,,0,0,SELL,4.023529411764706,0,3,5
CNF,2026-08-11,1.0,0.8237352847597836,5.0,0,0,5.0,,2.0,43.21608507575487,5.0,0.0458715716733567,0,,0,0,SELL,3.5142857142857147,1,3,4
CNVS,2026-08-11,,,2.0,0,0,3.0,5.0,4.0,57.73348720579122,4.0,0.22650601046060084,1,7.0,0,0,HOLD,3.3949152542372887,1,2,4
COE,2026-08-11,,,4.0,0,0,5.0,,4.0,66.38164172448165,5.0,0.12327415756185175,0,,0,0,STRONG SELL,4.795454545454546,0,3,3
COIN,2026-08-11,4.0,0.3474392017035389,5.0,0,0,4.0,3.0,2.0,43.74877406429324,5.0,0.030424915573981637,0,,0,0,SELL,4.1647058823529415,0,4,5
CPAC,2026-08-11,,,1.0,0,0,2.0,,3.0,50.45696173424382,1.0,0.8651516056805177,0,,0,0,STRONG BUY,1.340909090909091,3,0,3
CRAN,2026-08-11,,,,0,0,3.0,,3.0,51.09486973496552,2.0,0.7741948384754768,0,,0,0,,,1,0,2
CRCT,2026-08-11,3.0,0.4894044286827182,1.0,1,0,2.0,1.0,5.0,75.1503431751819,2.0,0.799499293823114,0,,0,0,BUY,2.0235294117647062,4,0,5
CRDL,2026-08-11,,,1.0,0,0,1.0,,5.0,74.12397166995552,1.0,0.8153409148635697,0,,0,0,STRONG BUY,1.0,3,0,3
CRE,2026-08-11,,,5.0,0,0,5.0,,3.0,50.96852163186068,5.0,0.007850027093400245,0,,0,0,STRONG SELL,5.0,0,3,3
CRESY,2026-08-11,,,5.0,0,0,4.0,,2.0,40.588212737127705,3.0,0.433422398583936,0,,0,0,SELL,3.750000000000001,0,2,3
CRWD,2026-08-11,1.0,0.995227489659561,1.0,0,0,1.0,2.0,4.0,68.15672759948961,1.0,0.9763076387371792,0,,0,0,STRONG BUY,1.176470588235294,5,0,5
CRWV,2026-08-11,,,5.0,0,1,4.0,2.0,3.0,54.86522710110694,4.0,0.33549414190396126,0,,0,0,SELL,3.6440677966101696,1,3,4
CSAI,2026-08-11,,,1.0,1,0,1.0,3.0,5.0,73.70242482536635,2.0,0.7431087079985286,0,,0,0,BUY,1.8474576271186443,3,0,4
CTNT,2026-08-11,1.0,0.9635931750434478,4.0,0,0,5.0,4.0,2.0,33.38665104691576,5.0,0.0005522076758751352,0,,0,0,HOLD,3.494117647058823,1,4,5
CTSH,2026-08-11,2.0,0.637312999887646,3.0,0,0,4.0,1.0,5.0,73.88047236789797,3.0,0.42342312755733075,0,,0,0,HOLD,2.51764705882353,2,1,5
CTW,2026-08-11,,,1.0,0,0,2.0,,4.0,57.71424981696247,2.0,0.7666666180999178,0,,0,0,BUY,1.7954545454545454,3,0,3
CUB,2026-08-11,,,2.0,0,0,3.0,4.0,4.0,64.7066223992257,1.0,0.9302332286510175,0,,0,0,BUY,2.4237288135593222,2,1,4
CUPR,2026-08-11,,,4.0,1,0,5.0,,2.0,42.09980173408669,5.0,0.01399508329044685,0,,0,0,STRONG SELL,4.795454545454546,0,3,3
CURI,2026-08-11,4.0,0.3896336067407963,4.0,0,0,4.0,3.0,4.0,62.44377163190287,5.0,0.1663100976640736,0,,0,0,SELL,4.0588235294117645,0,4,5
CUVL,2026-08-11,,,5.0,0,0,4.0,,3.0,48.983732960232174,4.0,0.26070040137811495,0,,0,0,SELL,4.204545454545455,0,3,3
CWST,2026-08-11,5.0,0.00905624404194471,2.0,0,0,4.0,2.0,3.0,53.056183422772115,3.0,0.5421686150655227,0,,0,0,SELL,3.5058823529411764,2,2,5
CXII,2026-08-11,,,,0,0,,,3.0,53.95953569689137,,,0,,0,0,,,0,0,0
DAAQ,2026-08-11,,,5.0,0,1,5.0,,2.0,33.43243231540731,4.0,0.21408458876955722,0,,0,0,STRONG SELL,4.545454545454546,0,3,3
DAO,2026-08-11,,,1.0,0,0,1.0,,5.0,76.15875120572144,1.0,1.0,0,,0,0,STRONG BUY,1.0,3,0,3
DAVA,2026-08-11,,,3.0,0,0,5.0,,3.0,54.25560847560584,5.0,0.03396852294124922,0,,0,0,STRONG SELL,4.590909090909092,0,2,3
DAVE,2026-08-11,3.0,0.4718779790276454,2.0,0,0,1.0,2.0,2.0,34.38184976455712,3.0,0.5375946460449146,0,,0,0,BUY,2.3647058823529417,3,0,5
DBCA,2026-08-11,,,,0,0,,,4.0,56.65219876418874,1.0,0.9444432670707413,0,,0,0,,,1,0,1
DBVT,2026-08-11,5.0,0.06705724632221233,5.0,0,0,3.0,3.0,3.0,45.1588371651058,4.0,0.3402777756872671,0,,0,0,SELL,4.058823529411765,0,3,5
DBX,2026-08-11,2.0,0.600095328884652,1.0,0,0,2.0,2.0,4.0,65.38440975798528,1.0,0.9289027719493589,0,,0,0,STRONG BUY,1.6588235294117648,5,0,5
DDL,2026-08-11,,,3.0,0,0,4.0,,3.0,49.53913279571432,3.0,0.41830061947532177,0,,0,0,HOLD,3.3409090909090917,0,1,3
DDOG,2026-08-11,1.0,0.8589535915179332,2.0,0,0,1.0,2.0,3.0,47.233595811122704,2.0,0.7770232247187865,0,,0,0,STRONG BUY,1.5176470588235296,5,0,5
DGICA,2026-08-11,,,2.0,0,0,3.0,3.0,3.0,47.54514453336714,2.0,0.6072904722540732,0,,0,0,HOLD,2.508474576271186,2,0,4
DKI,2026-08-11,,,3.0,0,0,2.0,,2.0,42.55796548123464,4.0,0.3207146607211185,0,,0,0,HOLD,3.113636363636364,1,1,3
DKNG,2026-08-11,,,4.0,0,0,4.0,1.0,4.0,56.24013459613808,5.0,0.16793896040695097,1,1.0,0,0,HOLD,3.276271186440678,1,3,4
DLO,2026-08-11,,,1.0,1,0,2.0,,2.0,44.743481817147206,2.0,0.7137619199253583,0,,0,0,BUY,1.7954545454545454,3,0,3
DLTH,2026-08-11,,,3.0,0,0,1.0,1.0,2.0,43.705888472736255,2.0,0.7148148269156204,0,,0,0,STRONG BUY,1.6440677966101698,3,0,4
DOMO,2026-08-11,,,3.0,0,0,5.0,2.0,4.0,58.05015064731059,5.0,0.11851851764638842,0,,0,0,SELL,3.932203389830508,1,2,4
DOYU,2026-08-11,1.0,0.9748647788736876,5.0,0,0,5.0,,3.0,48.751336751770324,5.0,0.042270578835409287,0,,0,0,SELL,3.5142857142857147,1,3,4
DPU,2026-08-11,,,3.0,0,0,5.0,,4.0,55.16143209208417,5.0,0.04183535076425222,0,,0,0,STRONG SELL,4.590909090909092,0,2,3
DQ,2026-08-11,2.0,0.7403754374801146,4.0,0,0,5.0,,4.0,64.43199841223233,5.0,0.12094763205942494,0,,0,0,SELL,3.757142857142857,1,3,4
DRCT,2026-08-11,,,4.0,0,0,5.0,4.0,3.0,53.980325572585244,5.0,0.0036867267223664045,0,,0,0,STRONG SELL,4.593220338983051,0,4,4
DRD,2026-08-11,,,4.0,0,0,3.0,,4.0,62.94460930169467,4.0,0.3863181960973766,0,,0,0,SELL,3.659090909090909,0,2,3
DSAC,2026-08-11,,,,0,0,3.0,,4.0,60.99339361745974,1.0,0.9629621780471609,0,,0,0,,,1,0,2
DSC,2026-08-11,,,,0,0,,,2.0,34.74073934906811,,,0,,0,0,,,0,0,0
DSY,2026-08-11,5.0,0.001590836780146357,3.0,0,0,3.0,,4.0,64.71390687895743,5.0,0.05598346830745231,0,,0,0,STRONG SELL,4.314285714285715,0,2,4
DUOL,2026-08-11,2.0,0.5880772192448184,3.0,0,0,3.0,4.0,3.0,54.356539262905315,5.0,0.16266658212640264,1,1.0,0,0,HOLD,3.0411764705882356,1,2,5
DXST,2026-08-11,5.0,0.22621699013681196,4.0,0,0,5.0,,3.0,53.73794794752569,5.0,0.019924287683999266,0,,0,0,STRONG SELL,4.871428571428571,0,4,4
DYNC,2026-08-11,,,1.0,0,0,3.0,5.0,4.0,61.172914875977085,3.0,0.423610996132982,0,,0,0,HOLD,3.203389830508475,1,1,4
DYOR,2026-08-11,,,,0,0,3.0,,4.0,62.86695201722071,1.0,0.9749995231646608,0,,0,0,,,1,0,2
EBON,2026-08-11,1.0,0.7938275532930321,4.0,0,0,5.0,,4.0,55.050686619157005,5.0,0.1040540501355603,0,,0,0,HOLD,3.3857142857142852,1,3,4
EC,2026-08-11,,,1.0,0,0,1.0,,4.0,58.76071969970482,1.0,0.9579452116637908,0,,0,0,STRONG BUY,1.0,3,0,3
ECX,2026-08-11,,,5.0,0,0,5.0,,2.0,42.512659546373726,5.0,0.08987481567230493,0,,0,0,STRONG SELL,5.0,0,3,3
EDN,2026-08-11,,,5.0,0,0,4.0,,2.0,36.73562578337876,4.0,0.38792275993178144,0,,0,0,SELL,4.204545454545455,0,3,3
EGHA,2026-08-11,,,1.0,0,0,3.0,,4.0,57.647312242496255,1.0,0.9444457689933693,0,,0,0,STRONG BUY,1.6818181818181817,2,0,3
EHGO,2026-08-11,,,5.0,0,0,5.0,,3.0,47.0810702950104,5.0,0.05721253342041806,0,,0,0,STRONG SELL,5.0,0,3,3
ELPC,2026-08-11,,,3.0,0,0,3.0,,2.0,34.82741966390364,3.0,0.5389229032835637,0,,0,0,HOLD,3.0000000000000004,0,0,3
ELPW,2026-08-11,,,4.0,0,0,5.0,,5.0,89.82764833057843,5.0,0.0009013128912931423,0,,0,0,STRONG SELL,4.795454545454546,0,3,3
ENIC,2026-08-11,,,1.0,0,0,2.0,,3.0,51.731203930947196,1.0,0.875218859204519,0,,0,0,STRONG BUY,1.340909090909091,3,0,3
ENRD,2026-08-11,,,,0,0,,,1.0,26.802998705335256,,,0,,0,0,,,0,0,0
EPSM,2026-08-11,3.0,0.5482023544384346,4.0,0,0,5.0,,4.0,66.31869272483621,5.0,0.0037242595987983245,0,,0,0,SELL,4.128571428571429,0,3,4
EQPT,2026-08-11,2.0,0.6317758513874324,,0,0,5.0,3.0,3.0,51.51923531918878,5.0,0.19162638165030388,0,,0,0,SELL,3.578947368421052,1,2,4
ERIC,2026-08-11,,,4.0,0,0,3.0,,3.0,45.99204136348399,3.0,0.43636711155050256,0,,0,0,HOLD,3.2045454545454555,0,1,3
ERIE,2026-08-11,,,3.0,0,0,4.0,3.0,4.0,60.94678557436087,4.0,0.3258024005401151,0,,0,0,SELL,3.593220338983051,0,2,4
ETOR,2026-08-11,,,4.0,0,0,4.0,,1.0,23.539727728042266,5.0,0.14963981150098787,0,,0,0,STRONG SELL,4.454545454545455,0,3,3
ETS,2026-08-11,3.0,0.5435581799041733,1.0,0,0,1.0,4.0,4.0,57.635074705698976,4.0,0.2195121998496645,0,,0,0,HOLD,2.847058823529412,2,2,5
EVAX,2026-08-11,,,5.0,0,0,3.0,,3.0,50.027884225456255,5.0,0.055819478746216206,0,,0,0,STRONG SELL,4.318181818181818,0,2,3
EVER,2026-08-11,1.0,0.882745471877979,1.0,0,0,2.0,2.0,3.0,52.377952103982324,2.0,0.7955881905390743,0,,0,0,STRONG BUY,1.5882352941176472,5,0,5
EVLV,2026-08-11,5.0,0.18737439202751396,4.0,0,0,4.0,3.0,4.0,56.293907084766694,4.0,0.29274613351168194,0,,0,0,SELL,4.129411764705883,0,4,5
EVO,2026-08-11,,,5.0,0,0,5.0,,3.0,45.85948001482452,5.0,0.08482139602265679,0,,0,0,STRONG SELL,5.0,0,3,3
EXFY,2026-08-11,1.0,0.8645105292027498,1.0,0,0,2.0,4.0,4.0,63.51615814679638,1.0,0.8044260941087054,1,1.0,0,0,STRONG BUY,1.4058823529411764,4,1,5
EZPW,2026-08-11,3.0,0.5757864632983795,3.0,0,0,2.0,3.0,2.0,32.3577771479502,3.0,0.5694305373559271,0,,0,0,HOLD,2.823529411764706,1,0,5
FAC,2026-08-11,5.0,0.16003818008272352,5.0,0,1,5.0,3.0,2.0,41.8481852470613,5.0,0.07469600044353862,0,,0,0,STRONG SELL,4.647058823529412,0,4,5
FBYD,2026-08-11,1.0,0.8548606169636045,4.0,0,0,1.0,,2.0,38.37062292352987,4.0,0.3583900757581242,0,,0,0,BUY,2.242857142857143,2,2,4
FCNCA,2026-08-11,1.0,0.7654909437559582,1.0,0,0,3.0,2.0,4.0,61.716185508127204,1.0,1.0,1,2.0,0,0,STRONG BUY,1.2294117647058824,4,0,5
FDMM,2026-08-11,,,,0,0,,,,,,,0,,0,0,,,0,0,0
FEDU,2026-08-11,1.0,0.9452752147629652,5.0,0,0,5.0,,1.0,29.514697772596207,5.0,0.0,0,,0,0,SELL,3.5142857142857147,1,3,4
FENG,2026-08-11,,,5.0,0,0,4.0,,3.0,51.18190783406873,5.0,0.06358381821535715,0,,0,0,STRONG SELL,4.659090909090909,0,3,3
FERA,2026-08-11,,,1.0,0,0,3.0,,5.0,70.61965056694243,1.0,0.9189196155402567,0,,0,0,STRONG BUY,1.6818181818181817,2,0,3
FFAI,2026-08-11,5.0,0.013354917037636584,1.0,1,0,1.0,4.0,3.0,54.60504371330547,4.0,0.37792329500982885,0,,0,0,HOLD,3.458823529411765,2,3,5
FIGR,2026-08-11,5.0,0.1325071496663489,5.0,0,0,5.0,2.0,3.0,46.55534383056361,5.0,0.05979591994025406,0,,0,0,STRONG SELL,4.470588235294118,1,4,5
FINV,2026-08-11,,,5.0,0,0,5.0,,2.0,33.14745959140251,5.0,0.01892046293735886,0,,0,0,STRONG SELL,5.0,0,3,3
FLNC,2026-08-11,2.0,0.7260330408864949,5.0,0,1,3.0,4.0,2.0,41.260784711753814,4.0,0.2496075263319664,0,,0,0,HOLD,3.3176470588235296,1,3,5
FLWS,2026-08-11,,,1.0,0,0,4.0,4.0,3.0,52.45120585155215,4.0,0.3823529566448052,0,,0,0,SELL,3.542372881355932,1,3,4
FLX,2026-08-11,,,5.0,0,0,4.0,,3.0,47.984423412224864,5.0,0.028708221847926586,0,,0,0,STRONG SELL,4.659090909090909,0,3,3
FMS,2026-08-11,,,1.0,1,0,3.0,,3.0,45.833591575747285,2.0,0.6429908853683572,0,,0,0,BUY,2.1363636363636367,2,0,3
FNKO,2026-08-11,,,1.0,0,0,1.0,4.0,3.0,53.020277102564776,1.0,0.8864864600148825,0,,0,0,BUY,1.7627118644067798,3,1,4
FOCL,2026-08-11,5.0,0.2339969508349355,1.0,0,0,1.0,4.0,4.0,57.022015031322866,1.0,0.9350393871704057,0,,0,0,HOLD,2.7529411764705882,3,2,5
FORTY,2026-08-11,,,5.0,0,0,4.0,,2.0,39.60823934551978,5.0,0.054434817138412146,0,,0,0,STRONG SELL,4.659090909090909,0,3,3
FOX,2026-08-11,2.0,0.736415633937083,3.0,0,0,3.0,,4.0,61.11185706514904,3.0,0.47592580372500104,0,,0,0,HOLD,2.628571428571429,1,0,4
FOXA,2026-08-11,2.0,0.6620591039084843,3.0,0,0,3.0,,4.0,62.19166761691286,3.0,0.49538982897296013,1,1.0,0,0,BUY,2.328571428571429,1,0,4
FRBT,2026-08-11,,,,0,0,,,3.0,52.14103360786548,,,0,,0,0,,,0,0,0
FRSH,2026-08-11,3.0,0.5347613874886485,1.0,1,0,2.0,1.0,4.0,63.52744890841028,2.0,0.7179125589623593,1,1.0,0,0,STRONG BUY,1.7235294117647062,4,0,5
FRSX,2026-08-11,5.0,0.03149856824689787,5.0,0,0,5.0,,3.0,49.9170127334858,5.0,0.030042908866487396,0,,0,0,STRONG SELL,5.0,0,4,4
FRVO,2026-08-11,,,,0,0,,,3.0,49.13148545638296,,,0,,0,0,,,0,0,0
FSLY,2026-08-11,4.0,0.26089723194400255,1.0,0,0,1.0,3.0,5.0,72.23886095573954,1.0,0.8236173664804294,0,,0,0,BUY,2.2705882352941176,3,1,5
FUFU,2026-08-11,2.0,0.6700604517976455,5.0,0,0,5.0,,2.0,41.76870519845906,5.0,0.010101000370632515,0,,0,0,SELL,3.8857142857142857,1,3,4
FUTU,2026-08-11,1.0,0.995227489659561,3.0,0,0,5.0,,3.0,52.02045607611276,5.0,0.14509377141848745,0,,0,0,HOLD,3.257142857142857,1,2,4
FXHO,2026-08-11,1.0,0.953229398663697,4.0,0,0,5.0,,3.0,46.99449401783433,5.0,0.0007632869635519051,0,,0,0,HOLD,3.3857142857142852,1,3,4
GAIA,2026-08-11,,,5.0,0,0,5.0,3.0,1.0,15.609864825237068,5.0,0.0,1,3.0,0,0,SELL,4.191525423728814,0,3,4
GBLI,2026-08-11,2.0,0.6725452812202097,2.0,0,0,3.0,2.0,4.0,55.760950362195295,2.0,0.7372094508697955,0,,0,0,BUY,2.1764705882352944,4,0,5
GCGR,2026-08-11,,,,0,0,,,1.0,24.080105673430353,,,0,,0,0,,,0,0,0
GCMG,2026-08-11,1.0,0.8937909426743108,1.0,0,0,2.0,1.0,4.0,67.8448634915631,1.0,1.0,0,,0,0,STRONG BUY,1.1764705882352942,5,0,5
GCT,2026-08-11,1.0,0.8371921392051757,2.0,0,0,1.0,3.0,5.0,77.73834716020228,1.0,0.9377921763589037,0,,0,0,STRONG BUY,1.4588235294117646,4,0,5
GDHG,2026-08-11,,,5.0,0,0,5.0,,2.0,44.09994853696878,5.0,0.031205679083439134,0,,0,0,STRONG SELL,5.0,0,3,3
GDRX,2026-08-11,5.0,0.2183031458531935,1.0,0,0,2.0,2.0,5.0,73.06923143625929,3.0,0.5938461594891974,0,,0,0,HOLD,3.0470588235294116,3,1,5
GDS,2026-08-11,,,4.0,0,0,4.0,,3.0,51.83661890142979,5.0,0.19513516812711149,0,,0,0,STRONG SELL,4.454545454545455,0,3,3
GDYN,2026-08-11,2.0,0.6015079735968534,2.0,0,0,3.0,2.0,5.0,76.0515751608709,3.0,0.5278349982322615,0,,0,0,BUY,2.4117647058823533,3,0,5
GEMI,2026-08-11,,,5.0,0,0,5.0,3.0,2.0,44.96315683888061,5.0,0.00524109341258138,0,,0,0,STRONG SELL,4.491525423728814,0,3,4
GENK,2026-08-11,,,4.0,0,0,4.0,4.0,3.0,52.22239042318933,4.0,0.2660098371742019,0,,0,0,SELL,4.0,0,4,4
GFI,2026-08-11,,,4.0,0,0,3.0,,4.0,67.83237812477267,4.0,0.3767990435662125,0,,0,0,SELL,3.659090909090909,0,2,3
GGAL,2026-08-11,,,4.0,0,0,4.0,,2.0,36.313945956515724,3.0,0.5750683356485239,0,,0,0,SELL,3.545454545454546,0,2,3
GHG,2026-08-11,,,5.0,0,0,5.0,,2.0,43.571420695456226,5.0,0.008826116787434899,0,,0,0,STRONG SELL,5.0,0,3,3
GIW,2026-08-11,,,,0,0,3.0,,5.0,71.65396448500533,1.0,1.0,0,,0,0,,,1,0,2
GIX,2026-08-11,,,,0,0,,,4.0,65.73697499944636,1.0,1.0,0,,0,0,,,1,0,1
GLRE,2026-08-11,1.0,0.8509556453373194,2.0,0,0,3.0,1.0,2.0,37.027063465518836,3.0,0.49219860612047867,0,,0,0,BUY,1.9294117647058824,3,0,5
GLXG,2026-08-11,1.0,0.9742284441616289,5.0,0,0,5.0,,4.0,57.99123894225532,5.0,0.07241659721925371,0,,0,0,SELL,3.5142857142857147,1,3,4
GLXY,2026-08-11,1.0,0.990435324390897,4.0,0,0,4.0,5.0,2.0,41.54634805736523,5.0,0.12644115873553197,0,,0,0,HOLD,3.494117647058823,1,4,5
GMAB,2026-08-11,,,2.0,0,0,2.0,,4.0,68.09286342037383,2.0,0.6851332609361229,0,,0,0,BUY,2.0,3,0,3
GMEX,2026-08-11,3.0,0.4489341393573019,5.0,0,0,5.0,,1.0,26.48328853530849,5.0,0.0,0,,0,0,STRONG SELL,4.257142857142858,0,3,4
GMM,2026-08-11,2.0,0.6566974228444161,5.0,0,0,5.0,,2.0,37.87573107006426,5.0,0.009057824544960185,0,,0,0,SELL,3.8857142857142857,1,3,4
GNLN,2026-08-11,,,5.0,0,0,5.0,4.0,2.0,38.95186806264797,5.0,0.008883251375499113,0,,0,0,STRONG SELL,4.745762711864407,0,4,4
GNTA,2026-08-11,2.0,0.649379573655743,4.0,1,0,3.0,,2.0,41.50382247851092,5.0,0.12811387745609193,0,,0,0,HOLD,3.3285714285714287,1,2,4
GOOG,2026-08-11,5.0,0.2142169901095192,3.0,0,0,2.0,3.0,3.0,45.86886192030452,2.0,0.7198514846099832,0,,0,0,HOLD,3.2,2,1,5
GOTU,2026-08-11,1.0,0.9557747375119312,3.0,0,0,5.0,,3.0,52.211954270454676,5.0,0.14843749454303193,0,,0,0,HOLD,3.257142857142857,1,2,4
GPCR,2026-08-11,5.0,0.14317531021317212,3.0,0,0,3.0,4.0,4.0,56.76632490533077,3.0,0.45385422820656046,0,,0,0,SELL,3.7882352941176474,0,2,5
GRAB,2026-08-11,,,4.0,0,0,4.0,,4.0,57.56709737252581,5.0,0.14779875911370063,0,,0,0,STRONG SELL,4.454545454545455,0,3,3
GRAN,2026-08-11,,,4.0,0,0,5.0,,3.0,47.94582461283223,5.0,0.11208791410328477,0,,0,0,STRONG SELL,4.795454545454546,0,3,3
GRFS,2026-08-11,,,3.0,0,0,4.0,,4.0,57.40318330832756,4.0,0.2780079612679088,0,,0,0,SELL,3.795454545454546,0,2,3
GROW,2026-08-11,,,1.0,0,0,3.0,5.0,4.0,63.102330097606696,2.0,0.6771090934958004,0,,0,0,HOLD,2.8644067796610173,2,1,4
GRVY,2026-08-11,,,1.0,0,0,3.0,,5.0,71.21035404206312,1.0,0.826967300676027,0,,0,0,STRONG BUY,1.6818181818181817,2,0,3
GSHD,2026-08-11,5.0,0.1334604385128694,2.0,0,0,3.0,3.0,4.0,59.7657020877422,3.0,0.5494583177436124,1,1.0,0,0,HOLD,3.2058823529411766,1,1,5
GSHR,2026-08-11,,,1.0,0,0,3.0,,5.0,71.82140290433753,1.0,0.9756092455055279,0,,0,0,STRONG BUY,1.6818181818181817,2,0,3
GSIW,2026-08-11,5.0,0.11644925230671332,5.0,0,1,5.0,,1.0,29.103655606166313,5.0,0.1648381849312605,0,,0,0,STRONG SELL,5.0,0,4,4
GSK,2026-08-11,,,5.0,0,1,3.0,,2.0,44.4417302877473,2.0,0.6115685453409792,0,,0,0,HOLD,2.9545454545454546,1,1,3
GSRV,2026-08-11,,,,0,0,,,1.0,20.765649807323257,,,0,,0,0,,,0,0,0
GTEN,2026-08-11,,,1.0,0,0,3.0,4.0,5.0,77.3133443634452,1.0,1.0,0,,0,0,BUY,2.2711864406779663,2,1,4
GTERA,2026-08-11,,,1.0,0,0,3.0,4.0,5.0,75.18176260159589,1.0,0.9777773068282966,0,,0,0,BUY,2.2711864406779663,2,1,4
GTLB,2026-08-11,,,1.0,1,0,2.0,3.0,5.0,76.57413245317991,2.0,0.7175838055609526,0,,0,0,BUY,2.1016949152542375,3,0,4
HACQ,2026-08-11,,,,0,0,,,4.0,63.14255000221798,1.0,0.913041675477769,0,,0,0,,,1,0,1
HCAC,2026-08-11,,,,0,0,3.0,,4.0,64.69615343538526,1.0,1.0,0,,0,0,,,1,0,2
HCAI,2026-08-11,5.0,0.08304167992363984,5.0,0,0,5.0,,2.0,32.748799304045605,5.0,0.01578457213925425,0,,0,0,STRONG SELL,5.0,0,4,4
HCM,2026-08-11,,,3.0,0,0,4.0,,4.0,66.28634320895983,4.0,0.3123426107180975,0,,0,0,SELL,3.795454545454546,0,2,3
HCMA,2026-08-11,,,2.0,0,0,3.0,,3.0,47.53148998407171,2.0,0.786883708132176,0,,0,0,BUY,2.3409090909090913,2,0,3
HDL,2026-08-11,,,3.0,0,0,5.0,,3.0,54.33771372566372,5.0,0.16252956841610686,0,,0,0,STRONG SELL,4.590909090909092,0,2,3
HEPS,2026-08-11,,,1.0,0,0,3.0,,3.0,52.70095690055561,2.0,0.6576577369950708,0,,0,0,BUY,2.1363636363636367,2,0,3
HERE,2026-08-11,1.0,0.9691377664651608,5.0,0,0,5.0,,3.0,45.27142109026016,5.0,0.034414948812327324,0,,0,0,SELL,3.5142857142857147,1,3,4
HIMX,2026-08-11,,,3.0,0,0,1.0,,4.0,56.71410792018732,3.0,0.48167156253768895,0,,0,0,BUY,2.3181818181818183,1,0,3
HIT,2026-08-11,5.0,0.16873212583412775,4.0,0,0,4.0,2.0,2.0,44.145801885713716,5.0,0.0633608666154157,0,,0,0,SELL,4.188235294117646,1,4,5
HKD,2026-08-11,,,3.0,0,0,3.0,,3.0,48.12588598230505,4.0,0.2083333392464923,0,,0,0,HOLD,3.454545454545455,0,1,3
HKIT,2026-08-11,2.0,0.6945593382118994,5.0,0,0,5.0,,2.0,34.534353535966076,5.0,2.4421993569364416e-05,0,,0,0,SELL,3.8857142857142857,1,3,4
HLN,2026-08-11,,,2.0,0,0,4.0,,3.0,53.40685244748271,3.0,0.5261474961309285,0,,0,0,HOLD,3.136363636363637,1,1,3
HLNE,2026-08-11,4.0,0.4070543374642517,3.0,0,0,4.0,2.0,5.0,74.43648774969776,4.0,0.3703347302150958,1,5.0,0,0,HOLD,3.2411764705882353,1,3,5
HLP,2026-08-11,3.0,0.5870187718740058,2.0,0,0,1.0,,4.0,65.53445887482127,2.0,0.6799374937606479,0,,0,0,BUY,2.1571428571428575,3,0,4
HLXC,2026-08-11,,,,0,0,3.0,,3.0,54.15739965729736,2.0,0.7924519474724064,0,,0,0,,,1,0,2
HOOD,2026-08-11,1.0,0.8849474663868578,4.0,1,0,3.0,3.0,3.0,47.131797226255316,4.0,0.3347078186696609,0,,0,0,HOLD,2.7294117647058824,1,2,5
HOVR,2026-08-11,,,2.0,0,0,3.0,4.0,4.0,57.79974813646092,4.0,0.30627303026666636,0,,0,0,HOLD,3.4406779661016955,1,2,4
HQ,2026-08-11,,,,0,0,,,2.0,38.84092475896654,5.0,0.13838988427545845,1,1.0,0,0,,,0,1,1
HSAI,2026-08-11,,,4.0,0,0,4.0,,4.0,63.62067049526248,4.0,0.28618425716984325,0,,0,0,SELL,4.0,0,3,3
HSDT,2026-08-11,3.0,0.509806184095019,3.0,0,0,5.0,3.0,3.0,52.94456437384205,5.0,0.0205599319979292,0,,0,0,SELL,3.8235294117647065,0,2,5
HTCO,2026-08-11,5.0,0.0200445434298441,5.0,0,0,5.0,,2.0,42.87122917866148,5.0,0.017381555983491007,0,,0,0,STRONG SELL,5.0,0,4,4
HTHT,2026-08-11,5.0,0.11740375437480113,5.0,0,0,3.0,,3.0,45.45926434224767,3.0,0.4575917816821119,0,,0,0,SELL,4.0,0,2,4
HTT,2026-08-11,,,5.0,0,0,4.0,,3.0,45.945274716255696,5.0,0.18181816774388518,0,,0,0,STRONG SELL,4.659090909090909,0,3,3
HUBG,2026-08-11,3.0,0.4914204003813155,3.0,0,0,4.0,2.0,1.0,27.927427802282764,4.0,0.2680408314479983,0,,0,0,HOLD,3.235294117647059,1,2,5
HUIZ,2026-08-11,1.0,0.995227489659561,4.0,0,0,5.0,,3.0,52.895592826729704,5.0,0.08888891495935002,0,,0,0,HOLD,3.3857142857142852,1,3,4
HUYA,2026-08-11,,,3.0,0,0,5.0,,3.0,49.43680203386978,5.0,0.0954491827518066,0,,0,0,STRONG SELL,4.590909090909092,0,2,3
HYMC,2026-08-11,5.0,0.11390391345847917,4.0,0,1,3.0,4.0,4.0,66.0200842096551,3.0,0.45999234139670053,1,2.0,0,0,SELL,3.594117647058824,0,3,5
IACO,2026-08-11,,,,0,0,,,5.0,76.29310296516354,1.0,1.0,0,,0,0,,,1,0,1
IBKR,2026-08-11,5.0,0.23117254528122025,3.0,0,0,2.0,,3.0,49.170328853884946,2.0,0.7962573638158188,1,1.0,0,0,HOLD,2.942857142857143,2,1,4
IDAI,2026-08-11,3.0,0.4421334511382914,3.0,0,0,4.0,3.0,4.0,56.5115220539005,3.0,0.43786984418922054,0,,0,0,HOLD,3.176470588235294,0,1,5
IGAC,2026-08-11,,,,0,0,3.0,,4.0,61.22702961398168,1.0,0.9285698066766273,0,,0,0,,,1,0,2
IH,2026-08-11,1.0,0.9503658924594338,5.0,0,0,5.0,,3.0,46.53471897785212,5.0,0.037310981007699015,0,,0,0,SELL,3.5142857142857147,1,3,4
IHG,2026-08-11,,,3.0,0,0,2.0,,2.0,40.932629468479035,2.0,0.6869575180585887,0,,0,0,BUY,2.2045454545454546,2,0,3
IHRT,2026-08-11,1.0,0.9878591663294213,4.0,0,0,3.0,3.0,1.0,29.3190197573921,4.0,0.2776595675335473,1,1.0,0,0,BUY,2.4294117647058826,1,2,5
IMCR,2026-08-11,4.0,0.32380963999913986,2.0,0,0,3.0,4.0,4.0,55.966838942960955,3.0,0.5142856967418339,0,,0,0,HOLD,3.376470588235294,1,2,5
IMKTA,2026-08-11,,,3.0,0,0,3.0,2.0,2.0,44.01300860291673,2.0,0.7526337488148653,0,,0,0,BUY,2.406779661016949,2,0,4
IMOS,2026-08-11,,,3.0,0,0,1.0,,3.0,53.514855977012864,2.0,0.7288782946599727,0,,0,0,BUY,1.863636363636364,2,0,3
IMRN,2026-08-11,,,3.0,1,0,3.0,,3.0,48.44672415607514,4.0,0.2424242763589363,0,,0,0,HOLD,3.454545454545455,0,1,3
IMRX,2026-08-11,,,4.0,0,0,3.0,3.0,4.0,57.88658318590283,4.0,0.282958224007048,0,,0,0,HOLD,3.491525423728814,0,2,4
INDI,2026-08-11,,,4.0,0,0,4.0,4.0,3.0,51.73289728876132,4.0,0.3848314347132903,0,,0,0,SELL,4.0,0,4,4
INFY,2026-08-11,,,3.0,0,0,4.0,,4.0,60.89353399091116,4.0,0.2268295618557388,0,,0,0,SELL,3.795454545454546,0,2,3
INLF,2026-08-11,5.0,0.25039770919503657,5.0,0,0,5.0,,1.0,23.736485893465215,5.0,0.0005922801148520853,0,,0,0,STRONG SELL,5.0,0,4,4
INTJ,2026-08-11,1.0,0.9777282850779508,5.0,0,0,5.0,,3.0,46.81879806916838,5.0,0.06445603611170923,0,,0,0,SELL,3.5142857142857147,1,3,4
INTR,2026-08-11,,,5.0,0,0,5.0,,2.0,39.27345336243641,5.0,0.0,0,,0,0,STRONG SELL,5.0,0,3,3
IOND,2026-08-11,,,,0,0,,,,,,,0,,0,0,,,0,0,0
IONR,2026-08-11,,,5.0,0,0,4.0,,2.0,42.92330011846827,5.0,0.10851064067234448,1,1.0,0,0,STRONG SELL,4.359090909090909,0,3,3
IPCX,2026-08-11,,,5.0,0,1,5.0,3.0,2.0,30.087845621658275,5.0,0.19282868840755313,0,,0,0,STRONG SELL,4.491525423728814,0,3,4
IPFX,2026-08-11,,,,0,0,,,2.0,39.571439830670606,,,0,,0,0,,,0,0,0
IPHA,2026-08-11,,,1.0,0,0,3.0,,4.0,67.47431568686844,1.0,0.80991736432827,0,,0,0,STRONG BUY,1.6818181818181817,2,0,3
IPX,2026-08-11,,,5.0,0,0,5.0,,3.0,52.34255997488777,5.0,0.12543903470742823,1,4.0,0,0,STRONG SELL,4.700000000000001,0,3,3
IQ,2026-08-11,,,3.0,0,0,5.0,,4.0,66.49994028497915,4.0,0.21268453365653456,0,,0,0,SELL,4.136363636363637,0,2,3
IQMX,2026-08-11,,,4.0,0,0,4.0,,2.0,36.269505554217936,5.0,0.007322144219107285,0,,0,0,STRONG SELL,4.454545454545455,0,3,3
IRS,2026-08-11,,,4.0,0,0,4.0,,2.0,38.74459533700274,3.0,0.4526166827995455,0,,0,0,SELL,3.545454545454546,0,2,3
IRWD,2026-08-11,3.0,0.4848669558929772,1.0,0,0,2.0,3.0,4.0,55.720206599170155,2.0,0.7604396260543358,0,,0,0,BUY,2.376470588235294,3,0,5
ITG,2026-08-11,,,,0,0,,,1.0,26.17607974329009,,,0,,0,0,,,0,0,0
IX,2026-08-11,,,1.0,0,0,2.0,,3.0,49.03002942222707,1.0,0.9057928369636754,0,,0,0,STRONG BUY,1.340909090909091,3,0,3
JAB,2026-08-11,,,,0,0,,,,,,,0,,0,0,,,0,0,0
JD,2026-08-11,,,2.0,0,0,3.0,,4.0,57.808795343107576,2.0,0.7110463707632524,0,,0,0,BUY,2.3409090909090913,2,0,3
JDZG,2026-08-11,1.0,0.8975501113585747,5.0,0,0,5.0,,1.0,5.6489573073915835,5.0,0.0,0,,0,0,SELL,3.5142857142857147,1,3,4
JF,2026-08-11,,,2.0,0,0,3.0,,4.0,58.65197515388827,3.0,0.46052628070364215,0,,0,0,HOLD,2.795454545454546,1,0,3
JFB,2026-08-11,,,5.0,0,0,4.0,5.0,3.0,52.08572967141976,5.0,0.13087719584142443,0,,0,0,STRONG SELL,4.745762711864407,0,4,4
JFIN,2026-08-11,1.0,0.9678650970410437,5.0,0,0,5.0,,2.0,41.92454108385707,5.0,0.019023988853763506,0,,0,0,SELL,3.5142857142857147,1,3,4
JFU,2026-08-11,1.0,0.9669105949729557,5.0,0,0,4.0,,2.0,36.79831372625822,5.0,0.033308084307909075,0,,0,0,HOLD,3.3,1,3,4
JG,2026-08-11,,,4.0,0,0,5.0,,3.0,54.00690700080111,5.0,0.18333332851679665,0,,0,0,STRONG SELL,4.795454545454546,0,3,3
JKS,2026-08-11,1.0,0.9583200763601655,5.0,0,0,5.0,,3.0,54.575053429775686,5.0,0.15324828257513035,0,,0,0,SELL,3.5142857142857147,1,3,4
JL,2026-08-11,3.0,0.5357938275532931,4.0,0,0,3.0,,2.0,32.12099860361192,3.0,0.44768208817041494,0,,0,0,HOLD,3.1285714285714286,0,1,4
JLHL,2026-08-11,3.0,0.46547884187082406,4.0,0,0,1.0,,3.0,47.17149507409614,5.0,0.12383234498884597,0,,0,0,HOLD,3.271428571428572,1,2,4
JMIA,2026-08-11,,,5.0,0,0,5.0,,2.0,41.589708867942925,5.0,0.013468000133792688,0,,0,0,STRONG SELL,5.0,0,3,3
JOUT,2026-08-11,,,1.0,1,0,3.0,4.0,3.0,52.51942699072778,2.0,0.6449774236256237,0,,0,0,HOLD,2.610169491525424,2,1,4
JOYY,2026-08-11,,,1.0,0,0,2.0,,4.0,57.06444172946459,1.0,0.9494892429848574,0,,0,0,STRONG BUY,1.340909090909091,3,0,3
JZ,2026-08-11,5.0,0.13840279987273305,5.0,0,0,5.0,,2.0,42.17876594543593,5.0,0.0030833605502279685,0,,0,0,STRONG SELL,5.0,0,4,4
KAZR,2026-08-11,,,5.0,0,0,3.0,,3.0,48.68549358887059,3.0,0.42562928559276747,0,,0,0,HOLD,3.4090909090909096,0,1,3
KC,2026-08-11,4.0,0.25962456251988547,3.0,0,0,4.0,,4.0,56.71623738786605,4.0,0.3291796835464725,0,,0,0,SELL,3.8714285714285714,0,3,4
KCHV,2026-08-11,,,1.0,0,0,3.0,,4.0,62.42019074899876,1.0,1.0,0,,0,0,STRONG BUY,1.6818181818181817,2,0,3
KELYA,2026-08-11,,,1.0,0,0,2.0,3.0,4.0,58.915887227341265,1.0,0.9109477671181616,0,,0,0,BUY,1.7627118644067798,3,0,4
KFII,2026-08-11,,,1.0,0,0,3.0,3.0,4.0,55.86317737643456,1.0,0.9565207475976739,0,,0,0,BUY,2.016949152542373,2,0,4
KMRK,2026-08-11,5.0,0.14190264078905504,5.0,0,0,5.0,,3.0,53.29534676514831,5.0,0.09583830737658154,0,,0,0,STRONG SELL,5.0,0,4,4
KNSA,2026-08-11,5.0,0.07149666348903717,1.0,0,0,1.0,1.0,4.0,65.55615768321158,1.0,0.9352429359806184,0,,0,0,BUY,2.223529411764706,4,1,5
KRKR,2026-08-11,1.0,0.995227489659561,4.0,0,0,5.0,,4.0,61.30807188446115,5.0,0.07583221491957341,0,,0,0,HOLD,3.3857142857142852,1,3,4
KRUS,2026-08-11,,,5.0,0,0,5.0,3.0,3.0,52.33796830057138,5.0,0.15870210462343068,0,,0,0,STRONG SELL,4.491525423728814,0,3,4
KSCP,2026-08-11,,,5.0,0,0,5.0,3.0,2.0,44.65119208614455,5.0,0.019933555277792194,0,,0,0,STRONG SELL,4.491525423728814,0,3,4
KTWO,2026-08-11,,,,0,0,,,4.0,64.97500367827368,1.0,0.9047642835409467,1,2.0,0,0,,,1,0,1
KZIA,2026-08-11,,,2.0,0,0,1.0,,4.0,57.22053887614892,1.0,0.8283581989967738,0,,0,0,STRONG BUY,1.2045454545454548,3,0,3
LAMR,2026-08-11,4.0,0.4027645376549094,2.0,0,0,2.0,1.0,2.0,40.92816869791172,1.0,0.8084170625394099,0,,0,0,BUY,2.1999999999999997,4,1,5
LBGJ,2026-08-11,5.0,0.1644925230671333,5.0,0,0,5.0,,2.0,31.519335241173877,5.0,0.0,0,,0,0,STRONG SELL,5.0,0,4,4
LBRDA,2026-08-11,1.0,0.9494756911344138,3.0,0,0,5.0,4.0,4.0,65.91118730163362,4.0,0.22806531864152219,0,,0,0,HOLD,3.1529411764705886,1,3,5
LBRDK,2026-08-11,1.0,0.9499523355576741,3.0,0,0,5.0,4.0,4.0,65.83613878262597,4.0,0.22598399864254326,0,,0,0,HOLD,3.1529411764705886,1,3,5
LBTYA,2026-08-11,,,5.0,0,0,4.0,3.0,2.0,41.843428307673086,5.0,0.14970059196332408,0,,0,0,SELL,4.237288135593221,0,3,4
LBTYB,2026-08-11,,,5.0,0,1,4.0,3.0,3.0,53.294414281057925,4.0,0.31660230285945173,0,,0,0,SELL,3.8983050847457625,0,3,4
LBTYK,2026-08-11,,,5.0,0,0,4.0,3.0,2.0,42.11959219811695,5.0,0.12662318159383754,0,,0,0,SELL,4.237288135593221,0,3,4
LEGN,2026-08-11,,,4.0,0,0,3.0,,3.0,46.83119112799422,4.0,0.24596393335872238,0,,0,0,SELL,3.659090909090909,0,2,3
LFS,2026-08-11,1.0,0.981228125994273,3.0,0,0,3.0,,3.0,49.70828869700218,5.0,0.06088751673405026,0,,0,0,HOLD,2.8285714285714287,1,1,4
LGCL,2026-08-11,1.0,0.9398663697104678,5.0,0,0,5.0,,3.0,51.53083924962908,5.0,0.026970953207465405,0,,0,0,SELL,3.5142857142857147,1,3,4
LGN,2026-08-11,,,3.0,0,0,2.0,3.0,2.0,44.6259339506142,3.0,0.4858718567162848,0,,0,0,HOLD,2.745762711864407,1,0,4
LHSW,2026-08-11,5.0,0.08463251670378619,4.0,0,0,4.0,,4.0,56.2971453563829,5.0,0.036670414943015144,0,,0,0,STRONG SELL,4.6571428571428575,0,4,4
LI,2026-08-11,1.0,0.9401845370664969,5.0,0,0,5.0,,3.0,46.58588039935966,5.0,0.0628762866947704,0,,0,0,SELL,3.5142857142857147,1,3,4
LICN,2026-08-11,,,5.0,0,0,5.0,,3.0,50.05189311444807,5.0,0.06290116306717233,0,,0,0,STRONG SELL,5.0,0,3,3
LIDR,2026-08-11,3.0,0.4486101804034958,5.0,0,0,5.0,3.0,3.0,54.782093494832864,5.0,0.13304724126160064,0,,0,0,SELL,4.03529411764706,0,3,5
LIFE,2026-08-11,1.0,0.9117330328761559,,0,0,1.0,3.0,5.0,86.25158025412318,1.0,1.0,0,,0,0,STRONG BUY,1.3947368421052633,3,0,4
LILA,2026-08-11,,,1.0,0,0,1.0,2.0,4.0,67.5241715580787,1.0,0.9679270294333002,0,,0,0,STRONG BUY,1.254237288135593,4,0,4
LILAK,2026-08-11,,,1.0,0,0,1.0,2.0,4.0,67.79669571581404,1.0,0.9766773330328167,0,,0,0,STRONG BUY,1.254237288135593,4,0,4
LITB,2026-08-11,,,3.0,0,0,1.0,,3.0,46.532350163238675,2.0,0.7105263193275413,0,,0,0,BUY,1.863636363636364,2,0,3
LKFT,2026-08-11,,,4.0,0,0,4.0,,4.0,56.247767115541095,4.0,0.22963603520694817,0,,0,0,SELL,4.0,0,3,3
LNKS,2026-08-11,,,5.0,0,0,5.0,,2.0,38.698274401234634,5.0,0.0004554627557601874,0,,0,0,STRONG SELL,5.0,0,3,3
LPBB,2026-08-11,,,1.0,0,0,3.0,4.0,4.0,68.88219372060443,1.0,0.9873438809040361,0,,0,0,BUY,2.2711864406779663,2,1,4
LPCV,2026-08-11,,,,0,0,3.0,,5.0,83.95974085401159,1.0,1.0,0,,0,0,,,1,0,2
LPTH,2026-08-11,5.0,0.1338596920666866,3.0,0,0,1.0,4.0,4.0,55.56666918892512,2.0,0.6567164432592313,1,1.0,0,0,HOLD,2.9000000000000004,2,2,5
LRE,2026-08-11,,,3.0,0,0,3.0,,3.0,49.90813130865765,5.0,0.1542056756765489,0,,0,0,SELL,3.9090909090909096,0,1,3
LSE,2026-08-11,3.0,0.5545657015590201,2.0,0,0,3.0,,3.0,54.88108061298166,2.0,0.6052630989269461,0,,0,0,HOLD,2.585714285714286,2,0,4
LTM,2026-08-11,,,3.0,0,0,3.0,,3.0,46.641788656961296,3.0,0.4302593974430606,0,,0,0,HOLD,3.0000000000000004,0,0,3
LU,2026-08-11,,,3.0,0,0,5.0,,4.0,56.03303846976157,5.0,0.10094634875116802,0,,0,0,STRONG SELL,4.590909090909092,0,2,3
LUNR,2026-08-11,,,4.0,0,0,3.0,4.0,3.0,53.07378840940767,4.0,0.223904361842825,0,,0,0,SELL,3.745762711864407,0,3,4
LUXE,2026-08-11,,,4.0,0,0,4.0,,2.0,42.49837926231065,4.0,0.23287668011608698,0,,0,0,SELL,4.0,0,3,3
LWAC,2026-08-11,,,1.0,0,0,3.0,,4.0,62.99191407436779,1.0,0.9714279486215334,0,,0,0,STRONG BUY,1.6818181818181817,2,0,3
LX,2026-08-11,,,5.0,0,0,5.0,,2.0,36.32183679098571,5.0,0.006298507477628683,0,,0,0,STRONG SELL,5.0,0,3,3
LXEH,2026-08-11,2.0,0.6551065860642699,3.0,0,0,5.0,,5.0,70.62150678677475,5.0,0.029002980574430366,0,,0,0,SELL,3.628571428571429,1,2,4
LYFT,2026-08-11,1.0,0.9936071412830988,2.0,0,0,2.0,4.0,4.0,68.22898172259018,3.0,0.41023500551162945,1,1.0,0,0,BUY,1.9823529411764709,3,1,5
LYG,2026-08-11,,,1.0,0,0,2.0,,4.0,55.45470611055251,1.0,0.9539329529478956,0,,0,0,STRONG BUY,1.340909090909091,3,0,3
LZMH,2026-08-11,,,5.0,0,0,5.0,,2.0,44.24336943066011,5.0,0.001807815259240311,0,,0,0,STRONG SELL,5.0,0,3,3
MAAS,2026-08-11,5.0,0.09417753738466433,1.0,0,0,1.0,,4.0,61.670396580217364,1.0,0.9809575416849529,0,,0,0,BUY,2.4857142857142858,3,1,4
MACI,2026-08-11,,,1.0,0,0,3.0,4.0,3.0,51.323759572026404,1.0,0.8661573107466197,0,,0,0,BUY,2.2711864406779663,2,1,4
MAR,2026-08-11,4.0,0.3773140231883641,3.0,0,0,3.0,1.0,2.0,38.80186495499874,2.0,0.6387032129324548,0,,0,0,HOLD,2.7176470588235295,2,1,5
MASK,2026-08-11,,,5.0,0,0,5.0,,3.0,47.58996287184988,5.0,0.015911872127565594,0,,0,0,STRONG SELL,5.0,0,3,3
MATW,2026-08-11,,,3.0,0,0,4.0,2.0,2.0,32.66197484198281,4.0,0.31253806843771686,0,,0,0,HOLD,3.3389830508474576,1,2,4
MBLY,2026-08-11,1.0,0.9276036133676019,5.0,0,0,4.0,3.0,3.0,52.85153038388227,4.0,0.25723830043130397,0,,0,0,HOLD,3.011764705882354,1,3,5
MBVI,2026-08-11,,,1.0,0,0,3.0,,4.0,67.52981493985192,1.0,1.0,0,,0,0,STRONG BUY,1.6818181818181817,2,0,3
MCGA,2026-08-11,,,1.0,0,0,3.0,,5.0,70.18808584662004,5.0,0.13846112087608975,0,,0,0,SELL,3.5000000000000004,1,1,3
MCHB,2026-08-11,2.0,0.6652570582521996,1.0,0,0,2.0,2.0,4.0,65.56964593393673,1.0,1.0,0,,0,0,STRONG BUY,1.6588235294117648,5,0,5
MCHX,2026-08-11,,,1.0,1,0,3.0,4.0,3.0,48.3419202407671,3.0,0.5797101624546335,0,,0,0,HOLD,2.9491525423728815,1,1,4
MDAI,2026-08-11,3.0,0.48441926345609065,4.0,0,0,3.0,4.0,3.0,52.687448583488425,4.0,0.3445945837098897,0,,0,0,SELL,3.51764705882353,0,3,5
MDB,2026-08-11,5.0,0.13117320753008874,2.0,0,0,1.0,3.0,5.0,76.56046853998883,1.0,0.9939899732690987,0,,0,0,HOLD,2.6823529411764704,3,1,5
MDBH,2026-08-11,,,4.0,0,0,4.0,,3.0,46.74626228605938,5.0,0.17341971359885086,0,,0,0,STRONG SELL,4.454545454545455,0,3,3
MDLN,2026-08-11,,,,0,0,5.0,1.0,2.0,40.82420841548984,5.0,0.11011916385484172,0,,0,0,SELL,3.8,1,2,3
MDLZ,2026-08-11,4.0,0.31029551954242135,1.0,0,0,3.0,3.0,3.0,51.6767061522055,2.0,0.7762543782889515,0,,0,0,HOLD,2.8588235294117643,2,1,5
MEGL,2026-08-11,1.0,0.9605472478523702,3.0,0,0,3.0,,3.0,51.73749684131714,4.0,0.35106385407160573,0,,0,0,HOLD,2.542857142857143,1,1,4
MESH,2026-08-11,,,,0,0,3.0,,4.0,65.31147688809861,1.0,1.0,0,,0,0,,,1,0,2
MESO,2026-08-11,,,2.0,0,0,3.0,,4.0,63.48623183757475,3.0,0.5000000590145073,0,,0,0,HOLD,2.795454545454546,1,0,3
META,2026-08-11,4.0,0.4223069590085796,3.0,0,0,4.0,4.0,3.0,49.93480845044311,4.0,0.2818107408973158,0,,0,0,SELL,3.894117647058824,0,4,5
METC,2026-08-11,2.0,0.713967546929685,5.0,0,0,5.0,4.0,2.0,43.122294889406284,5.0,0.02869661403206109,0,,0,0,SELL,3.905882352941177,1,4,5
METCB,2026-08-11,1.0,0.862869869551384,5.0,0,0,5.0,4.0,2.0,34.166877147550736,5.0,0.007613825944932806,0,,0,0,SELL,3.5999999999999996,1,4,5
MEVO,2026-08-11,,,,0,0,,,5.0,90.39699442337515,1.0,1.0,0,,0,0,,,1,0,1
MF,2026-08-11,5.0,0.22112631244034361,3.0,0,0,5.0,,4.0,62.666265999365045,5.0,0.07350065969570467,0,,0,0,STRONG SELL,4.742857142857143,0,3,4
MFI,2026-08-11,1.0,0.9726376073814827,5.0,0,0,5.0,,2.0,39.31641866486943,5.0,0.03549160774020841,0,,0,0,SELL,3.5142857142857147,1,3,4
MIMI,2026-08-11,5.0,0.1533566656061088,5.0,0,0,5.0,,3.0,46.335167568510506,5.0,0.003682024035620285,0,,0,0,STRONG SELL,5.0,0,4,4
MKLY,2026-08-11,,,1.0,0,0,3.0,,4.0,62.9406243982563,1.0,0.9736860597603763,0,,0,0,STRONG BUY,1.6818181818181817,2,0,3
MKTW,2026-08-11,1.0,0.8560836894055103,1.0,0,0,2.0,3.0,2.0,42.22431773034986,2.0,0.7156864793265,1,1.0,0,0,STRONG BUY,1.464705882352941,4,0,5
MLAA,2026-08-11,,,,0,0,,,4.0,60.136533835855815,3.0,0.5,0,,0,0,,,0,0,1
MLCO,2026-08-11,,,3.0,0,0,4.0,,3.0,51.3862277274808,5.0,0.07661292570934815,0,,0,0,STRONG SELL,4.250000000000001,0,2,3
MLTX,2026-08-11,3.0,0.5160674514794782,3.0,0,0,4.0,5.0,2.0,37.772505258069884,5.0,0.1855771806315553,0,,0,0,SELL,4.0,0,3,5
MMTX,2026-08-11,,,,0,0,3.0,,3.0,53.529506022872916,1.0,0.8888896738074634,0,,0,0,,,1,0,2
MNDR,2026-08-11,,,5.0,0,0,5.0,,2.0,33.7853624717829,5.0,0.010349650275964331,0,,0,0,STRONG SELL,5.0,0,3,3
MNSO,2026-08-11,,,4.0,0,0,5.0,,2.0,42.554104327546035,5.0,0.050321754136090774,0,,0,0,STRONG SELL,4.795454545454546,0,3,3
MNTS,2026-08-11,2.0,0.6058045583238909,5.0,0,0,5.0,3.0,2.0,44.284907144014696,5.0,0.051170534272112,0,,0,0,SELL,3.7294117647058824,1,3,5
MOBX,2026-08-11,4.0,0.3418239372902039,5.0,0,0,5.0,2.0,2.0,34.13482791966709,5.0,0.009398486974234392,0,,0,0,SELL,4.1647058823529415,1,4,5
MOGU,2026-08-11,,,5.0,0,0,4.0,,3.0,48.85786012022487,5.0,0.10557185273576408,0,,0,0,STRONG SELL,4.659090909090909,0,3,3
MOMO,2026-08-11,,,3.0,0,0,4.0,,3.0,45.80979882199209,5.0,0.1573157607443206,0,,0,0,STRONG SELL,4.250000000000001,0,2,3
MQ,2026-08-11,,,4.0,0,0,4.0,3.0,2.0,38.955682190969135,5.0,0.04835763970132243,1,1.0,0,0,SELL,3.7847457627118644,0,3,4
MRM,2026-08-11,1.0,0.9802736239261852,4.0,0,0,5.0,,4.0,59.19844456653516,5.0,0.07804876148239828,0,,0,0,HOLD,3.3857142857142852,1,3,4
MRVI,2026-08-11,,,2.0,0,0,1.0,5.0,2.0,36.316818540032095,2.0,0.7239382479290032,0,,0,0,HOLD,2.5084745762711864,3,1,4
MSC,2026-08-11,,,5.0,0,0,5.0,,2.0,42.87646888035255,5.0,0.0175953250384415,0,,0,0,STRONG SELL,5.0,0,3,3
MSGM,2026-08-11,1.0,0.9785510009532888,1.0,0,0,2.0,2.0,3.0,51.57438046799643,2.0,0.7188498139725774,0,,0,0,STRONG BUY,1.5882352941176472,5,0,5
MSGY,2026-08-11,5.0,0.17371937639198218,5.0,0,0,5.0,,4.0,58.65359505097869,5.0,0.007952184092789069,0,,0,0,STRONG SELL,5.0,0,4,4
MSS,2026-08-11,3.0,0.5333651096282174,5.0,0,0,5.0,1.0,2.0,31.665051541816155,5.0,0.002491573739504944,0,,0,0,SELL,3.6823529411764704,1,3,5
MSTR,2026-08-11,,,5.0,0,0,5.0,4.0,3.0,46.15461807021323,5.0,0.043341506804688464,1,1.0,0,0,STRONG SELL,4.445762711864407,0,4,4
MTEN,2026-08-11,1.0,0.9306395163856188,5.0,0,0,5.0,,4.0,57.31012699842549,5.0,0.00016381257243294365,0,,0,0,SELL,3.5142857142857147,1,3,4
MTLS,2026-08-11,,,2.0,0,0,2.0,,4.0,59.048535534143014,2.0,0.787072235762828,0,,0,0,BUY,2.0,3,0,3
MWC,2026-08-11,1.0,0.9853643016226535,,0,0,,,2.0,33.9095800960131,,,0,,0,0,,,1,0,1
MWH,2026-08-11,,,,0,0,,,3.0,53.6519115378704,4.0,0.2802269803165949,0,,0,0,,,0,1,1
MYX,2026-08-11,,,,0,0,,,5.0,74.9532996764931,,,0,,0,0,,,0,0,0
NA,2026-08-11,1.0,0.9525930639516387,5.0,0,0,5.0,,3.0,47.80357248608701,5.0,0.04994451012789397,0,,0,0,SELL,3.5142857142857147,1,3,4
NAAS,2026-08-11,,,1.0,0,0,2.0,,3.0,54.46831784557539,3.0,0.5749999826153109,0,,0,0,BUY,2.2500000000000004,2,0,3
NAMI,2026-08-11,5.0,0.01845370664969774,5.0,0,0,5.0,,3.0,45.212121341857724,5.0,0.019816617539464128,0,,0,0,STRONG SELL,5.0,0,4,4
NAVN,2026-08-11,2.0,0.6775598925244347,,0,0,1.0,3.0,4.0,64.68247890503403,1.0,0.9927078453691949,1,1.0,0,0,STRONG BUY,1.4368421052631577,3,0,4
NBIS,2026-08-11,5.0,0.10817690104995227,3.0,0,0,1.0,,3.0,47.54944824951332,3.0,0.5802003114402191,0,,1,0,HOLD,3.314285714285715,1,1,4
NBP,2026-08-11,3.0,0.5007954183900731,3.0,0,0,5.0,,4.0,57.59343438477628,5.0,0.07269155422544946,0,,0,0,SELL,4.000000000000001,0,2,4
NCI,2026-08-11,4.0,0.3137130130448616,3.0,0,0,5.0,,3.0,51.02437054101477,5.0,0.08525986745737016,0,,0,0,STRONG SELL,4.371428571428572,0,3,4
NCNA,2026-08-11,,,5.0,0,0,5.0,,3.0,52.760601711389135,5.0,0.0395869227777398,0,,0,0,STRONG SELL,5.0,0,3,3
NCT,2026-08-11,4.0,0.3038498250079542,3.0,0,0,5.0,,4.0,63.98929483881102,5.0,0.027115409329817996,0,,0,0,STRONG SELL,4.371428571428572,0,3,4
NDLS,2026-08-11,1.0,0.9506272764063133,1.0,0,0,1.0,3.0,3.0,51.48678021998418,2.0,0.7934782091098633,0,,0,0,STRONG BUY,1.5882352941176472,4,0,5
NGG,2026-08-11,,,5.0,0,1,3.0,,3.0,45.512299920645795,3.0,0.5707396101947804,0,,0,0,HOLD,3.4090909090909096,0,1,3
NHIC,2026-08-11,,,3.0,0,0,3.0,3.0,2.0,38.794776168658636,4.0,0.367187785217598,0,,0,0,HOLD,3.3389830508474576,0,1,4
NHP,2026-08-11,1.0,0.8113938578031296,,0,0,,3.0,4.0,57.706090738523294,1.0,0.8582148235203152,0,,0,0,STRONG BUY,1.4918032786885245,2,0,3
NICE,2026-08-11,2.0,0.6016544702513522,3.0,0,0,4.0,,3.0,54.820906596196075,4.0,0.26134578002444575,0,,0,0,HOLD,3.1285714285714286,1,2,4
NICM,2026-08-11,,,,0,0,,,4.0,58.980290714440066,4.0,0.27598570718809073,0,,0,0,,,0,1,1
NIO,2026-08-11,4.0,0.4148902322621699,5.0,0,0,4.0,,2.0,42.18404035949039,5.0,0.052173866171013994,0,,0,0,STRONG SELL,4.414285714285715,0,4,4
NIPG,2026-08-11,2.0,0.6516067451479478,5.0,0,0,5.0,,3.0,47.156123445496,5.0,0.06691325166841906,0,,0,0,SELL,3.8857142857142857,1,3,4
NIU,2026-08-11,,,4.0,0,0,5.0,,1.0,29.821100748965705,5.0,0.013850402706163226,0,,0,0,STRONG SELL,4.795454545454546,0,3,3
NMP,2026-08-11,,,1.0,0,0,3.0,4.0,5.0,86.46938677755705,1.0,1.0,0,,0,0,BUY,2.2711864406779663,2,1,4
NMR,2026-08-11,1.0,0.986000636334712,1.0,0,0,2.0,,4.0,56.535351232072735,1.0,0.9214500805509068,1,3.0,0,0,STRONG BUY,1.0,4,0,4
NMRK,2026-08-11,3.0,0.5081029551954243,4.0,0,0,4.0,1.0,3.0,45.66576990164698,5.0,0.1756300894207223,0,,0,0,HOLD,3.4,1,3,5
NNDM,2026-08-11,2.0,0.6671097197498943,3.0,0,0,3.0,4.0,4.0,67.78151725452878,3.0,0.4725273703193001,0,,0,0,HOLD,2.8705882352941177,1,1,5
NNNN,2026-08-11,,,5.0,0,0,5.0,,2.0,42.9187334560294,5.0,0.02861797432068731,0,,0,0,STRONG SELL,5.0,0,3,3
NOAH,2026-08-11,1.0,0.9500477251034044,5.0,0,0,4.0,,3.0,47.38560410137546,5.0,0.13131858943616787,0,,0,0,HOLD,3.3,1,3,4
NOK,2026-08-11,,,3.0,0,0,1.0,,2.0,41.041360320923765,3.0,0.418823488316873,0,,0,0,BUY,2.3181818181818183,1,0,3
NOMA,2026-08-11,,,,0,0,5.0,3.0,2.0,41.68708805860618,5.0,0.0,1,1.0,0,0,SELL,4.1000000000000005,0,2,3
NRDS,2026-08-11,2.0,0.6626856032380641,3.0,0,0,3.0,1.0,4.0,59.13056895910202,4.0,0.26347301901295284,0,,0,0,HOLD,2.5764705882352943,2,1,5
NTCL,2026-08-11,1.0,0.9866369710467707,5.0,0,0,5.0,,2.0,37.40078332969551,5.0,0.00223862866091436,0,,0,0,SELL,3.5142857142857147,1,3,4
NTES,2026-08-11,3.0,0.44002545338848237,2.0,0,0,3.0,,3.0,49.06040619251988,3.0,0.40499909648701,0,,0,0,HOLD,2.871428571428572,1,0,4
NTNX,2026-08-11,5.0,0.24693491168040665,1.0,0,0,2.0,2.0,5.0,74.40618188156562,2.0,0.6403339325834989,0,,0,0,HOLD,2.8117647058823527,4,1,5
NTSK,2026-08-11,,,2.0,0,0,1.0,2.0,4.0,68.56578416149638,3.0,0.4241417466237964,0,,0,0,BUY,2.0847457627118646,3,0,4
NWG,2026-08-11,,,1.0,0,0,2.0,,4.0,60.32999479780078,1.0,0.9418317887488844,0,,0,0,STRONG BUY,1.340909090909091,3,0,3
NWS,2026-08-11,4.0,0.32507149666348906,1.0,0,0,3.0,3.0,4.0,56.73124040193859,2.0,0.7586864670518368,0,,0,0,HOLD,2.8588235294117643,2,1,5
NWSA,2026-08-11,4.0,0.3851286939942803,1.0,0,0,3.0,3.0,4.0,56.231372354547105,2.0,0.7357636651791689,0,,0,0,HOLD,2.8588235294117643,2,1,5
NXT,2026-08-11,3.0,0.497111947944333,4.0,0,0,3.0,3.0,3.0,51.16507907883051,3.0,0.4978557570681678,0,,0,0,HOLD,3.1058823529411765,0,1,5
OBA,2026-08-11,,,1.0,0,0,3.0,,5.0,79.15964347422297,1.0,1.0,0,,0,0,STRONG BUY,1.6818181818181817,2,0,3
OCTV,2026-08-11,,,,0,0,,,4.0,64.34093025107849,,,0,,0,0,,,0,0,0
ODD,2026-08-11,,,4.0,0,0,5.0,,2.0,36.896428105707116,5.0,0.04956374843682476,0,,0,0,STRONG SELL,4.795454545454546,0,3,3
OKTA,2026-08-11,5.0,0.06434699714013346,1.0,0,0,1.0,1.0,4.0,62.376800476038255,1.0,0.9532119802719107,0,,0,0,BUY,2.223529411764706,4,1,5
OKUR,2026-08-11,1.0,0.9735921094495704,3.0,0,0,1.0,5.0,3.0,47.72416765450204,2.0,0.6391437812778565,0,,0,0,BUY,2.1529411764705886,3,1,5
OMAB,2026-08-11,,,3.0,0,0,4.0,,3.0,51.67608936416123,4.0,0.3939403725148868,0,,0,0,SELL,3.795454545454546,0,2,3
ONC,2026-08-11,5.0,0.0283718187750455,2.0,0,0,3.0,1.0,5.0,76.89796669930739,1.0,0.844709809629701,0,,0,0,HOLD,2.682352941176471,3,1,5
ONCH,2026-08-11,,,1.0,0,0,3.0,3.0,3.0,53.37510197545783,3.0,0.46874925494122976,0,,0,0,HOLD,2.6949152542372885,1,0,4
ONEW,2026-08-11,1.0,0.9859442552670346,1.0,1,0,4.0,3.0,4.0,56.18467202776878,3.0,0.48627881253607685,1,1.0,0,0,BUY,2.0529411764705885,2,1,5
OPAL,2026-08-11,4.0,0.40195217843417086,2.0,0,0,3.0,3.0,4.0,56.32990573843199,2.0,0.6749999523162842,0,,0,0,HOLD,2.9647058823529413,2,1,5
OPRA,2026-08-11,,,1.0,0,0,2.0,,4.0,57.27660453254618,1.0,0.9474837700308504,0,,0,0,STRONG BUY,1.340909090909091,3,0,3
OPTX,2026-08-11,5.0,0.14750546756134322,3.0,0,0,1.0,2.0,4.0,55.56574020802806,3.0,0.5925349991438437,0,,0,0,HOLD,3.0823529411764707,2,1,5
ORGO,2026-08-11,2.0,0.7358405335188677,5.0,0,0,5.0,4.0,1.0,29.065431564441084,5.0,0.006410250368803744,1,2.0,0,0,SELL,3.605882352941177,1,4,5
ORKT,2026-08-11,1.0,0.8714603881641744,4.0,1,0,5.0,,3.0,47.913980455200054,5.0,0.13935430069085367,0,,0,0,HOLD,3.3857142857142852,1,3,4
OTGA,2026-08-11,,,,0,0,3.0,,5.0,71.2088086732271,1.0,1.0,0,,0,0,,,1,0,2
OTLY,2026-08-11,,,2.0,0,0,4.0,,4.0,55.30114700396403,3.0,0.47621308765863,0,,0,0,HOLD,3.136363636363637,1,1,3
OWLS,2026-08-11,,,5.0,0,0,3.0,,3.0,47.28945339350647,5.0,0.004074330266491181,0,,0,0,STRONG SELL,4.318181818181818,0,2,3
PACH,2026-08-11,,,1.0,0,0,3.0,4.0,4.0,59.77557614957375,1.0,0.9857139743107667,0,,0,0,BUY,2.2711864406779663,2,1,4
PAGP,2026-08-11,,,1.0,0,0,2.0,1.0,3.0,49.111479998538655,1.0,0.8859588667720552,0,,0,0,STRONG BUY,1.2542372881355932,4,0,4
PAHC,2026-08-11,4.0,0.37178265014299333,3.0,0,0,4.0,2.0,3.0,46.02308892735072,5.0,0.18901224980696182,0,,0,0,SELL,3.776470588235294,1,3,5
PALO,2026-08-11,,,,0,0,,,3.0,52.95443472354711,1.0,0.8000038147190937,1,2.0,0,0,,,1,0,1
PARA,2026-08-11,,,5.0,0,0,5.0,4.0,2.0,35.12168392577897,5.0,0.0005041603358392832,0,,0,0,STRONG SELL,4.745762711864407,0,4,4
PAVS,2026-08-11,4.0,0.3242125357938275,5.0,0,0,5.0,,2.0,35.63443950007719,5.0,2.288076675305949e-05,0,,0,0,STRONG SELL,4.628571428571429,0,4,4
PAX,2026-08-11,,,4.0,0,0,4.0,,3.0,54.759961426532996,5.0,0.10516393315205563,0,,0,0,STRONG SELL,4.454545454545455,0,3,3
PCAP,2026-08-11,,,1.0,0,0,3.0,,4.0,67.58520880133977,2.0,0.6562507450587702,0,,0,0,BUY,2.1363636363636367,2,0,3
PCLA,2026-08-11,1.0,0.9850461342666242,2.0,0,0,3.0,,4.0,55.81280482386772,4.0,0.3661311794742745,0,,0,0,BUY,2.414285714285714,2,1,4
PDC,2026-08-11,1.0,0.8864142538975501,5.0,0,1,5.0,,2.0,37.67682959978329,5.0,0.17075098122912566,0,,0,0,SELL,3.5142857142857147,1,3,4
PDD,2026-08-11,2.0,0.6961501749920458,3.0,0,0,4.0,,4.0,59.19528218031587,4.0,0.2653092158328938,0,,0,0,HOLD,3.1285714285714286,1,2,4
PFAI,2026-08-11,,,4.0,0,0,1.0,,3.0,46.14029139458166,3.0,0.4574131984380651,0,,0,0,HOLD,2.5227272727272734,1,1,3
PGY,2026-08-11,3.0,0.47616777883698763,2.0,0,0,3.0,1.0,4.0,64.27140576455355,4.0,0.31835996658776117,0,,0,0,HOLD,2.7764705882352945,2,1,5
PHOS,2026-08-11,,,,0,0,,,,,,,0,,0,0,,,0,0,0
PICS,2026-08-11,,,,0,0,5.0,,2.0,40.15087293424136,5.0,0.19157470373682492,1,3.0,0,0,,,0,2,2
PIII,2026-08-11,,,2.0,0,0,1.0,4.0,4.0,62.40724933472783,2.0,0.7257525343896091,0,,0,0,BUY,2.254237288135593,3,1,4
PKX,2026-08-11,,,4.0,0,1,4.0,,4.0,56.80664961081137,4.0,0.2573513162588718,0,,0,0,SELL,4.0,0,3,3
PLBL,2026-08-11,,,5.0,0,0,5.0,,2.0,41.721182604080916,5.0,0.11144575090327968,0,,0,0,STRONG SELL,5.0,0,3,3
PLMK,2026-08-11,,,3.0,0,0,3.0,3.0,3.0,46.179705145535586,4.0,0.30087321405920003,0,,0,0,HOLD,3.3389830508474576,0,1,4
PLTR,2026-08-11,5.0,0.038022832941625846,2.0,0,0,3.0,1.0,5.0,73.6248225786829,2.0,0.6773096635514004,0,,1,1,HOLD,2.91764705882353,3,1,5
PMAX,2026-08-11,,,5.0,0,0,5.0,,3.0,45.56645834133394,5.0,0.003336113557768268,0,,0,0,STRONG SELL,5.0,0,3,3
PMTR,2026-08-11,,,3.0,0,0,3.0,,3.0,46.214149271312515,3.0,0.5454533632150923,0,,0,0,HOLD,3.0000000000000004,0,0,3
PN,2026-08-11,,,4.0,0,0,5.0,,2.0,42.79959665187496,5.0,0.020302054097443324,0,,0,0,STRONG SELL,4.795454545454546,0,3,3
POLE,2026-08-11,,,1.0,0,0,3.0,4.0,4.0,63.74133216373272,1.0,1.0,0,,0,0,BUY,2.2711864406779663,2,1,4
POM,2026-08-11,,,5.0,0,0,5.0,,3.0,48.97406754224001,5.0,0.004309158863312511,0,,0,0,STRONG SELL,5.0,0,3,3
PONY,2026-08-11,,,4.0,0,0,5.0,,4.0,65.04664188251012,5.0,0.10812359226646491,0,,0,0,STRONG SELL,4.795454545454546,0,3,3
PPBT,2026-08-11,,,5.0,0,0,5.0,,3.0,49.044902239231945,5.0,0.010105645658228265,0,,0,0,STRONG SELL,5.0,0,3,3
PRE,2026-08-11,,,3.0,0,0,2.0,,3.0,50.86700183524647,2.0,0.7892617805343162,0,,0,0,BUY,2.2045454545454546,2,0,3
PROK,2026-08-11,,,5.0,0,0,5.0,5.0,3.0,47.150951409860056,5.0,0.061111120677288924,0,,0,0,STRONG SELL,5.0,0,4,4
PSKY,2026-08-11,1.0,0.9900376178109951,5.0,0,0,4.0,4.0,4.0,59.09479734347712,5.0,0.13476152413716241,0,,0,0,HOLD,3.423529411764706,1,4,5
PSNY,2026-08-11,,,5.0,0,1,5.0,,2.0,36.90089860949242,5.0,0.06050190220172563,0,,0,0,STRONG SELL,5.0,0,3,3
PSNYW,2026-08-11,,,3.0,0,0,4.0,,3.0,53.0306179197984,5.0,0.08450702711883679,0,,0,0,STRONG SELL,4.250000000000001,0,2,3
PTLE,2026-08-11,5.0,0.09195036589245943,3.0,0,0,4.0,,2.0,42.39949801402671,4.0,0.24439584013404209,0,,0,0,SELL,4.242857142857144,0,3,4
PTLO,2026-08-11,1.0,0.8794372680008237,3.0,0,0,5.0,3.0,3.0,48.84334657245854,5.0,0.16451241967590535,1,1.0,0,0,HOLD,2.9117647058823533,1,2,5
PTOR,2026-08-11,,,,0,0,,,3.0,52.28074826811828,2.0,0.6923082566115247,0,,0,0,,,1,0,1
PUBM,2026-08-11,,,1.0,0,0,1.0,3.0,5.0,79.99955131286816,1.0,0.9886955597630559,0,,0,0,STRONG BUY,1.5084745762711864,3,0,4
PWP,2026-08-11,5.0,0.24928503336510963,3.0,0,0,4.0,2.0,4.0,59.316350318925245,4.0,0.32269279670615236,0,,0,0,SELL,3.847058823529412,1,3,5
QFIN,2026-08-11,1.0,0.9665924276169265,5.0,0,0,5.0,,2.0,38.048706335894494,5.0,0.05643412261785612,1,1.0,0,0,HOLD,3.214285714285715,1,3,4
QH,2026-08-11,1.0,0.9602290804963409,3.0,0,0,3.0,,3.0,48.8949577392853,3.0,0.4456252217652003,0,,0,0,BUY,2.2571428571428576,1,0,4
QNRX,2026-08-11,5.0,0.021953547566019728,4.0,0,0,5.0,4.0,5.0,70.66915669319299,5.0,0.11023621988116167,0,,0,0,STRONG SELL,4.7176470588235295,0,5,5
QNT,2026-08-11,,,,0,0,,,2.0,43.54920856842303,,,0,,0,0,,,0,0,0
QNTM,2026-08-11,,,5.0,0,0,5.0,,4.0,57.436825552209335,5.0,0.060016557459577444,0,,0,0,STRONG SELL,5.0,0,3,3
RACC,2026-08-11,,,,0,0,,,5.0,90.24834064420313,,,0,,0,0,,,0,0,0
RACD,2026-08-11,,,,0,0,,,5.0,73.63456511614362,,,0,,0,0,,,0,0,0
RADX,2026-08-11,,,5.0,0,0,5.0,,1.0,24.774159389098543,5.0,0.010191072897861149,0,,0,0,STRONG SELL,5.0,0,3,3
RAIN,2026-08-11,,,5.0,0,0,5.0,5.0,2.0,36.650483430970766,5.0,0.0,0,,0,0,STRONG SELL,5.0,0,4,4
RAYA,2026-08-11,,,5.0,0,0,5.0,,2.0,42.61359256178212,5.0,0.001687544595355088,0,,0,0,STRONG SELL,5.0,0,3,3
RBCAA,2026-08-11,,,1.0,0,0,1.0,1.0,4.0,63.76842926637991,1.0,0.9574683562094147,1,1.0,0,0,STRONG BUY,1.0,4,0,4
RDAG,2026-08-11,,,1.0,0,0,3.0,,4.0,60.652143595810585,1.0,0.9317883794673724,0,,0,0,STRONG BUY,1.6818181818181817,2,0,3
RDI,2026-08-11,,,1.0,0,0,2.0,3.0,3.0,54.62227081243833,2.0,0.7796610374965728,0,,0,0,BUY,2.1016949152542375,3,0,4
RDNW,2026-08-11,,,3.0,0,0,1.0,3.0,3.0,49.517111577472974,2.0,0.7204472945662199,0,,0,0,BUY,2.152542372881356,2,0,4
RELX,2026-08-11,,,3.0,0,0,3.0,,3.0,54.622355672522495,3.0,0.4110776643167673,0,,0,0,HOLD,3.0000000000000004,0,0,3
RENT,2026-08-11,1.0,0.9932077970699071,3.0,0,0,5.0,2.0,4.0,56.5699536966099,5.0,0.09874609398078697,0,,0,0,HOLD,3.0352941176470583,2,2,5
RERE,2026-08-11,1.0,0.9840916321985365,3.0,0,0,4.0,,4.0,60.065303240797256,4.0,0.3260159590897726,0,,0,0,HOLD,2.7571428571428576,1,2,4
RETO,2026-08-11,1.0,0.9704104358892779,4.0,0,0,5.0,,1.0,21.180611804517994,5.0,0.0,0,,0,0,HOLD,3.3857142857142852,1,3,4
RIVN,2026-08-11,4.0,0.34200668115191274,3.0,0,0,2.0,3.0,3.0,50.05259090347922,3.0,0.4211026722823456,1,1.0,0,0,HOLD,2.829411764705883,1,1,5
RMCO,2026-08-11,4.0,0.273874621238735,3.0,0,0,3.0,4.0,5.0,74.9517376507643,3.0,0.5439229825623275,0,,0,0,HOLD,3.4823529411764707,0,2,5
RMIX,2026-08-11,,,,0,0,,,3.0,53.76367172461379,2.0,0.6168876622227972,0,,0,0,,,1,0,1
RMR,2026-08-11,2.0,0.6397799118206693,3.0,0,0,2.0,3.0,3.0,51.703515879402545,1.0,0.849259753163641,0,,0,0,BUY,2.0470588235294116,3,0,5
RNW,2026-08-11,,,2.0,0,0,3.0,,4.0,68.30675966819132,2.0,0.6368564151404215,0,,0,0,BUY,2.3409090909090913,2,0,3
ROKU,2026-08-11,5.0,0.21352218373243992,1.0,0,0,1.0,2.0,4.0,68.5945249023558,1.0,0.9690664108087662,0,,0,0,BUY,2.4,4,1,5
ROMA,2026-08-11,5.0,0.16703786191536749,1.0,0,0,1.0,,3.0,51.54169403419516,1.0,0.8628318867646808,0,,0,0,BUY,2.4857142857142858,3,1,4
RPAY,2026-08-11,,,2.0,0,0,3.0,3.0,2.0,42.5435352503804,4.0,0.3651685318009537,0,,0,0,HOLD,3.1864406779661016,1,1,4
RPGL,2026-08-11,,,5.0,0,0,5.0,,2.0,41.21261621283172,5.0,7.533280052691284e-05,1,1.0,0,0,STRONG SELL,4.700000000000001,0,3,3
RPID,2026-08-11,,,4.0,0,0,5.0,4.0,2.0,32.56628837667978,5.0,0.009933805288984843,0,,0,0,STRONG SELL,4.593220338983051,0,4,4
RPRX,2026-08-11,4.0,0.31410867492850336,1.0,0,0,1.0,3.0,3.0,51.78096440618034,1.0,0.9148304325678206,0,,0,0,BUY,2.2705882352941176,3,1,5
RR,2026-08-11,,,5.0,0,0,5.0,3.0,3.0,53.02168173868175,5.0,0.0683012243838075,0,,0,0,STRONG SELL,4.491525423728814,0,3,4
RRR,2026-08-11,3.0,0.5438512869399428,1.0,0,0,3.0,1.0,3.0,48.788078897851626,2.0,0.7431569934094836,0,,0,0,BUY,2.2,3,0,5
RTAC,2026-08-11,,,4.0,0,0,4.0,4.0,2.0,43.30939713498093,5.0,0.14166675276227836,0,,0,0,STRONG SELL,4.338983050847458,0,4,4
RTO,2026-08-11,,,5.0,0,0,4.0,,2.0,33.2598315324894,5.0,0.10752678064499148,0,,0,0,STRONG SELL,4.659090909090909,0,3,3
RUM,2026-08-11,,,2.0,0,0,3.0,3.0,4.0,60.35269299493722,3.0,0.4429133924786634,0,,0,0,HOLD,2.847457627118644,1,0,4
RUSHA,2026-08-11,3.0,0.43088655862726405,1.0,0,0,1.0,3.0,5.0,89.4251718068357,1.0,1.0,0,,0,0,BUY,1.964705882352941,3,0,5
RUSHB,2026-08-11,3.0,0.4485224022878932,1.0,0,0,1.0,3.0,5.0,87.55726769687723,1.0,1.0,0,,0,0,BUY,1.964705882352941,3,0,5
RXRX,2026-08-11,4.0,0.3399939508756111,4.0,0,0,4.0,4.0,4.0,55.84386582795315,5.0,0.12911392007762668,0,,0,0,SELL,4.235294117647059,0,5,5
RYAAY,2026-08-11,,,5.0,0,0,4.0,,3.0,46.102008766243344,4.0,0.30506168182569776,0,,0,0,SELL,4.204545454545455,0,3,3
SAAQ,2026-08-11,,,,0,0,,,3.0,50.38620707253941,4.0,0.3782441046155274,0,,0,0,,,0,1,1
SAIH,2026-08-11,,,1.0,0,0,1.0,,5.0,81.77459742536657,1.0,1.0,0,,0,0,STRONG BUY,1.0,3,0,3
SATL,2026-08-11,5.0,0.09330588059573919,2.0,0,0,1.0,4.0,4.0,65.0610908227384,3.0,0.4730728741634768,1,1.0,0,0,HOLD,3.029411764705883,2,2,5
SBAC,2026-08-11,5.0,0.20386586933118708,5.0,0,0,4.0,2.0,3.0,48.94790542640479,4.0,0.30579896252309857,0,,0,0,SELL,4.058823529411765,1,4,5
SBGI,2026-08-11,,,5.0,0,0,3.0,4.0,3.0,45.77484105808926,3.0,0.40044274128051766,1,1.0,0,0,HOLD,3.2593220338983047,0,2,4
SBS,2026-08-11,,,5.0,0,1,3.0,,1.0,29.33148708765306,4.0,0.3255023558448793,0,,0,0,SELL,3.863636363636364,0,2,3
SDHI,2026-08-11,,,1.0,0,0,3.0,4.0,4.0,68.94549915575504,1.0,1.0,0,,0,0,BUY,2.2711864406779663,2,1,4
SE,2026-08-11,,,2.0,0,0,3.0,,5.0,76.76513537568609,3.0,0.4508196087179084,0,,0,0,HOLD,2.795454545454546,1,0,3
SEAT,2026-08-11,1.0,0.9380362249761679,4.0,1,0,4.0,4.0,3.0,49.16726102644157,5.0,0.17158385236884777,0,,0,0,HOLD,3.317647058823529,1,4,5
SEER,2026-08-11,3.0,0.5849404283446717,1.0,1,0,3.0,4.0,4.0,56.9082743157113,2.0,0.7200002225240425,0,,0,0,HOLD,2.7294117647058824,2,1,5
SENEA,2026-08-11,4.0,0.334604385128694,1.0,0,0,1.0,2.0,4.0,65.26727729641162,1.0,1.0,0,,0,0,BUY,2.0941176470588236,4,1,5
SERA,2026-08-11,,,4.0,0,0,4.0,4.0,3.0,47.726316776647884,5.0,0.18518517700896492,0,,0,0,STRONG SELL,4.338983050847458,0,4,4
SEV,2026-08-11,,,4.0,0,0,1.0,5.0,4.0,60.77340691299474,5.0,0.08271474816722042,0,,0,0,SELL,3.830508474576271,1,3,4
SFHG,2026-08-11,1.0,0.8049634107540566,4.0,0,0,5.0,,3.0,45.30614927559926,5.0,0.17224077120681594,0,,0,0,HOLD,3.3857142857142852,1,3,4
SFIX,2026-08-11,,,4.0,0,0,4.0,2.0,2.0,44.402006583137684,4.0,0.24548739041137277,0,,0,0,HOLD,3.491525423728814,1,3,4
SGA,2026-08-11,,,3.0,0,0,4.0,3.0,4.0,63.202991423282874,4.0,0.3648844798590534,0,,0,0,SELL,3.593220338983051,0,2,4
SHAZ,2026-08-11,,,,0,0,,4.0,3.0,47.1116703357338,3.0,0.5195531151459675,0,,0,0,,,0,1,2
SHEL,2026-08-11,,,1.0,0,0,2.0,,4.0,60.7107410907726,1.0,0.885724617830523,0,,0,0,STRONG BUY,1.340909090909091,3,0,3
SHG,2026-08-11,,,1.0,0,0,2.0,,4.0,55.62348666584023,1.0,0.9082759868064074,0,,0,0,STRONG BUY,1.340909090909091,3,0,3
SHLS,2026-08-11,5.0,0.20686367969494757,4.0,0,0,3.0,3.0,2.0,44.670986328900796,3.0,0.5138386628729328,0,,0,0,SELL,3.717647058823529,0,2,5
SHMD,2026-08-11,,,5.0,0,0,3.0,,4.0,56.07458020905306,4.0,0.3485576965785502,0,,0,0,SELL,3.863636363636364,0,2,3
SHOP,2026-08-11,5.0,0.044804575786463297,2.0,0,0,2.0,2.0,4.0,69.91035345350386,2.0,0.6842483421509529,0,,0,0,HOLD,2.9176470588235293,4,1,5
SHOT,2026-08-11,,,,0,0,,,2.0,40.835748115656855,,,0,,0,0,,,0,0,0
SIDU,2026-08-11,,,3.0,0,0,1.0,4.0,4.0,59.542785605105855,4.0,0.3532159485886255,0,,0,0,HOLD,3.0847457627118646,1,2,4
SIMO,2026-08-11,5.0,0.02768055997454661,3.0,0,0,1.0,,2.0,40.51190295564604,3.0,0.5742220639489367,0,,0,0,HOLD,3.314285714285715,1,1,4
SKHY,2026-08-11,,,,0,0,,,2.0,31.330057280728894,,,0,,0,0,,,0,0,0
SKK,2026-08-11,5.0,0.09831371301304487,2.0,0,0,2.0,,2.0,44.00934429082937,4.0,0.26970561610153704,0,,0,0,SELL,3.685714285714286,2,2,4
SLDP,2026-08-11,3.0,0.45125017402140355,5.0,0,0,5.0,3.0,3.0,54.40775895559426,5.0,0.06298004169211996,0,,0,0,SELL,4.03529411764706,0,3,5
SLMT,2026-08-11,,,5.0,0,0,5.0,,2.0,40.249246318114785,5.0,0.00093218354528232,0,,0,0,STRONG SELL,5.0,0,3,3
SMFG,2026-08-11,,,1.0,0,0,2.0,,3.0,48.57821762636935,1.0,0.8805309417094856,0,,0,0,STRONG BUY,1.340909090909091,3,0,3
SNAL,2026-08-11,2.0,0.7551749109584223,1.0,0,0,2.0,4.0,3.0,52.313075591330914,3.0,0.40891914712394206,0,,0,0,BUY,2.4823529411764707,3,1,5
SNFCA,2026-08-11,1.0,0.9275500476644423,2.0,0,0,3.0,2.0,2.0,44.72844467214342,2.0,0.7412654604701043,0,,0,0,BUY,1.8705882352941174,4,0,5
SNTG,2026-08-11,1.0,0.8619153674832962,4.0,1,0,3.0,,3.0,54.75130861452835,5.0,0.08092484818903516,0,,0,0,HOLD,2.9571428571428573,1,2,4
SNY,2026-08-11,,,3.0,0,0,4.0,,3.0,51.07299990245567,4.0,0.2719182389212771,0,,0,0,SELL,3.795454545454546,0,2,3
SOCA,2026-08-11,5.0,0.10152526215443278,1.0,0,0,3.0,,4.0,68.3320105076252,1.0,1.0,0,,0,0,HOLD,2.9142857142857146,2,1,4
SOGP,2026-08-11,,,3.0,0,0,2.0,,3.0,47.92424325162411,4.0,0.30171642339549737,0,,0,0,HOLD,3.113636363636364,1,1,3
SOHU,2026-08-11,1.0,0.9506840598154629,3.0,0,0,4.0,,4.0,61.77394189656648,3.0,0.45620441767040315,0,,0,0,BUY,2.4714285714285715,1,1,4
SONY,2026-08-11,,,2.0,0,0,4.0,,4.0,64.86693313087652,4.0,0.39213900421412445,0,,0,0,SELL,3.590909090909091,1,2,3
SOUN,2026-08-11,1.0,0.995227489659561,4.0,0,0,4.0,4.0,4.0,59.14018549615363,5.0,0.10891720120517707,0,,0,0,HOLD,3.317647058823529,1,4,5
SPCX,2026-08-11,,,,0,0,,,4.0,61.809371829272806,,,0,,0,0,,,0,0,0
SPEG,2026-08-11,,,1.0,0,0,3.0,3.0,4.0,61.91928191128861,1.0,0.9743584100551419,0,,0,0,BUY,2.016949152542373,2,0,4
SPKL,2026-08-11,,,3.0,0,0,3.0,5.0,2.0,40.62932716119224,4.0,0.2450091636400154,0,,0,0,SELL,3.8474576271186445,0,2,4
SPT,2026-08-11,,,2.0,0,0,3.0,3.0,4.0,64.45179583004332,3.0,0.4534132742313332,0,,0,0,HOLD,2.847457627118644,1,0,4
SQFT,2026-08-11,,,5.0,0,0,5.0,2.0,1.0,18.94841098726434,5.0,0.001360542893691104,0,,0,0,SELL,4.237288135593221,1,3,4
SQNS,2026-08-11,,,5.0,0,0,5.0,,3.0,45.283059082441696,5.0,0.0276981828336293,0,,0,0,STRONG SELL,5.0,0,3,3
SRAD,2026-08-11,,,5.0,0,0,5.0,,2.0,41.41512887065333,5.0,0.04781492384040562,0,,0,0,STRONG SELL,5.0,0,3,3
SRTA,2026-08-11,1.0,0.817445185891325,2.0,0,0,2.0,4.0,4.0,65.02508688500944,1.0,0.8225807986696242,0,,0,0,BUY,1.8117647058823527,4,1,5
SSAC,2026-08-11,,,,0,0,,,5.0,72.36323389239206,1.0,1.0,0,,0,0,,,1,0,1
SSL,2026-08-11,,,1.0,0,0,1.0,,3.0,53.36026902944148,2.0,0.7070600842971742,0,,0,0,STRONG BUY,1.4545454545454548,3,0,3
SSP,2026-08-11,,,3.0,0,0,3.0,4.0,4.0,60.46076127543808,3.0,0.4887592030547438,1,20.0,0,0,HOLD,2.9542372881355936,0,1,4
STAK,2026-08-11,2.0,0.7406936048361438,3.0,0,0,2.0,,2.0,44.20520666353933,5.0,0.1280623614559217,0,,0,0,HOLD,2.9857142857142858,2,1,4
STEP,2026-08-11,,,3.0,0,0,4.0,3.0,4.0,61.03282735578817,4.0,0.28601878313033346,1,1.0,0,0,HOLD,3.293220338983051,0,2,4
STFS,2026-08-11,,,4.0,0,0,5.0,,2.0,37.0764813303304,5.0,0.01316449536180825,0,,0,0,STRONG SELL,4.795454545454546,0,3,3
STG,2026-08-11,,,5.0,0,0,5.0,,2.0,44.971726149132635,5.0,0.09447852968922854,0,,0,0,STRONG SELL,5.0,0,3,3
STGW,2026-08-11,,,1.0,0,0,1.0,2.0,5.0,74.90348549394008,1.0,1.0,0,,0,0,STRONG BUY,1.254237288135593,4,0,4
STKH,2026-08-11,5.0,0.0009545020680878142,4.0,0,0,5.0,,4.0,62.35058821106711,5.0,0.13383502593205115,0,,0,0,STRONG SELL,4.871428571428571,0,4,4
STNE,2026-08-11,,,4.0,0,0,5.0,,2.0,31.076829203237764,5.0,0.0541273980924547,0,,0,0,STRONG SELL,4.795454545454546,0,3,3
SUGP,2026-08-11,1.0,0.9417753738466432,5.0,0,0,5.0,,2.0,34.438276399144485,5.0,0.004946579249510075,0,,0,0,SELL,3.5142857142857147,1,3,4
SUJA,2026-08-11,,,,0,0,,,1.0,29.414545701183442,5.0,0.0,0,,0,0,,,0,1,1
SUPV,2026-08-11,,,5.0,0,0,5.0,,2.0,36.4366207117412,3.0,0.4504283976443893,0,,0,0,SELL,4.090909090909092,0,2,3
SUZ,2026-08-11,,,4.0,0,0,5.0,,2.0,34.476693937478046,5.0,0.044870471746841716,0,,0,0,STRONG SELL,4.795454545454546,0,3,3
SVAQ,2026-08-11,,,,0,0,,,4.0,57.3665751049858,2.0,0.7600021362304688,0,,0,0,,,1,0,1
SVRE,2026-08-11,,,3.0,0,0,3.0,,4.0,59.63978213403186,5.0,0.06261100836220383,1,1.0,0,0,SELL,3.60909090909091,0,1,3
SXTC,2026-08-11,1.0,0.9210944957047408,4.0,0,0,3.0,,5.0,73.16501311908485,5.0,0.011548437394983506,0,,0,0,HOLD,2.9571428571428573,1,2,4
SYM,2026-08-11,5.0,0.1073556937481377,5.0,0,0,5.0,3.0,3.0,47.7112207033313,5.0,0.0640262408568218,0,,0,0,STRONG SELL,4.647058823529412,0,4,5
SZZL,2026-08-11,,,1.0,0,0,3.0,,5.0,70.88987441062069,1.0,1.0,0,,0,0,STRONG BUY,1.6818181818181817,2,0,3
TACH,2026-08-11,,,1.0,0,0,3.0,3.0,4.0,57.834241375445124,1.0,0.9090911342800736,0,,0,0,BUY,2.016949152542373,2,0,4
TAK,2026-08-11,,,1.0,0,0,3.0,,4.0,59.552309554292854,2.0,0.7630161997942666,0,,0,0,BUY,2.1363636363636367,2,0,3
TAL,2026-08-11,,,2.0,0,0,3.0,,4.0,66.38938636129666,1.0,0.8106060624305064,0,,0,0,BUY,1.8863636363636362,2,0,3
TASK,2026-08-11,1.0,0.9456625357483317,3.0,0,0,4.0,1.0,4.0,58.920136191907865,4.0,0.3192753525178305,0,,0,0,BUY,2.447058823529412,2,2,5
TC,2026-08-11,,,5.0,0,0,5.0,,2.0,36.73511815627915,5.0,0.02663578720355973,0,,0,0,STRONG SELL,5.0,0,3,3
TCGX,2026-08-11,,,,0,0,,,,,,,0,,0,0,,,0,0,0
TCOM,2026-08-11,1.0,0.961501749920458,3.0,0,0,4.0,,4.0,55.570689472649214,5.0,0.16257670715752096,0,,0,0,HOLD,3.0428571428571427,1,2,4
TDIC,2026-08-11,,,5.0,0,0,5.0,,3.0,46.01421318886097,5.0,0.000573711047551178,0,,0,0,STRONG SELL,5.0,0,3,3
TDTH,2026-08-11,,,4.0,0,0,5.0,,2.0,43.72235076066073,5.0,0.024229605014785462,0,,0,0,STRONG SELL,4.795454545454546,0,3,3
TDUP,2026-08-11,4.0,0.4133715252989838,4.0,1,0,5.0,3.0,1.0,22.25654429121198,5.0,0.003344504984689248,1,1.0,0,0,SELL,3.935294117647059,0,4,5
TEAM,2026-08-11,,,2.0,0,0,2.0,1.0,5.0,79.78091865622055,2.0,0.7741394538289403,0,,0,0,STRONG BUY,1.745762711864407,4,0,4
TEM,2026-08-11,,,4.0,0,0,3.0,3.0,4.0,61.97277162178324,4.0,0.2291734070470503,0,,0,0,HOLD,3.491525423728814,0,2,4
TEVA,2026-08-11,4.0,0.3489037178265014,2.0,0,0,2.0,1.0,4.0,66.74706733052876,1.0,1.0,0,,0,0,BUY,2.1999999999999997,4,1,5
TIGR,2026-08-11,,,3.0,0,0,5.0,,3.0,47.70761245489235,5.0,0.04519117993774153,0,,0,0,STRONG SELL,4.590909090909092,0,2,3
TIMB,2026-08-11,,,5.0,0,0,5.0,,1.0,24.399635029903465,5.0,0.0,0,,0,0,STRONG SELL,5.0,0,3,3
TKLF,2026-08-11,3.0,0.52402163538021,4.0,0,0,5.0,,2.0,43.065477126049934,5.0,0.038834913251807684,0,,0,0,SELL,4.128571428571429,0,3,4
TLNC,2026-08-11,,,3.0,0,0,3.0,,2.0,38.79883274412996,2.0,0.6666673289398133,0,,0,0,HOLD,2.545454545454546,1,0,3
TLX,2026-08-11,,,1.0,0,0,2.0,,4.0,68.116197233872,1.0,0.9119086538708364,0,,0,0,STRONG BUY,1.340909090909091,3,0,3
TME,2026-08-11,,,4.0,0,0,5.0,,2.0,41.17339516076291,5.0,0.03197882568165416,0,,0,0,STRONG SELL,4.795454545454546,0,3,3
TOP,2026-08-11,5.0,0.07467883351125391,1.0,0,0,1.0,3.0,4.0,62.61376503743623,1.0,0.8167275996107457,0,,0,0,HOLD,2.5764705882352934,3,1,5
TOUR,2026-08-11,2.0,0.5882914412981228,3.0,0,0,4.0,,3.0,53.55851793253765,5.0,0.17736904412634452,1,2.0,0,0,HOLD,3.1142857142857148,1,2,4
TPG,2026-08-11,5.0,0.06625357483317446,2.0,0,0,3.0,2.0,5.0,72.92996759131573,3.0,0.4327646301131244,0,,0,0,HOLD,3.3294117647058825,2,1,5
TRIB,2026-08-11,,,1.0,1,0,1.0,,5.0,81.6149767094233,1.0,1.0,0,,0,0,STRONG BUY,1.0,3,0,3
TRMD,2026-08-11,,,2.0,0,0,2.0,,2.0,44.44287973633368,2.0,0.6834154620450942,0,,0,0,BUY,2.0,3,0,3
TRSG,2026-08-11,,,3.0,0,0,3.0,,3.0,51.017419675256185,2.0,0.6436986297790677,0,,0,0,HOLD,2.545454545454546,1,0,3
TRVG,2026-08-11,,,1.0,0,0,1.0,,3.0,48.880055483433495,1.0,0.8624161484595798,0,,0,0,STRONG BUY,1.0,3,0,3
TS,2026-08-11,,,3.0,0,0,2.0,,2.0,38.96705544729856,2.0,0.65850290499021,0,,0,0,BUY,2.2045454545454546,2,0,3
TSAT,2026-08-11,,,2.0,0,0,1.0,,4.0,68.8197958222516,1.0,1.0,0,,0,0,STRONG BUY,1.2045454545454548,3,0,3
TTAN,2026-08-11,3.0,0.4849883002449834,2.0,0,0,3.0,2.0,4.0,65.75114607475794,3.0,0.5145343934708608,0,,0,0,HOLD,2.7176470588235295,2,0,5
TTD,2026-08-11,2.0,0.7063870352716873,5.0,0,0,5.0,1.0,1.0,28.547946223987225,5.0,0.004050514062719594,1,1.0,0,0,HOLD,3.0764705882352943,2,3,5
TURB,2026-08-11,,,5.0,0,0,3.0,,3.0,46.08547176187109,5.0,0.0671641808019408,0,,0,0,STRONG SELL,4.318181818181818,0,2,3
TUYA,2026-08-11,1.0,0.995227489659561,5.0,0,0,4.0,,3.0,51.61430716007339,5.0,0.15193824036654494,0,,0,0,HOLD,3.3,1,3,4
TVA,2026-08-11,,,3.0,0,0,4.0,3.0,4.0,55.128082498283035,4.0,0.2792209843033873,0,,0,0,SELL,3.593220338983051,0,2,4
TVAI,2026-08-11,,,1.0,0,0,3.0,2.0,5.0,75.85366557697789,1.0,1.0,0,,0,0,BUY,1.7627118644067798,3,0,4
TW,2026-08-11,1.0,0.9112712127642715,3.0,0,0,4.0,1.0,4.0,56.204394219767735,4.0,0.30236550185406325,0,,0,0,BUY,2.447058823529412,2,2,5
TWG,2026-08-11,4.0,0.39548202354438433,5.0,0,0,5.0,,1.0,27.377833632161312,5.0,0.0024248337020313197,0,,0,0,STRONG SELL,4.628571428571429,0,4,4
TWLV,2026-08-11,,,,0,0,3.0,3.0,5.0,73.95308194777783,4.0,0.36111057148054415,0,,0,0,HOLD,3.4,0,1,3
TX,2026-08-11,,,1.0,0,0,1.0,,5.0,73.10443296821165,1.0,0.9954063502635622,0,,0,0,STRONG BUY,1.0,3,0,3
UGP,2026-08-11,,,1.0,0,0,2.0,,3.0,46.26662487739136,1.0,0.8309859400868206,0,,0,0,STRONG BUY,1.340909090909091,3,0,3
UK,2026-08-11,,,4.0,0,0,5.0,,4.0,55.71439343860511,5.0,0.02624434055243937,0,,0,0,STRONG SELL,4.795454545454546,0,3,3
UL,2026-08-11,,,3.0,0,0,4.0,,3.0,51.402789340861645,3.0,0.4332766793237397,0,,0,0,HOLD,3.3409090909090917,0,1,3
UONE,2026-08-11,,,5.0,0,0,5.0,4.0,3.0,46.726005138363185,5.0,0.024760380740027715,0,,0,0,STRONG SELL,4.745762711864407,0,4,4
UONEK,2026-08-11,,,3.0,0,0,5.0,4.0,3.0,54.31759159318121,5.0,0.16521738108855433,0,,0,0,STRONG SELL,4.4406779661016955,0,3,4
UPC,2026-08-11,1.0,0.9875914731148584,1.0,0,0,1.0,,4.0,55.11398391417545,4.0,0.3717909953628512,0,,0,0,BUY,1.8571428571428574,3,1,4
USCB,2026-08-11,2.0,0.6396568160152526,1.0,0,0,2.0,,4.0,63.85375319656942,1.0,0.9690733515187091,0,,0,0,STRONG BUY,1.5857142857142859,4,0,4
USDE,2026-08-11,,,,0,0,,,3.0,45.778939559809345,,,0,,0,0,,,0,0,0
UXIN,2026-08-11,,,5.0,0,0,5.0,,2.0,36.91296176983359,5.0,0.05063289945428554,0,,0,0,STRONG SELL,5.0,0,3,3
VALE,2026-08-11,,,4.0,0,0,3.0,,2.0,41.917291702579654,3.0,0.5929312768947025,0,,0,0,HOLD,3.2045454545454555,0,1,3
VALN,2026-08-11,,,4.0,0,0,5.0,,4.0,66.2829427522434,5.0,0.10916441866638922,0,,0,0,STRONG SELL,4.795454545454546,0,3,3
VEON,2026-08-11,,,1.0,0,0,3.0,,4.0,64.06016612054225,2.0,0.6809399413313552,0,,0,0,BUY,2.1363636363636367,2,0,3
VERA,2026-08-11,,,5.0,0,0,3.0,5.0,2.0,33.83717691008546,4.0,0.28507046149189164,0,,0,0,SELL,4.152542372881356,0,3,4
VERX,2026-08-11,,,4.0,0,0,4.0,1.0,3.0,48.96836817880506,5.0,0.10364319162204305,1,3.0,0,0,HOLD,3.276271186440678,1,3,4
VGAS,2026-08-11,,,4.0,0,0,3.0,4.0,3.0,53.78817015570064,5.0,0.143451135825409,0,,0,0,SELL,4.084745762711864,0,3,4
VHCP,2026-08-11,,,,0,0,3.0,,4.0,63.207492483339145,1.0,0.8333354526149817,0,,0,0,,,1,0,2
VINP,2026-08-11,,,4.0,0,0,4.0,,3.0,51.78865861919126,4.0,0.23411083537740782,0,,0,0,SELL,4.0,0,3,3
VIP,2026-08-11,1.0,0.8963583672122359,2.0,0,0,2.0,3.0,2.0,40.197817627679456,4.0,0.34031410835012976,0,,0,0,BUY,2.3411764705882354,3,1,5
VIPS,2026-08-11,,,3.0,0,0,4.0,,3.0,53.826879053612565,4.0,0.29846613669627836,0,,0,0,SELL,3.795454545454546,0,2,3
VIST,2026-08-11,,,3.0,0,0,2.0,,3.0,48.96059693263401,2.0,0.711964808642471,0,,0,0,BUY,2.2045454545454546,2,0,3
VIV,2026-08-11,,,5.0,0,0,4.0,,1.0,26.54472797580945,5.0,0.12055613920448481,0,,0,0,STRONG SELL,4.659090909090909,0,3,3
VIVO,2026-08-11,,,3.0,0,0,3.0,,3.0,49.00172306150318,3.0,0.5269017111200109,0,,0,0,HOLD,3.0000000000000004,0,0,3
VLGEA,2026-08-11,1.0,0.9585203705321121,2.0,0,0,2.0,2.0,2.0,40.18782097057476,2.0,0.6832380094862556,0,,0,0,STRONG BUY,1.6941176470588235,5,0,5
VLOS,2026-08-11,,,3.0,0,0,3.0,4.0,2.0,44.706675576233316,2.0,0.6912168582712198,0,,0,0,HOLD,2.915254237288136,1,1,4
VLRS,2026-08-11,,,4.0,0,0,3.0,,3.0,46.26444878784583,3.0,0.44979914910420205,0,,0,0,HOLD,3.2045454545454555,0,1,3
VNET,2026-08-11,,,5.0,0,0,5.0,,3.0,49.41603789802942,5.0,0.15762277817904385,0,,0,0,STRONG SELL,5.0,0,3,3
VNME,2026-08-11,,,1.0,0,0,3.0,,5.0,80.44913970263778,1.0,1.0,0,,0,0,STRONG BUY,1.6818181818181817,2,0,3
VNOM,2026-08-11,,,3.0,0,0,3.0,4.0,3.0,49.04470378983516,3.0,0.5249990082056506,0,,0,0,HOLD,3.2542372881355934,0,1,4
VOD,2026-08-11,,,1.0,0,0,2.0,,4.0,56.342326121469284,1.0,0.9133910005205285,0,,0,0,STRONG BUY,1.340909090909091,3,0,3
VRRM,2026-08-11,2.0,0.6155688466346024,3.0,0,0,5.0,1.0,3.0,47.443685630638754,5.0,0.04287691386960503,0,,0,0,HOLD,3.164705882352941,2,2,5
VSA,2026-08-11,,,5.0,0,0,5.0,,3.0,54.60981943547442,5.0,0.0004345480128627405,0,,0,0,STRONG SELL,5.0,0,3,3
VSME,2026-08-11,5.0,0.21762647152402165,5.0,0,0,5.0,,2.0,41.94826661808334,5.0,0.007439110960508882,0,,0,0,STRONG SELL,5.0,0,4,4
VSNT,2026-08-11,,,,0,0,1.0,3.0,3.0,49.78331783067875,3.0,0.504591682981979,1,4.0,0,0,BUY,2.1000000000000005,1,0,3
VTIX,2026-08-11,4.0,0.33690117481213505,,0,0,5.0,3.0,2.0,35.78094637414658,5.0,0.010489511181774342,0,,0,0,STRONG SELL,4.2631578947368425,0,3,4
VTMX,2026-08-11,,,1.0,0,0,3.0,,3.0,53.97371892531653,1.0,0.8283740667247832,0,,0,0,STRONG BUY,1.6818181818181817,2,0,3
VTVT,2026-08-11,,,5.0,0,1,2.0,3.0,3.0,49.42373376482124,2.0,0.6627157366034361,0,,0,0,HOLD,2.711864406779661,2,1,4
WAFDP,2026-08-11,2.0,0.5983524442222763,4.0,0,0,3.0,1.0,3.0,47.92942123977891,1.0,0.8506816382101262,0,,0,0,BUY,1.9764705882352938,3,1,5
WALD,2026-08-11,1.0,0.9834552974864779,4.0,1,0,5.0,,2.0,30.64034910695024,4.0,0.23608111870899576,0,,0,0,HOLD,3.1,1,3,4
WAVE,2026-08-11,,,3.0,0,0,3.0,,2.0,40.40091369529612,3.0,0.484962376025704,0,,0,0,HOLD,3.0000000000000004,0,0,3
WB,2026-08-11,1.0,0.9134584791600382,3.0,0,0,4.0,,3.0,49.844866399533345,5.0,0.13999929456931962,0,,0,0,HOLD,3.0428571428571427,1,2,4
WDAY,2026-08-11,5.0,0.11916110581506197,2.0,0,0,3.0,1.0,4.0,69.29090143097943,3.0,0.5086914936795499,0,,0,0,HOLD,3.1529411764705886,2,1,5
WDS,2026-08-11,,,1.0,0,0,2.0,,4.0,61.51068079657295,1.0,0.8640359565351438,0,,0,0,STRONG BUY,1.340909090909091,3,0,3
WENN,2026-08-11,,,1.0,0,0,3.0,,4.0,63.797185361064564,1.0,0.9022779446620671,0,,0,0,STRONG BUY,1.6818181818181817,2,0,3
WF,2026-08-11,,,2.0,0,0,3.0,,4.0,62.15773763410588,3.0,0.5622642505320182,0,,0,0,HOLD,2.795454545454546,1,0,3
WGS,2026-08-11,5.0,0.20679685227180306,3.0,0,0,4.0,2.0,5.0,70.46920741296829,4.0,0.3550994260587889,1,1.0,0,0,SELL,3.547058823529412,1,3,5
WIMI,2026-08-11,1.0,0.970728603245307,5.0,0,0,5.0,,3.0,51.12053257410807,5.0,0.04761906042348217,0,,0,0,SELL,3.5142857142857147,1,3,4
WKEY,2026-08-11,,,5.0,0,0,3.0,,3.0,49.25112010851917,5.0,0.13219283963331294,0,,0,0,STRONG SELL,4.318181818181818,0,2,3
WLCO,2026-08-11,,,,0,0,,,,,,,0,,0,0,,,0,0,0
WMG,2026-08-11,1.0,0.9889813949769183,5.0,0,1,4.0,3.0,2.0,37.04903395493921,5.0,0.14125933401372567,0,,0,0,HOLD,3.2470588235294118,1,3,5
WOK,2026-08-11,3.0,0.5628380528157811,5.0,0,0,5.0,,2.0,40.785495973171805,5.0,4.385973451659019e-07,0,,0,0,STRONG SELL,4.257142857142858,0,3,4
WOOF,2026-08-11,5.0,0.08579599618684461,3.0,0,0,3.0,1.0,3.0,50.127214253639806,4.0,0.24698799074189107,0,,0,0,HOLD,3.494117647058823,1,2,5
WPP,2026-08-11,,,2.0,0,0,2.0,,5.0,76.42783654785134,1.0,0.9603210659797726,0,,0,0,STRONG BUY,1.5454545454545454,3,0,3
WRD,2026-08-11,,,4.0,0,0,4.0,,4.0,59.698330081973616,5.0,0.14305945612331522,0,,0,0,STRONG SELL,4.454545454545455,0,3,3
WSC,2026-08-11,4.0,0.4228912394005961,3.0,0,0,3.0,4.0,2.0,34.41498827171888,3.0,0.565795467969258,0,,0,0,HOLD,3.4823529411764707,0,2,5
WSE,2026-08-11,,,,0,0,,,4.0,55.931000606926695,3.0,0.48600006103515625,0,,0,0,,,0,0,1
WSHP,2026-08-11,,,,0,0,5.0,,2.0,44.58677489063274,5.0,0.0019949862752172073,0,,0,0,,,0,2,2
WSTN,2026-08-11,,,,0,0,3.0,,4.0,62.95419980625852,1.0,0.9259276265828373,0,,0,0,,,1,0,2
WYHG,2026-08-11,3.0,0.49220489977728293,1.0,0,0,1.0,,4.0,60.0593229143182,2.0,0.703811594795147,0,,0,0,BUY,2.028571428571429,3,0,4
XE,2026-08-11,,,,0,0,,,4.0,59.681387257574755,4.0,0.30428893395915035,0,,0,0,,,0,1,1
XMTR,2026-08-11,1.0,0.9955664770233401,1.0,0,0,1.0,3.0,3.0,51.49696895937601,1.0,0.8048000266335227,1,1.0,0,0,STRONG BUY,1.0529411764705885,4,0,5
XNDU,2026-08-11,5.0,0.09799554565701558,,0,0,,,2.0,44.0933341130767,5.0,0.10017453571995581,0,,0,0,,,0,2,2
XNET,2026-08-11,2.0,0.7308304167992364,4.0,0,0,4.0,,2.0,40.476812355489386,5.0,0.10312498230487002,0,,0,0,SELL,3.542857142857143,1,3,4
XP,2026-08-11,,,4.0,0,0,4.0,,2.0,36.044081243737175,5.0,0.07386754836423687,0,,0,0,STRONG SELL,4.454545454545455,0,3,3
XPEV,2026-08-11,,,5.0,0,0,5.0,,2.0,37.71093576968418,5.0,0.012202551355276571,0,,0,0,STRONG SELL,5.0,0,3,3
XRPN,2026-08-11,,,1.0,0,0,3.0,,3.0,53.35975110351924,1.0,0.9130435684002115,0,,0,0,STRONG BUY,1.6818181818181817,2,0,3
XSLL,2026-08-11,,,,0,0,,,5.0,73.74572085827421,1.0,1.0,1,2.0,0,0,,,1,0,1
XTLB,2026-08-11,,,4.0,0,0,5.0,,2.0,40.99492695880558,5.0,0.09609123215267984,0,,0,0,STRONG SELL,4.795454545454546,0,3,3
XYF,2026-08-11,1.0,0.9627744193445751,3.0,0,0,4.0,,4.0,64.690992347458,5.0,0.1841215629789197,0,,0,0,HOLD,3.0428571428571427,1,2,4
YAAS,2026-08-11,,,2.0,0,0,3.0,,5.0,84.98125379924649,5.0,0.07180007666698392,0,,0,0,SELL,3.7045454545454546,1,1,3
YALA,2026-08-11,1.0,0.9150493159401847,5.0,0,0,5.0,,3.0,47.63998594419517,5.0,0.08493148895338165,0,,0,0,SELL,3.5142857142857147,1,3,4
YB,2026-08-11,1.0,0.9268215081132676,5.0,0,0,5.0,,3.0,48.52977395599036,5.0,0.14268751665618704,0,,0,0,SELL,3.5142857142857147,1,3,4
YDDL,2026-08-11,,,5.0,0,0,5.0,,2.0,35.02221202778297,5.0,0.0036656856254940217,0,,0,0,STRONG SELL,5.0,0,3,3
YDKG,2026-08-11,1.0,0.9700922685332485,3.0,0,0,4.0,,4.0,68.05389119133177,5.0,0.0006856111776844897,0,,0,0,HOLD,3.0428571428571427,1,2,4
YI,2026-08-11,,,5.0,0,0,5.0,,3.0,46.19369937622139,4.0,0.20790378049105213,0,,0,0,STRONG SELL,4.545454545454546,0,3,3
YIBO,2026-08-11,,,1.0,1,0,3.0,,4.0,57.63850228083013,3.0,0.5833333215070154,0,,0,0,HOLD,2.5909090909090917,1,0,3
YMAT,2026-08-11,,,5.0,0,1,5.0,,2.0,44.982501539169455,5.0,0.02800509040778954,0,,0,0,STRONG SELL,5.0,0,3,3
YMM,2026-08-11,,,3.0,0,0,4.0,,3.0,54.06791005495113,4.0,0.30103727413039644,0,,0,0,SELL,3.795454545454546,0,2,3
YPF,2026-08-11,,,2.0,0,0,2.0,,3.0,47.28966361862687,2.0,0.7803539592323125,0,,0,0,BUY,2.0,3,0,3
YQ,2026-08-11,1.0,0.9172764874323894,4.0,0,0,4.0,,4.0,57.596350589328594,5.0,0.13999997244940865,0,,0,0,HOLD,3.1714285714285713,1,3,4
YRD,2026-08-11,1.0,0.9831371301304486,4.0,0,0,5.0,,3.0,51.826525442906515,5.0,0.06835530916854404,0,,0,0,HOLD,3.3857142857142852,1,3,4
YSG,2026-08-11,,,3.0,0,0,5.0,,3.0,49.816319616704234,5.0,0.1367419515589031,0,,0,0,STRONG SELL,4.590909090909092,0,2,3
YSWY,2026-08-11,5.0,0.0019090041361756285,,0,0,,,3.0,48.67479967544441,5.0,0.18804362023033305,0,,0,0,,,0,2,2
YYGH,2026-08-11,,,5.0,0,0,5.0,,2.0,33.075981502169014,5.0,6.512214309061191e-05,0,,0,0,STRONG SELL,5.0,0,3,3
Z,2026-08-11,5.0,0.01811248808388942,3.0,0,0,5.0,1.0,3.0,52.72847989647836,5.0,0.07765555005886758,0,,0,0,SELL,4.08235294117647,1,3,5
ZBRA,2026-08-11,5.0,0.1930409914204004,1.0,0,0,2.0,3.0,5.0,84.57466555597951,1.0,1.0,1,1.0,0,0,BUY,2.4529411764705884,3,1,5
ZCMD,2026-08-11,,,5.0,0,0,5.0,,1.0,26.771258412894184,5.0,0.0001356230442082783,0,,0,0,STRONG SELL,5.0,0,3,3
ZDAI,2026-08-11,5.0,0.22303531657651926,5.0,0,0,5.0,,3.0,46.22561354356473,5.0,0.03497181674325097,0,,0,0,STRONG SELL,5.0,0,4,4
ZEPP,2026-08-11,,,4.0,0,0,5.0,,3.0,51.85565645123222,5.0,0.02025139798801443,0,,0,0,STRONG SELL,4.795454545454546,0,3,3
ZG,2026-08-11,5.0,0.01763584366062917,3.0,0,0,5.0,1.0,3.0,52.151441536920764,5.0,0.08894480658982631,0,,0,0,SELL,4.08235294117647,1,3,5
ZH,2026-08-11,,,3.0,0,0,4.0,,4.0,57.392637144691044,4.0,0.2455516059526582,0,,0,0,SELL,3.795454545454546,0,2,3
ZJK,2026-08-11,3.0,0.44225262488068723,5.0,0,1,4.0,,3.0,46.660988644161264,5.0,0.11203318311644334,0,,0,0,SELL,4.042857142857144,0,3,4
ZJYL,2026-08-11,5.0,0.07158765510658606,4.0,0,0,5.0,,4.0,69.6497050032581,5.0,0.0770243628628424,0,,0,0,STRONG SELL,4.871428571428571,0,4,4
ZKH,2026-08-11,5.0,0.22048997772828507,3.0,0,0,4.0,,4.0,56.97876002466641,3.0,0.502890239529359,0,,0,0,SELL,3.9571428571428573,0,2,4
ZLAB,2026-08-11,5.0,0.0470211508359127,2.0,0,0,3.0,4.0,5.0,81.62145213302267,3.0,0.4992280293662969,1,1.0,0,0,HOLD,3.3823529411764715,1,2,5
ZM,2026-08-11,2.0,0.6306005719733079,1.0,0,0,2.0,2.0,4.0,69.85758472922343,1.0,0.861790557813634,0,,0,0,STRONG BUY,1.6588235294117648,5,0,5
ZNB,2026-08-11,2.0,0.7508749602290805,5.0,0,0,5.0,,2.0,37.45102436535951,5.0,4.299060256508541e-05,0,,0,0,SELL,3.8857142857142857,1,3,4
ZTG,2026-08-11,5.0,0.07317849188673242,1.0,0,0,1.0,,5.0,81.75535994841098,1.0,0.9115646578469094,0,,0,0,BUY,2.4857142857142858,3,1,4
ZTO,2026-08-11,1.0,0.9522748965956093,2.0,0,0,3.0,,2.0,42.82918165927377,2.0,0.6707235769028499,0,,0,0,BUY,1.8428571428571427,3,0,4
ZURA,2026-08-11,5.0,0.23130766783328027,2.0,0,0,2.0,5.0,3.0,53.75843322701216,2.0,0.7371225541159887,1,1.0,0,0,HOLD,3.147058823529412,3,2,5
ZYBT,2026-08-11,1.0,0.9490932230353167,2.0,0,0,3.0,,3.0,50.40126456772548,5.0,0.08020633928999248,0,,0,0,HOLD,2.7,2,1,4
