symbol,name,exchange,security_type,cik
A,"Agilent Technologies, Inc. Common Stock",NYSE,common_stock,0001090872
AA,Alcoa Corporation Common Stock,NYSE,common_stock,0001675149
AACG,"ATA Creativity Global - American Depositary Shares, each representing two common shares",NASDAQ,common_stock,0001420529
AACI,Armada Acquisition Corp. III - Class A Ordinary Share,NASDAQ,common_stock,0002092897
AACO,Abony Acquisition Corp. I - Class A Ordinary Share,NASDAQ,common_stock,0002099906
AACP,Apogee Acquisition Corp - Class A Ordinary Shares,NASDAQ,common_stock,0002102123
AADX,"Applied Aerospace & Defense, Inc. Common Stock",NYSE,common_stock,0002118195
AAL,"American Airlines Group, Inc. - Common Stock",NASDAQ,common_stock,0000006201
AAME,Atlantic American Corporation - Common Stock,NASDAQ,common_stock,0000008177
AAMI,Acadian Asset Management Inc. Common Stock,NYSE,common_stock,0001748824
AAOI,"Applied Optoelectronics, Inc. - Common Stock",NASDAQ,common_stock,0001158114
AAON,"AAON, Inc. - Common Stock",NASDAQ,common_stock,0000824142
AAP,Advance Auto Parts Inc.,NYSE,common_stock,0001158449
AAPG,Ascentage Pharma Group International - American Depository Shares,NASDAQ,common_stock,0002023311
AAPL,Apple Inc. - Common Stock,NASDAQ,common_stock,0000320193
AARD,"Aardvark Therapeutics, Inc. - Common Stock",NASDAQ,common_stock,0001774857
AAT,"American Assets Trust, Inc. Common Stock",NYSE,common_stock,0001500217
AAUC,Allied Gold Corporation Common Shares,NYSE,common_stock,0001993344
ABAT,American Battery Technology Company - Common Stock,NASDAQ,common_stock,0001576873
ABBV,AbbVie Inc. Common Stock,NYSE,common_stock,0001551152
ABCB,Ameris Bancorp Common Stock,NYSE,common_stock,0000351569
ABCL,AbCellera Biologics Inc. - Common Shares,NASDAQ,common_stock,0001703057
ABEO,Abeona Therapeutics Inc. - Common Stock,NASDAQ,common_stock,0000318306
ABEV,Ambev S.A. American Depositary Shares (Each representing 1 Common Share),NYSE,common_stock,0001565025
ABG,Asbury Automotive Group Inc Common Stock,NYSE,common_stock,0001144980
ABLV,Able View Global Inc. - Class B Ordinary Shares,NASDAQ,common_stock,0001957489
ABM,ABM Industries Incorporated Common Stock,NYSE,common_stock,0000771497
ABNB,"Airbnb, Inc. - Class A Common Stock",NASDAQ,common_stock,0001559720
ABOS,"Acumen Pharmaceuticals, Inc. - Common Stock",NASDAQ,common_stock,0001576885
ABR,Arbor Realty Trust Common Stock,NYSE,common_stock,0001253986
ABSI,Absci Corporation - Common Stock,NASDAQ,common_stock,0001672688
ABT,Abbott Laboratories Common Stock,NYSE,common_stock,0000001800
ABTC,American Bitcoin Corp. - Class A Common Stock,NASDAQ,common_stock,0001755953
ABTS,Abits Group Inc - Ordinary Shares,NASDAQ,common_stock,0001864055
ABUS,Arbutus Biopharma Corporation - Common Stock,NASDAQ,common_stock,0001447028
ABVC,"ABVC BioPharma, Inc. - Common Stock",NASDAQ,common_stock,0001173313
ABVX,Abivax SA - American Depositary Shares,NASDAQ,common_stock,0001956827
ABX,"Abacus Global Management, Inc. Class A Common Stock",NYSE,common_stock,0001814287
ACA,"Arcosa, Inc. Common Stock",NYSE,common_stock,0001739445
ACAA,Averin Capital Acquisition Corp. - Class A Ordinary Shares,NASDAQ,common_stock,0002096900
ACAD,ACADIA Pharmaceuticals Inc. - Common Stock,NASDAQ,common_stock,0001070494
ACB,Aurora Cannabis Inc. - Common Shares,NASDAQ,common_stock,0001683541
ACCL,Acco Group Holdings Limited - Class A Ordinary Shares,NASDAQ,common_stock,0002038378
ACCO,Acco Brands Corporation Common Stock,NYSE,common_stock,0000712034
ACCS,ACCESS Newswire Inc. Common Stock,NYSE American,common_stock,0000843006
ACDC,ProFrac Holding Corp. - Class A Common Stock,NASDAQ,common_stock,0001881487
ACEL,"Accel Entertainment, Inc.",NYSE,common_stock,0001698991
ACET,"Adicet Bio, Inc. - Common Stock",NASDAQ,common_stock,0001720580
ACFN,"Acorn Energy, Inc. - Common Stock",NASDAQ,common_stock,0000880984
ACGC,ACP Holdings Acquisition Corp. - Class A Ordinary Shares,NASDAQ,common_stock,0002111542
ACGL,Arch Capital Group Ltd. - Common Stock,NASDAQ,common_stock,0000947484
ACH,"Accendra Health, Inc. Common Stock",NYSE,common_stock,0000075252
ACHC,"Acadia Healthcare Company, Inc. - Common Stock",NASDAQ,common_stock,0001520697
ACHR,Archer Aviation Inc. Class A Common Stock,NYSE,common_stock,0001824502
ACHV,"Achieve Life Sciences, Inc.  - Common Shares",NASDAQ,common_stock,0000949858
ACI,"Albertsons Companies, Inc. Class A Common Stock",NYSE,common_stock,0001646972
ACIC,American Coastal Insurance Corporation - Common Stock,NASDAQ,common_stock,0001401521
ACIU,AC Immune SA - Common Stock,NASDAQ,common_stock,0001651625
ACIW,"ACI Worldwide, Inc. - Common Stock",NASDAQ,common_stock,0000935036
ACLS,"Axcelis Technologies, Inc. - Common Stock",NASDAQ,common_stock,0001113232
ACM,AECOM Common Stock,NYSE,common_stock,0000868857
ACMR,"ACM Research, Inc. - Class A Common Stock",NASDAQ,common_stock,0001680062
ACN,Accenture plc Class A Ordinary Shares (Ireland),NYSE,common_stock,0001467373
ACNB,ACNB Corporation - Common Stock,NASDAQ,common_stock,0000715579
ACNT,Ascent Industries Co. - Common Stock,NASDAQ,common_stock,0000095953
ACOG,Alpha Cognition Inc. - Common Stock,NASDAQ,common_stock,0001655923
ACON,"Aclarion, Inc. - Common Stock",NASDAQ,common_stock,0001635077
ACP,abrdn Income Credit Strategies Fund Common Shares,NYSE,common_stock,0001503290
ACR,ACRES Commercial Realty Corp. Common Stock,NYSE,common_stock,0001332551
ACRE,Ares Commercial Real Estate Corporation Common Stock,NYSE,common_stock,0001529377
ACRS,"Aclaris Therapeutics, Inc. - Common Stock",NASDAQ,common_stock,0001557746
ACRV,"Acrivon Therapeutics, Inc. - Common Stock",NASDAQ,common_stock,0001781174
ACT,"Enact Holdings, Inc. - Common Stock",NASDAQ,common_stock,0001823529
ACTG,Acacia Research Corporation - Common Stock,NASDAQ,common_stock,0000934549
ACTU,"Actuate Therapeutics, Inc. - Common stock",NASDAQ,common_stock,0001652935
ACV,Virtus Diversified Income & Convertible Fund Common Shares of Beneficial Interest,NYSE,common_stock,0001636289
ACVA,ACV Auctions Inc. Class A Common Stock,NYSE,common_stock,0001637873
ACXP,"Acurx Pharmaceuticals, Inc. - Common Stock",NASDAQ,common_stock,0001736243
AD,"Array Digital Infrastructure, Inc. Common Shares",NYSE,common_stock,0000821130
ADAC,American Drive Acquisition Company - Class A Ordinary Shares,NASDAQ,common_stock,0002083002
ADAG,"Adagene Inc. - ADS, each representing 1.25 ordinary shares",NASDAQ,common_stock,0001818838
ADAM,"Adamas Trust, Inc. - Common Stock",NASDAQ,common_stock,0001273685
ADBE,Adobe Inc. - Common Stock,NASDAQ,common_stock,0000796343
ADC,Agree Realty Corporation Common Stock,NYSE,common_stock,0000917251
ADCT,ADC Therapeutics SA Common Shares,NYSE,common_stock,0001771910
ADEA,Adeia Inc.  - Common Stock,NASDAQ,common_stock,0001803696
ADGM,"Adagio Medical Holdings, Inc - Common Stock",NASDAQ,common_stock,0002006986
ADI,"Analog Devices, Inc. - Common Stock",NASDAQ,common_stock,0000006281
ADIG,ADI Global Distribution Inc. Common Stock,NYSE,common_stock,0002105139
ADIL,"Adial Pharmaceuticals, Inc - Common Stock",NASDAQ,common_stock,0001513525
ADM,Archer-Daniels-Midland Company Common Stock,NYSE,common_stock,0000007084
ADMA,ADMA Biologics Inc - Common Stock,NASDAQ,common_stock,0001368514
ADNT,Adient plc Ordinary Shares,NYSE,common_stock,0001670541
ADP,"Automatic Data Processing, Inc. - Common Stock",NASDAQ,common_stock,0000008670
ADPT,Adaptive Biotechnologies Corporation - Common Stock,NASDAQ,common_stock,0001478320
ADSE,ADS-TEC ENERGY PLC - Ordinary Shares,NASDAQ,common_stock,0001879248
ADSK,"Autodesk, Inc. - Common Stock",NASDAQ,common_stock,0000769397
ADT,ADT Inc. Common Stock,NYSE,common_stock,0001703056
ADTN,"ADTRAN Holdings, Inc. - Common Stock",NASDAQ,common_stock,0000926282
ADUR,Aduro Clean Technologies Inc. - Common Stock,NASDAQ,common_stock,0001863934
ADUS,Addus HomeCare Corporation - Common Stock,NASDAQ,common_stock,0001468328
ADV,Advantage Solutions Inc.  - Class A Common Stock,NASDAQ,common_stock,0001776661
ADVB,Advanced Biomed Inc. - Common Stock,NASDAQ,common_stock,0001941029
ADX,Adams Diversified Equity Fund Inc.,NYSE,common_stock,0000002230
ADXN,Addex Therapeutics Ltd - American Depositary Shares,NASDAQ,common_stock,0001574232
AEAQ,Activate Energy Acquisition Corp. - Class A Ordinary Share,NASDAQ,common_stock,0002083689
AEBI,Aebi Schmidt Holding AG - Common Stock,NASDAQ,common_stock,0002048519
AEC,Anfield Energy Inc. - Common Shares,NASDAQ,common_stock,0001519469
AEE,Ameren Corporation Common Stock,NYSE,common_stock,0001002910
AEF,"abrdn Emerging Markets ex-China Fund, Inc. Common Stock",NYSE American,common_stock,0000846676
AEG,Aegon Ltd. New York Registry Shares,NYSE,common_stock,0000769218
AEHL,Antelope Enterprise Holdings Limited - Class A Ordinary Shares,NASDAQ,common_stock,0001470683
AEHR,Aehr Test Systems - Common Stock,NASDAQ,common_stock,0001040470
AEI,Alset Inc. - Common Stock,NASDAQ,common_stock,0001750106
AEIS,"Advanced Energy Industries, Inc. - Common Stock",NASDAQ,common_stock,0000927003
AEM,Agnico Eagle Mines Limited Common Stock,NYSE,common_stock,0000002809
AEMD,"Aethlon Medical, Inc. - Common Stock",NASDAQ,common_stock,0000882291
AENT,Alliance Entertainment Holding Corporation - common stock,NASDAQ,common_stock,0001823584
AEO,"American Eagle Outfitters, Inc. Common Stock",NYSE,common_stock,0000919012
AEON,"AEON Biopharma, Inc. Class A Common Stock",NYSE American,common_stock,0001837607
AEP,"American Electric Power Company, Inc. - Common Stock",NASDAQ,common_stock,0000004904
AER,AerCap Holdings N.V. Ordinary Shares,NYSE,common_stock,0001378789
AERO,"Grupo Aeromexico, S.A.B. de C.V. American Depositary Shares (each representing ten (10) Common Shares)",NYSE,common_stock,0001561861
AERT,"Aeries Technology, Inc. - Class A Ordinary Share",NASDAQ,common_stock,0001853044
AES,The AES Corporation Common Stock,NYSE,common_stock,0000874761
AESI,Atlas Energy Solutions Inc. Common Stock,NYSE,common_stock,0001984060
AESP,Aeon Acquisition I Corp. - Class A Ordinary Shares,NASDAQ,common_stock,0002082526
AEVA,"Aeva Technologies, Inc. - Common Stock",NASDAQ,common_stock,0001789029
AEXA,American Exceptionalism Acquisition Corp. A Class A Ordinary Shares,NYSE,common_stock,0002079173
AEYE,"AudioEye, Inc. - Common Stock",NASDAQ,common_stock,0001362190
AFB,AllianceBernstein National Municipal Income Fund Inc,NYSE,common_stock,0001162027
AFCG,Advanced Flower Capital Inc. - Common Stock,NASDAQ,common_stock,0001822523
AFG,"American Financial Group, Inc. Common Stock",NYSE,common_stock,0001042046
AFJK,"Aimei Health Technology Co., Ltd - Ordinary Share",NASDAQ,common_stock,0001979005
AFL,AFLAC Incorporated Common Stock,NYSE,common_stock,0000004977
AFRI,Forafric Global PLC - Ordinary Shares,NASDAQ,common_stock,0001903870
AFRM,"Affirm Holdings, Inc. - Class A Common Stock",NASDAQ,common_stock,0001820953
AFYA,Afya Limited - Class A Common Shares,NASDAQ,common_stock,0001771007
AG,First Majestic Silver Corp. Ordinary Shares (Canada),NYSE,common_stock,0001308648
AGBK,AGI Inc Class A Common Shares,NYSE,common_stock,0002081206
AGCC,Agencia Comercial Spirits Ltd - Class A Ordinary Share,NASDAQ,common_stock,0002060016
AGCO,AGCO Corporation Common Stock,NYSE,common_stock,0000880266
AGD,abrdn Global Dynamic Dividend Fund Common Shares of Beneficial Interest,NYSE,common_stock,0001362481
AGEN,Agenus Inc. - Common Stock,NASDAQ,common_stock,0001098972
AGI,Alamos Gold Inc. Class A Common Shares,NYSE,common_stock,0001178819
AGIG,Abundia Global Impact Group Inc. Common stock,NYSE American,common_stock,0001156041
AGIO,"Agios Pharmaceuticals, Inc. - Common Stock",NASDAQ,common_stock,0001439222
AGL,"agilon health, inc. Common Stock",NYSE,common_stock,0001831097
AGM,Federal Agricultural Mortgage Corporation Common Stock,NYSE,common_stock,0000845877
AGM.A,Federal Agricultural Mortgage Corporation Common Stock,NYSE,common_stock,0000845877
AGMB,AgomAb Therapeutics NV - ADRs representing one common share.,NASDAQ,common_stock,0002020932
AGMH,AGM Group Holdings Inc. - Class A Ordinary Shares,NASDAQ,common_stock,0001705402
AGNC,AGNC Investment Corp. - Common Stock,NASDAQ,common_stock,0001423689
AGNT,"AGNT, Inc. - Common Stock",NASDAQ,common_stock,0001495932
AGO,Assured Guaranty Ltd. Common Stock,NYSE,common_stock,0001273813
AGPU,Axe Compute Inc. - Common Stock,NASDAQ,common_stock,0001446159
AGRO,Adecoagro S.A. Common Shares,NYSE,common_stock,0001499505
AGRZ,Agroz Inc. - Class A Ordinary Shares,NASDAQ,common_stock,0002009233
AGX,"Argan, Inc. Common Stock",NYSE,common_stock,0000100591
AGYS,"Agilysys, Inc. - Common Stock",NASDAQ,common_stock,0000078749
AHCO,AdaptHealth Corp.  - Common Stock,NASDAQ,common_stock,0001725255
AHG,Akso Health Group - American Depositary Shares,NASDAQ,common_stock,0001702318
AHMA,Ambitions Enterprise Management Co. L.L.C - Class A Ordinary Shares,NASDAQ,common_stock,0002010959
AHR,"American Healthcare REIT, Inc. Common Stock",NYSE,common_stock,0001632970
AHRT,"AH Realty Trust, Inc. Common Stock",NYSE,common_stock,0001569187
AHT,Ashford Hospitality Trust Inc Common Stock,NYSE,common_stock,0001232582
AI,"C3.ai, Inc. Class A Common Stock",NYSE,common_stock,0001577526
AIAI,AIAI Holdings Corporation - Class A common stock,NASDAQ,common_stock,0002096362
AIB,AIB Data Centers Inc. Common Stock,NYSE American,common_stock,0002070542
AIBZ,Bitzero Holdings Inc. - Common Shares,NASDAQ,common_stock,0002100457
AIDX,"20/20 Biolabs, Inc. - Common Stock",NASDAQ,common_stock,0001139685
AIFA,"All In FutureTech Alliance, Inc. - Common Stock",NASDAQ,common_stock,0001708341
AIFC,AI Financial Corporation - Common Stock,NASDAQ,common_stock,0000862861
AIFF,"Firefly Neuroscience, Inc.  - Common Stock",NASDAQ,common_stock,0000803578
AIFU,AIFU Inc. - Class A Ordinary Share,NASDAQ,common_stock,0001413855
AIG,"American International Group, Inc. New Common Stock",NYSE,common_stock,0000005272
AIHS,Senmiao Technology Limited - Common Stock,NASDAQ,common_stock,0001711012
AII,"American Integrity Insurance Group, Inc. Common Stock",NYSE,common_stock,0002007587
AIIA,AI Infrastructure Acquisition Corp. Class A Ordinary Shares,NYSE,common_stock,0002073553
AIIO,Robo.ai Inc. - Class B Ordinary Shares,NASDAQ,common_stock,0001932737
AIIR,Air Global PLC - Ordinary shares,NASDAQ,common_stock,0002097725
AIM,AIM ImmunoTech Inc. Common Stock,NYSE American,common_stock,0000946644
AIMD,"Ainos, Inc. - Common Stock",NASDAQ,common_stock,0001014763
AIN,Albany International Corporation Common Stock,NYSE,common_stock,0000819793
AIO,Virtus Artificial Intelligence & Technology Opportunities Fund Common Shares of Beneficial Interest,NYSE,common_stock,0001778114
AIOS,AIOS Tech Inc. - Class A Common Shares,NASDAQ,common_stock,0001603993
AIOT,"PowerFleet, Inc. - Common Stock",NASDAQ,common_stock,0001774170
AIP,"Arteris, Inc.  - Common Stock",NASDAQ,common_stock,0001667011
AIR,AAR Corp. Common Stock,NYSE,common_stock,0000001750
AIRE,reAlpha Tech Corp. - Common Stock,NASDAQ,common_stock,0001859199
AIRG,"Airgain, Inc. - Common Stock",NASDAQ,common_stock,0001272842
AIRI,Air Industries Group Common Stock,NYSE American,common_stock,0001009891
AIRJ,AirJoule Technologies Corporation - Class A Common Stock,NASDAQ,common_stock,0001855474
AIRO,"AIRO Group Holdings, Inc. - Common Stock",NASDAQ,common_stock,0001927958
AIRS,"AirSculpt Technologies, Inc. - Common Stock",NASDAQ,common_stock,0001870940
AIRT,"Air T, Inc. - Common Stock",NASDAQ,common_stock,0000353184
AISP,"Airship AI Holdings, Inc - Class A Common Stock",NASDAQ,common_stock,0001842566
AIT,"Applied Industrial Technologies, Inc. Common Stock",NYSE,common_stock,0000109563
AIV,Apartment Investment and Management Company Common Stock,NYSE,common_stock,0000922864
AIXC,"AIxCrypto Holdings, Inc. - Common Stock",NASDAQ,common_stock,0001460702
AIXI,XIAO-I Corporation - American Depositary Shares,NASDAQ,common_stock,0001935172
AIZ,"Assurant, Inc. Common Stock",NYSE,common_stock,0001267238
AJG,Arthur J. Gallagher & Co. Common Stock,NYSE,common_stock,0000354190
AKA,a.k.a. Brands Holding Corp. Common Stock,NYSE,common_stock,0001865107
AKAM,"Akamai Technologies, Inc. - Common Stock",NASDAQ,common_stock,0001086222
AKAN,Akanda Corp. - Common Shares,NASDAQ,common_stock,0001888014
AKBA,"Akebia Therapeutics, Inc. - Common Stock",NASDAQ,common_stock,0001517022
AKO.A,Embotelladora Andina S.A. Common Stock,NYSE,common_stock,0000925261
AKO.B,Embotelladora Andina S.A. Common Stock,NYSE,common_stock,0000925261
AKR,Acadia Realty Trust Common Stock,NYSE,common_stock,0000899629
AKTS,"Aktis Oncology, Inc. - Common stock",NASDAQ,common_stock,0002035832
AKTX,Akari Therapeutics Plc - American Depositary Shares,NASDAQ,common_stock,0001541157
ALAB,"Astera Labs, Inc. - Common Stock",NASDAQ,common_stock,0001736297
ALAR,Alarum Technologies Ltd. - American Depositary Shares,NASDAQ,common_stock,0001725332
ALB,Albemarle Corporation Common Stock,NYSE,common_stock,0000915913
ALC,Alcon Inc. Ordinary Shares,NYSE,common_stock,0001167379
ALCO,"Alico, Inc. - Common Stock",NASDAQ,common_stock,0000003545
ALDF,Aldel Financial II Inc. - Class A Ordinary Shares,NASDAQ,common_stock,0002031561
ALDX,"Aldeyra Therapeutics, Inc. - Common Stock",NASDAQ,common_stock,0001341235
ALEC,"Alector, Inc. - Common Stock",NASDAQ,common_stock,0001653087
ALF,Centurion Acquisition Corp. - Class A Ordinary Shares,NASDAQ,common_stock,0002010930
ALG,"Alamo Group, Inc. Common Stock",NYSE,common_stock,0000897077
ALGM,"Allegro MicroSystems, Inc. - Common Stock",NASDAQ,common_stock,0000866291
ALGN,"Align Technology, Inc. - Common Stock",NASDAQ,common_stock,0001097149
ALGS,"Aligos Therapeutics, Inc. - Common stock",NASDAQ,common_stock,0001799448
ALGT,Allegiant Travel Company - Common Stock,NASDAQ,common_stock,0001362468
ALH,Alliance Laundry Holdings Inc. Common Stock,NYSE,common_stock,0001317685
ALHC,"Alignment Healthcare, Inc. - Common Stock",NASDAQ,common_stock,0001832466
ALIS,Calisa Acquisition Corp - Ordinary shares,NASDAQ,common_stock,0002026767
ALIT,"Alight, Inc. Class A Common Stock",NYSE,common_stock,0001809104
ALK,"Alaska Air Group, Inc. Common Stock",NYSE,common_stock,0000766421
ALKS,Alkermes plc - Ordinary Shares,NASDAQ,common_stock,0001520262
ALKT,"Alkami Technology, Inc. - Common Stock",NASDAQ,common_stock,0001529274
ALL,Allstate Corporation (The) Common Stock,NYSE,common_stock,0000899051
ALLE,Allegion plc Ordinary Shares,NYSE,common_stock,0001579241
ALLO,"Allogene Therapeutics, Inc. - Common Stock",NASDAQ,common_stock,0001737287
ALLR,"Allarity Therapeutics, Inc. - Common stock",NASDAQ,common_stock,0001860657
ALLT,Allot Ltd. - Ordinary Shares,NASDAQ,common_stock,0001365767
ALLY,Ally Financial Inc. Common Stock,NYSE,common_stock,0000040729
ALM,Almonty Industries Inc. - Common Shares,NASDAQ,common_stock,0001670061
ALMR,"Alamar Biosciences, Inc. - Class A common stock",NASDAQ,common_stock,0002104204
ALMS,Alumis Inc. - Common Stock,NASDAQ,common_stock,0001847367
ALMU,"Aeluma, Inc. - Common Stock",NASDAQ,common_stock,0001828805
ALNT,Allient Inc. - Common Stock,NASDAQ,common_stock,0000046129
ALNY,"Alnylam Pharmaceuticals, Inc. - Common Stock",NASDAQ,common_stock,0001178670
ALOT,"AstroNova, Inc. - Common Stock",NASDAQ,common_stock,0000008146
ALOV,"Aldabra 4 Liquidity Opportunity Vehicle, Inc. - Class A Ordinary Shares",NASDAQ,common_stock,0002083989
ALOY,REalloys Inc. - Common Stock,NASDAQ,common_stock,0001567900
ALP,Alpha Compute Corp  - Common Stock,NASDAQ,common_stock,0001095435
ALPS,ALPS Group Inc - Ordinary Share,NASDAQ,common_stock,0002025774
ALPX,Alpex Acquisition Corporation - Class A Ordinary Shares,NASDAQ,common_stock,0002125551
ALRM,"Alarm.com Holdings, Inc. - Common Stock",NASDAQ,common_stock,0001459200
ALRS,Alerus Financial Corporation - Common Stock,NASDAQ,common_stock,0000903419
ALSN,"Allison Transmission Holdings, Inc. Common Stock",NYSE,common_stock,0001411207
ALT,"Altimmune, Inc. - Common Stock",NASDAQ,common_stock,0001326190
ALTG,Alta Equipment Group Inc. Class A Common Stock,NYSE,common_stock,0001759824
ALTI,"AlTi Global, Inc. - Class A Common Stock",NASDAQ,common_stock,0001838615
ALTO,"Alto Ingredients, Inc. - Common Stock",NASDAQ,common_stock,0000778164
ALUB,Alussa Energy Acquisition Corp. II Class A Ordinary Shares,NYSE,common_stock,0002041493
ALV,"Autoliv, Inc. Common Stock",NYSE,common_stock,0001034670
ALVO,Alvotech - Ordinary Shares,NASDAQ,common_stock,0001898416
ALX,"Alexander's, Inc. Common Stock",NYSE,common_stock,0000003499
ALXO,ALX Oncology Holdings Inc. - Common Stock,NASDAQ,common_stock,0001810182
ALZN,"Alzamend Neuro, Inc. - Common Stock",NASDAQ,common_stock,0001677077
AM,Antero Midstream Corporation Common Stock,NYSE,common_stock,0001623925
AMAL,Amalgamated Financial Corp. - Common Stock,NASDAQ,common_stock,0001823608
AMAN,Amanat Acquisition Corp - Class A Ordinary Shares,NASDAQ,common_stock,0002112457
AMAT,"Applied Materials, Inc. - Common Stock",NASDAQ,common_stock,0000006951
AMBA,"Ambarella, Inc. - Ordinary Shares",NASDAQ,common_stock,0001280263
AMBO,Ambow Education Holding Ltd. American Depository Shares (each representing twenty (20) Class A Ordinary Shares),NYSE American,common_stock,0001494558
AMBP,Ardagh Metal Packaging S.A. Ordinary Shares,NYSE,common_stock,0001845097
AMBQ,"Ambiq Micro, Inc. Common Stock",NYSE,common_stock,0001500412
AMBR,Amber International Holding Limited - American Depositary Shares,NASDAQ,common_stock,0001697818
AMC,"AMC Entertainment Holdings, Inc. Class A Common Stock",NYSE,common_stock,0001411579
AMCI,AMC Robotics Corporation - Common Stock,NASDAQ,common_stock,0001937891
AMCR,Amcor plc Ordinary Shares,NYSE,common_stock,0001748790
AMCX,AMC Global Media Inc. - Class A Common Stock,NASDAQ,common_stock,0001514991
AMD,"Advanced Micro Devices, Inc. - Common Stock",NASDAQ,common_stock,0000002488
AME,"AMETEK, Inc.",NYSE,common_stock,0001037868
AMG,"Affiliated Managers Group, Inc. Common Stock",NYSE,common_stock,0001004434
AMGN,Amgen Inc. - Common Stock,NASDAQ,common_stock,0000318154
AMH,American Homes 4 Rent Common Shares of Beneficial Interest,NYSE,common_stock,0001562401
AMIX,"Autonomix Medical, Inc. - Common Stock",NASDAQ,common_stock,0001617867
AMKR,"Amkor Technology, Inc. - Common Stock",NASDAQ,common_stock,0001047127
AMLX,"Amylyx Pharmaceuticals, Inc. - Common Stock",NASDAQ,common_stock,0001658551
AMN,AMN Healthcare Services Inc,NYSE,common_stock,0001142750
AMOD,"Alpha Modus Holdings, Inc. - Class A Common Stock",NASDAQ,common_stock,0001862463
AMP,"Ameriprise Financial, Inc. Common Stock",NYSE,common_stock,0000820027
AMPG,"Amplitech Group, Inc. - Common Stock",NASDAQ,common_stock,0001518461
AMPH,"Amphastar Pharmaceuticals, Inc. - Common Stock",NASDAQ,common_stock,0001297184
AMPL,"Amplitude, Inc. - Class A Common Stock",NASDAQ,common_stock,0001866692
AMPX,"Amprius Technologies, Inc. Common Stock",NYSE,common_stock,0001899287
AMPY,Amplify Energy Corp. Common Stock,NYSE,common_stock,0001533924
AMR,"Alpha Metallurgical Resources, Inc. Common Stock",NYSE,common_stock,0001704715
AMRC,"Ameresco, Inc. Class A Common Stock",NYSE,common_stock,0001488139
AMRN,Amarin Corporation plc - American Depositary Shares,NASDAQ,common_stock,0000897448
AMRX,"Amneal Pharmaceuticals, Inc. - Class A Common Stock",NASDAQ,common_stock,0001723128
AMRZ,Amrize Ltd Ordinary Shares,NYSE,common_stock,0002035989
AMS,American Shared Hospital Services Common Stock,NYSE American,common_stock,0000744825
AMSC,American Superconductor Corporation - Common Stock,NASDAQ,common_stock,0000880807
AMSF,"AMERISAFE, Inc. - Common Stock",NASDAQ,common_stock,0001018979
AMSS,AMASS Brands Inc. - Common Stock,NASDAQ,common_stock,0001851491
AMST,Amesite Inc. - Common Stock,NASDAQ,common_stock,0001807166
AMT,American Tower Corporation (REIT) Common Stock,NYSE,common_stock,0001053507
AMTB,Amerant Bancorp Inc. Class A Common Stock,NYSE,common_stock,0001734342
AMTD,"AMTD IDEA Group American Depositary Shares, each representing six (6) Class A Ordinary Shares",NYSE,common_stock,0001769731
AMTM,"Amentum Holdings, Inc. Common Stock",NYSE,common_stock,0002011286
AMTX,"Aemetis, Inc - Common Stock",NASDAQ,common_stock,0000738214
AMUB,"ETRACS Alerian MLP Index ETN Series B due July 18, 2042",NYSE Arca,common_stock,0001114446
AMWL,American Well Corporation Class A Common Stock,NYSE,common_stock,0001393584
AMZE,"Amaze Holdings, Inc. Common Stock",NYSE American,common_stock,0001880343
AMZN,"Amazon.com, Inc. - Common Stock",NASDAQ,common_stock,0001018724
AN,"AutoNation, Inc. Common Stock",NYSE,common_stock,0000350698
ANAB,"AnaptysBio, Inc. - Common Stock",NASDAQ,common_stock,0001370053
ANDE,"The Andersons, Inc. - Common Stock",NASDAQ,common_stock,0000821026
ANDG,Andersen Group Inc. Class A Common Stock,NYSE,common_stock,0002065708
ANET,"Arista Networks, Inc. Common Stock",NYSE,common_stock,0001596532
ANF,Abercrombie & Fitch Company Common Stock,NYSE,common_stock,0001018840
ANGH,Anghami Inc. - Ordinary Shares,NASDAQ,common_stock,0001871983
ANGI,Angi Inc. - Class A Common Stock,NASDAQ,common_stock,0001705110
ANGO,"AngioDynamics, Inc. - Common Stock",NASDAQ,common_stock,0001275187
ANGX,"Angel Studios, Inc. Class A Common Stock",NYSE,common_stock,0001865200
ANIK,Anika Therapeutics Inc. - Common Stock,NASDAQ,common_stock,0000898437
ANIP,"ANI Pharmaceuticals, Inc. - Common Stock",NASDAQ,common_stock,0001023024
ANIX,"Anixa Biosciences, Inc. - Common Stock",NASDAQ,common_stock,0000715446
ANL,Adlai Nortye Group Ltd. - American Depositary Shares,NASDAQ,common_stock,0001944552
ANNA,"AleAnna, Inc. - Class A Common Stock",NASDAQ,common_stock,0001845123
ANNX,"Annexon, Inc. - common stock",NASDAQ,common_stock,0001528115
ANPA,Rich Sparkle Holdings Limited - Ordinary Shares,NASDAQ,common_stock,0002031688
ANRO,"Alto Neuroscience, Inc. Common Stock",NYSE,common_stock,0001999480
ANTA,Antalpha Platform Holding Company - Class A Ordinary Shares,NASDAQ,common_stock,0002044255
ANTX,"AN2 Therapeutics, Inc. - Common Stock",NASDAQ,common_stock,0001880438
ANVS,"Annovis Bio, Inc. Common Stock",NYSE,common_stock,0001477845
ANY,Sphere 3D Corp. - Common Shares,NASDAQ,common_stock,0001591956
AOD,abrdn Total Dynamic Dividend Fund Common Shares of Beneficial Interest,NYSE,common_stock,0001379400
AOMR,"Angel Oak Mortgage REIT, Inc. Common Stock",NYSE,common_stock,0001766478
AON,Aon plc Class A Ordinary Shares (Ireland),NYSE,common_stock,0000315293
AORT,"Artivion, Inc. Common Stock",NYSE,common_stock,0000784199
AOS,A.O. Smith Corporation Common Stock,NYSE,common_stock,0000091142
AOSL,Alpha and Omega Semiconductor Limited - Common Shares,NASDAQ,common_stock,0001387467
AOUT,"American Outdoor Brands, Inc. - Common Stock",NASDAQ,common_stock,0001808997
AP,Ampco-Pittsburgh Corporation Common Stock,NYSE,common_stock,0000006176
APA,APA Corporation - Common Stock,NASDAQ,common_stock,0001841666
APAC,StoneBridge Acquisition II Corporation - Class A Ordinary Shares,NASDAQ,common_stock,0002043630
APAM,Artisan Partners Asset Management Inc. Class A Common Stock,NYSE,common_stock,0001517302
APC,ARKO Petroleum Corp. - Class A Common Stock,NASDAQ,common_stock,0002080921
APD,"Air Products and Chemicals, Inc. Common Stock",NYSE,common_stock,0000002969
APEI,"American Public Education, Inc. - Common Stock",NASDAQ,common_stock,0001201792
APG,APi Group Corporation Common Stock,NYSE,common_stock,0001796209
APGE,"Apogee Therapeutics, Inc. - Common Stock",NASDAQ,common_stock,0001974640
APH,Amphenol Corporation Common Stock,NYSE,common_stock,0000820313
API,"Agora, Inc. - ADS",NASDAQ,common_stock,0001802883
APLD,Applied Digital Corporation - Common Stock,NASDAQ,common_stock,0001144879
APLE,"Apple Hospitality REIT, Inc. Common Shares",NYSE,common_stock,0001418121
APLM,Apollomics Inc. - Class A Ordinary Shares,NASDAQ,common_stock,0001944885
APMC,AmperCap Acquisition Company - Ordinary Shares,NASDAQ,common_stock,0002101393
APMD,"Apnimed, Inc. - Common Stock",NASDAQ,common_stock,0001745648
APO,"Apollo Global Management, Inc. (New) Common Stock",NYSE,common_stock,0001858681
APOG,"Apogee Enterprises, Inc. - Common Stock",NASDAQ,common_stock,0000006845
APP,Applovin Corporation - Class A Common Stock,NASDAQ,common_stock,0001751008
APPF,"AppFolio, Inc. - Class A Common Stock",NASDAQ,common_stock,0001433195
APPN,Appian Corporation - Class A Common Stock,NASDAQ,common_stock,0001441683
APPS,"Digital Turbine, Inc. - Common Stock",NASDAQ,common_stock,0000317788
APRE,"Aprea Therapeutics, Inc. - Common Stock",NASDAQ,common_stock,0001781983
APT,"Alpha Pro Tech, Ltd. Common Stock",NYSE American,common_stock,0000884269
APTV,Aptiv PLC Ordinary Shares,NYSE,common_stock,0001521332
APUR,Aperture AC - Class A Ordinary Shares,NASDAQ,common_stock,0002093524
APUS,"Apimeds Pharmaceuticals US, Inc. Common Stock",NYSE American,common_stock,0001894525
APVO,Aptevo Therapeutics Inc. - Common Stock,NASDAQ,common_stock,0001671584
APWC,"Asia Pacific Wire & Cable Corporation Limited  - Common shares, Par value .01 per share",NASDAQ,common_stock,0001026980
APXT,Apex Treasury Corporation - Class A Ordinary Share,NASDAQ,common_stock,0002079253
APYX,Apyx Medical Corporation - Common Stock,NASDAQ,common_stock,0000719135
AQB,"AquaBounty Technologies, Inc. - Common Stock",NASDAQ,common_stock,0001603978
AQMS,"Aqua Metals, Inc. - Common Stock",NASDAQ,common_stock,0001621832
AQN,Algonquin Power & Utilities Corp. Common Shares,NYSE,common_stock,0001174169
AQST,"Aquestive Therapeutics, Inc. - Common Stock",NASDAQ,common_stock,0001398733
AR,Antero Resources Corporation Common Stock,NYSE,common_stock,0001433270
ARAI,Arrive AI Inc. - Common Stock,NASDAQ,common_stock,0001818274
ARAY,Accuray Incorporated - Common Stock,NASDAQ,common_stock,0001138723
ARBB,ARB IOT Group Limited - Ordinary Shares,NASDAQ,common_stock,0001930179
ARBE,Arbe Robotics Ltd. - Ordinary Shares,NASDAQ,common_stock,0001861841
ARBK,Argo Blockchain plc - American Depositary Shares,NASDAQ,common_stock,0001841675
ARCB,ArcBest Corporation - Common Stock,NASDAQ,common_stock,0000894405
ARCC,Ares Capital Corporation - Closed End Fund,NASDAQ,common_stock,0001287750
ARCI,Archimedes Tech SPAC Partners III Co. - Ordinary Share,NASDAQ,common_stock,0002083910
ARCL,ARC Group Acquisition I Corp - Class A Ordinary Shares,NASDAQ,common_stock,0002073515
ARCO,Arcos Dorados Holdings Inc. Class A Shares,NYSE,common_stock,0001508478
ARCT,Arcturus Therapeutics Holdings Inc. - Common Stock,NASDAQ,common_stock,0001768224
ARDC,"Ares Dynamic Credit Allocation Fund, Inc. Common Shares",NYSE,common_stock,0001515324
ARDT,"Ardent Health, Inc. Common Stock",NYSE,common_stock,0001756655
ARDX,"Ardelyx, Inc. - Common Stock",NASDAQ,common_stock,0001437402
ARE,"Alexandria Real Estate Equities, Inc. Common Stock",NYSE,common_stock,0001035443
AREC,American Resources Corporation - Class A Common Stock,NASDAQ,common_stock,0001590715
AREN,"The Arena Group Holdings, Inc. Common Stock",NYSE American,common_stock,0000894871
ARES,Ares Management Corporation Class A Common Stock,NYSE,common_stock,0001176948
ARGX,argenx SE - American Depositary Shares,NASDAQ,common_stock,0001697862
ARHS,"Arhaus, Inc. - Class A Common Stock",NASDAQ,common_stock,0001875444
ARI,"Apollo Commercial Real Estate Finance, Inc",NYSE,common_stock,0001467760
ARIS,Aris Mining Corporation Common Shares,NYSE,common_stock,0001964504
ARKO,ARKO Corp. - Common Stock,NASDAQ,common_stock,0001823794
ARKR,Ark Restaurants Corp. - Common Stock,NASDAQ,common_stock,0000779544
ARL,"American Realty Investors, Inc. Common Stock",NYSE,common_stock,0001102238
ARLO,"Arlo Technologies, Inc. Common Stock",NYSE,common_stock,0001736946
ARM,Arm Holdings plc - American Depositary Shares,NASDAQ,common_stock,0001973239
ARMK,Aramark Common Stock,NYSE,common_stock,0001584509
ARMP,"Armata Pharmaceuticals, Inc. Common Stock",NYSE American,common_stock,0000921114
AROC,"Archrock, Inc. Common Stock",NYSE,common_stock,0001389050
AROW,Arrow Financial Corporation - Common Stock,NASDAQ,common_stock,0000717538
ARQ,"Arq, Inc. - Common Stock",NASDAQ,common_stock,0001515156
ARQQ,Arqit Quantum Inc. - Ordinary Shares,NASDAQ,common_stock,0001859690
ARQT,"Arcutis Biotherapeutics, Inc. - Common stock",NASDAQ,common_stock,0001787306
ARR,"ARMOUR Residential REIT, Inc.",NYSE,common_stock,0001428205
ARRY,"Array Technologies, Inc. - Common Stock",NASDAQ,common_stock,0001820721
ARTC,Art Technology Acquisition Corp. - Class A Ordinary Shares,NASDAQ,common_stock,0002086545
ARTL,"Artelo Biosciences, Inc. - Common Stock",NASDAQ,common_stock,0001621221
ARTNA,Artesian Resources Corporation - Class A Non-Voting Common Stock,NASDAQ,common_stock,0000863110
ARTV,"Artiva Biotherapeutics, Inc. - Common Stock",NASDAQ,common_stock,0001817241
ARTW,"Art's-Way Manufacturing Co., Inc. - Common Stock",NASDAQ,common_stock,0000007623
ARVN,"Arvinas, Inc. - Common Stock",NASDAQ,common_stock,0001655759
ARW,"Arrow Electronics, Inc. Common Stock",NYSE,common_stock,0000007536
ARWR,"Arrowhead Pharmaceuticals, Inc. - Common Stock",NASDAQ,common_stock,0000879407
ARX,Accelerant Holdings Class A Common Shares,NYSE,common_stock,0001997350
ARXS,"Arxis, Inc. - Class A Common Stock",NASDAQ,common_stock,0002093536
AS,"Amer Sports, Inc. Ordinary Shares",NYSE,common_stock,0001988894
ASA,ASA  Gold and Precious Metals Limited,NYSE,common_stock,0001230869
ASAN,"Asana, Inc. Class A Common Stock",NYSE,common_stock,0001477720
ASB,Associated Banc-Corp Common Stock,NYSE,common_stock,0000007789
ASBP,"Aspire Biopharma Holdings, Inc.  - Common Stock",NASDAQ,common_stock,0001847345
ASC,Ardmore Shipping Corporation Common Stock,NYSE,common_stock,0001577437
ASG,"Liberty All-Star Growth Fund, Inc.",NYSE,common_stock,0000786035
ASGI,abrdn Global Infrastructure Income Fund Common Shares of Beneficial Interest,NYSE,common_stock,0001793855
ASH,Ashland Inc. Common Stock,NYSE,common_stock,0001674862
ASIC,Ategrity Specialty Insurance Company Holdings Common Stock,NYSE,common_stock,0002040491
ASIX,AdvanSix Inc. Common Stock,NYSE,common_stock,0001673985
ASLE,AerSale Corporation - Common Stock,NASDAQ,common_stock,0001754170
ASM,Avino Silver & Gold Mines Ltd. Common Shares (Canada),NYSE American,common_stock,0000316888
ASMB,"Assembly Biosciences, Inc. - Common Stock",NASDAQ,common_stock,0001426800
ASML,ASML Holding N.V. - New York Registry Shares,NASDAQ,common_stock,0000937966
ASND,Ascendis Pharma A/S - Ordinary Share,NASDAQ,common_stock,0001612042
ASO,"Academy Sports and Outdoors, Inc. - Common Stock",NASDAQ,common_stock,0001817358
ASPC,A SPAC III Acquisition Corp. - Class A Ordinary Shares,NASDAQ,common_stock,0001890361
ASPI,ASP Isotopes Inc. - Common Stock,NASDAQ,common_stock,0001921865
ASPN,"Aspen Aerogels, Inc. Common Stock",NYSE,common_stock,0001145986
ASPS,Altisource Portfolio Solutions S.A. - Common Stock,NASDAQ,common_stock,0001462418
ASR,"Grupo Aeroportuario del Sureste, S.A. de C.V. Common Stock",NYSE,common_stock,0001123452
ASRV,AmeriServ Financial Inc. - Common Stock,NASDAQ,common_stock,0000707605
ASST,"Strive, Inc. - Class A Common Stock",NASDAQ,common_stock,0001920406
ASTC,Astrotech Corporation - Common Stock,NASDAQ,common_stock,0001001907
ASTE,"Astec Industries, Inc. - Common Stock",NASDAQ,common_stock,0000792987
ASTH,Astrana Health Inc. - Common Stock,NASDAQ,common_stock,0001083446
ASTI,"Ascent Solar Technologies, Inc - Common Stock",NASDAQ,common_stock,0001350102
ASTL,Algoma Steel Group Inc. - Common Shares,NASDAQ,common_stock,0001860805
ASTS,"AST SpaceMobile, Inc. - Class A Common Stock",NASDAQ,common_stock,0001780312
ASUR,Asure Software Inc - Common Stock,NASDAQ,common_stock,0000884144
ASX,"ASE Technology Holding Co., Ltd. American Depositary Shares (each representing Two Common Shares)",NYSE,common_stock,0001122411
ASYS,"Amtech Systems, Inc. - Common Stock",NASDAQ,common_stock,0000720500
ATAI,AtaiBeckley Inc. - Common Stock,NASDAQ,common_stock,0002081043
ATAT,Atour Lifestyle Holdings Limited - American Depositary Shares,NASDAQ,common_stock,0001853717
ATCH,"AtlasClear Holdings, Inc. Common Stock",NYSE American,common_stock,0001963088
ATCX,Atlas Critical Minerals Corporation - Common Stock,NASDAQ,common_stock,0001684688
ATEC,"Alphatec Holdings, Inc. - Common Stock",NASDAQ,common_stock,0001350653
ATEN,"A10 Networks, Inc. Common Stock",NYSE,common_stock,0001580808
ATER,"Aterian, Inc. - Common Stock",NASDAQ,common_stock,0001757715
ATEX,Anterix Inc. - Common Stock,NASDAQ,common_stock,0001304492
ATGL,Alpha Technology Group Limited - Class A Ordinary Shares,NASDAQ,common_stock,0001967621
ATHE,Alterity Therapeutics Limited - American Depositary Shares,NASDAQ,common_stock,0001131343
ATHM,"Autohome Inc. American Depositary Shares, each representing four class A ordinary shares.",NYSE,common_stock,0001527636
ATHR,"Aether Holdings, Inc. - Common Stock",NASDAQ,common_stock,0002026353
ATI,ATI Inc. Common Stock,NYSE,common_stock,0001018963
ATII,Archimedes Tech SPAC Partners II Co. - Ordinary Shares,NASDAQ,common_stock,0002028516
ATKR,Atkore Inc. Common Stock,NYSE,common_stock,0001666138
ATLC,Atlanticus Holdings Corporation - Common Stock,NASDAQ,common_stock,0001464343
ATLO,Ames National Corporation - Common Stock,NASDAQ,common_stock,0001132651
ATLX,Atlas Lithium Corporation - Common Stock,NASDAQ,common_stock,0001540684
ATMP,iPath Select MLP ETN,Cboe BZX,common_stock,0000312070
ATMU,Atmus Filtration Technologies Inc. Common Stock,NYSE,common_stock,0001921963
ATNI,"ATN International, Inc. - Common Stock",NASDAQ,common_stock,0000879585
ATNM,"Actinium Pharmaceuticals, Inc. (Delaware) Common Stock",NYSE American,common_stock,0001388320
ATO,Atmos Energy Corporation Common Stock,NYSE,common_stock,0000731802
ATOM,Atomera Incorporated - Common Stock,NASDAQ,common_stock,0001420520
ATOS,"Atossa Therapeutics, Inc. - Common Stock",NASDAQ,common_stock,0001488039
ATPC,Agape ATP Corporation - Common Stock,NASDAQ,common_stock,0001713210
ATR,"AptarGroup, Inc. Common Stock",NYSE,common_stock,0000896622
ATRA,"Atara Biotherapeutics, Inc. - Common Stock",NASDAQ,common_stock,0001604464
ATRC,"AtriCure, Inc. - Common Stock",NASDAQ,common_stock,0001323885
ATRO,Astronics Corporation - Common Stock,NASDAQ,common_stock,0000008063
ATS,ATS Corporation Common Shares,NYSE,common_stock,0001394832
ATTO,"Attovia Therapeutics, Inc. - Common Stock",NASDAQ,common_stock,0002058707
ATXG,Addentax Group Corp. - Common Stock,NASDAQ,common_stock,0001650101
ATYR,"aTyr Pharma, Inc. - Common Stock",NASDAQ,common_stock,0001339970
AU,AngloGold Ashanti PLC Ordinary Shares,NYSE,common_stock,0001973832
AUB,Atlantic Union Bankshares Corporation Common Stock,NYSE,common_stock,0000883948
AUBN,"Auburn National Bancorporation, Inc. - Common Stock",NASDAQ,common_stock,0000750574
AUC,ATIF Holdings Limited - Ordinary Shares,NASDAQ,common_stock,0001755058
AUDC,AudioCodes Ltd. - Ordinary Shares,NASDAQ,common_stock,0001086434
AUGO,Aura Minerals Inc. - Common Shares,NASDAQ,common_stock,0001468642
AUID,authID Inc. - Common Stock,NASDAQ,common_stock,0001534154
AUNA,Auna SA Class A Ordinary Shares,NYSE,common_stock,0001799207
AUPH,Aurinia Pharmaceuticals Inc - Common Shares,NASDAQ,common_stock,0001600620
AUR,"Aurora Innovation, Inc.  - Class A Common Stock",NASDAQ,common_stock,0001828108
AURA,"Aura Biosciences, Inc. - Common Stock",NASDAQ,common_stock,0001501796
AURE,Aurelion Inc.  - Class A Ordinary Shares,NASDAQ,common_stock,0001765850
AUST,Austin Gold Corp. Common Shares,NYSE American,common_stock,0001817740
AUTL,Autolus Therapeutics plc - American Depositary Shares,NASDAQ,common_stock,0001730463
AUUD,Auddia Inc. - Common Stock,NASDAQ,common_stock,0001554818
AVA,Avista Corporation Common Stock,NYSE,common_stock,0000104918
AVAH,Aveanna Healthcare Holdings Inc. - Common Stock,NASDAQ,common_stock,0001832332
AVAT,Avalanche Treasury Corporation - Class A Common Stock,NASDAQ,common_stock,0002092446
AVAV,"AeroVironment, Inc. - Common Stock",NASDAQ,common_stock,0001368622
AVBC,"Avidia Bancorp, Inc. Common Stock",NYSE,common_stock,0002058758
AVBH,"Avidbank Holdings, Inc. - Common Stock",NASDAQ,common_stock,0001443575
AVBP,"ArriVent BioPharma, Inc. - Common Stock",NASDAQ,common_stock,0001868279
AVD,American Vanguard Corporation Common Stock ($0.10 Par Value),NYSE,common_stock,0000005981
AVEX,AEVEX Corp. Class A Common Stock,NYSE,common_stock,0002096300
AVGO,Broadcom Inc. - Common Stock,NASDAQ,common_stock,0001730168
AVIR,"Atea Pharmaceuticals, Inc. - common stock",NASDAQ,common_stock,0001593899
AVK,Advent Convertible and Income Fund,NYSE,common_stock,0001219120
AVLN,Avalyn Pharma Inc. - common stock,NASDAQ,common_stock,0001540171
AVNT,Avient Corporation Common Stock,NYSE,common_stock,0001122976
AVNW,"Aviat Networks, Inc. - Common Stock",NASDAQ,common_stock,0001377789
AVO,"Mission Produce, Inc. - Common Stock",NASDAQ,common_stock,0001802974
AVPT,"AvePoint, Inc. - Class A Common Stock",NASDAQ,common_stock,0001777921
AVR,Anteris Technologies Global Corp. - Common Stock,NASDAQ,common_stock,0002011514
AVT,"Avnet, Inc. - Common Stock",NASDAQ,common_stock,0000008858
AVTR,"Avantor, Inc. Common Stock",NYSE,common_stock,0001722482
AVTX,"Avalo Therapeutics, Inc. - Common Stock",NASDAQ,common_stock,0001534120
AVX,Avax One Technology Ltd. - Common Shares,NASDAQ,common_stock,0001826397
AVXL,Anavex Life Sciences Corp. - Common Stock,NASDAQ,common_stock,0001314052
AVY,Avery Dennison Corporation Common Stock,NYSE,common_stock,0000008818
AWF,Alliancebernstein Global High Income Fund,NYSE,common_stock,0000906013
AWI,Armstrong World Industries Inc Common Stock,NYSE,common_stock,0000007431
AWK,"American Water Works Company, Inc. Common Stock",NYSE,common_stock,0001410636
AWP,abrdn Global Premier Properties Fund Common Shares of Beneficial Interest,NYSE,common_stock,0001390195
AWR,American States Water Company Common Stock,NYSE,common_stock,0001056903
AWRE,"Aware, Inc. - Common Stock",NASDAQ,common_stock,0001015739
AWX,Avalon Holdings Corporation Common Stock,NYSE American,common_stock,0001061069
AX,"Axos Financial, Inc. Common Stock",NYSE,common_stock,0001299709
AXG,Solowin Holdings - Class A Ordinary Share,NASDAQ,common_stock,0001959224
AXGN,"Axogen, Inc. - Common Stock",NASDAQ,common_stock,0000805928
AXIL,"AXIL Brands, Inc. Common Stock",NYSE American,common_stock,0001718500
AXIN,Axiom Intelligence Acquisition Corp 1 - Class A Ordinary Shares,NASDAQ,common_stock,0002057030
AXON,"Axon Enterprise, Inc. - Common Stock",NASDAQ,common_stock,0001069183
AXP,American Express Company Common Stock,NYSE,common_stock,0000004962
AXR,AMREP Corporation Common Stock,NYSE,common_stock,0000006207
AXS,Axis Capital Holdings Limited Common Stock,NYSE,common_stock,0001214816
AXSM,"Axsome Therapeutics, Inc. - Common Stock",NASDAQ,common_stock,0001579428
AXTA,Axalta Coating Systems Ltd. Common Shares,NYSE,common_stock,0001616862
AXTI,AXT Inc - Common Stock,NASDAQ,common_stock,0001051627
AYA,Aya Gold & Silver Inc. - Common Shares,NASDAQ,common_stock,0001826836
AYI,Acuity Inc. Common Stock,NYSE,common_stock,0001144215
AYTU,"Aytu BioPharma, Inc.  - Common Stock",NASDAQ,common_stock,0001385818
AZ,A2Z Cust2Mate Solutions Corp. - Common Shares,NASDAQ,common_stock,0001866030
AZI,Autozi Internet Technology (Global) Ltd. - Class A Ordinary Shares,NASDAQ,common_stock,0001959726
AZIO,"Azio AI Holdings, Inc. - Common stock",NASDAQ,common_stock,0001563568
AZN,AstraZeneca PLC Ordinary Shares,NYSE,common_stock,0000901832
AZO,"AutoZone, Inc. Common Stock",NYSE,common_stock,0000866787
AZTA,"Azenta, Inc. - Common Stock",NASDAQ,common_stock,0000933974
AZTR,Azitra Inc Common Stock,NYSE American,common_stock,0001701478
AZUL,"Azul S.A. American Depositary Shares, each representing two (2) Common Shares",NYSE,common_stock,0001432364
AZZ,AZZ Inc.,NYSE,common_stock,0000008947
B,Barrick Mining Corporation Common Shares,NYSE,common_stock,0000756894
BA,Boeing Company (The) Common Stock,NYSE,common_stock,0000012927
BABA,Alibaba Group Holding Limited American Depositary Shares each representing eight Ordinary share,NYSE,common_stock,0001577552
BAC,Bank of America Corporation Common Stock,NYSE,common_stock,0000070858
BACC,Blue Acquisition Corp. - Class A Ordinary Shares,NASDAQ,common_stock,0002059654
BAER,"Bridger Aerospace Group Holdings, Inc. - Common Stock",NASDAQ,common_stock,0001941536
BAFN,BayFirst Financial Corp. - Common Stock,NASDAQ,common_stock,0001649739
BAH,Booz Allen Hamilton Holding Corporation Common Stock,NYSE,common_stock,0001443646
BAK,Braskem SA ADR,NYSE,common_stock,0001071438
BALL,Ball Corporation Common Stock,NYSE,common_stock,0000009389
BALY,Bally's Corporation Common Stock,NYSE,common_stock,0001747079
BAM,Brookfield Asset Management Inc Class A Limited Voting Shares,NYSE,common_stock,0001937926
BANC,"Banc of California, Inc. Common Stock",NYSE,common_stock,0001169770
BAND,Bandwidth Inc. - Class A Common Stock,NASDAQ,common_stock,0001514416
BANF,BancFirst Corporation - Common Stock,NASDAQ,common_stock,0000760498
BANL,CBL International Limited - Class B Ordinary Shares,NASDAQ,common_stock,0001914805
BANR,Banner Corporation - Common Stock,NASDAQ,common_stock,0000946673
BANX,ArrowMark Financial Corp. - Closed End Fund,NASDAQ,common_stock,0001578987
BAOS,Baosheng Media Group Holdings Limited - Ordinary shares,NASDAQ,common_stock,0001811216
BAP,Credicorp Ltd. Common Stock,NYSE,common_stock,0001001290
BAR,GraniteShares Gold Trust Shares of Beneficial Interest,NYSE Arca,common_stock,0001690437
BARK,"BARK, Inc. Class A Common Stock",NYSE,common_stock,0001819574
BATL,Battalion Oil Corporation Common Stock,NYSE American,common_stock,0001282648
BATRA,"Atlanta Braves Holdings, Inc. - Series A Common Stock",NASDAQ,common_stock,0001958140
BATRK,"Atlanta Braves Holdings, Inc. - Series C Common Stock",NASDAQ,common_stock,0001958140
BAX,Baxter International Inc. Common Stock,NYSE,common_stock,0000010456
BB,BlackBerry Limited Common Stock,NYSE,common_stock,0001070235
BBAI,"BigBear.ai, Inc. Common Stock",NYSE,common_stock,0001836981
BBAR,Banco BBVA Argentina S.A. ADS,NYSE,common_stock,0000913059
BBCP,"Concrete Pumping Holdings, Inc.  - Common Stock",NASDAQ,common_stock,0001703956
BBCQ,Bleichroeder Acquisition Corp. II - Class A Ordinary Shares,NASDAQ,common_stock,0002088295
BBD,Banco Bradesco Sa American Depositary Shares,NYSE,common_stock,0001160330
BBDC,"Barings BDC, Inc. Common Stock",NYSE,common_stock,0001379785
BBDO,Banco Bradesco Sa American Depositary Shares (each representing one Common Share),NYSE,common_stock,0001160330
BBGI,"Beasley Broadcast Group, Inc. - Class A Common Stock",NASDAQ,common_stock,0001099160
BBIO,"BridgeBio Pharma, Inc. - Common Stock",NASDAQ,common_stock,0001743881
BBLG,Bone Biologics Corp - Common Stock,NASDAQ,common_stock,0001419554
BBN,BlackRock Taxable Municipal Bond Trust Common Shares of Beneficial Interest,NYSE,common_stock,0001493683
BBNX,"Beta Bionics, Inc. - Common Stock",NASDAQ,common_stock,0001674632
BBOT,"BridgeBio Oncology Therapeutics, Inc. - Common Stock",NASDAQ,common_stock,0001869105
BBSI,"Barrett Business Services, Inc. - Common Stock",NASDAQ,common_stock,0000902791
BBT,Beacon Financial Corporation Common stock,NYSE,common_stock,0001108134
BBUC,Brookfield Business Corporation Class A Subordinate Voting Shares,NYSE,common_stock,0001654795
BBVA,Banco Bilbao Vizcaya Argentaria S.A. Common Stock,NYSE,common_stock,0000842180
BBW,"Build-A-Bear Workshop, Inc. Common Stock",NYSE,common_stock,0001113809
BBWI,"Bath & Body Works, Inc.",NYSE,common_stock,0000701985
BBY,"Best Buy Co., Inc. Common Stock",NYSE,common_stock,0000764478
BC,Brunswick Corporation Common Stock,NYSE,common_stock,0000014930
BCAB,"BioAtla, Inc. - Common Stock",NASDAQ,common_stock,0001826892
BCAL,California BanCorp - Common Stock,NASDAQ,common_stock,0001795815
BCAR,D. Boral ARC Acquisition I Corp. - Class A Ordinary Shares,NASDAQ,common_stock,0002065779
BCAT,BlackRock Capital Allocation Term Trust Common Shares of Beneficial Interest,NYSE,common_stock,0001809541
BCAX,Bicara Therapeutics Inc. - Common Stock,NASDAQ,common_stock,0002023658
BCBP,"BCB Bancorp, Inc. (NJ) - Common Stock",NASDAQ,common_stock,0001228454
BCC,"Boise Cascade, L.L.C. Common Stock",NYSE,common_stock,0001328581
BCCQ,Bleichroeder Acquisition Corp. III - Class A Ordinary Shares,NASDAQ,common_stock,0002128045
BCDA,"BioCardia, Inc. - Common Stock",NASDAQ,common_stock,0000925741
BCE,"BCE, Inc. Common Stock",NYSE,common_stock,0000718940
BCG,"Binah Capital Group, Inc. - Common Stock",NASDAQ,common_stock,0001953984
BCH,Banco De Chile ADS,NYSE,common_stock,0001161125
BCHT,Birchtech Corp. Common Stock,NYSE American,common_stock,0000728385
BCIC,BCP Investment Corporation - Closed End Fund,NASDAQ,common_stock,0001372807
BCML,BayCom Corp - Common Stock,NASDAQ,common_stock,0001730984
BCO,Brinks Company (The) Common Stock,NYSE,common_stock,0000078890
BCPC,Balchem Corporation - Common Stock,NASDAQ,common_stock,0000009326
BCRX,"BioCryst Pharmaceuticals, Inc. - Common Stock",NASDAQ,common_stock,0000882796
BCS,Barclays PLC Common Stock,NYSE,common_stock,0000312069
BCSF,"Bain Capital Specialty Finance, Inc. Common Stock",NYSE,common_stock,0001655050
BCSS,Bain Capital GSS Investment Corp. Class A Ordinary Shares,NYSE,common_stock,0002064355
BCTX,BriaCell Therapeutics Corp. - Common Shares,NASDAQ,common_stock,0001610820
BCV,"Bancroft Fund, Ltd.",NYSE American,common_stock,0000009521
BCX,BlackRock Resources Common Shares of Beneficial Interest,NYSE,common_stock,0001506289
BCYC,Bicycle Therapeutics plc - American Depositary Shares,NASDAQ,common_stock,0001761612
BDC,Belden Inc Common Stock,NYSE,common_stock,0000913142
BDCI,BTC Development Corp. - Class A Ordinary Shares,NASDAQ,common_stock,0002042292
BDCZ,"ETRACS MarketVector Business Development Companies Liquid Index ETN due April 26, 2041",NYSE Arca,common_stock,0001114446
BDJ,Blackrock Enhanced Equity Dividend Trust,NYSE,common_stock,0001332283
BDL,"Flanigan's Enterprises, Inc. Common Stock",NYSE American,common_stock,0000012040
BDMD,Baird Medical Investment Holdings Ltd - Ordinary Share,NASDAQ,common_stock,0001982444
BDN,Brandywine Realty Trust Common Stock,NYSE,common_stock,0000790816
BDRX,Biodexa Pharmaceuticals plc - American Depositary Shares,NASDAQ,common_stock,0001643918
BDSX,"Biodesix, Inc. - Common Stock",NASDAQ,common_stock,0001439725
BDTX,"Black Diamond Therapeutics, Inc. - Common Stock",NASDAQ,common_stock,0001701541
BDX,"Becton, Dickinson and Company Common Stock",NYSE,common_stock,0000010795
BE,Bloom Energy Corporation Class A Common Stock,NYSE,common_stock,0001664703
BEAG,Bold Eagle Acquisition Corp. - Class A Ordinary Shares,NASDAQ,common_stock,0001852207
BEAM,Beam Therapeutics Inc. - Common Stock,NASDAQ,common_stock,0001745999
BEAT,"Heartbeam, Inc. - Common Stock",NASDAQ,common_stock,0001779372
BEBE,TGE Value Creative Solutions Corp Class A Ordinary Shares,NYSE,common_stock,0002079933
BEEM,Beam Global - Common Stock,NASDAQ,common_stock,0001398805
BEEP,Mobile Infrastructure Corporation - Common Stock,NASDAQ,common_stock,0001847874
BEKE,KE Holdings Inc American Depositary Shares (each representing three Class A Ordinary Shares),NYSE,common_stock,0001809587
BELFA,Bel Fuse Inc. - Class A Common Stock,NASDAQ,common_stock,0000729580
BELFB,Bel Fuse Inc. - Class B Common Stock,NASDAQ,common_stock,0000729580
BEN,"Franklin Templeton, Inc. Common Stock",NYSE,common_stock,0000038777
BENF,Beneficient - Class A Common Stock,NASDAQ,common_stock,0001775734
BEPC,Brookfield Renewable Corporation Brookfield Renewable Corporation Class A Subordinate Voting Shares,NYSE,common_stock,0001791863
BESS,Bimergen Energy Corporation Common Stock,NYSE American,common_stock,0001066764
BETA,"Beta Technologies, Inc. Class A Common Stock",NYSE,common_stock,0001784570
BETR,Better Home & Finance Holding Company - Class A Common Stock,NASDAQ,common_stock,0001835856
BF.A,Brown Forman Inc Class A Common Stock,NYSE,common_stock,0000014693
BF.B,Brown Forman Inc Class B Common Stock,NYSE,common_stock,0000014693
BFAM,Bright Horizons Family Solutions Inc. Common Stock,NYSE,common_stock,0001437578
BFC,Bank First Corporation - Common Stock,NASDAQ,common_stock,0001746109
BFH,"Bread Financial Holdings, Inc. Common Stock",NYSE,common_stock,0001101215
BFLY,"Butterfly Network, Inc. Class A Common Stock",NYSE,common_stock,0001804176
BFRG,"Bullfrog AI Holdings, Inc. - Common Stock",NASDAQ,common_stock,0001829247
BFRI,Biofrontera Inc. - Common Stock,NASDAQ,common_stock,0001858685
BFS,"Saul Centers, Inc. Common Stock",NYSE,common_stock,0000907254
BFST,"Business First Bancshares, Inc. - Common Stock",NASDAQ,common_stock,0001624322
BG,Bunge Limited Common Shares,NYSE,common_stock,0001996862
BGB,Blackstone Strategic Credit 2027 Term Fund Common Shares of Beneficial Interest,NYSE,common_stock,0001546429
BGC,"BGC Group, Inc. - Class A Common Stock",NASDAQ,common_stock,0001094831
BGDE,"Big Digital Energy, Inc. - Common Stock",NASDAQ,common_stock,0001218683
BGH,Barings Global Short Duration High Yield Fund Common Shares of Beneficial Interests,NYSE,common_stock,0001521404
BGI,Birks Group Inc. Common Stock,NYSE American,common_stock,0001179821
BGIN,Bgin Blockchain Limited - Class A Ordinary Shares,NASDAQ,common_stock,0001945565
BGL,Blue Gold Limited - Class A ordinary shares,NASDAQ,common_stock,0002019435
BGLC,BioNexus Gene Lab Corp - Common stock,NASDAQ,common_stock,0001737523
BGM,BGM Group Ltd. - Class A Ordinary Shares,NASDAQ,common_stock,0001779578
BGMS,"Bio Green Med Solution, Inc. - Common Stock",NASDAQ,common_stock,0001130166
BGR,BlackRock Energy and Resources Trust,NYSE,common_stock,0001306550
BGS,"B&G Foods, Inc. Common Stock",NYSE,common_stock,0001278027
BGSF,"BGSF, Inc. Common Stock",NYSE,common_stock,0001474903
BGSI,Boyd Group Services Inc. Common Shares,NYSE,common_stock,0002091467
BGT,BlackRock Floating Rate Income Trust,NYSE,common_stock,0001287480
BGX,Blackstone Long Short Credit Income Fund Common Shares,NYSE,common_stock,0001504234
BGY,Blackrock Enhanced International Dividend Trust,NYSE,common_stock,0001393299
BH,Biglari Holdings Inc. Class B Common Stock,NYSE,common_stock,0001726173
BH.A,Biglari Holdings Inc. Class A Common Stock,NYSE,common_stock,0001726173
BHAV,BHAV Acquisition Corp - Class A Ordinary Shares,NASDAQ,common_stock,0002097288
BHB,"Bar Harbor Bankshares, Inc. Common Stock",NYSE American,common_stock,0000743367
BHC,Bausch Health Companies Inc. Common Stock,NYSE,common_stock,0000885590
BHE,"Benchmark Electronics, Inc. Common Stock",NYSE,common_stock,0000863436
BHF,"Brighthouse Financial, Inc. - Common Stock",NASDAQ,common_stock,0001685040
BHK,Blackrock Core Bond Trust,NYSE,common_stock,0001160864
BHM,"Bluerock Homes Trust, Inc. Class A Common Stock",NYSE American,common_stock,0001903382
BHP,BHP Group Limited American Depositary Shares (Each representing two Ordinary Shares),NYSE,common_stock,0000811809
BHR,Braemar Hotels & Resorts Inc. Common Stock,NYSE,common_stock,0001574085
BHRB,Burke & Herbert Financial Services Corp. - Common Stock,NASDAQ,common_stock,0001964333
BHST,BioHarvest Sciences Inc. - Common Stock,NASDAQ,common_stock,0001723464
BHV,BlackRock Virginia Municipal Bond Trust,NYSE,common_stock,0001169034
BHVN,Biohaven Ltd. Common Shares,NYSE,common_stock,0001935979
BIAF,"bioAffinity Technologies, Inc. - Common Stock",NASDAQ,common_stock,0001712762
BID,Tribeca Strategic Acquisition Corp. - Class A Ordinary Shares,NASDAQ,common_stock,0002094919
BIDU,"Baidu, Inc. - American Depositary Shares, each representing 8 ordinary share",NASDAQ,common_stock,0001329099
BIIB,Biogen Inc. - Common Stock,NASDAQ,common_stock,0000875045
BIII,Black Spade Acquisition III Co Class A Ordinary Shares,NYSE,common_stock,0002087087
BILI,Bilibili Inc. - American Depositary Shares,NASDAQ,common_stock,0001723690
BILL,"BILL Holdings, Inc. Common Stock",NYSE,common_stock,0001786352
BIO,"Bio-Rad Laboratories, Inc. Class A Common Stock",NYSE,common_stock,0000012208
BIO.B,"Bio-Rad Laboratories, Inc. Class B  Common Stock",NYSE,common_stock,0000012208
BIOA,"BioAge Labs, Inc. - Common Stock",NASDAQ,common_stock,0001709941
BIOT,Instinct Bio Technical Company Holdings Inc. - Common stock,NASDAQ,common_stock,0002072188
BIOX,Bioceres Crop Solutions Corp. - Ordinary Shares,NASDAQ,common_stock,0001769484
BIPC,Brookfield Infrastructure Corporation Brookfield Infrastructure Corporation,NYSE,common_stock,0001788348
BIRD,"Smartbird, Inc. - Class A Common Stock",NASDAQ,common_stock,0001653909
BIRK,Birkenstock Holding plc Ordinary Shares,NYSE,common_stock,0001977102
BIT,BlackRock Multi-Sector Income Trust Common Shares of Beneficial Interest,NYSE,common_stock,0001562818
BIVI,BioVie Inc. - Common stock,NASDAQ,common_stock,0001580149
BIXI,Bitcoin Infrastructure Acquisition Corp Ltd. - Class A Ordinary Shares,NASDAQ,common_stock,0002082542
BIYA,Baiya International Group Inc.  - Ordinary Shares,NASDAQ,common_stock,0001944712
BJ,"BJ's Wholesale Club Holdings, Inc. Common Stock",NYSE,common_stock,0001531152
BJDX,"Bluejay Diagnostics, Inc. - Common Stock",NASDAQ,common_stock,0001704287
BJRI,"BJ's Restaurants, Inc. - Common Stock",NASDAQ,common_stock,0001013488
BKD,Brookdale Senior Living Inc. Common Stock,NYSE,common_stock,0001332349
BKE,"Buckle, Inc. (The) Common Stock",NYSE,common_stock,0000885245
BKH,Black Hills Corporation Common Stock,NYSE,common_stock,0001130464
BKHA,Black Hawk Acquisition Corporation - Class A Ordinary Shares,NASDAQ,common_stock,0002000775
BKKT,"Bakkt, Inc. Class A Common Stock",NYSE,common_stock,0001820302
BKNG,Booking Holdings Inc. - Common Stock,NASDAQ,common_stock,0001075531
BKR,Baker Hughes Company - Common Stock,NASDAQ,common_stock,0001701605
BKSY,BlackSky Technology Inc. Class A Common Stock,NYSE,common_stock,0001753539
BKT,BlackRock Income Trust Inc. (The),NYSE,common_stock,0000832327
BKTI,BK Technologies Corporation Common Stock,NYSE American,common_stock,0000002186
BKU,"BankUnited, Inc. Common Stock",NYSE,common_stock,0001504008
BKV,BKV Corporation Common Stock,NYSE,common_stock,0001838406
BKYI,"BIO-key International, Inc. - Common Stock",NASDAQ,common_stock,0001019034
BL,"BlackLine, Inc. - Common Stock",NASDAQ,common_stock,0001666134
BLBD,Blue Bird Corporation - Common Stock,NASDAQ,common_stock,0001589526
BLCO,Bausch + Lomb Corporation Common Shares,NYSE,common_stock,0001860742
BLDP,"Ballard Power Systems, Inc. - Common Shares",NASDAQ,common_stock,0001453015
BLDR,"Builders FirstSource, Inc. Common Stock",NYSE,common_stock,0001316835
BLFS,"BioLife Solutions, Inc. - Common Stock",NASDAQ,common_stock,0000834365
BLIN,"Bridgeline Digital, Inc. - Common Stock",NASDAQ,common_stock,0001378590
BLIV,BeLive Holdings - ordinary shares,NASDAQ,common_stock,0001982448
BLK,"BlackRock, Inc. Common Stock",NYSE,common_stock,0002012383
BLKB,"Blackbaud, Inc. - Common Stock",NASDAQ,common_stock,0001280058
BLLN,"BillionToOne, Inc. - Class A common stock",NASDAQ,common_stock,0002070849
BLMN,"Bloomin' Brands, Inc. - Common Stock",NASDAQ,common_stock,0001546417
BLND,"Blend Labs, Inc. Class A Common Stock",NYSE,common_stock,0001855747
BLNE,"Beeline Holdings, Inc. - Common Stock",NASDAQ,common_stock,0001534708
BLNK,Blink Charging Co. - Common Stock,NASDAQ,common_stock,0001429764
BLRK,Bluerock Acquisition Corp. - Class A Ordinary Shares,NASDAQ,common_stock,0002081532
BLRX,BioLineRx Ltd. - American Depositary Shares,NASDAQ,common_stock,0001498403
BLSH,Bullish Ordinary Shares,NYSE,common_stock,0001872195
BLSM,"BlossomHill Therapeutics, Inc. - Common Stock",NASDAQ,common_stock,0001839970
BLTE,"Belite Bio, Inc - American Depositary Shares",NASDAQ,common_stock,0001889109
BLUW,Blue Water Acquisition Corp. III - Class A Ordinary Shares,NASDAQ,common_stock,0002050501
BLW,Blackrock Limited Duration Income Trust,NYSE,common_stock,0001233681
BLX,"Bladex, Inc. Class E Common Stock",NYSE,common_stock,0000890541
BLZE,"Backblaze, Inc. - Common Stock",NASDAQ,common_stock,0001462056
BLZR,Trailblazer Acquisition Corp. - Class A Ordinary Shares,NASDAQ,common_stock,0002075310
BMA,Banco Macro S.A.  ADR (representing Ten Class B Common Shares),NYSE,common_stock,0001347426
BMBL,Bumble Inc. - common stock,NASDAQ,common_stock,0001830043
BME,Blackrock Health Sciences Trust,NYSE,common_stock,0001314966
BMEA,"Biomea Fusion, Inc. - Common Stock",NASDAQ,common_stock,0001840439
BMEZ,BlackRock Health Sciences Term Trust Common Shares of Beneficial Interest,NYSE,common_stock,0001785971
BMGL,Basel Medical Group Ltd - ordinary shares,NASDAQ,common_stock,0002004489
BMHL,Bluemount Holdings Limited - Class B Ordinary Shares,NASDAQ,common_stock,0002027815
BMI,"Badger Meter, Inc. Common Stock",NYSE,common_stock,0000009092
BMM,Blue Moon Metals Inc. - Common Shares,NASDAQ,common_stock,0001732379
BMN,BlackRock 2037 Municipal Target Term Trust Common Shares of Beneficial Interest,NYSE,common_stock,0001832871
BMNR,"BitMine Immersion Technologies, Inc. Common Stock",NYSE,common_stock,0001829311
BMO,Bank Of Montreal Common Stock,NYSE,common_stock,0000927971
BMR,Beamr Imaging Ltd. - Ordinary Share,NASDAQ,common_stock,0001899005
BMRA,"Biomerica, Inc. - Common Stock",NASDAQ,common_stock,0000073290
BMRC,Bank of Marin Bancorp - Common Stock,NASDAQ,common_stock,0001403475
BMRN,BioMarin Pharmaceutical Inc. - Common Stock,NASDAQ,common_stock,0001048477
BMY,Bristol-Myers Squibb Company Common Stock,NYSE,common_stock,0000014272
BN,Brookfield Corporation Class A Limited Voting Shares,NYSE,common_stock,0001001085
BNAI,Brand Engagement Network Inc. - Common Stock,NASDAQ,common_stock,0001838163
BNC,CEA Industries Inc. - Common Stock,NASDAQ,common_stock,0001482541
BNED,"Barnes & Noble Education, Inc Common Stock",NYSE,common_stock,0001634117
BNGO,"Bionano Genomics, Inc. - Common Stock",NASDAQ,common_stock,0001411690
BNKK,"Bonk, Inc. - Common Stock",NASDAQ,common_stock,0001760903
BNL,"Broadstone Net Lease, Inc. Common Stock",NYSE,common_stock,0001424182
BNR,Burning Rock Biotech Limited - American Depositary Shares,NASDAQ,common_stock,0001792267
BNS,Bank Nova Scotia Halifax Pfd 3 Ordinary Shares,NYSE,common_stock,0000009631
BNT,Brookfield Wealth Solutions Ltd. Class A Exchangeable Limited Voting Shares,NYSE,common_stock,0001837429
BNTC,Benitec Biopharma Inc. - Common Stock,NASDAQ,common_stock,0001808898
BNTX,BioNTech SE - American Depositary Shares,NASDAQ,common_stock,0001776985
BNY,The Bank of New York Mellon Corporation Common Stock,NYSE,common_stock,0001390777
BOBS,"Bob's Discount Furniture, Inc. Common Stock",NYSE,common_stock,0002085187
BOC,Boston Omaha Corporation Class A Common Stock,NYSE,common_stock,0001494582
BODI,"The Beachbody Company, Inc. - Class A Common Stock",NASDAQ,common_stock,0001826889
BOE,Blackrock Enhanced Global Dividend Trust Common Shares of Beneficial Interest,NYSE,common_stock,0001320375
BOF,BranchOut Food Inc. - Common Stock,NASDAQ,common_stock,0001962481
BOH,Bank of Hawaii Corporation Common Stock,NYSE,common_stock,0000046195
BOKF,BOK Financial Corporation - Common Stock,NASDAQ,common_stock,0000875357
BOLD,"Boundless Bio, Inc. - Common Stock",NASDAQ,common_stock,0001782303
BOLT,"Bolt Biotherapeutics, Inc. - Common Stock",NASDAQ,common_stock,0001641281
BON,Bon Natural Life Limited - Class A Ordinary Shares,NASDAQ,common_stock,0001816815
BOOM,DMC Global Inc. - Common Stock,NASDAQ,common_stock,0000034067
BOOT,"Boot Barn Holdings, Inc. Common Stock",NYSE,common_stock,0001610250
BORR,Borr Drilling Limited Common Shares,NYSE,common_stock,0001715497
BOSC,B.O.S. Better Online Solutions - Ordinary Shares,NASDAQ,common_stock,0001005516
BOT,"RoboStrategy, Inc. - Common Stock",NASDAQ,common_stock,0002081119
BOTJ,"Bank of the James Financial Group, Inc. - Common Stock",NASDAQ,common_stock,0001275101
BOW,Bowhead Specialty Holdings Inc. Common Stock,NYSE,common_stock,0002002473
BOX,"Box, Inc. Class A Common Stock",NYSE,common_stock,0001372612
BOXL,Boxlight Corporation - Class A Common Stock,NASDAQ,common_stock,0001624512
BP,BP p.l.c. Common Stock,NYSE,common_stock,0000313807
BPAC,Blueport Acquisition Ltd - Class A Ordinary Shares,NASDAQ,common_stock,0002064177
BPOP,"Popular, Inc. - Common Stock",NASDAQ,common_stock,0000763901
BPRE,Bluerock Private Real Estate Fund Common Shares of Beneficial Interest,NYSE,common_stock,0001551047
BPRN,"Princeton Bancorp, Inc. - Common Stock",NASDAQ,common_stock,0001913971
BQ,Boqii Holding Limited Class A Ordinary Shares,NYSE American,common_stock,0001815021
BR,"Broadridge Financial Solutions, Inc. Common Stock",NYSE,common_stock,0001383312
BRAG,Bragg Gaming Group Inc. - Common Shares,NASDAQ,common_stock,0001867834
BRAI,Braiin Limited - Common Stock,NASDAQ,common_stock,0002076975
BRBI,BRBI BR Partners S.A. - ADSs,NASDAQ,common_stock,0002058601
BRBR,"BellRing Brands, Inc. Common Stock",NYSE,common_stock,0001772016
BRBS,"Blue Ridge Bankshares, Inc. Common Stock",NYSE American,common_stock,0000842717
BRC,Brady Corporation Common Stock,NYSE,common_stock,0000746598
BRCB,"Black Rock Coffee Bar, Inc. - Class A Common Stock",NASDAQ,common_stock,0002068577
BRCC,BRC Inc. Class A Common Stock,NYSE,common_stock,0001891101
BREZ,Breeze Acquisition Corp. II - Ordinary Shares,NASDAQ,common_stock,0002095443
BRFH,Barfresh Food Group Inc. - Common Stock,NASDAQ,common_stock,0001487197
BRIA,BrilliA Inc Class A Ordinary Shares,NYSE American,common_stock,0002000230
BRID,Bridgford Foods Corporation - Common Stock,NASDAQ,common_stock,0000014177
BRK.A,Berkshire Hathaway Inc. Common Stock,NYSE,common_stock,0001067983
BRK.B,Berkshire Hathaway Inc. New Common Stock,NYSE,common_stock,0001067983
BRKH,Burtech Acquisition Corp II - Class A Ordinary Shares,NASDAQ,common_stock,0002098707
BRKR,Bruker Corporation - Common Stock,NASDAQ,common_stock,0001109354
BRLS,Borealis Foods Inc. - Class A Common Shares,NASDAQ,common_stock,0001852973
BRLT,"Brilliant Earth Group, Inc. - Class A Common Stock",NASDAQ,common_stock,0001866757
BRN,"Barnwell Industries, Inc. Common Stock",NYSE American,common_stock,0000010048
BRNS,Barinthus Biotherapeutics plc - American Depositary Shares,NASDAQ,common_stock,0001828185
BRNX,BrenX Ltd. - Ordinary Shares,NASDAQ,common_stock,0001901215
BRO,"Brown & Brown, Inc. Common Stock",NYSE,common_stock,0000079282
BROS,Dutch Bros Inc. Class A Common Stock,NYSE,common_stock,0001866581
BRR,"ProCap Financial, Inc. - Common Stock",NASDAQ,common_stock,0002076163
BRSL,"Brightstar Lottery PLC Trading under the Legal Name to begin at the market open on July 21, 2025. Ordinary Shares",NYSE,common_stock,0001619762
BRSP,"BrightSpire Capital, Inc. Class A Common Stock",NYSE,common_stock,0001717547
BRT,BRT Apartments Corp. (MD) Common Stock,NYSE,common_stock,0000014846
BRTX,"BioRestorative Therapies, Inc. - Common Stock",NASDAQ,common_stock,0001505497
BRUN,Boost Run Inc. - Class A Common Stock,NASDAQ,common_stock,0002090646
BRVE,"Braveheart Bio, Inc. - Common Stock",NASDAQ,common_stock,0002131524
BRW,Saba Capital Income & Opportunities Fund SBI,NYSE,common_stock,0000826020
BRX,Brixmor Property Group Inc. Common Stock,NYSE,common_stock,0001581068
BRZE,"Braze, Inc. - Class A Common Stock",NASDAQ,common_stock,0001676238
BSAA,BEST SPAC I Acquisition Corp. - Class A Ordinary Shares,NASDAQ,common_stock,0002051587
BSAC,Banco Santander - Chile ADS,NYSE,common_stock,0001027552
BSBK,Bogota Financial Corp. - Common Stock,NASDAQ,common_stock,0001787414
BSEM,"BioStem Technologies, Inc. - Common Stock",NASDAQ,common_stock,0001658678
BSET,"Bassett Furniture Industries, Incorporated - Common Stock",NASDAQ,common_stock,0000010329
BSIN,Big Sky Industrial Inc. - Common Stock,NASDAQ,common_stock,0000101594
BSL,Blackstone Senior Floating Rate 2027 Term Fund Common Shares of Beneficial Interest,NYSE,common_stock,0001486298
BSP,Bending Spoons S.p.A. - Ordinary Shares,NASDAQ,common_stock,0002004711
BSRR,Sierra Bancorp - Common Stock,NASDAQ,common_stock,0001130144
BST,BlackRock Science and Technology Trust Common Shares of Beneficial Interest,NYSE,common_stock,0001616678
BSTZ,BlackRock Science and Technology Term Trust Common Shares of Beneficial Interest,NYSE,common_stock,0001768666
BSVN,Bank7 Corp. - Common stock,NASDAQ,common_stock,0001746129
BSX,Boston Scientific Corporation Common Stock,NYSE,common_stock,0000885725
BSY,"Bentley Systems, Incorporated - Class B Common Stock",NASDAQ,common_stock,0001031308
BTAI,"BioXcel Therapeutics, Inc. - Common Stock",NASDAQ,common_stock,0001720893
BTBD,"BT Brands, Inc. - Common Stock",NASDAQ,common_stock,0001718224
BTBT,"Bit Digital, Inc. - Ordinary Share",NASDAQ,common_stock,0001710350
BTCS,BTCS Inc. - Common Stock,NASDAQ,common_stock,0001436229
BTCT,BTC Digital Ltd. - Ordinary Shares,NASDAQ,common_stock,0001796514
BTDR,Bitdeer Technologies Group - Ordinary Shares,NASDAQ,common_stock,0001899123
BTE,Baytex Energy Corp Common Shares,NYSE,common_stock,0001279495
BTG,B2Gold Corp Common shares (Canada),NYSE American,common_stock,0001429937
BTGO,"BitGo Holdings, Inc. Class A Common Stock",NYSE,common_stock,0001740604
BTI,"British American Tobacco  Industries, p.l.c. Common Stock ADR",NYSE,common_stock,0001303523
BTLN,"Brightline Interactive, Inc. - Common Stock",NASDAQ,common_stock,0001854445
BTMD,Biote Corp. - Class A common stock,NASDAQ,common_stock,0001819253
BTO,John Hancock Financial Opportunities Fund Common Stock,NYSE,common_stock,0000925683
BTOC,Armlogi Holding Corp. - common stock,NASDAQ,common_stock,0001972529
BTOG,Bit Origin Limited - Class A Ordinary Shares,NASDAQ,common_stock,0001735556
BTQ,BTQ Technologies Corp. - Common Stock,NASDAQ,common_stock,0001821866
BTSG,"BrightSpring Health Services, Inc. - Common Stock",NASDAQ,common_stock,0001865782
BTT,BlackRock Municipal 2030 Target Term Trust,NYSE,common_stock,0001528437
BTTC,Black Titan Corp - Ordinary Shares,NASDAQ,common_stock,0002034400
BTU,Peabody Energy Corporation Common Stock,NYSE,common_stock,0001064728
BTX,BlackRock Technology and Private Equity Term Trust Common Shares of Beneficial Interest,NYSE,common_stock,0001836057
BTZ,BlackRock Credit Allocation Income Trust,NYSE,common_stock,0001379384
BUD,Anheuser-Busch Inbev SA Sponsored ADR (Belgium),NYSE,common_stock,0001668717
BUDA,"Buda Juice, Inc. Common Stock",NYSE American,common_stock,0002079720
BUI,"BlackRock Utility, Infrastructure & Power Opportunities Trust",NYSE,common_stock,0001528988
BULL,Webull Corporation - Class A Ordinary Shares,NASDAQ,common_stock,0001866364
BUR,Burford Capital Limited Ordinary Shares,NYSE,common_stock,0001714174
BURL,"Burlington Stores, Inc. Common Stock",NYSE,common_stock,0001579298
BUSE,First Busey Corporation - Common Stock,NASDAQ,common_stock,0000314489
BUUU,BUUU Group Limited - Class A Ordinary Share,NASDAQ,common_stock,0002047273
BV,"BrightView Holdings, Inc. Common Stock",NYSE,common_stock,0001734713
BVC,BitVentures Limited - Ordinary Share,NASDAQ,common_stock,0001785680
BVFL,"BV Financial, Inc. - Common Stock",NASDAQ,common_stock,0001302387
BVN,Buenaventura Mining Company Inc.,NYSE,common_stock,0001013131
BVS,Bioventus Inc. - Class A Common Stock,NASDAQ,common_stock,0001665988
BW,"Babcock & Wilcox Enterprises, Inc. Common Stock",NYSE,common_stock,0001630805
BWA,BorgWarner Inc. Common Stock,NYSE,common_stock,0000908255
BWAY,BrainsWay Ltd. - American Depositary Shares,NASDAQ,common_stock,0001505065
BWB,"Bridgewater Bancshares, Inc. - Common Stock",NASDAQ,common_stock,0001341317
BWEN,"Broadwind, Inc. - Common Stock",NASDAQ,common_stock,0001120370
BWFG,"Bankwell Financial Group, Inc. - Common Stock",NASDAQ,common_stock,0001505732
BWG,BrandywineGLOBAL Global Income Opportunities Fund Inc.,NYSE,common_stock,0001504545
BWIN,"The Baldwin Insurance Group, Inc. - Class A Common Stock",NASDAQ,common_stock,0001781755
BWIV,Blue Water Acquisition Corp. IV Class A Ordinary Shares,NYSE,common_stock,0002082847
BWLP,BW LPG Limited Common Shares,NYSE,common_stock,0001649313
BWMN,Bowman Consulting Group Ltd. - Common Stock,NASDAQ,common_stock,0001847590
BWMX,"Betterware de Mexico, S.A.P.I. de C.V. Ordinary Shares",NYSE,common_stock,0001788257
BWXT,"BWX Technologies, Inc. Common Stock",NYSE,common_stock,0001486957
BX,Blackstone Inc. Common Stock,NYSE,common_stock,0001393818
BXBL,"BOXABL, Inc.  - Common stock",NASDAQ,common_stock,0001906364
BXC,Bluelinx Holdings Inc. Common Stock,NYSE,common_stock,0001301787
BXDC,Blackstone Digital Infrastructure Trust Inc. Common Stock,NYSE,common_stock,0002100161
BXMT,"Blackstone Mortgage Trust, Inc. Common Stock",NYSE,common_stock,0001061630
BXP,"BXP, Inc. Common Stock",NYSE,common_stock,0001037540
BXSL,Blackstone Secured Lending Fund Common Shares of Beneficial Interest,NYSE,common_stock,0001736035
BY,"Byline Bancorp, Inc. Common Stock",NYSE,common_stock,0001702750
BYAH,"Park Ha Biological Technology Co., Ltd. - Class A Ordinary Shares",NASDAQ,common_stock,0001986247
BYD,Boyd Gaming Corporation Common Stock,NYSE,common_stock,0000906553
BYFC,Broadway Financial Corporation - Class A Common Stock,NASDAQ,common_stock,0001001171
BYND,"Beyond Meat, Inc. - Common stock",NASDAQ,common_stock,0001655210
BYRN,"Byrna Technologies, Inc. - Common Stock",NASDAQ,common_stock,0001354866
BYSI,"BeyondSpring, Inc. - Ordinary Shares",NASDAQ,common_stock,0001677940
BZ,KANZHUN LIMITED - American Depository Shares,NASDAQ,common_stock,0001842827
BZAI,"Blaize Holdings, Inc. - Common Stock",NASDAQ,common_stock,0001871638
BZFD,"BuzzFeed, Inc. - Class A Common Stock",NASDAQ,common_stock,0001828972
BZH,"Beazer Homes USA, Inc. Common Stock",NYSE,common_stock,0000915840
BZUN,Baozun Inc. - American Depositary Shares,NASDAQ,common_stock,0001625414
C,"Citigroup, Inc. Common Stock",NYSE,common_stock,0000831001
CAAP,Corporacion America Airports SA Common Shares,NYSE,common_stock,0001717393
CAAS,"China Automotive Systems, Inc. - Ordinary Share",NASDAQ,common_stock,0002037400
CABA,"Cabaletta Bio, Inc. - Common Stock",NASDAQ,common_stock,0001759138
CABO,"Cable One, Inc. Common Stock",NYSE,common_stock,0001632127
CABR,"Caring Brands, Inc. - Common Stock",NASDAQ,common_stock,0002020737
CAC,Camden National Corporation - Common Stock,NASDAQ,common_stock,0000750686
CACC,Credit Acceptance Corporation - Common Stock,NASDAQ,common_stock,0000885550
CACI,"CACI International, Inc. Class A Common Stock",NYSE,common_stock,0000016058
CADL,"Candel Therapeutics, Inc. - Common Stock",NASDAQ,common_stock,0001841387
CAE,CAE Inc - Common Shares,NASDAQ,common_stock,0001173382
CAES,"Cantor Equity Partners VII, Inc. - Class A Ordinary Shares",NASDAQ,common_stock,0002087965
CAF,Morgan Stanley China A Share Fund Inc. Common Stock,NYSE,common_stock,0001368493
CAG,"ConAgra Brands, Inc. Common Stock",NYSE,common_stock,0000023217
CAH,"Cardinal Health, Inc. Common Stock",NYSE,common_stock,0000721371
CAI,"Caris Life Sciences, Inc. - Common Stock",NASDAQ,common_stock,0002019410
CAII,Collective Acquisition Corp. II - Class A Ordinary Shares,NASDAQ,common_stock,0002115404
CAKE,The Cheesecake Factory Incorporated - Common Stock,NASDAQ,common_stock,0000887596
CAL,"Caleres, Inc. Common Stock",NYSE,common_stock,0000014707
CALC,"CalciMedica, Inc. - Common Stock",NASDAQ,common_stock,0001534133
CALM,"Cal-Maine Foods, Inc. - Common Stock",NASDAQ,common_stock,0000016160
CALX,"Calix, Inc Common Stock",NYSE,common_stock,0001406666
CALY,Callaway Golf Company Common Stock,NYSE,common_stock,0000837465
CAMP,CAMP4 Therapeutics Corporation - Common Stock,NASDAQ,common_stock,0001736730
CAMT,Camtek Ltd. - Ordinary Shares,NASDAQ,common_stock,0001109138
CAN,Canaan Inc. - American Depositary Shares,NASDAQ,common_stock,0001780652
CANF,"Can-Fite Biopharma Ltd American Depositary Shares, each representing two (2) Ordinary Shares",NYSE American,common_stock,0001536196
CANG,Cango Inc. Class A Ordinary Shares,NYSE,common_stock,0001725123
CAPN,Cayson Acquisition Corp - Ordinary Shares,NASDAQ,common_stock,0002024203
CAPR,"Capricor Therapeutics, Inc. - Common Stock",NASDAQ,common_stock,0001133869
CAPS,Capstone Holding Corp. - Common Stock,NASDAQ,common_stock,0000887151
CAQ,Cambridge Acquisition Corp. - Class A Ordinary Shares,NASDAQ,common_stock,0002100125
CAR,"Avis Budget Group, Inc. - Common Stock",NASDAQ,common_stock,0000723612
CARE,"Carter Bankshares, Inc. - Common Stock",NASDAQ,common_stock,0001829576
CARG,"CarGurus, Inc. - Class A Common Stock",NASDAQ,common_stock,0001494259
CARL,"Carlsmed, Inc. - Common Stock",NASDAQ,common_stock,0001794546
CARR,Carrier Global Corporation Common Stock,NYSE,common_stock,0001783180
CARS,Cars.com Inc. Common Stock,NYSE,common_stock,0001683606
CART,Maplebear Inc. - Common Stock,NASDAQ,common_stock,0001579091
CASH,"Pathward Financial, Inc. - Common Stock",NASDAQ,common_stock,0000907471
CASS,"Cass Information Systems, Inc - Common Stock",NASDAQ,common_stock,0000708781
CAST,"FreeCast, Inc. - Class A common stock",NASDAQ,common_stock,0001633369
CASY,"Caseys General Stores, Inc. - Common Stock",NASDAQ,common_stock,0000726958
CAT,"Caterpillar, Inc. Common Stock",NYSE,common_stock,0000018230
CATO,Cato Corporation (The) Class A Common Stock,NYSE,common_stock,0000018255
CATX,"Perspective Therapeutics, Inc. Common Stock",NYSE American,common_stock,0000728387
CATY,Cathay General Bancorp - Common Stock,NASDAQ,common_stock,0000861842
CAVA,"CAVA Group, Inc. Common Stock",NYSE,common_stock,0001639438
CB,Chubb Limited  Common Stock,NYSE,common_stock,0000896159
CBAN,"Colony Bankcorp, Inc. Common Stock",NYSE,common_stock,0000711669
CBAT,CBAK Energy Technology Limited - Ordinary Shares,NASDAQ,common_stock,0002086841
CBC,"Central Bancompany, Inc. - Class A Common Stock",NASDAQ,common_stock,0002065601
CBFV,"CB Financial Services, Inc. - Common Stock",NASDAQ,common_stock,0001605301
CBIO,"Crescent Biopharma, Inc. - Common Stock",NASDAQ,common_stock,0001253689
CBK,"Commercial Bancgroup, Inc. - Common Stock",NASDAQ,common_stock,0001981546
CBL,"CBL & Associates Properties, Inc. Common Stock",NYSE,common_stock,0000910612
CBLL,"CeriBell, Inc. - Common Stock",NASDAQ,common_stock,0001861107
CBNA,"Chain Bridge Bancorp, Inc. Class A Common Stock",NYSE,common_stock,0001392272
CBNK,"Capital Bancorp, Inc. - Common Stock",NASDAQ,common_stock,0001419536
CBOE,"Cboe Global Markets, Inc. Common Stock",Cboe BZX,common_stock,0001374310
CBRE,CBRE Group Inc Common Stock Class A,NYSE,common_stock,0001138118
CBRL,"Cracker Barrel Old Country Store, Inc. - Common Stock",NASDAQ,common_stock,0001067294
CBRS,Cerebras Systems Inc. - Class A Common Stock,NASDAQ,common_stock,0002021728
CBSH,"Commerce Bancshares, Inc. - Common Stock",NASDAQ,common_stock,0000022356
CBT,Cabot Corporation Common Stock,NYSE,common_stock,0000016040
CBU,"Community Financial System, Inc. Common Stock",NYSE,common_stock,0000723188
CBUS,"Cibus, Inc. - Class A Common Stock",NASDAQ,common_stock,0001705843
CBZ,"CBIZ, Inc. Common Stock",NYSE,common_stock,0000944148
CC,Chemours Company (The) Common Stock,NYSE,common_stock,0001627223
CCAP,"Crescent Capital BDC, Inc. - Common Stock",NASDAQ,common_stock,0001633336
CCAQ,Collective Acquisition Corp. - Class A ordinary shares,NASDAQ,common_stock,0002041047
CCB,Coastal Financial Corporation - Common Stock,NASDAQ,common_stock,0001437958
CCBG,Capital City Bank Group - Common Stock,NASDAQ,common_stock,0000726601
CCC,CCC Intelligent Solutions Holdings Inc. - Common Stock,NASDAQ,common_stock,0001818201
CCCC,"C4 Therapeutics, Inc. - Common Stock",NASDAQ,common_stock,0001662579
CCCT,Columbus Circle Capital Corp III - Class A Ordinary Shares,NASDAQ,common_stock,0002123471
CCD,Calamos Dynamic Convertible & Income Fund - Closed End Fund,NASDAQ,common_stock,0001602584
CCEC,Capital Clean Energy Carriers Corp. - Common Share,NASDAQ,common_stock,0001392326
CCEL,"Cryo-Cell International, Inc. Common Stock",NYSE American,common_stock,0000862692
CCEP,Coca-Cola Europacific Partners plc - Ordinary Shares,NASDAQ,common_stock,0001650107
CCG,Cheche Group Inc. - Class A Ordinary Shares,NASDAQ,common_stock,0001965473
CCHH,CCH Holdings Ltd - Class A Ordinary Shares,NASDAQ,common_stock,0002074123
CCI,Crown Castle Inc. Common Stock,NYSE,common_stock,0001051470
CCIF,Carlyle Credit Income Fund Shares of Beneficial Interest,NYSE,common_stock,0001517767
CCII,Cohen Circle Acquisition Corp. II - Class A Ordinary Shares,NASDAQ,common_stock,0002064683
CCJ,Cameco Corporation Common Stock,NYSE,common_stock,0001009001
CCK,"Crown Holdings, Inc.",NYSE,common_stock,0001219601
CCL,Carnival Corporation Ltd. Common Shares,NYSE,common_stock,0000815097
CCLD,"CareCloud, Inc. - Common Stock",NASDAQ,common_stock,0001582982
CCM,Concord Medical Services Holdings Limited American Depositary Shares (Each represents thirty (30) Class A ordinary shares),NYSE,common_stock,0001472072
CCNE,CNB Financial Corporation - Common Stock,NASDAQ,common_stock,0000736772
CCO,"Clear Channel Outdoor Holdings, Inc. Common Stock",NYSE,common_stock,0001334978
CCOI,"Cogent Communications Holdings, Inc. - Common Stock",NASDAQ,common_stock,0001158324
CCS,"Century Communities, Inc. Common Stock",NYSE,common_stock,0001576940
CCSI,"Consensus Cloud Solutions, Inc. - Common Stock",NASDAQ,common_stock,0001866633
CCTG,CCSC Technology International Holdings Limited - Class A Ordinary Shares,NASDAQ,common_stock,0001931717
CCU,"Compania Cervecerias Unidas, S.A. Common Stock",NYSE,common_stock,0000888746
CCXI,Churchill Capital Corp XI - Class A Ordinary Shares,NASDAQ,common_stock,0002074973
CCZ,Comcast Holdings ZONES,NYSE,common_stock,0001166691
CD,Chaince Digital Holdings Inc. - American Ordinary Shares,NASDAQ,common_stock,0001527762
CDE,"Coeur Mining, Inc. Common Stock",NYSE,common_stock,0000215466
CDIO,Cardio Diagnostics Holdings Inc. - Common stock,NASDAQ,common_stock,0001870144
CDLR,Cadeler A/S American Depositary Share (each representing four (4) Ordinary Shares),NYSE,common_stock,0001978867
CDLX,"Cardlytics, Inc. - Common Stock",NASDAQ,common_stock,0001666071
CDNA,"CareDx, Inc. - Common Stock",NASDAQ,common_stock,0001217234
CDNL,Cardinal Infrastructure Group Inc. - Class A Common Stock,NASDAQ,common_stock,0002079999
CDNS,"Cadence Design Systems, Inc. - Common Stock",NASDAQ,common_stock,0000813672
CDP,COPT Defense Properties Common Shares of Beneficial Interest,NYSE,common_stock,0000860546
CDRE,"Cadre Holdings, Inc. Common Stock",NYSE,common_stock,0001860543
CDRO,"Codere Online Luxembourg, S.A. - Ordinary Shares",NASDAQ,common_stock,0001866782
CDT,CDT Equity Inc. - Common Stock,NASDAQ,common_stock,0001896212
CDTG,CDT Environmental Technology Investment Holdings Limited - ordinary shares,NASDAQ,common_stock,0001793895
CDW,CDW Corporation - Common Stock,NASDAQ,common_stock,0001402057
CDXS,"Codexis, Inc. - Common Stock",NASDAQ,common_stock,0001200375
CDZI,"Cadiz, Inc. - Common Stock",NASDAQ,common_stock,0000727273
CDZIP,"Cadiz, Inc. - Depositary Shares",NASDAQ,common_stock,0000727273
CE,Celanese Corporation Common Stock,NYSE,common_stock,0001306830
CECO,CECO Environmental Corp. - Common Stock,NASDAQ,common_stock,0000003197
CEE,"The Central and Eastern Europe Fund, Inc. (The) Common Stock",NYSE,common_stock,0000860489
CEG,Constellation Energy Corporation - Common Stock When-Issued,NASDAQ,common_stock,0001868275
CELC,Celcuity Inc. - Common Stock,NASDAQ,common_stock,0001603454
CELH,"Celsius Holdings, Inc. - Common Stock",NASDAQ,common_stock,0001341766
CELU,Celularity Inc. - Class A Common Stock,NASDAQ,common_stock,0001752828
CELZ,"Creative Medical Technology Holdings, Inc. - Common Stock",NASDAQ,common_stock,0001187953
CENN,Cenntro Inc. - Common Stock,NASDAQ,common_stock,0001707919
CENT,Central Garden & Pet Company - Common Stock,NASDAQ,common_stock,0000887733
CENTA,Central Garden & Pet Company - Class A Common Stock Nonvoting,NASDAQ,common_stock,0000887733
CENX,Century Aluminum Company - Common Stock,NASDAQ,common_stock,0000949157
CEPF,"Cantor Equity Partners IV, Inc. - Class A Ordinary Shares",NASDAQ,common_stock,0002034267
CEPL,"Capstone Energy Plus, Inc. - Common Stock",NASDAQ,common_stock,0001009759
CEPO,"Cantor Equity Partners I, Inc. - Class A Ordinary Shares",NASDAQ,common_stock,0002027708
CEPS,"Cantor Equity Partners VI, Inc. - Class A Ordinary Shares",NASDAQ,common_stock,0002089536
CEPU,Central Puerto S.A. American Depositary Shares (each represents ten Common Shares),NYSE,common_stock,0001717161
CEPV,"Cantor Equity Partners V, Inc. - Class A Ordinary Shares",NASDAQ,common_stock,0002034266
CERS,Cerus Corporation - Common Stock,NASDAQ,common_stock,0001020214
CERT,"Certara, Inc. - Common Stock",NASDAQ,common_stock,0001827090
CET,Central Securities Corporation Common Stock,NYSE American,common_stock,0000018748
CETX,Cemtrex Inc. - Common Stock,NASDAQ,common_stock,0001435064
CETY,"Clean Energy Technologies, Inc. - Common Stock",NASDAQ,common_stock,0001329606
CEV,Eaton Vance California Municipal Income Trust Shares of Beneficial Interest,NYSE American,common_stock,0001074692
CEVA,"CEVA, Inc. - Common Stock",NASDAQ,common_stock,0001173489
CF,"CF Industries Holdings, Inc. Common Stock",NYSE,common_stock,0001324404
CFBK,CF Bankshares Inc. - Common Stock,NASDAQ,common_stock,0001070680
CFFI,C&F Financial Corporation - Common Stock,NASDAQ,common_stock,0000913341
CFFN,"Capitol Federal Financial, Inc. - Common Stock",NASDAQ,common_stock,0001490906
CFG,"Citizens Financial Group, Inc. Common Stock",NYSE,common_stock,0000759944
CFND,C1 Fund Inc. Common Stock,NYSE,common_stock,0002044327
CFR,"Cullen/Frost Bankers, Inc. Common Stock",NYSE,common_stock,0000039263
CG,The Carlyle Group Inc. - Common Stock,NASDAQ,common_stock,0001527166
CGAU,Centerra Gold Inc. Common Shares,NYSE,common_stock,0001854640
CGBD,"Carlyle Secured Lending, Inc. - Closed End Fund",NASDAQ,common_stock,0001544206
CGC,Canopy Growth Corporation - Common Shares,NASDAQ,common_stock,0001737927
CGCF,Cartesian Growth Corporation IV - Class A Ordinary Shares,NASDAQ,common_stock,0002126043
CGEM,"Cullinan Therapeutics, Inc. - Common Stock",NASDAQ,common_stock,0001789972
CGEN,Compugen Ltd. - Ordinary Shares,NASDAQ,common_stock,0001119774
CGNT,Cognyte Software Ltd. - Ordinary Shares,NASDAQ,common_stock,0001824814
CGNX,Cognex Corporation - Common Stock,NASDAQ,common_stock,0000851205
CGO,Calamos Global Total Return Fund - Closed End Fund,NASDAQ,common_stock,0001285650
CGON,"CG Oncology, Inc. - Common stock",NASDAQ,common_stock,0001991792
CGTL,Creative Global Technology Holdings Limited - Class A Ordinary Shares,NASDAQ,common_stock,0001967822
CGTX,"Cognition Therapeutics, Inc. - Common Stock",NASDAQ,common_stock,0001455365
CHA,"Chagee Holdings Limited - American Depositary Shares, each representing 1 Class A ordinary share",NASDAQ,common_stock,0002013649
CHAI,"Core AI Holdings, Inc. - Common Shares",NASDAQ,common_stock,0001649009
CHAR,Charlton Aria Acquisition Corporation - Class A Ordinary Shares,NASDAQ,common_stock,0002024459
CHCI,"Comstock Holding Companies, Inc. - Class A Common Stock",NASDAQ,common_stock,0001299969
CHCO,City Holding Company - Common Stock,NASDAQ,common_stock,0000726854
CHCT,Community Healthcare Trust Incorporated Common Stock,NYSE,common_stock,0001631569
CHD,"Church & Dwight Company, Inc. Common Stock",NYSE,common_stock,0000313927
CHDN,"Churchill Downs, Incorporated - Common Stock",NASDAQ,common_stock,0000020212
CHE,Chemed Corp,NYSE,common_stock,0000019584
CHEC,Chenghe Acquisition III Co. - Class A Ordinary Shares,NASDAQ,common_stock,0002047177
CHEF,"The Chefs' Warehouse, Inc. - Common Stock",NASDAQ,common_stock,0001517175
CHGA,Change Agents Corporation  - Common Stock,NASDAQ,common_stock,0001630212
CHGG,"Chegg, Inc. Common Stock",NYSE,common_stock,0001364954
CHH,"Choice Hotels International, Inc. Common Stock",NYSE,common_stock,0001046311
CHI,Calamos Convertible Opportunities and Income Fund - Closed End Fund,NASDAQ,common_stock,0001171471
CHKP,Check Point Software Technologies Ltd. - Ordinary Shares,NASDAQ,common_stock,0001015922
CHMG,Chemung Financial Corp  - Common Stock,NASDAQ,common_stock,0000763563
CHMI,Cherry Hill Mortgage Investment Corporation Common Stock,NYSE,common_stock,0001571776
CHNR,"China Natural Resources, Inc. - Common Shares",NASDAQ,common_stock,0000793628
CHOW,ChowChow Cloud International Holdings Limited Ordinary Shares,NYSE American,common_stock,0002041829
CHPG,ChampionsGate Acquisition Corporation - Class A Ordinary Share,NASDAQ,common_stock,0002024460
CHPT,"ChargePoint Holdings, Inc. Common Stock",NYSE,common_stock,0001777393
CHR,"Cheer Holding, Inc.  - Class A Ordinary Share",NASDAQ,common_stock,0001738758
CHRD,Chord Energy Corporation - Common Stock,NASDAQ,common_stock,0001486159
CHRN,ChronoScale Holdings Corporation - Common Stock,NASDAQ,common_stock,0001549084
CHRS,"Coherus Oncology, Inc. - Common Stock",NASDAQ,common_stock,0001512762
CHRW,"C.H. Robinson Worldwide, Inc. - Common Stock",NASDAQ,common_stock,0001043277
CHSN,Chanson International Holding - Class A Ordinary Shares,NASDAQ,common_stock,0001825349
CHT,"Chunghwa Telecom Co., Ltd.",NYSE,common_stock,0001132924
CHTR,"Charter Communications, Inc. - Class A Common Stock",NASDAQ,common_stock,0001091667
CHW,Calamos Global Dynamic Income Fund - Closed End Fund,NASDAQ,common_stock,0001396277
CHWY,"Chewy, Inc. Class A Common Stock",NYSE,common_stock,0001766502
CHY,Calamos Convertible and High Income Fund - Closed End Fund,NASDAQ,common_stock,0001222719
CHYM,"Chime Financial, Inc. - Class A Common Stock",NASDAQ,common_stock,0001795586
CI,The Cigna Group Common Stock,NYSE,common_stock,0001739940
CIA,"Citizens, Inc. Class A Common Stock ($1.00 Par)",NYSE,common_stock,0000024090
CIEN,Ciena Corporation Common Stock,NYSE,common_stock,0000936395
CIFR,Cipher Digital Inc. - Common Stock,NASDAQ,common_stock,0001819989
CIG,Comp En De Mn Cemig ADS American Depositary Shares,NYSE,common_stock,0001157557
CIG.C,Comp En De Mn Cemig ADS American Depositary Receipts,NYSE,common_stock,0001157557
CIGI,Colliers International Group Inc.  - Subordinate Voting Shares,NASDAQ,common_stock,0000913353
CIGL,Concorde International Group Ltd - Class A Ordinary Shares,NASDAQ,common_stock,0002001794
CII,"BlackRock Enhanced Large Cap Core Fund, Inc. Common Stock",NYSE,common_stock,0001278895
CIIT,"Tianci International, Inc. - Common Stock",NASDAQ,common_stock,0001557798
CIK,"Credit Suisse Asset Management Income Fund, Inc. Common Stock",NYSE American,common_stock,0000810766
CIM,Chimera Investment Corporation Common Stock,NYSE,common_stock,0001409493
CINF,Cincinnati Financial Corporation - Common Stock,NASDAQ,common_stock,0000020286
CING,Cingulate Inc. - Common Stock,NASDAQ,common_stock,0001862150
CINT,CI&T Inc Class A Common Shares,NYSE,common_stock,0001868995
CION,CION Investment Corporation Common Stock,NYSE,common_stock,0001534254
CIRC,"Circle8 Group, Inc. - Common Stock",NASDAQ,common_stock,0001605888
CISO,"CISO Global, Inc. - Common Stock",NASDAQ,common_stock,0001777319
CISS,C3is Inc. - Common Stock,NASDAQ,common_stock,0001951067
CITR,CitroTech Inc. Common Stock,NYSE American,common_stock,0000894556
CIVB,"Civista Bancshares, Inc.  - Common Stock",NASDAQ,common_stock,0000944745
CIX,CompX International Inc. Common Stock,NYSE American,common_stock,0001049606
CJMB,Callan JMB Inc. - Common Stock,NASDAQ,common_stock,0002032545
CKX,"CKX Lands, Inc. Common Stock",NYSE American,common_stock,0000352955
CL,Colgate-Palmolive Company Common Stock,NYSE,common_stock,0000021665
CLAR,Clarus Corporation - Common Stock,NASDAQ,common_stock,0000913277
CLB,Core Laboratories Inc. Common Stock,NYSE,common_stock,0001958086
CLBK,"Columbia Financial, Inc. - Common Stock",NASDAQ,common_stock,0002115119
CLBR,Colombier Acquisition Corp. III Class A Ordinary Shares,NYSE,common_stock,0002091024
CLBT,Cellebrite DI Ltd. - Ordinary Shares,NASDAQ,common_stock,0001854587
CLDI,"Calidi Biotherapeutics, Inc. Common Stock",NYSE American,common_stock,0001855485
CLDT,Chatham Lodging Trust (REIT) Common Shares of Beneficial Interest,NYSE,common_stock,0001476045
CLDX,"Celldex Therapeutics, Inc. - Common Stock",NASDAQ,common_stock,0000744218
CLF,Cleveland-Cliffs Inc. Common Stock,NYSE,common_stock,0000764065
CLFD,"Clearfield, Inc. - Common Stock",NASDAQ,common_stock,0000796505
CLGN,CollPlant Biotechnologies Ltd. - Ordinary Shares,NASDAQ,common_stock,0001631487
CLH,"Clean Harbors, Inc. Common Stock",NYSE,common_stock,0000822818
CLIK,Click Holdings Limited - Ordinary Share,NASDAQ,common_stock,0002020027
CLIR,ClearSign Technologies Corporation - Common Stock,NASDAQ,common_stock,0001434524
CLLS,Cellectis S.A. - American Depositary Shares,NASDAQ,common_stock,0001627281
CLM,"Cornerstone Strategic Investment Fund, Inc. Common Shares",NYSE American,common_stock,0000814083
CLMB,"Climb Global Solutions, Inc. - Common Stock",NASDAQ,common_stock,0000945983
CLMT,"Calumet, Inc - Common Stock",NASDAQ,common_stock,0002013745
CLNE,Clean Energy Fuels Corp. - Common Stock,NASDAQ,common_stock,0001368265
CLNN,Clene Inc. - Common Stock,NASDAQ,common_stock,0001822791
CLOV,"Clover Health Investments, Corp.  - Class A Common stock",NASDAQ,common_stock,0001801170
CLPR,Clipper Realty Inc. Common Stock,NYSE,common_stock,0001649096
CLPS,CLPS Incorporation - Common Stock,NASDAQ,common_stock,0001724542
CLPT,ClearPoint Neuro Inc. - Common Stock,NASDAQ,common_stock,0001285550
CLRB,"Cellectar Biosciences, Inc. - Common Stock",NASDAQ,common_stock,0001279704
CLRO,"ClearOne, Inc. - Common Stock",NASDAQ,common_stock,0000840715
CLS,"Celestica, Inc. Common Stock",NYSE,common_stock,0001030894
CLSK,"CleanSpark, Inc. - Common Stock",NASDAQ,common_stock,0000827876
CLST,"Catalyst Bancorp, Inc. - common stock",NASDAQ,common_stock,0001849867
CLVT,Clarivate Plc Ordinary Shares,NYSE,common_stock,0001764046
CLW,Clearwater Paper Corporation Common Stock,NYSE,common_stock,0001441236
CLWT,Euro Tech Holdings Company Limited - Ordinary Shares,NASDAQ,common_stock,0001026662
CLX,Clorox Company (The) Common Stock,NYSE,common_stock,0000021076
CLYM,"Climb Bio, Inc. - Common Stock",NASDAQ,common_stock,0001768446
CM,Canadian Imperial Bank of Commerce Common Stock,NYSE,common_stock,0001045520
CMBT,CMB.TECH NV Ordinary Shares,NYSE,common_stock,0001604481
CMC,Commercial Metals Company Common Stock,NYSE,common_stock,0000022444
CMCL,Caledonia Mining Corporation Plc Common Shares,NYSE American,common_stock,0000766011
CMCM,"Cheetah Mobile Inc. American Depositary Shares, each representing fifty (50) Class A Ordinary Shares",NYSE,common_stock,0001597835
CMCO,Columbus McKinnon Corporation - Common Stock,NASDAQ,common_stock,0001005229
CMCSA,Comcast Corporation - Class A Common Stock,NASDAQ,common_stock,0001166691
CMCT,Creative Media  - Common Stock,NASDAQ,common_stock,0000908311
CMDB,Costamare Bulkers Holdings Limited Common Stock,NYSE,common_stock,0002033535
CME,CME Group Inc. - Class A Common Stock,NASDAQ,common_stock,0001156375
CMG,"Chipotle Mexican Grill, Inc. Common Stock",NYSE,common_stock,0001058090
CMI,Cummins Inc. Common Stock,NYSE,common_stock,0000026172
CMII,Columbus Circle Capital Corp II - Class A Ordinary Shares,NASDAQ,common_stock,0002088805
CMMB,Chemomab Therapeutics Ltd.  - American Depositary Shares,NASDAQ,common_stock,0001534248
CMND,Clearmind Medicine Inc. - Common Shares,NASDAQ,common_stock,0001892500
CMP,Compass Minerals Intl Inc Common Stock,NYSE,common_stock,0001227654
CMPR,Cimpress plc - Ordinary Shares,NASDAQ,common_stock,0001262976
CMPS,COMPASS Pathways Plc - American Depository Shares,NASDAQ,common_stock,0001816590
CMPX,"Compass Therapeutics, Inc. - Common Stock",NASDAQ,common_stock,0001738021
CMRC,"Commerce.com, Inc. - Series 1 Common Stock",NASDAQ,common_stock,0001626450
CMRE,Costamare Inc. Common Stock $0.0001 par value,NYSE,common_stock,0001503584
CMS,CMS Energy Corporation Common Stock,NYSE,common_stock,0000811156
CMT,Core Molding Technologies Inc Common Stock,NYSE American,common_stock,0001026655
CMTG,"Claros Mortgage Trust, Inc. Common Stock",NYSE,common_stock,0001666291
CMTL,Comtech Telecommunications Corp. - Common Stock,NASDAQ,common_stock,0000023197
CMTV,Community Bancorp.  - Common stock,NASDAQ,common_stock,0000718413
CNA,CNA Financial Corporation Common Stock,NYSE,common_stock,0000021175
CNC,Centene Corporation Common Stock,NYSE,common_stock,0001071739
CNCK,Coincheck Group N.V. - Ordinary Shares,NASDAQ,common_stock,0001913847
CNDT,Conduent Incorporated - Common Stock,NASDAQ,common_stock,0001677703
CNET,ZW Data Action Technologies Inc. - Common Stock,NASDAQ,common_stock,0001376321
CNEY,CN Energy Group Inc. - Class A Ordinary Shares,NASDAQ,common_stock,0001780785
CNF,"CNFinance Holdings Limited American Depositary Shares, each representing two hundred (200) Ordinary Shares",NYSE,common_stock,0001733868
CNH,CNH Industrial N.V. Common Shares,NYSE,common_stock,0001567094
CNI,Canadian National Railway Company Common Stock,NYSE,common_stock,0000016868
CNK,"Cinemark Holdings Inc Cinemark Holdings, Inc. Common Stock",NYSE,common_stock,0001385280
CNL,Collective Mining Ltd. - Common Stock,NASDAQ,common_stock,0001953575
CNM,"Core & Main, Inc. Class A Common Stock",NYSE,common_stock,0001856525
CNMD,CONMED Corporation Common Stock,NYSE,common_stock,0000816956
CNNE,"Cannae Holdings, Inc. Common Stock",NYSE,common_stock,0001704720
CNO,"CNO Financial Group, Inc. Common Stock",NYSE,common_stock,0001224608
CNOB,"ConnectOne Bancorp, Inc. - Common Stock",NASDAQ,common_stock,0000712771
CNP,"CenterPoint Energy, Inc (Holding Co) Common Stock",NYSE,common_stock,0001130310
CNQ,Canadian Natural Resources Limited Common Stock,NYSE,common_stock,0001017413
CNR,"Core Natural Resources, Inc. Common Stock",NYSE,common_stock,0001710366
CNS,Cohen & Steers Inc Common Stock,NYSE,common_stock,0001284812
CNSP,"CNS Pharmaceuticals, Inc. - Common Stock",NASDAQ,common_stock,0001729427
CNSY,"Cerenome, Inc. - Common Stock",NASDAQ,common_stock,0001095981
CNTB,Connect Biopharma Holdings Limited - Ordinary Shares,NASDAQ,common_stock,0001835268
CNTN,"Canton Strategic Holdings, Inc. - Common Stock",NASDAQ,common_stock,0001861657
CNTX,Context Therapeutics Inc. - Common Stock,NASDAQ,common_stock,0001842952
CNTY,"Century Casinos, Inc. - Common Stock",NASDAQ,common_stock,0000911147
CNVS,Cineverse Corp. - Class A Common Stock,NASDAQ,common_stock,0001173204
CNX,CNX Resources Corporation Common Stock,NYSE,common_stock,0001070412
CNXC,Concentrix Corporation - Common Stock,NASDAQ,common_stock,0001803599
CNXN,"PC Connection, Inc. - Common Stock",NASDAQ,common_stock,0001050377
CNXU,Conexeu Sciences Inc. - Common Stock,NASDAQ,common_stock,0002066836
COAG,"Hemab Therapeutics Holdings, Inc. - Common Stock",NASDAQ,common_stock,0002114044
COCH,"Envoy Medical, Inc. - Class A Common Stock",NASDAQ,common_stock,0001840877
COCO,"The Vita Coco Company, Inc. - Common Stock",NASDAQ,common_stock,0001482981
COCP,"Cocrystal Pharma, Inc. - Common Stock",NASDAQ,common_stock,0001412486
CODA,"Coda Octopus Group, Inc. - Common stock",NASDAQ,common_stock,0001334325
CODI,D/B/A Compass Diversified Holdings Shares of Beneficial Interest,NYSE,common_stock,0001345126
CODX,"Co-Diagnostics, Inc. - Common Stock",NASDAQ,common_stock,0001692415
COE,"51Talk Online Education Group American depositary shares, each representing 60 Class A ordinary shares",NYSE American,common_stock,0001659494
COF,Capital One Financial Corporation Common Stock,NYSE,common_stock,0000927628
COFS,"ChoiceOne Financial Services, Inc. - Common Stock",NASDAQ,common_stock,0000803164
COGT,"Cogent Biosciences, Inc. - Common Stock",NASDAQ,common_stock,0001622229
COHN,Cohen & Company Inc.,NYSE American,common_stock,0001270436
COHR,Coherent Corp. Common Stock,NYSE,common_stock,0000820318
COHU,"Cohu, Inc. - Common Stock",NASDAQ,common_stock,0000021535
COIN,"Coinbase Global, Inc. - Class A Common Stock",NASDAQ,common_stock,0001679788
COKE,"Coca-Cola Consolidated, Inc. - Common Stock",NASDAQ,common_stock,0000317540
COLA,Columbus Acquisition Corp - Ordinary Shares,NASDAQ,common_stock,0002028201
COLB,"Columbia Banking System, Inc. - Common Stock",NASDAQ,common_stock,0000887343
COLD,"Americold Realty Trust, Inc. Common Stock",NYSE,common_stock,0001455863
COLL,"Collegium Pharmaceutical, Inc. - Common Stock",NASDAQ,common_stock,0001267565
COLM,Columbia Sportswear Company - Common Stock,NASDAQ,common_stock,0001050797
COMP,"Compass, Inc. Class A Common Stock",NYSE,common_stock,0001563190
CON,"Concentra Group Holdings Parent, Inc. Common Stock",NYSE,common_stock,0002014596
COO,"The Cooper Companies, Inc.  - Common Stock",NASDAQ,common_stock,0000711404
COOK,"Traeger, Inc. Common Stock",NYSE,common_stock,0001857853
COOT,Australian Oilseeds Holdings Limited - Ordinary Shares,NASDAQ,common_stock,0001959994
COP,ConocoPhillips Common Stock,NYSE,common_stock,0001163165
COPL,Copley Acquisition Corp Ordinary Shares,NYSE,common_stock,0002045473
COPR,Idaho Copper Corporation Common Stock,NYSE American,common_stock,0001263364
COR,"Cencora, Inc. Common Stock",NYSE,common_stock,0001140859
CORT,Corcept Therapeutics Incorporated - Common Stock,NASDAQ,common_stock,0001088856
CORZ,"Core Scientific, Inc. - Common Stock",NASDAQ,common_stock,0001839341
COSM,Cosmos Health Inc. - Common Stock,NASDAQ,common_stock,0001474167
COSO,"CoastalSouth Bancshares, Inc. Common Stock",NYSE,common_stock,0001297107
COST,Costco Wholesale Corporation - Common Stock,NASDAQ,common_stock,0000909832
COTY,Coty Inc. Class A Common Stock,NYSE,common_stock,0001024305
COUR,"Coursera, Inc. Common Stock",NYSE,common_stock,0001651562
COYA,"Coya Therapeutics, Inc. - Common Stock",NASDAQ,common_stock,0001835022
CP,Canadian Pacific Kansas City Limited Common Shares,NYSE,common_stock,0000016875
CPA,"Copa Holdings, S.A. Class A Common Stock",NYSE,common_stock,0001345105
CPAC,Cementos Pacasmayo S.A.A. American Depositary Shares (Each representing five Common Shares),NYSE,common_stock,0001221029
CPAY,"Corpay, Inc. Common Stock",NYSE,common_stock,0001175454
CPB,The Campbell's Company - Common Stock,NASDAQ,common_stock,0000016732
CPBI,"Central Plains Bancshares, Inc. - Common Stock",NASDAQ,common_stock,0001979332
CPF,Central Pacific Financial Corp New,NYSE,common_stock,0000701347
CPHC,Canterbury Park Holding Corporation - Common Stock,NASDAQ,common_stock,0001672909
CPHI,"China Pharma Holdings, Inc. Common Stock",NYSE American,common_stock,0001106644
CPIX,Cumberland Pharmaceuticals Inc. - Common Stock,NASDAQ,common_stock,0001087294
CPK,Chesapeake Utilities Corporation Common Stock,NYSE,common_stock,0000019745
CPNG,"Coupang, Inc. Class A Common Stock",NYSE,common_stock,0001834584
CPOP,"Pop Culture Group Co., Ltd - Class A Ordinary Shares",NASDAQ,common_stock,0001807389
CPRI,Capri Holdings Limited Ordinary Shares,NYSE,common_stock,0001530721
CPRT,"Copart, Inc. - Common Stock",NASDAQ,common_stock,0000900075
CPS,Cooper-Standard Holdings Inc. Common Stock,NYSE,common_stock,0001320461
CPSH,CPS Technologies Corp. - Common Stock,NASDAQ,common_stock,0000814676
CPSS,"Consumer Portfolio Services, Inc. - Common Stock",NASDAQ,common_stock,0000889609
CPT,Camden Property Trust Common Stock,NYSE,common_stock,0000906345
CPZ,Calamos Long/Short Equity & Dynamic Income Trust - Closed End Fund,NASDAQ,common_stock,0001717457
CR,Crane Company Common Stock,NYSE,common_stock,0001944013
CRAC,Crown Reserve Acquisition Corp. I - Class A Ordinary Shares,NASDAQ,common_stock,0002070887
CRAI,"CRA International,Inc. - Common Stock",NASDAQ,common_stock,0001053706
CRAN,Crane Harbor Acquisition Corp. II - Class A Ordinary Shares,NASDAQ,common_stock,0002081358
CRAQ,Cal Redwood Acquisition Corp. - Class A Ordinary Shares,NASDAQ,common_stock,0002058359
CRBG,Corebridge Financial Inc. Common Stock,NYSE,common_stock,0001889539
CRBP,"Corbus Pharmaceuticals Holdings, Inc. - Common Stock",NASDAQ,common_stock,0001595097
CRBU,"Caribou Biosciences, Inc. - Common Stock",NASDAQ,common_stock,0001619856
CRC,California Resources Corporation Common Stock,NYSE,common_stock,0001609253
CRCL,"Circle Internet Group, Inc. Class A Common Stock",NYSE,common_stock,0001876042
CRCT,"Cricut, Inc. - Class A common stock",NASDAQ,common_stock,0001828962
CRD.A,Crawford & Company Common Stock,NYSE,common_stock,0000025475
CRD.B,Crawford & Company Common Stock,NYSE,common_stock,0000025475
CRDF,"Cardiff Oncology, Inc. - Common Stock",NASDAQ,common_stock,0001213037
CRDL,Cardiol Therapeutics Inc. - Class A Common Shares,NASDAQ,common_stock,0001702123
CRDO,Credo Technology Group Holding Ltd - Ordinary Shares,NASDAQ,common_stock,0001807794
CRE,Cre8 Enterprise Limited - Class A Ordinary Shares,NASDAQ,common_stock,0002003977
CRESY,"Cresud S.A.C.I.F. y A. - American Depositary Shares, each representing ten shares of Common Stock",NASDAQ,common_stock,0001034957
CREX,"Creative Realities, Inc. - Common Stock",NASDAQ,common_stock,0001356093
CRF,"Cornerstone Total Return Fund, Inc. (The) Common Stock",NYSE American,common_stock,0000033934
CRGO,Freightos Limited - Ordinary shares,NASDAQ,common_stock,0001927719
CRGY,Crescent Energy Company Class A Common Stock,NYSE,common_stock,0001866175
CRH,CRH PLC Ordinary Shares,NYSE,common_stock,0000849395
CRI,"Carter's, Inc. Common Stock",NYSE,common_stock,0001060822
CRIS,"Curis, Inc. - Common Stock",NASDAQ,common_stock,0001108205
CRK,"Comstock Resources, Inc. Common Stock",NYSE,common_stock,0000023194
CRL,"Charles River Laboratories International, Inc. Common Stock",NYSE,common_stock,0001100682
CRM,"Salesforce, Inc. Common Stock",NYSE,common_stock,0001108524
CRMD,CorMedix Inc. - Common Stock,NASDAQ,common_stock,0001410098
CRML,Critical Metals Corp. - Ordinary Shares,NASDAQ,common_stock,0001951089
CRMT,"America's Car-Mart, Inc. - Common Stock",NASDAQ,common_stock,0000799850
CRNC,Cerence Inc. - Common Stock,NASDAQ,common_stock,0001768267
CRNT,Ceragon Networks Ltd. - Ordinary Shares,NASDAQ,common_stock,0001119769
CRNX,"Crinetics Pharmaceuticals, Inc. - Common Stock",NASDAQ,common_stock,0001658247
CRON,Cronos Group Inc. - Common Share,NASDAQ,common_stock,0001656472
CROX,"Crocs, Inc. - Common Stock",NASDAQ,common_stock,0001334036
CRS,Carpenter Technology Corporation Common Stock,NYSE,common_stock,0000017843
CRSP,CRISPR Therapeutics AG - Common Shares,NASDAQ,common_stock,0001674416
CRSR,"Corsair Gaming, Inc. - Common Stock",NASDAQ,common_stock,0001743759
CRT,Cross Timbers Royalty Trust Common Stock,NYSE,common_stock,0000881787
CRTO,Criteo S.A. - Ordinary Shares,NASDAQ,common_stock,0001576427
CRUS,"Cirrus Logic, Inc. - Common Stock",NASDAQ,common_stock,0000772406
CRVL,CorVel Corp. - Common Stock,NASDAQ,common_stock,0000874866
CRVO,CervoMed Inc. - Common Stock,NASDAQ,common_stock,0001053691
CRVS,"Corvus Pharmaceuticals, Inc. - Common Stock",NASDAQ,common_stock,0001626971
CRWD,"CrowdStrike Holdings, Inc. - Class A Common Stock",NASDAQ,common_stock,0001535527
CRWS,"Crown Crafts, Inc. - Common Stock",NASDAQ,common_stock,0000025895
CRWV,"CoreWeave, Inc. - Class A Common Stock",NASDAQ,common_stock,0001769628
CSAI,"Cloudastructure, Inc. - Class A Common Stock",NASDAQ,common_stock,0001709628
CSAN,Cosan S.A. ADS,NYSE,common_stock,0001430162
CSBR,"Champions Oncology, Inc. - Common Stock",NASDAQ,common_stock,0000771856
CSCO,"Cisco Systems, Inc. - Common Stock",NASDAQ,common_stock,0000858877
CSGP,"CoStar Group, Inc. - Common Stock",NASDAQ,common_stock,0001057352
CSHR,CoinShares PLC - Ordinary Shares,NASDAQ,common_stock,0002087587
CSIQ,Canadian Solar Inc. - Common Shares,NASDAQ,common_stock,0001375877
CSL,Carlisle Companies Incorporated Common Stock,NYSE,common_stock,0000790051
CSPI,CSP Inc. - Common Stock,NASDAQ,common_stock,0000356037
CSQ,Calamos Strategic Total Return Fund - Closed End Fund,NASDAQ,common_stock,0001275214
CSQR,"Csquare, Inc. Common Stock",NYSE,common_stock,0002105398
CSR,D/B/A Centerspace Common Stock,NYSE,common_stock,0000798359
CSTE,Caesarstone Ltd. - Ordinary Shares,NASDAQ,common_stock,0001504379
CSTL,"Castle Biosciences, Inc. - Common stock",NASDAQ,common_stock,0001447362
CSTM,Constellium SE Ordinary Shares (France),NYSE,common_stock,0001563411
CSV,"Carriage Services, Inc. Common Stock",NYSE,common_stock,0001016281
CSW,"CSW Industrials, Inc. Common Stock",NYSE,common_stock,0001624794
CSWC,Capital Southwest Corporation - Common Stock,NASDAQ,common_stock,0000017313
CSX,CSX Corporation - Common Stock,NASDAQ,common_stock,0000277948
CTAA,ClearThink 1 Acquisition Corp. - Class A Ordinary Shares,NASDAQ,common_stock,0002094073
CTAS,Cintas Corporation - Common Stock,NASDAQ,common_stock,0000723254
CTBI,"Community Trust Bancorp, Inc. - Common Stock",NASDAQ,common_stock,0000350852
CTEV,Claritev Corporation Class A Common Stock,NYSE,common_stock,0001793229
CTGO,Contango Silver & Gold Inc. Common Stock,NYSE American,common_stock,0001502377
CTKB,"Cytek Biosciences, Inc. - Common Stock",NASDAQ,common_stock,0001831915
CTM,"Castellum, Inc. Common Stock",NYSE American,common_stock,0001877939
CTMX,"CytomX Therapeutics, Inc. - Common Stock",NASDAQ,common_stock,0001501989
CTNM,"Contineum Therapeutics, Inc. - Common stock",NASDAQ,common_stock,0001855175
CTNT,Cheetah Net Supply Chain Service Inc. - Class A Common Stock,NASDAQ,common_stock,0001951667
CTO,"CTO Realty Growth, Inc. Common Stock",NYSE,common_stock,0000023795
CTOR,"Citius Oncology, Inc.  - Common Stock",NASDAQ,common_stock,0001851484
CTOS,"Custom Truck One Source, Inc. Common Stock",NYSE,common_stock,0001709682
CTRE,"CareTrust REIT, Inc. Common Stock",NYSE,common_stock,0001590717
CTRI,"Centuri Holdings, Inc. Common Stock",NYSE,common_stock,0001981599
CTRM,Castor Maritime Inc. - Common Shares,NASDAQ,common_stock,0001720161
CTRN,"Citi Trends, Inc. - Common Stock",NASDAQ,common_stock,0001318484
CTS,CTS Corporation Common Stock,NYSE,common_stock,0000026058
CTSH,Cognizant Technology Solutions Corporation - Class A Common Stock,NASDAQ,common_stock,0001058290
CTSO,Cytosorbents Corporation - Common Stock,NASDAQ,common_stock,0001175151
CTVA,"Corteva, Inc. Common Stock",NYSE,common_stock,0001755672
CTW,CTW - Class A Ordinary Shares,NASDAQ,common_stock,0002047148
CTXR,"Citius Pharmaceuticals, Inc. - Common Stock",NASDAQ,common_stock,0001506251
CUB,Lionheart Holdings - Class A Ordinary Shares,NASDAQ,common_stock,0002015955
CUBE,CubeSmart Common Shares,NYSE,common_stock,0001298675
CUBI,"Customers Bancorp, Inc Common Stock",NYSE,common_stock,0001488813
CUE,"Cue Biopharma, Inc. - Common Stock",NASDAQ,common_stock,0001645460
CULP,"Culp, Inc. - Common Shares",NASDAQ,common_stock,0000723603
CUPR,Cuprina Holdings (Cayman) Limited - Class A Ordinary shares,NASDAQ,common_stock,0001995704
CURB,Curbline Properties Corp. Common Stock,NYSE,common_stock,0002027317
CURI,CuriosityStream Inc.  - Class A Common Stock,NASDAQ,common_stock,0001776909
CURR,Currenc Group Inc. - Ordinary Shares,NASDAQ,common_stock,0001862935
CURV,Torrid Holdings Inc. Common Stock,NYSE,common_stock,0001792781
CURX,Curanex Pharmaceuticals Inc - Common Stock,NASDAQ,common_stock,0002025942
CUVL,Clinuvel Pharmaceuticals Limited - American Depositary Shares,NASDAQ,common_stock,0001290877
CUZ,Cousins Properties Incorporated Common Stock,NYSE,common_stock,0000025232
CV,"CapsoVision, Inc. - Common Stock",NASDAQ,common_stock,0001378325
CVBF,CVB Financial Corporation - Common Stock,NASDAQ,common_stock,0000354647
CVCO,"Cavco Industries, Inc. - Common Stock",NASDAQ,common_stock,0000278166
CVE,Cenovus Energy Inc Common Stock,NYSE,common_stock,0001475260
CVEO,Civeo Corporation (Canada) Common Shares,NYSE,common_stock,0001590584
CVGI,"Commercial Vehicle Group, Inc. - Common Stock",NASDAQ,common_stock,0001290900
CVI,CVR Energy Inc. Common Stock,NYSE,common_stock,0001376139
CVKD,"Cadrenal Therapeutics, Inc. - Common Stock",NASDAQ,common_stock,0001937993
CVLG,"Covenant Logistics Group, Inc. Class A Common Stock",NYSE,common_stock,0000928658
CVLT,"Commvault Systems, Inc. - Common Stock",NASDAQ,common_stock,0001169561
CVM,Cel-Sci Corporation Common Stock,NYSE American,common_stock,0000725363
CVNA,Carvana Co. Class A Common Stock,NYSE,common_stock,0001690820
CVR,Chicago Rivet & Machine Co. Common Stock,NYSE American,common_stock,0000019871
CVRX,"CVRx, Inc. - Common Stock",NASDAQ,common_stock,0001235912
CVS,CVS Health Corporation Common Stock,NYSE,common_stock,0000064803
CVSA,Covista Inc. Common Shares,NYSE,common_stock,0000730464
CVU,"CPI Aerostructures, Inc. Common Stock",NYSE American,common_stock,0000889348
CVV,CVD Equipment Corporation - Common Stock,NASDAQ,common_stock,0000766792
CVX,Chevron Corporation Common Stock,NYSE,common_stock,0000093410
CW,Curtiss-Wright Corporation Common Stock,NYSE,common_stock,0000026324
CWBC,Community West Bancshares - Common Stock,NASDAQ,common_stock,0001127371
CWCO,Consolidated Water Co. Ltd. - Ordinary Shares,NASDAQ,common_stock,0000928340
CWD,CaliberCos Inc. - Class A Common Stock,NASDAQ,common_stock,0001627282
CWEN,"Clearway Energy, Inc. Class C Common Stock",NYSE,common_stock,0001567683
CWH,"Camping World Holdings, Inc. Class A Common Stock",NYSE,common_stock,0001669779
CWK,Cushman & Wakefield Ltd. Common Shares,NYSE,common_stock,0001628369
CWST,"Casella Waste Systems, Inc. - Class A Common Stock",NASDAQ,common_stock,0000911177
CWT,California Water Service Group Common Stock,NYSE,common_stock,0001035201
CX,"Cemex, S.A.B. de C.V. Sponsored ADR",NYSE,common_stock,0001076378
CXAI,CXApp Inc. - Class A Common Stock,NASDAQ,common_stock,0001820875
CXDO,"Crexendo, Inc. - Common Stock",NASDAQ,common_stock,0001075736
CXII,Churchill Capital Corp XII - Class A Ordinary Shares,NASDAQ,common_stock,0002114227
CXM,"Sprinklr, Inc. Class A Common Stock",NYSE,common_stock,0001569345
CXT,"Crane NXT, Co. Common Stock",NYSE,common_stock,0000025445
CXW,"CoreCivic, Inc. Common Stock",NYSE,common_stock,0001070985
CYAB,"Cyabra, Inc. - Common Stock",NASDAQ,common_stock,0002032341
CYCN,"Cyclerion Therapeutics, Inc. - Common Stock",NASDAQ,common_stock,0001755237
CYCU,"Cycurion, Inc. - Common Stock",NASDAQ,common_stock,0001868419
CYD,China Yuchai International Limited Common Stock,NYSE,common_stock,0000932695
CYH,"Community Health Systems, Inc. Common Stock",NYSE,common_stock,0001108109
CYN,Cyngn Inc. - Common stock,NASDAQ,common_stock,0001874097
CYPH,Cypherpunk Technologies Inc. - Common Stock,NASDAQ,common_stock,0001509745
CYRX,"CryoPort, Inc. - Common Stock",NASDAQ,common_stock,0001124524
CYTK,"Cytokinetics, Incorporated - Common Stock",NASDAQ,common_stock,0001061983
CZFS,"Citizens Financial Services, Inc. - Common Stock",NASDAQ,common_stock,0000739421
CZNC,Citizens & Northern Corp - Common Stock,NASDAQ,common_stock,0000810958
CZR,"Caesars Entertainment, Inc. - Common Stock",NASDAQ,common_stock,0001590895
CZWI,"Citizens Community Bancorp, Inc. - Common Stock",NASDAQ,common_stock,0001367859
D,"Dominion Energy, Inc. Common Stock",NYSE,common_stock,0000715957
DAAQ,Digital Asset Acquisition Corp. - Class A Ordinary shares,NASDAQ,common_stock,0002052162
DAC,Danaos Corporation Common Stock,NYSE,common_stock,0001369241
DAIC,"CID HoldCo, Inc. - Common Stock",NASDAQ,common_stock,0002033770
DAIO,Data I/O Corporation - Common Stock,NASDAQ,common_stock,0000351998
DAKT,"Daktronics, Inc. - Common Stock",NASDAQ,common_stock,0000915779
DAL,"Delta Air Lines, Inc. Common Stock",NYSE,common_stock,0000027904
DAN,Dana Incorporated Common Stock,NYSE,common_stock,0000026780
DAO,"Youdao, Inc. American Depositary Shares, each representing one Class A Ordinary Share",NYSE,common_stock,0001781753
DAR,Darling Ingredients Inc. Common Stock,NYSE,common_stock,0000916540
DARE,"Dare Bioscience, Inc. - Common Stock",NASDAQ,common_stock,0001401914
DASH,"DoorDash, Inc. - Common Stock",NASDAQ,common_stock,0001792789
DAVA,Endava plc American Depositary Shares (each representing one Class A Ordinary Share),NYSE,common_stock,0001656081
DAVE,Dave Inc.  - Class A Common Stock,NASDAQ,common_stock,0001841408
DB,Deutsche Bank AG Common Stock,NYSE,common_stock,0001159508
DBCA,D. Boral Acquisition I Corp. - Class A Ordinary Shares,NASDAQ,common_stock,0002095161
DBD,Diebold Nixdorf Incorporated Common stock,NYSE,common_stock,0000028823
DBGI,"Digital Brands Group, Inc. - Common Stock",NASDAQ,common_stock,0001668010
DBI,Designer Brands Inc. Class A Common Stock,NYSE,common_stock,0001319947
DBL,DoubleLine Opportunistic Credit Fund Common Shares of Beneficial Interest,NYSE,common_stock,0001525201
DBRG,"DigitalBridge Group, Inc.",NYSE,common_stock,0001679688
DBVT,DBV Technologies S.A. - American Depositary Shares,NASDAQ,common_stock,0001613780
DBX,"Dropbox, Inc. - Class A Common Stock",NASDAQ,common_stock,0001467623
DC,Dakota Gold Corp. Common Stock,NYSE American,common_stock,0001852353
DCBO,Docebo Inc. - Common Shares,NASDAQ,common_stock,0001829959
DCGO,DocGo Inc. - Common Stock,NASDAQ,common_stock,0001822359
DCH,Dauch Corporation Common Stock,NYSE,common_stock,0001062231
DCI,"Donaldson Company, Inc. Common Stock",NYSE,common_stock,0000029644
DCO,Ducommun Incorporated Common Stock,NYSE,common_stock,0000030305
DCOM,"Dime Commercial Bancshares, Inc. Common Stock",NYSE,common_stock,0000846617
DCOY,Decoy Therapeutics Inc. - Common Stock,NASDAQ,common_stock,0001615219
DCTH,"Delcath Systems, Inc. - Common Stock",NASDAQ,common_stock,0000872912
DCX,Digital Currency X Technology Inc. - Class A Ordinary Shares,NASDAQ,common_stock,0001957413
DD,"DuPont de Nemours, Inc. Common Stock",NYSE,common_stock,0001666700
DDC,DDC Enterprise Limited Class A Ordinary Shares,NYSE American,common_stock,0001808110
DDD,3D Systems Corporation Common Stock,NYSE,common_stock,0000910638
DDI,"DoubleDown Interactive Co., Ltd. - American Depository Shares",NASDAQ,common_stock,0001799567
DDL,Dingdong (Cayman) Limited American Depositary Shares (each two representing three Ordinary Shares),NYSE,common_stock,0001854545
DDOG,"Datadog, Inc. - Class A Common Stock",NASDAQ,common_stock,0001561550
DDS,"Dillard's, Inc. Common Stock",NYSE,common_stock,0000028917
DDT,Dillard's Capital Trust I,NYSE,common_stock,0000028917
DE,Deere & Company Common Stock,NYSE,common_stock,0000315189
DEA,"Easterly Government Properties, Inc. Common Stock",NYSE,common_stock,0001622194
DEC,Diversified Energy Company Common Stock,NYSE,common_stock,0001922446
DECK,Deckers Outdoor Corporation Common Stock,NYSE,common_stock,0000910521
DEFT,"Defi Technologies, Inc. - Common Stock",NASDAQ,common_stock,0001888274
DEI,"Douglas Emmett, Inc. Common Stock",NYSE,common_stock,0001364250
DELL,Dell Technologies Inc. Class C Common Stock,NYSE,common_stock,0001571996
DEO,Diageo plc Common Stock,NYSE,common_stock,0000835403
DERM,Journey Medical Corporation - Common Stock,NASDAQ,common_stock,0001867066
DETX,"Liberty Defense Holdings, Ltd. - Common Shares",NASDAQ,common_stock,0001919776
DFDV,DeFi Development Corp. - Common Stock,NASDAQ,common_stock,0001805526
DFH,"Dream Finders Homes, Inc. Class A Common Stock",NYSE,common_stock,0001825088
DFIN,"Donnelley Financial Solutions, Inc. Common Stock",NYSE,common_stock,0001669811
DFLI,Dragonfly Energy Holdings Corp - Common Stock,NASDAQ,common_stock,0001847986
DFNS,T3 Defense Inc. - Common Stock,NASDAQ,common_stock,0001787518
DFSC,"DEFSEC Technologies Inc. - common stock, no R/S concurrent with offering",NASDAQ,common_stock,0001889823
DFTX,"Definium Therapeutics, Inc.  - Common Shares",NASDAQ,common_stock,0001813814
DG,Dollar General Corporation Common Stock,NYSE,common_stock,0000029534
DGAC,Disciplined Growth Acquisition Corporation Class A Ordinary Shares,NYSE,common_stock,0002111038
DGICA,"Donegal Group, Inc. - Class A Common Stock",NASDAQ,common_stock,0000800457
DGICB,"Donegal Group, Inc. - Class B Common Stock",NASDAQ,common_stock,0000800457
DGII,Digi International Inc. - Common Stock,NASDAQ,common_stock,0000854775
DGNX,Diginex Limited - Ordinary Shares,NASDAQ,common_stock,0002010499
DGP,"DB Gold Double Long ETN due February 15, 2038",NYSE Arca,common_stock,0001159508
DGX,Quest Diagnostics Incorporated Common Stock,NYSE,common_stock,0001022079
DGXX,Digi Power X Inc. - Common Subordinate Voting Shares,NASDAQ,common_stock,0001854368
DGZ,"DB Gold Short ETN due February 15, 2038",NYSE Arca,common_stock,0001159508
DH,Definitive Healthcare Corp. - Class A Common Stock,NASDAQ,common_stock,0001861795
DHC,Diversified Healthcare Trust  - Common Shares of Beneficial Interest,NASDAQ,common_stock,0001075415
DHF,BNY Mellon High Yield Strategies Fund Common Stock,NYSE,common_stock,0001057861
DHI,"D.R. Horton, Inc. Common Stock",NYSE,common_stock,0000882184
DHR,Danaher Corporation Common Stock,NYSE,common_stock,0000313616
DHT,"DHT Holdings, Inc.",NYSE,common_stock,0001331284
DHX,"DHI Group, Inc. Common Stock",NYSE,common_stock,0001393883
DHY,Credit Suisse High Yield Credit Fund Common Stock,NYSE American,common_stock,0001061353
DIBS,"1stdibs.com, Inc. - Common Stock",NASDAQ,common_stock,0001600641
DIN,"Dine Brands Global, Inc. Common Stock",NYSE,common_stock,0000049754
DINO,HF Sinclair Corporation Common Stock,NYSE,common_stock,0001915657
DIOD,Diodes Incorporated - Common Stock,NASDAQ,common_stock,0000029002
DIS,Walt Disney Company (The) Common Stock,NYSE,common_stock,0001744489
DIT,AMCON Distributing Company Common Stock,NYSE American,common_stock,0000928465
DJCO,Daily Journal Corp. (S.C.) - Common Stock,NASDAQ,common_stock,0000783412
DJP,iPath Bloomberg Commodity Index Total Return ETN,NYSE Arca,common_stock,0000312070
DJT,Trump Media & Technology Group Corp. - Common Stock,NASDAQ,common_stock,0001849635
DK,"Delek US Holdings, Inc. Common Stock",NYSE,common_stock,0001694426
DKI,DarkIris Inc. - Class A Ordinary Shares,NASDAQ,common_stock,0002058584
DKNG,DraftKings Inc. - Class A Common Stock,NASDAQ,common_stock,0001883685
DKS,Dick's Sporting Goods Inc Common Stock,NYSE,common_stock,0001089063
DLB,Dolby Laboratories Common Stock,NYSE,common_stock,0001308547
DLHC,DLH Holdings Corp. - Common Stock,NASDAQ,common_stock,0000785557
DLO,DLocal Limited - Class A Common Shares,NASDAQ,common_stock,0001846832
DLPN,"Dolphin Entertainment, Inc. - Common Stock",NASDAQ,common_stock,0001282224
DLR,"Digital Realty Trust, Inc. Common Stock",NYSE,common_stock,0001297996
DLTH,Duluth Holdings Inc. - Class B Common Stock,NASDAQ,common_stock,0001649744
DLTR,"Dollar Tree, Inc. - Common Stock",NASDAQ,common_stock,0000935703
DLX,Deluxe Corporation Common Stock,NYSE,common_stock,0000027996
DLXY,Delixy Holdings Limited - Class A Ordinary Shares,NASDAQ,common_stock,0002025218
DLY,DoubleLine Yield Opportunities Fund Common Shares of Beneficial Interest,NYSE,common_stock,0001788399
DMA,Destra Multi-Alternative Fund Common Stock,NYSE,common_stock,0001523289
DMAA,Drugs Made In America Acquisition Corp. - Ordinary Shares,NASDAQ,common_stock,0002028614
DMAC,DiaMedica Therapeutics Inc. - Common Stock,NASDAQ,common_stock,0001401040
DMB,"BNY Mellon Municipal Bond Infrastructure Fund, Inc. Common Stock",NYSE,common_stock,0001565381
DMC,Del Monte Corporation Ordinary Shares,NYSE,common_stock,0001047340
DMII,Drugs Made In America Acquisition II Corp. - Ordinary Shares,NASDAQ,common_stock,0002040475
DMO,Western Asset Mortgage Opportunity Fund Inc. Common Stock,NYSE,common_stock,0001478102
DMRA,"Damora Therapeutics, Inc. - Ordinary Shares",NASDAQ,common_stock,0001800315
DMRC,Digimarc Corporation - Common Stock,NASDAQ,common_stock,0002119322
DNA,"Ginkgo Bioworks Holdings, Inc. Class A Common Stock",NYSE,common_stock,0001830214
DNLI,Denali Therapeutics Inc. - Common Stock,NASDAQ,common_stock,0001714899
DNMX,Dynamix Corporation III - Class A Ordinary Shares,NASDAQ,common_stock,0002081125
DNN,Denison Mines Corp Ordinary Shares (Canada),NYSE American,common_stock,0001063259
DNOW,DNOW Inc. Common Stock,NYSE,common_stock,0001599617
DNP,"DNP Select Income Fund, Inc. Common Stock",NYSE,common_stock,0000806628
DNTH,"Dianthus Therapeutics, Inc. - Common Stock",NASDAQ,common_stock,0001690585
DNUT,"Krispy Kreme, Inc. - Common Stock",NASDAQ,common_stock,0001857154
DOC,"Healthpeak Properties, Inc. Common Stock",NYSE,common_stock,0000765880
DOCN,"DigitalOcean Holdings, Inc. Common Stock",NYSE,common_stock,0001582961
DOCS,"Doximity, Inc. Class A Common Stock",NYSE,common_stock,0001516513
DOCU,"DocuSign, Inc. - Common Stock",NASDAQ,common_stock,0001261333
DOGZ,Dogness (International) Corporation - Class A Common Stock,NASDAQ,common_stock,0001707303
DOLE,Dole plc Ordinary Shares,NYSE,common_stock,0001857475
DOMH,Dominari Holdings Inc. - Common Stock,NASDAQ,common_stock,0000012239
DOMO,"Domo, Inc. - Class B Common Stock",NASDAQ,common_stock,0001505952
DOO,BRP Inc. - Common Subordinate Voting Shares,NASDAQ,common_stock,0001748797
DORM,"Dorman Products, Inc. - Common Stock",NASDAQ,common_stock,0000868780
DOUG,Douglas Elliman Inc. Common Stock,NYSE,common_stock,0001878897
DOV,Dover Corporation Common Stock,NYSE,common_stock,0000029905
DOW,Dow Inc. Common Stock,NYSE,common_stock,0001751788
DOX,Amdocs Limited - Ordinary Shares,NASDAQ,common_stock,0001062579
DOYU,DouYu International Holdings Limited - American Depositary Shares,NASDAQ,common_stock,0001762417
DPC,DPC Holdings PLC Ordinary Shares,NYSE,common_stock,0002107018
DPG,Duff & Phelps Utility and Infrastructure Fund Inc.,NYSE,common_stock,0001515671
DPRO,Draganfly Inc. - Common Shares,NASDAQ,common_stock,0001786286
DPU,Top KingWin Ltd - Class A Ordinary Shares,NASDAQ,common_stock,0001938865
DPZ,Domino's Pizza Inc - Common Stock,NASDAQ,common_stock,0001286681
DQ,"DAQO New Energy Corp. American Depositary Shares, each representing five ordinary shares",NYSE,common_stock,0001477641
DRCT,"Direct Digital Holdings, Inc. - Class A Common Stock",NASDAQ,common_stock,0001880613
DRD,DRDGOLD Limited American Depositary Shares,NYSE,common_stock,0001023512
DRDB,Roman DBDR Acquisition Corp. II - Ordinary shares,NASDAQ,common_stock,0002032528
DRH,Diamondrock Hospitality Company - Common Stock,NASDAQ,common_stock,0001298946
DRI,"Darden Restaurants, Inc. Common Stock",NYSE,common_stock,0000940944
DRIO,DarioHealth Corp. - Common Stock,NASDAQ,common_stock,0001533998
DRMA,"Dermata Therapeutics, Inc. - Common Stock",NASDAQ,common_stock,0001853816
DRS,"Leonardo DRS, Inc. - Common Stock",NASDAQ,common_stock,0001833756
DRTS,Alpha Tau Medical Ltd. - Ordinary Shares,NASDAQ,common_stock,0001871321
DRUG,Bright Minds Biosciences Inc. - common stock,NASDAQ,common_stock,0001827401
DRVN,Driven Brands Holdings Inc. - Common Stock,NASDAQ,common_stock,0001804745
DSAC,Daedalus Special Acquisition Corp. - Class A Ordinary Shares,NASDAQ,common_stock,0002082149
DSC,DSC Holdings Ltd. - American Depositary Shares,NASDAQ,common_stock,0001966041
DSGN,"Design Therapeutics, Inc. - Common Stock",NASDAQ,common_stock,0001807120
DSGR,"Distribution Solutions Group, Inc. - Common Stock",NASDAQ,common_stock,0000703604
DSGX,The Descartes Systems Group Inc. - Common Stock,NASDAQ,common_stock,0001050140
DSL,DoubleLine Income Solutions Fund Common Shares of Beneficial Interests,NYSE,common_stock,0001566388
DSM,"BNY Mellon Strategic Municipal Bond Fund, Inc. Common Stock",NYSE,common_stock,0000855887
DSP,Viant Technology Inc. - common stock,NASDAQ,common_stock,0001828791
DSS,"DSS, Inc. Common Stock",NYSE American,common_stock,0000771999
DSU,"Blackrock Debt Strategies Fund, Inc. Common Stock",NYSE,common_stock,0001051003
DSWL,"Deswell Industries, Inc. - Common Shares",NASDAQ,common_stock,0000946936
DSX,Diana Shipping inc. common stock,NYSE,common_stock,0001318885
DSY,Big Tree Cloud Holdings Limited - Class A Ordinary Shares,NASDAQ,common_stock,0001999297
DT,"Dynatrace, Inc. Common Stock",NYSE,common_stock,0001773383
DTCX,"Datacentrex, Inc. - Common Stock",NASDAQ,common_stock,0001853825
DTE,DTE Energy Company Common Stock,NYSE,common_stock,0000936340
DTF,DTF Tax-Free Income 2028 Term Fund Inc. Common Stock,NYSE,common_stock,0000879535
DTI,Drilling Tools International Corporation  - Common Stock,NASDAQ,common_stock,0001884516
DTIL,"Precision BioSciences, Inc. - Common Stock",NASDAQ,common_stock,0001357874
DTM,"DT Midstream, Inc. Common Stock",NYSE,common_stock,0001842022
DTSQ,DT Cloud Star Acquisition Corporation - Ordinary Shares,NASDAQ,common_stock,0002017950
DTSS,Datasea Intelligent Technology Ltd. - Class A Ordinary Shares,NASDAQ,common_stock,0002110423
DTST,Data Storage Corporation - Common Stock,NASDAQ,common_stock,0001419951
DUK,Duke Energy Corporation (Holding Company) Common Stock,NYSE,common_stock,0001326160
DUKR,DUKE Robotics Corp. - Common Stock,NASDAQ,common_stock,0001638911
DUO,Fangdd Network Group Ltd. - Class A Ordinary Shares,NASDAQ,common_stock,0001750593
DUOL,"Duolingo, Inc. - Class A Common Stock",NASDAQ,common_stock,0001562088
DUOT,"Duos Technologies Group, Inc. - Common Stock",NASDAQ,common_stock,0001396536
DV,"DoubleVerify Holdings, Inc. Common Stock",NYSE,common_stock,0001819928
DVA,DaVita Inc. Common Stock,NYSE,common_stock,0000927066
DVLT,Datavault AI Inc. - Common Stock,NASDAQ,common_stock,0001682149
DVN,Devon Energy Corporation Common Stock,NYSE,common_stock,0001090012
DWSN,Dawson Geophysical Company - Common Stock,NASDAQ,common_stock,0000799165
DWTX,"Dogwood Therapeutics, Inc.  - Common Stock",NASDAQ,common_stock,0001818844
DX,"Dynex Capital, Inc. Common Stock",NYSE,common_stock,0000826675
DXC,DXC Technology Company Common Stock,NYSE,common_stock,0001688568
DXCM,"DexCom, Inc. - Common Stock",NASDAQ,common_stock,0001093557
DXF,"Eason Technology Limited American Depositary Shares (each representing sixty-thousand (60,000) Ordinary Shares)",NYSE American,common_stock,0001499494
DXLG,"Destination XL Group, Inc. - Common Stock",NASDAQ,common_stock,0000813298
DXPE,"DXP Enterprises, Inc. - Common Stock",NASDAQ,common_stock,0001020710
DXR,Daxor Corporation - Closed End Fund,NASDAQ,common_stock,0000027367
DXST,Decent Holding Inc. - Class A Ordinary Shares,NASDAQ,common_stock,0001958133
DXYZ,Destiny Tech100 Inc. Common Stock,NYSE,common_stock,0001843974
DY,"Dycom Industries, Inc. Common Stock",NYSE,common_stock,0000067215
DYAI,"Dyadic International, Inc. - Common Stock",NASDAQ,common_stock,0001213809
DYN,"Dyne Therapeutics, Inc. - Common Stock",NASDAQ,common_stock,0001818794
DYNC,Dynamix Corporation - Class A Ordinary Share,NASDAQ,common_stock,0002028699
DYOR,Insight Digital Partners II - Class A Ordinary Shares,NASDAQ,common_stock,0002079292
DZZ,"DB Gold Double Short ETN due February 15, 2038",NYSE Arca,common_stock,0001159508
E,ENI S.p.A. Common Stock,NYSE,common_stock,0001002242
EAD,Allspring Income Opportunities Fund Common Shares,NYSE American,common_stock,0001210123
EAF,GrafTech International Ltd. Common Stock,NYSE,common_stock,0000931148
EAI,"Entergy Arkansas, LLC First Mortgage Bonds, 4.875% Series Due September 1, 2066",NYSE,common_stock,0000007323
EARN,Ellington Credit Company Common Shares of Beneficial Interest,NYSE,common_stock,0001560672
EAT,"Brinker International, Inc. Common Stock",NYSE,common_stock,0000703351
EBAY,eBay Inc. - Common Stock,NASDAQ,common_stock,0001065088
EBC,"Eastern Bankshares, Inc. - Common Stock",NASDAQ,common_stock,0001810546
EBF,"Ennis, Inc. Common Stock",NYSE,common_stock,0000033002
EBMT,"Eagle Bancorp Montana, Inc. - Common Stock",NASDAQ,common_stock,0001478454
EBON,Ebang International Holdings Inc. - Class A Ordinary Shares,NASDAQ,common_stock,0001799290
EBS,Emergent BioSolutions Inc. Common Stock,NYSE,common_stock,0001367644
EC,Ecopetrol S.A. American Depositary Shares,NYSE,common_stock,0001444406
ECAT,BlackRock ESG Capital Allocation Term Trust Common Shares of Beneficial Interest,NYSE,common_stock,0001864843
ECBK,"ECB Bancorp, Inc. - Common Stock",NASDAQ,common_stock,0001914605
ECC,Eagle Point Credit Company Common Share of Beneficial Interest,NYSE,common_stock,0001604174
ECF,Ellsworth Growth and Income Fund Ltd.,NYSE American,common_stock,0000793040
ECG,"Everus Construction Group, Inc. Common Stock",NYSE,common_stock,0002015845
ECHO,EchoStar Corporation - Common stock,NASDAQ,common_stock,0001415404
ECL,Ecolab Inc. Common Stock,NYSE,common_stock,0000031462
ECO,Okeanis Eco Tankers Corp. Common Stock,NYSE,common_stock,0001964954
ECOR,"electroCore, Inc. - Common Stock",NASDAQ,common_stock,0001560258
ECPG,Encore Capital Group Inc - Common Stock,NASDAQ,common_stock,0001084961
ECVT,Ecovyst Inc. Common Stock,NYSE,common_stock,0001708035
ECX,ECARX Holdings Inc. - Class A Ordinary shares,NASDAQ,common_stock,0001861974
ED,"Consolidated Edison, Inc. Common Stock",NYSE,common_stock,0001047862
EDBL,Edible Garden AG Incorporated - Common Stock,NASDAQ,common_stock,0001809750
EDD,"Morgan Stanley Emerging Markets Domestic Debt Fund, Inc. Common Stock",NYSE,common_stock,0001388141
EDF,Virtus Stone Harbor Emerging Markets Income Fund Common Shares of Beneficial Interest,NYSE,common_stock,0001501103
EDHL,Everbright Digital Holding Limited - Ordinary Shares,NASDAQ,common_stock,0002024876
EDIT,"Editas Medicine, Inc. - Common Stock",NASDAQ,common_stock,0001650664
EDN,Empresa Distribuidora Y Comercializadora Norte S.A. (Edenor) American Depositary Shares,NYSE,common_stock,0001395213
EDRY,EuroDry Ltd. - Common Shares,NASDAQ,common_stock,0001731388
EDSA,"Edesa Biotech, Inc. - Common Shares",NASDAQ,common_stock,0001540159
EDTK,Skillful Craftsman Education Technology Limited - Ordinary Share,NASDAQ,common_stock,0001782309
EDU,"New Oriental Education & Technology Group, Inc. Sponsored ADR representing 10 Ordinary Share (Cayman Islands)",NYSE,common_stock,0001372920
EDUC,Educational Development Corporation - Common Stock,NASDAQ,common_stock,0000031667
EE,"Excelerate Energy, Inc. Class A Common Stock",NYSE,common_stock,0001888447
EEA,"The European Equity Fund, Inc. Common Stock",NYSE,common_stock,0000791718
EEFT,"Euronet Worldwide, Inc. - Common Stock",NASDAQ,common_stock,0001029199
EEIQ,EpicQuest Education Group International Limited - Common Stock,NASDAQ,common_stock,0001781397
EFC,Ellington Financial Inc. Common Stock,NYSE,common_stock,0001411342
EFOI,"Energy Focus, Inc. - Common Stock",NASDAQ,common_stock,0000924168
EFOR,"Everforth, Inc. Common Stock",NYSE,common_stock,0000890564
EFR,Eaton Vance Senior Floating-Rate Fund Common Shares of Beneficial Interest,NYSE,common_stock,0001258623
EFSC,Enterprise Financial Services Corporation - Common Stock,NASDAQ,common_stock,0001025835
EFSI,Eagle Financial Services Inc - Common Stock,NASDAQ,common_stock,0000880641
EFT,Eaton Vance Floating Rate Income Trust Common Shares of Beneficial Interest,NYSE,common_stock,0001288992
EFTY,"Etoiles Capital Group Co., Ltd. - Class A Ordinary Shares",NASDAQ,common_stock,0002058349
EFX,"Equifax, Inc. Common Stock",NYSE,common_stock,0000033185
EFXT,Enerflex Ltd Common Shares,NYSE,common_stock,0001904856
EG,"Everest Group, Ltd. Common Stock",NYSE,common_stock,0001095073
EGAN,eGain Corporation - Common Stock,NASDAQ,common_stock,0001066194
EGBN,"Eagle Bancorp, Inc. - Common Stock",NASDAQ,common_stock,0001050441
EGG,Enigmatig Limited Class A Ordinary Shares,NYSE American,common_stock,0001982961
EGHA,EGH Acquisition Corp. - Class A ordinary shares,NASDAQ,common_stock,0002052547
EGHT,8x8 Inc - Common stock,NASDAQ,common_stock,0001023731
EGO,Eldorado Gold Corporation Ordinary Shares,NYSE,common_stock,0000918608
EGP,"EastGroup Properties, Inc. Common Stock",NYSE,common_stock,0000049600
EGY,"VAALCO Energy, Inc.  Common Stock",NYSE,common_stock,0000894627
EH,EHang Holdings Limited - ADS,NASDAQ,common_stock,0001759783
EHC,Encompass Health Corporation Common Stock,NYSE,common_stock,0000785161
EHGO,Eshallgo Inc. - Class A Ordinary Shares,NASDAQ,common_stock,0001879754
EHI,Western Asset Global High Income Fund Inc Common Stock,NYSE,common_stock,0001228509
EHLD,Euroholdings Ltd. - Common Stock,NASDAQ,common_stock,0002032779
EHTH,"eHealth, Inc. - Common Stock",NASDAQ,common_stock,0001333493
EIC,Eagle Point Income Company Inc. Common Stock,NYSE,common_stock,0001754836
EIG,Employers Holdings Inc Common Stock,NYSE,common_stock,0001379041
EIKN,"Eikon Therapeutics, Inc. - Common Stock",NASDAQ,common_stock,0001861123
EIM,"Eaton Vance Municipal Bond Fund Common Shares of Beneficial Interest, $.01 par value",NYSE American,common_stock,0001176984
EIX,Edison International Common Stock,NYSE,common_stock,0000827052
EJH,E-Home Household Service Holdings Limited - Ordinary shares,NASDAQ,common_stock,0001769768
EL,"Estee Lauder Companies, Inc. (The) Common Stock",NYSE,common_stock,0001001250
ELA,Envela Corporation Common Stock,NYSE American,common_stock,0000701719
ELAB,PMGC Holdings Inc. - Common Stock,NASDAQ,common_stock,0001840563
ELAN,Elanco Animal Health Incorporated Common Stock,NYSE,common_stock,0001739104
ELBM,Electra Battery Materials Corporation - Common Stock,NASDAQ,common_stock,0001907184
ELC,"Entergy Louisiana, Inc. Collateral Trust Mortgage Bonds, 4.875 % Series due September 1, 2066",NYSE,common_stock,0001348952
ELDN,"Eledon Pharmaceuticals, Inc. - Common Stock",NASDAQ,common_stock,0001404281
ELE,Elemental Royalty Corporation - Common Stock,NASDAQ,common_stock,0002086771
ELF,"e.l.f. Beauty, Inc. Common Stock",NYSE,common_stock,0001600033
ELLO,Ellomay Capital Ltd Ordinary Shares (Israel),NYSE American,common_stock,0000946394
ELMD,"Electromed, Inc. Common Stock",NYSE American,common_stock,0001488917
ELME,Elme Communities Common Stock,NYSE,common_stock,0000104894
ELMT,The Elmet Group Co. - Common Stock,NASDAQ,common_stock,0002101698
ELOG,Eastern International Ltd. - Ordinary Shares,NASDAQ,common_stock,0002013320
ELOX,"Eloxx Pharmaceuticals, Inc. - Common Stock",NASDAQ,common_stock,0001035354
ELPC,Companhia Paranaense de Energia (COPEL) American Depositary Shares (each representing four (4) Common Shares),NYSE,common_stock,0001041792
ELPW,Elong Power Holding Limited - Class A Ordinary Shares,NASDAQ,common_stock,0002015691
ELS,"Equity Lifestyle Properties, Inc. Common Stock",NYSE,common_stock,0000895417
ELTK,Eltek Ltd. - Ordinary Shares,NASDAQ,common_stock,0001024672
ELTX,"Elicio Therapeutics, Inc. - Common Stock",NASDAQ,common_stock,0001601485
ELUT,"Elutia, Inc. - Class A Common Stock",NASDAQ,common_stock,0001708527
ELV,"Elevance Health, Inc. Common Stock",NYSE,common_stock,0001156039
ELVA,Electrovaya Inc. - Common Shares,NASDAQ,common_stock,0001844450
ELVN,"Enliven Therapeutics, Inc.  - Common Stock",NASDAQ,common_stock,0001672619
ELVR,Elevra Lithium Limited - American Depository Shares,NASDAQ,common_stock,0001739016
ELWT,"Elauwit Connection, Inc. - Common Stock",NASDAQ,common_stock,0002063863
EMA,Emera Incorporated Common Shares,NYSE,common_stock,0001127248
EMAT,Evolution Metals & Technologies Corp. - Common Stock,NASDAQ,common_stock,0001866226
EMBC,Embecta Corp. - Common Stock,NASDAQ,common_stock,0001872789
EMBJ,Embraer S.A. Common Stock,NYSE,common_stock,0001355444
EMD,Western Asset Emerging Markets Debt Fund Inc Common Stock,NYSE,common_stock,0001227862
EME,"EMCOR Group, Inc. Common Stock",NYSE,common_stock,0000105634
EMF,Templeton Emerging Markets Fund Common Stock,NYSE,common_stock,0000809708
EMIS,Emmis Acquisition Corp. - Class A Ordinary Share,NASDAQ,common_stock,0002075816
EML,Eastern Company (The) - Common Stock,NASDAQ,common_stock,0000031107
EMN,Eastman Chemical Company Common Stock,NYSE,common_stock,0000915389
EMO,ClearBridge Energy Midstream Opportunity Fund Inc. Common Stock,NYSE,common_stock,0001517518
EMP,"Entergy Mississippi, LLC First Mortgage Bonds, 4.90% Series Due October 1, 2066",NYSE,common_stock,0000066901
EMPD,Empery Digital Inc. - Common stock,NASDAQ,common_stock,0001829794
EMR,Emerson Electric Company Common Stock,NYSE,common_stock,0000032604
ENB,Enbridge Inc Common Stock,NYSE,common_stock,0000895728
ENGN,enGene Therapeutics Inc. - Common Stock,NASDAQ,common_stock,0001980845
ENGS,Energys Group Limited - Ordinary Shares,NASDAQ,common_stock,0001971828
ENHA,Enhanced Group Inc. Class A Common Stock,NYSE,common_stock,0001956439
ENIC,Enel Chile S.A. American Depositary Shares (Each representing 50 shares of Common Stock),NYSE,common_stock,0001659939
ENJ,"Entergy New Orleans, LLC First Mortgage Bonds, 5.0% Series due December 1, 2052",NYSE,common_stock,0000071508
ENLT,Enlight Renewable Energy Ltd. - Ordinary Shares,NASDAQ,common_stock,0001922641
ENLV,Enlivex Ltd. - Ordinary Shares,NASDAQ,common_stock,0001596812
ENO,"Entergy New Orleans, LLC First Mortgage Bonds, 5.50% Series due April 1, 2066",NYSE,common_stock,0000071508
ENOV,Enovis Corporation Common Stock,NYSE,common_stock,0001420800
ENPH,"Enphase Energy, Inc. - Common Stock",NASDAQ,common_stock,0001463101
ENR,"Energizer Holdings, Inc. Common Stock",NYSE,common_stock,0001632790
ENRD,Einride AB - American Depositary Shares,NASDAQ,common_stock,0002095096
ENS,EnerSys Common Stock,NYSE,common_stock,0001289308
ENSC,"Ensysce Biosciences, Inc. - Common Stock",NASDAQ,common_stock,0001716947
ENSG,"The Ensign Group, Inc. - Common Stock",NASDAQ,common_stock,0001125376
ENTA,"Enanta Pharmaceuticals, Inc. - Common Stock",NASDAQ,common_stock,0001177648
ENTG,"Entegris, Inc. - Common Stock",NASDAQ,common_stock,0001101302
ENTX,Entera Bio Ltd. - Ordinary Shares,NASDAQ,common_stock,0001638097
ENVA,"Enova International, Inc. Common Stock",NYSE,common_stock,0001529864
ENVB,"Enveric Biosciences, Inc.  - Common Stock",NASDAQ,common_stock,0000890821
ENVX,Enovix Corporation - Common Stock,NASDAQ,common_stock,0001828318
EOD,Allspring Global Dividend Opportunity Fund Common Shares of Beneficial Interest,NYSE,common_stock,0001386067
EOG,"EOG Resources, Inc. Common Stock",NYSE,common_stock,0000821189
EOI,Eaton Vance Enhance Equity Income Fund Eaton Vance Enhanced Equity Income Fund Shares of Beneficial Interest,NYSE,common_stock,0001300391
EOLS,"Evolus, Inc. - Common Stock",NASDAQ,common_stock,0001570562
EONR,EON Resources Inc. Class A Common Stock,NYSE American,common_stock,0001842556
EOS,Eaton Vance Enhance Equity Income Fund II Common Stock,NYSE,common_stock,0001308335
EOSE,"Eos Energy Enterprises, Inc. - Common Stock",NASDAQ,common_stock,0001805077
EOT,Eaton Vance Municipal Income Trust EATON VANCE NATIONAL MUNICIPAL OPPORTUNITIES TRUST,NYSE,common_stock,0001454741
EP,Empire Petroleum Corporation Common Stock,NYSE American,common_stock,0000887396
EPAC,Enerpac Tool Group Corp. Common Stock,NYSE,common_stock,0000006955
EPAM,"EPAM Systems, Inc. Common Stock",NYSE,common_stock,0001352010
EPC,Edgewell Personal Care Company Common Stock,NYSE,common_stock,0001096752
EPD,Enterprise Products Partners L.P. Common Stock,NYSE,common_stock,0001061219
EPM,"Evolution Petroleum Corporation, Inc. Common Stock",NYSE American,common_stock,0001006655
EPOW,E-Power Inc. - Class A Ordinary Shares,NASDAQ,common_stock,0001780731
EPR,EPR Properties Common Stock,NYSE,common_stock,0001045450
EPRT,"Essential Properties Realty Trust, Inc. Common Stock",NYSE,common_stock,0001728951
EPRX,Eupraxia Pharmaceuticals Inc. - Common Stock,NASDAQ,common_stock,0001581178
EPSM,Epsium Enterprise Limited - Class A Ordinary Shares,NASDAQ,common_stock,0001883437
EPSN,Epsilon Energy Ltd. - Common Shares,NASDAQ,common_stock,0001726126
EQ,"Equillium, Inc. - Common Stock",NASDAQ,common_stock,0001746466
EQBK,"Equity Bancshares, Inc. Class A Common Stock",NYSE,common_stock,0001227500
EQH,"Equitable Holdings, Inc. Common Stock",NYSE,common_stock,0001333986
EQIX,"Equinix, Inc. - Common Stock",NASDAQ,common_stock,0001101239
EQNR,Equinor ASA,NYSE,common_stock,0001140625
EQPT,EquipmentShare.com Inc - Class A Common Stock,NASDAQ,common_stock,0001693736
EQS,"Equus Total Return, Inc. Common Stock",NYSE,common_stock,0000878932
EQT,EQT Corporation Common Stock,NYSE,common_stock,0000033213
EQX,Equinox Gold Corp. Common Shares,NYSE American,common_stock,0001756607
ERAS,"Erasca, Inc. - Common Stock",NASDAQ,common_stock,0001761918
ERC,Allspring Multi-Sector Income Fund Common Stock,NYSE American,common_stock,0001227073
ERH,Allspring Utilities and High Income Fund Common Shares,NYSE American,common_stock,0001279014
ERIC,Ericsson - American Depositary Shares each representing 1 underlying Class B share,NASDAQ,common_stock,0000717826
ERIE,Erie Indemnity Company - Class A Common Stock,NASDAQ,common_stock,0000922621
ERII,"Energy Recovery, Inc. - Common Stock",NASDAQ,common_stock,0001421517
ERNA,Ernexa Therapeutics Inc. - Common Stock,NASDAQ,common_stock,0000748592
ERO,Ero Copper Corp. Common Shares,NYSE,common_stock,0001853860
EROC,"ERock, Inc. Class A Common Stock",NYSE,common_stock,0002110029
EROK,"EagleRock Land, LLC Class A shares representing limited liability company interests",NYSE,common_stock,0002104882
ES,Eversource Energy (D/B/A) Common Stock,NYSE,common_stock,0000072741
ESAB,ESAB Corporation Common Stock,NYSE,common_stock,0001877322
ESCA,"Escalade, Incorporated - Common Stock",NASDAQ,common_stock,0000033488
ESE,ESCO Technologies Inc. Common Stock,NYSE,common_stock,0000866706
ESEA,Euroseas Ltd. - Common Stock,NASDAQ,common_stock,0001341170
ESI,Element Solutions Inc. Common Stock,NYSE,common_stock,0001590714
ESLA,"Estrella Immunopharma, Inc. - Common Stock",NASDAQ,common_stock,0001844417
ESLT,Elbit Systems Ltd. - Ordinary Shares,NASDAQ,common_stock,0001027664
ESNT,Essent Group Ltd. Common Shares,NYSE,common_stock,0001448893
ESOA,Energy Services of America Corporation - Common Stock,NASDAQ,common_stock,0001357971
ESP,Espey Mfg. & Electronics Corp. Common Stock,NYSE American,common_stock,0000033533
ESQ,"Esquire Financial Holdings, Inc. - Common Stock",NASDAQ,common_stock,0001531031
ESRT,"Empire State Realty Trust, Inc. Class A Common Stock",NYSE,common_stock,0001541401
ESS,"Essex Property Trust, Inc. Common Stock",NYSE,common_stock,0000920522
ESTA,Establishment Labs Holdings Inc. - Common Shares,NASDAQ,common_stock,0001688757
ESTC,Elastic N.V. Ordinary Shares,NYSE,common_stock,0001707753
ETB,Eaton Vance Tax-Managed Buy-Write Income Fund Eaton Vance Tax-Managed Buy-Write Income Fund Common Shares of Beneficial Interest,NYSE,common_stock,0001308927
ETD,Ethan Allen Interiors Inc. Common Stock,NYSE,common_stock,0000896156
ETG,Eaton Vance Tax-Advantaged Global Dividend Income Fund Common Shares of Beneficial Interest,NYSE,common_stock,0001270523
ETJ,Eaton Vance Risk-Managed Diversified Equity Income Fund Common Shares of Beneficial Interest,NYSE,common_stock,0001395325
ETN,"Eaton Corporation, PLC Ordinary Shares",NYSE,common_stock,0001551182
ETO,Eaton Vance Tax-Advantage Global Dividend Opp Common Stock,NYSE,common_stock,0001281926
ETON,"Eton Pharmaceuticals, Inc. - Common Stock",NASDAQ,common_stock,0001710340
ETOR,eToro Group Ltd. - Class A Common Shares,NASDAQ,common_stock,0001493318
ETR,Entergy Corporation Common Stock,NYSE,common_stock,0000065984
ETS,Elite Express Holding Inc. - Class A Common Stock,NASDAQ,common_stock,0002053641
ETSS,Energy Transition Special Opportunities Class A Ordinary Shares,NYSE,common_stock,0002085932
ETSY,"Etsy, Inc. Common Stock",NYSE,common_stock,0001370637
ETV,Eaton Vance Corporation Eaton Vance Tax-Managed Buy-Write Opportunities Fund Common Shares of Beneficial Interest,NYSE,common_stock,0001322436
ETW,Eaton Vance Corporation Eaton Vance Tax-Managed Global Buy-Write Opportunites Fund Common Shares of Beneficial Interest,NYSE,common_stock,0001322435
ETX,Eaton Vance Municipal Income 2028 Term Trust Common Shares of Beneficial Interest,NYSE,common_stock,0001563696
ETY,"Eaton Vance Tax-Managed Diversified Equity Income Fund Common Shares of Beneficial Interest,",NYSE,common_stock,0001340736
EU,enCore Energy Corp. - Common Stock,NASDAQ,common_stock,0001500881
EUDA,Euda Health Holdings Limited - Ordinary Shares,NASDAQ,common_stock,0001847846
EURK,Eureka Acquisition Corp - Class A Ordinary Share,NASDAQ,common_stock,0002000410
EVAC,EQV Ventures Acquisition Corp. II Class A Ordinary Shares,NYSE,common_stock,0002042902
EVAX,Evaxion A/S - American Depositary Share,NASDAQ,common_stock,0001828253
EVC,Entravision Communications Corporation Common Stock,NYSE,common_stock,0001109116
EVCM,EverCommerce Inc. - Common Stock,NASDAQ,common_stock,0001853145
EVER,"EverQuote, Inc. - Class A Common Stock",NASDAQ,common_stock,0001640428
EVEX,"Eve Holding, Inc. Common Stock",NYSE,common_stock,0001823652
EVF,Eaton Vance Senior Income Trust Common Stock,NYSE,common_stock,0001070732
EVG,Eaton Vance Short Diversified Income Fund Eaton Vance Short Duration Diversified Income Fund Common Shares of Beneficial Interest,NYSE,common_stock,0001287498
EVGN,Evogene Ltd. - Ordinary Shares,NASDAQ,common_stock,0001574565
EVGO,EVgo Inc. - Common Stock,NASDAQ,common_stock,0001821159
EVH,"Evolent Health, Inc Class A Common Stock",NYSE,common_stock,0001628908
EVI,"EVI Industries, Inc.  Common Stock",NYSE American,common_stock,0000065312
EVLV,"Evolv Technologies Holdings, Inc. - Class A Common Stock",NASDAQ,common_stock,0001805385
EVMN,"Evommune, Inc. Common Stock",NYSE,common_stock,0002044725
EVN,Eaton Vance Municipal Income Trust Common Stock,NYSE,common_stock,0001074540
EVO,Evotec SE - American Depositary Shares each representing 1/2 of one ordinary share,NASDAQ,common_stock,0001412558
EVOX,Evolution Global Acquisition Corp - Class A Ordinary Shares,NASDAQ,common_stock,0002077954
EVR,Evercore Inc. Class A Common Stock,NYSE,common_stock,0001360901
EVRG,"Evergy, Inc. - Common Stock",NASDAQ,common_stock,0001711269
EVT,Eaton Vance Tax Advantaged Dividend Income Fund Common Shares of Beneficial Interest,NYSE,common_stock,0001253327
EVTC,"Evertec, Inc. Common Stock",NYSE,common_stock,0001559865
EVTL,Vertical Aerospace Ltd. Ordinary Shares,NYSE,common_stock,0001867102
EVV,Eaton Vance Limited Duration Income Fund Common Shares of Beneficial Interest,NYSE American,common_stock,0001222922
EW,Edwards Lifesciences Corporation Common Stock,NYSE,common_stock,0001099800
EWAV,East West Ave Acquisition Corp. - Common Stock,NASDAQ,common_stock,0002100704
EWBC,"East West Bancorp, Inc. - Common Stock",NASDAQ,common_stock,0001069157
EWTX,"Edgewise Therapeutics, Inc. - Common Stock",NASDAQ,common_stock,0001710072
EXC,Exelon Corporation - Common Stock,NASDAQ,common_stock,0001109357
EXE,Expand Energy Corporation - Common Stock,NASDAQ,common_stock,0000895126
EXEL,"Exelixis, Inc. - Common Stock",NASDAQ,common_stock,0000939767
EXFY,"Expensify, Inc. - Class A Common Stock",NASDAQ,common_stock,0001476840
EXG,Eaton Vance Tax-Managed Global Diversified Equity Income Fund Common Shares of Beneficial Interest,NYSE,common_stock,0001379438
EXK,Endeavour Silver Corporation Ordinary Shares (Canada),NYSE,common_stock,0001277866
EXLS,"ExlService Holdings, Inc. - Common Stock",NASDAQ,common_stock,0001297989
EXOD,"Exodus Movement, Inc. Class A Common Stock",NYSE American,common_stock,0001821534
EXOZ,eXoZymes Inc. - Common Stock,NASDAQ,common_stock,0002010788
EXP,Eagle Materials Inc Common Stock,NYSE,common_stock,0000918646
EXPD,"Expeditors International of Washington, Inc. Common Stock",NYSE,common_stock,0000746515
EXPE,"Expedia Group, Inc. - Common Stock",NASDAQ,common_stock,0001324424
EXPO,"Exponent, Inc. - Common Stock",NASDAQ,common_stock,0000851520
EXR,Extra Space Storage Inc Common Stock,NYSE,common_stock,0001289490
EXTR,"Extreme Networks, Inc. - Common Stock",NASDAQ,common_stock,0001078271
EXYN,"Exyn Technologies, Inc. - Common Stock",NASDAQ,common_stock,0001960355
EYE,"National Vision Holdings, Inc. - Common Stock",NASDAQ,common_stock,0001710155
EYPT,"EyePoint, Inc. - Common Stock",NASDAQ,common_stock,0001314102
EZGO,EZGO Technologies Ltd. - Ordinary Shares,NASDAQ,common_stock,0001806904
EZPW,"EZCORP, Inc. - Class A Non-Voting Common Stock",NASDAQ,common_stock,0000876523
EZRA,"Reliance Global Group, Inc. - Common Stock",NASDAQ,common_stock,0001812727
F,Ford Motor Company Common Stock,NYSE,common_stock,0000037996
FA,First Advantage Corporation - Common Stock,NASDAQ,common_stock,0001210677
FABC,"Fabric.AI, Inc. - Common Stock",NASDAQ,common_stock,0001086745
FAC,Factorial Energy Inc. - Class A Common Stock,NASDAQ,common_stock,0002049662
FACT,FACT II Acquisition Corp. - Class A Ordinary Shares,NASDAQ,common_stock,0002028935
FAF,First American Corporation (New) Common Stock,NYSE,common_stock,0001472787
FAMI,"Farmmi, Inc. - Class A Ordinary Shares",NASDAQ,common_stock,0001701261
FANG,"Diamondback Energy, Inc. - Common Stock",NASDAQ,common_stock,0001539838
FAST,Fastenal Company - Common Stock,NASDAQ,common_stock,0000815556
FATE,"Fate Therapeutics, Inc. - Common Stock",NASDAQ,common_stock,0001434316
FATN,"FatPipe, Inc. - common stock",NASDAQ,common_stock,0001993400
FAX,"abrdn Asia-Pacific Income Fund, Inc. Common Stock",NYSE American,common_stock,0000790500
FBDT,First Breach Inc. - Common Stock,NASDAQ,common_stock,0001892704
FBGL,FBS Global Limited - Ordinary Shares,NASDAQ,common_stock,0001938534
FBIN,"Fortune Brands Innovations, Inc. Common Stock",NYSE,common_stock,0001519751
FBIO,"Fortress Biotech, Inc. - Common Stock",NASDAQ,common_stock,0001429260
FBIZ,"First Business Financial Services, Inc. - Common Stock",NASDAQ,common_stock,0001521951
FBK,FB Financial Corporation Common Stock,NYSE,common_stock,0001649749
FBLA,"FB Bancorp, Inc. - Common Stock",NASDAQ,common_stock,0002013639
FBLG,"FibroBiologics, Inc. - Common Stock",NASDAQ,common_stock,0001958777
FBNC,First Bancorp - Common Stock,NASDAQ,common_stock,0000811589
FBP,First BanCorp. New Common Stock,NYSE,common_stock,0001057706
FBRT,"Franklin BSP Realty Trust, Inc. Common Stock",NYSE,common_stock,0001562528
FBRX,"Forte Biosciences, Inc.  - Common Stock",NASDAQ,common_stock,0001419041
FBYD,"Falcon's Beyond Global, Inc. - Class A Common Stock",NASDAQ,common_stock,0001937987
FC,Franklin Covey Company Common Stock,NYSE,common_stock,0000886206
FCAP,"First Capital, Inc. - Common Stock",NASDAQ,common_stock,0001070296
FCBC,"First Community Bankshares, Inc. - Common Stock",NASDAQ,common_stock,0000859070
FCBM,"First Carolina Financial Services, Inc. Common Stock",NYSE,common_stock,0001531193
FCCO,First Community Corporation - Common Stock,NASDAQ,common_stock,0000932781
FCEL,"FuelCell Energy, Inc. - Common Stock",NASDAQ,common_stock,0000886128
FCF,First Commonwealth Financial Corporation Common Stock,NYSE,common_stock,0000712537
FCFS,"FirstCash Holdings, Inc. - Common Stock",NASDAQ,common_stock,0000840489
FCHL,Fitness Champs Holdings Limited - Ordinary Shares,NASDAQ,common_stock,0002023796
FCN,"FTI Consulting, Inc. Common Stock",NYSE,common_stock,0000887936
FCNCA,"First Citizens BancShares, Inc. - Class A Common Stock",NASDAQ,common_stock,0000798941
FCPT,"Four Corners Property Trust, Inc. Common Stock",NYSE,common_stock,0001650132
FCRS,FutureCrest Acquisition Corp. Class A Ordinary Shares,NYSE,common_stock,0002074697
FCUV,Focus Universal Inc. - Common Stock,NASDAQ,common_stock,0001590418
FCX,"Freeport-McMoRan, Inc. Common Stock",NYSE,common_stock,0000831259
FDBC,"Fidelity D & D Bancorp, Inc. - Common Stock",NASDAQ,common_stock,0001098151
FDMM,Freedom Metals Acquisition Corp. - Class A Ordinary Shares,NASDAQ,common_stock,0002129659
FDMT,"4D Molecular Therapeutics, Inc. - Common Stock",NASDAQ,common_stock,0001650648
FDS,FactSet Research Systems Inc. Common Stock,NYSE,common_stock,0001013237
FDSB,"Fifth District Bancorp, Inc. - Common Stock",NASDAQ,common_stock,0002012726
FDUS,Fidus Investment Corporation - Closed End Fund,NASDAQ,common_stock,0001513363
FDX,FedEx Corporation Common Stock,NYSE,common_stock,0001048911
FDXF,"FedEx Freight Holding Company, Inc. Common Stock",NYSE,common_stock,0002082247
FE,FirstEnergy Corp. Common Stock,NYSE,common_stock,0001031296
FEAM,"5E Advanced Materials, Inc. - Common Stock",NASDAQ,common_stock,0001888654
FEBO,Fenbo Holdings Limited - Class A Ordinary Shares,NASDAQ,common_stock,0001957001
FEDU,"Four Seasons Education (Cayman) Inc. American Depositary Shares, each ADS representing 10 ordinary shares",NYSE,common_stock,0001709819
FEED,"ENvue Medical, Inc. - Common Stock",NASDAQ,common_stock,0001326706
FEIM,"Frequency Electronics, Inc. - Common Stock",NASDAQ,common_stock,0000039020
FELE,"Franklin Electric Co., Inc. - Common Stock",NASDAQ,common_stock,0000038725
FEMY,Femasys Inc. - Common Stock,NASDAQ,common_stock,0001339005
FENC,Fennec Pharmaceuticals Inc. - Common Stock,NASDAQ,common_stock,0001211583
FENG,"Phoenix New Media Limited American Depositary Shares, each representing 48 Class A ordinary shares.",NYSE,common_stock,0001509646
FER,Ferrovial N.V. - Ordinary Shares,NASDAQ,common_stock,0001468522
FERA,Fifth Era Acquisition Corp I - Class A Ordinary Shares,NASDAQ,common_stock,0002025401
FERG,Ferguson Enterprises Inc. Common Stock,NYSE,common_stock,0002011641
FET,"Forum Energy Technologies, Inc. Common Stock",NYSE,common_stock,0001401257
FF,FutureFuel Corp.  Common shares,NYSE,common_stock,0001337298
FFA,First Trust Enhanced Equity Income Fund Common Shares of Beneficial Interest,NYSE,common_stock,0001291334
FFAI,Faraday Future Intelligent Electric Inc. - Class A Common Stock,NASDAQ,common_stock,0001805521
FFBC,First Financial Bancorp. - Common Stock,NASDAQ,common_stock,0000708955
FFIN,"First Financial Bankshares, Inc. - Common Stock",NASDAQ,common_stock,0000036029
FFIV,"F5, Inc. - Common Stock",NASDAQ,common_stock,0001048695
FG,"F&G Annuities & Life, Inc. Common Stock",NYSE,common_stock,0001934850
FGBI,"First Guaranty Bancshares, Inc. - Common Stock",NASDAQ,common_stock,0001408534
FGI,FGI Industries Ltd. - Ordinary Shares,NASDAQ,common_stock,0001864943
FGII,FG Imperii Acquisition Corp. - Class A Ordinary Shares,NASDAQ,common_stock,0002090452
FGL,Founder Group Limited - Class A Ordinary Shares,NASDAQ,common_stock,0001989930
FGNX,FG Nexus Inc. - Common Stock,NASDAQ,common_stock,0001591890
FHB,"First Hawaiian, Inc. - Common Stock",NASDAQ,common_stock,0000036377
FHI,"Federated Hermes, Inc. Common Stock",NYSE,common_stock,0001056288
FHN,First Horizon Corporation Common Stock,NYSE,common_stock,0000036966
FHTX,Foghorn Therapeutics Inc. - Common Stock,NASDAQ,common_stock,0001822462
FIBK,"First Interstate BancSystem, Inc. - Common Stock",NASDAQ,common_stock,0000860413
FICO,Fair Isaac Corporation Common Stock,NYSE,common_stock,0000814547
FIEE,"FiEE, Inc - Common Stock",NASDAQ,common_stock,0001467761
FIG,"Figma, Inc. Class A Common Stock",NYSE,common_stock,0001579878
FIGR,"Figure Technology Solutions, Inc. - Class A Common Stock",NASDAQ,common_stock,0002064124
FIGS,"FIGS, Inc. Class A Common Stock",NYSE,common_stock,0001846576
FIGX,FIGX Capital Acquisition Corp. - Class A ordinary share,NASDAQ,common_stock,0002059033
FINS,Angel Oak Financial Strategies Income Term Trust Common Shares of Beneficial Interest,NYSE,common_stock,0001745059
FINV,FinVolution Group American Depositary Shares,NYSE,common_stock,0001691445
FINW,FinWise Bancorp - Common Stock,NASDAQ,common_stock,0001856365
FIP,FTAI Infrastructure Inc. - Common Stock,NASDAQ,common_stock,0001899883
FIRY,Firy Inc. Class A Common Stock,NYSE,common_stock,0001801661
FIS,"Fidelity National Information Services, Inc. Common Stock",NYSE,common_stock,0001136893
FISI,"Financial Institutions, Inc. - Common Stock",NASDAQ,common_stock,0000862831
FISN,"Deep Fission, Inc. - Common Stock",NASDAQ,common_stock,0001918102
FISV,"Fiserv, Inc. - Common Stock",NASDAQ,common_stock,0000798354
FITB,Fifth Third Bancorp Common Stock,NYSE,common_stock,0000035527
FIVE,"Five Below, Inc. - Common Stock",NASDAQ,common_stock,0001177609
FIVN,"Five9, Inc. - Common Stock",NASDAQ,common_stock,0001288847
FIX,"Comfort Systems USA, Inc. Common Stock",NYSE,common_stock,0001035983
FIZZ,National Beverage Corp. - Common Stock,NASDAQ,common_stock,0000069891
FJET,"Starfighters Space, Inc. Common Stock",NYSE American,common_stock,0001947016
FKWL,Franklin Wireless Corp. - common stock,NASDAQ,common_stock,0000722572
FLC,Flaherty & Crumrine Total Return Fund Inc Common Stock,NYSE,common_stock,0001245648
FLD,"Fold Holdings, Inc. - Class A Common Stock",NASDAQ,common_stock,0001889123
FLEX,Flex Ltd. - Ordinary Shares,NASDAQ,common_stock,0000866374
FLG,"Flagstar Bank, N.A. Common Stock",NYSE,common_stock,0000910073
FLGT,"Fulgent Genetics, Inc. - Common Stock",NASDAQ,common_stock,0001674930
FLL,"Full House Resorts, Inc. - Common Stock",NASDAQ,common_stock,0000891482
FLNA,"Filana Therapeutics, Inc. - Common Stock",NASDAQ,common_stock,0001069530
FLNC,"Fluence Energy, Inc. - Class A Common Stock",NASDAQ,common_stock,0001868941
FLNG,FLEX LNG Ltd. Ordinary Shares,NYSE,common_stock,0001772253
FLNT,"Fluent, Inc. - Common Stock",NASDAQ,common_stock,0001460329
FLO,"Flowers Foods, Inc. Common Stock",NYSE,common_stock,0001128928
FLOC,Flowco Holdings Inc. Class A Common Stock,NYSE,common_stock,0002035149
FLR,Fluor Corporation Common Stock,NYSE,common_stock,0001124198
FLS,Flowserve Corporation Common Stock,NYSE,common_stock,0000030625
FLUT,Flutter Entertainment plc Ordinary Shares,NYSE,common_stock,0001635327
FLUX,"Flux Power Holdings, Inc. - Common Stock",NASDAQ,common_stock,0001083743
FLWS,"1-800-FLOWERS.COM, Inc. - Class A Common Stock",NASDAQ,common_stock,0001084869
FLX,BingEx Limited - American Depositary Shares,NASDAQ,common_stock,0001858724
FLXS,"Flexsteel Industries, Inc. - Common Stock",NASDAQ,common_stock,0000037472
FLY,Firefly Aerospace Inc. - Common Stock,NASDAQ,common_stock,0001860160
FLYE,"Fly-E Group, Inc. - Common Stock",NASDAQ,common_stock,0001975940
FLYW,Flywire Corporation - Voting Common Stock,NASDAQ,common_stock,0001580560
FLYX,"flyExclusive, Inc. Class A Common Stock",NYSE American,common_stock,0001843973
FLZH,"Flash Sports & Media Holdings, Inc. - Common Stock",NASDAQ,common_stock,0001706524
FMAC,Future Money Acquisition Corporation - Ordinary Shares,NASDAQ,common_stock,0002099232
FMAO,"Farmers & Merchants Bancorp, Inc. - Common Stock",NASDAQ,common_stock,0000792966
FMBH,"First Mid Bancshares, Inc. - Common Stock",NASDAQ,common_stock,0000700565
FMC,FMC Corporation Common Stock,NYSE,common_stock,0000037785
FMFC,Kandal M Venture Limited - Class A ordinary Shares,NASDAQ,common_stock,0002024656
FMN,Federated Hermes Premier Municipal Income Fund,NYSE,common_stock,0001199004
FMNB,Farmers National Banc Corp. - Common Stock,NASDAQ,common_stock,0000709337
FMS,Fresenius Medical Care AG American Depositary Shares (Each representing 1/2 of an Ordinary Share),NYSE,common_stock,0001333141
FMST,Foremost Clean Energy Ltd. - Common Shares,NASDAQ,common_stock,0001935418
FMX,Fomento Economico Mexicano S.A.B. de C.V. Common Stock,NYSE,common_stock,0001061736
FMY,First Trust Mortgage Income Fund Common Shares of Beneficial Interest,NYSE,common_stock,0001319183
FN,Fabrinet Ordinary Shares,NYSE,common_stock,0001408710
FNB,F.N.B. Corporation Common Stock,NYSE,common_stock,0000037808
FND,"Floor & Decor Holdings, Inc. Common Stock",NYSE,common_stock,0001507079
FNF,"Fidelity National Financial, Inc. Common Stock",NYSE,common_stock,0001331875
FNGD,"MicroSectors FANG  Index -3X Inverse Leveraged ETNs due January 8, 2038",NYSE Arca,common_stock,0000927971
FNGO,"MicroSectors FANG  Index 2X Leveraged ETNs due January 8, 2038",NYSE Arca,common_stock,0000927971
FNGR,"FingerMotion, Inc. - common stock",NASDAQ,common_stock,0001602409
FNKO,"Funko, Inc. - Class A Common Stock",NASDAQ,common_stock,0001704711
FNLC,"First Bancorp, Inc (ME) - Common Stock",NASDAQ,common_stock,0000765207
FNRN,First Northern Community Bancorp - Common stock,NASDAQ,common_stock,0001114927
FNUC,Frontier Nuclear and Minerals Inc. - Common Shares,NASDAQ,common_stock,0001769697
FNV,Franco-Nevada Corporation,NYSE,common_stock,0001456346
FNWB,First Northwest Bancorp - Common Stock,NASDAQ,common_stock,0001556727
FNWD,Finward Bancorp - common stock,NASDAQ,common_stock,0000919864
FOA,Finance of America Companies Inc. Class A Common Stock,NYSE,common_stock,0001828937
FOCL,"EDAP TMS S.A. - American Depositary Shares, each representing One Ordinary Share",NASDAQ,common_stock,0001041934
FOF,"Cohen & Steers Closed-End Opportunity Fund, Inc. Common Stock",NYSE,common_stock,0001375340
FOFO,"Hang Feng Technology Innovation Co., Ltd. - Ordinary Shares",NASDAQ,common_stock,0002060083
FOIL,"Londian Wason New Energy Tech Inc. American Depositary Shares, each representing five Ordinary Shares",NYSE,common_stock,0002006960
FOR,Forestar Group Inc Common Stock,NYSE,common_stock,0001406587
FORM,"FormFactor, Inc. - Common Stock",NASDAQ,common_stock,0001039399
FORR,"Forrester Research, Inc. - Common Stock",NASDAQ,common_stock,0001023313
FORTY,Formula Systems (1985) Ltd. - American Depositary Shares,NASDAQ,common_stock,0001045986
FOSL,"Fossil Group, Inc. - Common Stock",NASDAQ,common_stock,0000883569
FOUR,"Shift4 Payments, Inc. Class A Common Stock",NYSE,common_stock,0001794669
FOX,Fox Corporation - Class B Common Stock,NASDAQ,common_stock,0001754301
FOXA,Fox Corporation - Class A Common Stock,NASDAQ,common_stock,0001754301
FOXF,Fox Factory Holding Corp. - Common Stock,NASDAQ,common_stock,0001424929
FOXX,Foxx Development Holdings Inc. - Common Stock,NASDAQ,common_stock,0002013807
FPH,"Five Point Holdings, LLC Class A Common Shares",NYSE,common_stock,0001574197
FPI,Farmland Partners Inc. Common Stock,NYSE,common_stock,0001591670
FPS,"Forgent Power Solutions, Inc. Class A Common Stock",NYSE,common_stock,0002080126
FR,"First Industrial Realty Trust, Inc. Common Stock",NYSE,common_stock,0000921825
FRA,Blackrock Floating Rate Income Strategies Fund Inc  Common Stock,NYSE,common_stock,0001259708
FRAF,Franklin Financial Services Corporation - Common Stock,NASDAQ,common_stock,0000723646
FRBA,First Bank  - Common Stock,NASDAQ,common_stock,
FRBT,"Forbright, Inc. - Class A Common Stock",NASDAQ,common_stock,0001925062
FRD,Friedman Industries Inc. - Common Stock,NASDAQ,common_stock,0000039092
FRGT,"Freight Technologies, Inc. - Ordinary Shares",NASDAQ,common_stock,0001687542
FRHC,Freedom Holding Corp. - Common Stock,NASDAQ,common_stock,0000924805
FRME,First Merchants Corporation - Common Stock,NASDAQ,common_stock,0000712534
FRMI,Fermi Inc. - Common Stock,NASDAQ,common_stock,0002071778
FRMM,"Forum Markets, Incorporated - Common Stock",NASDAQ,common_stock,0001690080
FRNM,"Freenome, Inc. - Common stock",NASDAQ,common_stock,0002017526
FRO,Frontline Plc Ordinary Shares,NYSE,common_stock,0000913290
FROG,JFrog Ltd. - Ordinary shares,NASDAQ,common_stock,0001800667
FRPH,"FRP Holdings, Inc. - Common Stock",NASDAQ,common_stock,0000844059
FRPT,"Freshpet, Inc. - Common Stock",NASDAQ,common_stock,0001611647
FRSH,Freshworks Inc. - Class A Common Stock,NASDAQ,common_stock,0001544522
FRST,Primis Financial Corp. - Common Stock,NASDAQ,common_stock,0001325670
FRSX,Foresight Autonomous Holdings Ltd. - American Depositary Shares,NASDAQ,common_stock,0001691221
FRT,Federal Realty Investment Trust Common Stock,NYSE,common_stock,0000034903
FRTT,Fort Technology Inc. - Common Shares,NASDAQ,common_stock,0002092967
FRVO,Fervo Energy Company - Class A common stock,NASDAQ,common_stock,0001853868
FSBC,Five Star Bancorp - Common Stock,NASDAQ,common_stock,0001275168
FSBW,"FS Bancorp, Inc. - Common Stock",NASDAQ,common_stock,0001530249
FSCO,FS Credit Opportunities Corp. Common Stock,NYSE,common_stock,0001568194
FSEA,"First Seacoast Bancorp, Inc. - Common Stock",NASDAQ,common_stock,0001943802
FSHP,Flag Ship Acquisition Corp. - Ordinary Shares,NASDAQ,common_stock,0001850059
FSI,Flexible Solutions International Inc. Common Stock (CDA),NYSE American,common_stock,0001069394
FSK,FS KKR Capital Corp. Common Stock,NYSE,common_stock,0001422183
FSLR,"First Solar, Inc. - Common Stock",NASDAQ,common_stock,0001274494
FSLY,"Fastly, Inc. - Class A Common Stock",NASDAQ,common_stock,0001517413
FSM,Fortuna Mining Corp. Common Shares,NYSE,common_stock,0001341335
FSP,Franklin Street Properties Corp. Common Stock,NYSE American,common_stock,0001031316
FSS,Federal Signal Corporation Common Stock,NYSE,common_stock,0000277509
FSSL,FS Specialty Lending Fund Common Shares of Beneficial Interest,NYSE,common_stock,0002065812
FSTR,L.B. Foster Company - Common Stock,NASDAQ,common_stock,0000352825
FSUN,FirstSun Capital Bancorp - Common Stock,NASDAQ,common_stock,0001709442
FSV,FirstService Corporation - Common Shares,NASDAQ,common_stock,0001637810
FT,Franklin Universal Trust Common Stock,NYSE,common_stock,0000833040
FTAI,FTAI Aviation Ltd. - Common Stock,NASDAQ,common_stock,0001590364
FTCI,"FTC Solar, Inc. - Common Stock",NASDAQ,common_stock,0001828161
FTDR,"Frontdoor, Inc. - Common Stock",NASDAQ,common_stock,0001727263
FTEK,"Fuel Tech, Inc. - Common Stock",NASDAQ,common_stock,0000846913
FTF,Franklin Limited Duration Income Trust Common Shares of Beneficial Interest,NYSE American,common_stock,0001233087
FTFT,Future FinTech Group Inc. - Common Stock,NASDAQ,common_stock,0001066923
FTH,"Faeth Therapeutics, Inc.  - Common Stock",NASDAQ,common_stock,0001829802
FTHA,Forefront Tech Holdings Acquisition Corp - Class A Ordinary Shares,NASDAQ,common_stock,0002097986
FTHM,Fathom Holdings Inc. - Common Stock,NASDAQ,common_stock,0001753162
FTHY,First Trust High Yield Opportunities 2027 Term Fund Common Stock,NYSE,common_stock,0001810523
FTI,TechnipFMC plc Ordinary Share,NYSE,common_stock,0001681459
FTK,"Flotek Industries, Inc. Common Stock",NYSE,common_stock,0000928054
FTLF,"FitLife Brands, Inc. - Common Stock",NASDAQ,common_stock,0001374328
FTNT,"Fortinet, Inc. - Common Stock",NASDAQ,common_stock,0001262039
FTRA,FutureCorp Space Acquisition 1 Class A Ordinary Shares,NYSE,common_stock,0002131853
FTRE,Fortrea Holdings Inc. - Common Stock,NASDAQ,common_stock,0001965040
FTS,Fortis Inc. Common Shares,NYSE,common_stock,0001666175
FTV,Fortive Corporation Common Stock,NYSE,common_stock,0001659166
FTW,Presidio Production Company Class A Common Stock,NYSE,common_stock,0002083125
FUBO,FuboTV Inc. Class A Common Stock,NYSE,common_stock,0001484769
FUFU,BitFuFu Inc. - Class A Ordinary Shares,NASDAQ,common_stock,0001921158
FUL,H. B. Fuller Company Common Stock,NYSE,common_stock,0000039368
FULC,"Fulcrum Therapeutics, Inc. - Common Stock",NASDAQ,common_stock,0001680581
FULT,Fulton Financial Corporation - Common Stock,NASDAQ,common_stock,0000700564
FUN,Six Flags Entertainment Corporation Common Stock New,NYSE,common_stock,0001999001
FUND,"Sprott Focus Trust, Inc. - Closed End Fund",NASDAQ,common_stock,0000825202
FURY,Fury Gold Mines Limited Common Shares,NYSE American,common_stock,0001514597
FUSB,"First US Bancshares, Inc. - Common Stock",NASDAQ,common_stock,0000717806
FUSE,Fusemachines Inc. - Common stock,NASDAQ,common_stock,0002033383
FUTU,Futu Holdings Limited - American Depositary Shares,NASDAQ,common_stock,0001754581
FVAV,Fortress Value Acquisition Corp. V - Class A Ordinary Shares,NASDAQ,common_stock,0001850733
FVCB,"FVCBankcorp, Inc. - Common Stock",NASDAQ,common_stock,0001675644
FVN,Future Vision II Acquisition Corporation - Ordinary Shares,NASDAQ,common_stock,0002010653
FVR,"FrontView REIT, Inc. Common Stock",NYSE,common_stock,0001988494
FVRR,"Fiverr International Ltd. Ordinary Shares, no par value",NYSE,common_stock,0001762301
FWAC,Futurewave Acquisition Corporation - Ordinary Shares,NASDAQ,common_stock,0002116105
FWDI,"Forward Industries, Inc. - Common Stock",NASDAQ,common_stock,0000038264
FWONA,Liberty Media Corporation - Series A Liberty Formula One Common Stock,NASDAQ,common_stock,0001560385
FWONK,Liberty Media Corporation - Series C Liberty Formula One Common Stock,NASDAQ,common_stock,0001560385
FWRD,Forward Air Corporation - Common Stock,NASDAQ,common_stock,0000912728
FWRG,"First Watch Restaurant Group, Inc. - Common Stock",NASDAQ,common_stock,0001789940
FXAC,FortuneX Acquisition Corporation - Ordinary shares,NASDAQ,common_stock,0002121703
FXHO,UTime Limited - Class A Ordinary Shares,NASDAQ,common_stock,0001789299
FXNC,First National Corporation - Common Stock,NASDAQ,common_stock,0000719402
G,Genpact Limited Common Stock,NYSE,common_stock,0001398659
GAB,"Gabelli Equity Trust, Inc. (The) Common Stock",NYSE,common_stock,0000794685
GABC,"German American Bancorp, Inc. - Common Stock",NASDAQ,common_stock,0000714395
GAIA,"Gaia, Inc. - Class A Common Stock",NASDAQ,common_stock,0001089872
GAIN,Gladstone Investment Corporation - Business Development Company,NASDAQ,common_stock,0001321741
GALT,Galectin Therapeutics Inc. - Common Stock,NASDAQ,common_stock,0001133416
GAM,"General American Investors, Inc. Common Stock",NYSE,common_stock,0000040417
GAME,"GameSquare Holdings, Inc. - Common stock",NASDAQ,common_stock,0001714562
GANX,"Gain Therapeutics, Inc. - Common Stock",NASDAQ,common_stock,0001819411
GAP,"Gap, Inc. (The) Common Stock",NYSE,common_stock,0000039911
GASS,"StealthGas, Inc. - common stock",NASDAQ,common_stock,0001328919
GATX,GATX Corporation Common Stock,NYSE,common_stock,0000040211
GAU,Galiano Gold Inc.,NYSE American,common_stock,0001377757
GAUZ,Gauzy Ltd. - Ordinary Shares,NASDAQ,common_stock,0001781446
GBAB,Guggenheim Taxable Municipal Bond & Investment Grade Debt Trust Common Shares of Beneficial Interest,NYSE,common_stock,0001495825
GBCI,"Glacier Bancorp, Inc. Common Stock",NYSE,common_stock,0000868671
GBDC,"Golub Capital BDC, Inc. - Closed End Fund",NASDAQ,common_stock,0001476765
GBFH,GBank Financial Holdings Inc. - Common Stock,NASDAQ,common_stock,0001791145
GBLI,"Global Indemnity Group, LLC - Class A Common Shares",NASDAQ,common_stock,0001494904
GBR,"New Concept Energy, Inc Common Stock",NYSE American,common_stock,0000105744
GBTG,"Global Business Travel Group, Inc. Class A Common Stock",NYSE,common_stock,0001820872
GBX,"Greenbrier Companies, Inc. (The) Common Stock",NYSE,common_stock,0000923120
GCBC,"Greene County Bancorp, Inc. - Common Stock",NASDAQ,common_stock,0001070524
GCDT,Green Circle Decarbonize Technology Limited Class A Ordinary Shares,NYSE American,common_stock,0001926293
GCGR,General Catalyst Global Resilience Merger Corp. - Class A Ordinary Shares,NASDAQ,common_stock,0002108962
GCL,GCL Global Holdings Ltd - Ordinary Shares,NASDAQ,common_stock,0002002045
GCMG,GCM Grosvenor Inc. - Class A Common Stock,NASDAQ,common_stock,0001819796
GCO,Genesco Inc. Common Stock,NYSE,common_stock,0000018498
GCT,GigaCloud Technology Inc - Class A Ordinary Shares,NASDAQ,common_stock,0001857816
GCTK,"GlucoTrack, Inc. - Common Stock",NASDAQ,common_stock,0001506983
GCTS,"GCT Semiconductor Holding, Inc. Common Stock",NYSE,common_stock,0001851961
GCV,"Gabelli Convertible and Income Securities Fund, Inc. (The) Common Stock",NYSE,common_stock,0000845611
GD,General Dynamics Corporation Common Stock,NYSE,common_stock,0000040533
GDC,GD Culture Group Limited - Common Stock,NASDAQ,common_stock,0001641398
GDDY,GoDaddy Inc. Class A Common Stock,NYSE,common_stock,0001609711
GDEV,GDEV Inc. - Ordinary Shares,NASDAQ,common_stock,0001848739
GDHG,Golden Heaven Group Holdings Ltd.  - Class A Ordinary Shares,NASDAQ,common_stock,0001928340
GDL,"GDL Fund, The Common Shares of Beneficial Interest",NYSE,common_stock,0001378701
GDO,Western Asset Global Corporate Opportunity Fund Inc. Common Stock,NYSE,common_stock,0001472341
GDOT,"Green Dot Corporation Class A Common Stock, $0.001 par value",NYSE,common_stock,0001386278
GDRX,"GoodRx Holdings, Inc. - Class A Common Stock",NASDAQ,common_stock,0001809519
GDS,GDS Holdings Limited - American Depositary Shares,NASDAQ,common_stock,0001526125
GDTC,CytoMed Therapeutics Limited - Ordinary Shares,NASDAQ,common_stock,0001873093
GDV,Gabelli Dividend & Income Trust Common Shares of Beneficial Interest,NYSE,common_stock,0001260729
GDYN,"Grid Dynamics Holdings, Inc. - Class A Common Stock",NASDAQ,common_stock,0001743725
GE,GE Aerospace Common Stock,NYSE,common_stock,0000040545
GECC,Great Elm Capital Corp. - Closed End Fund,NASDAQ,common_stock,0001675033
GEF,Greif Inc. Class A Common Stock,NYSE,common_stock,0000043920
GEF.B,"Greif, Inc. Corporation Class B Common Stock",NYSE,common_stock,0000043920
GEG,"Great Elm Group, Inc.  - Common Stock",NASDAQ,common_stock,0001831096
GEHC,GE HealthCare Technologies Inc. - Common Stock,NASDAQ,common_stock,0001932393
GELS,Gelteq Limited - Ordinary Shares,NASDAQ,common_stock,0001920092
GEMI,"Gemini Space Station, Inc. - Class A Common Stock",NASDAQ,common_stock,0002055592
GEN,Gen Digital Inc. - Common Stock,NASDAQ,common_stock,0000849399
GENB,"Generate Biomedicines, Inc. - Common Stock",NASDAQ,common_stock,0002100782
GENC,"Gencor Industries, Inc. Common Stock",NYSE American,common_stock,0000064472
GENI,Genius Sports Limited Ordinary Shares,NYSE,common_stock,0001834489
GENK,"GEN Restaurant Group, Inc. - Class A Common Stock",NASDAQ,common_stock,0001891856
GEO,Geo Group Inc (The) REIT,NYSE,common_stock,0000923796
GEOS,Geospace Technologies Corporation - Common Stock,NASDAQ,common_stock,0001001115
GERN,Geron Corporation - Common Stock,NASDAQ,common_stock,0000886744
GETY,"Getty Images Holdings, Inc. Class A Common Stock",NYSE,common_stock,0001898496
GEV,GE Vernova Inc. Common Stock,NYSE,common_stock,0001996810
GEVO,"Gevo, Inc. - Common Stock",NASDAQ,common_stock,0001392380
GF,"New Germany Fund, Inc. (The) Common Stock",NYSE,common_stock,0000858706
GFAI,"Guardforce AI Co., Limited - Ordinary Shares",NASDAQ,common_stock,0001804469
GFF,Griffon Corporation Common Stock,NYSE,common_stock,0000050725
GFI,Gold Fields Limited American Depositary Shares,NYSE,common_stock,0001172724
GFL,"GFL Environmental Inc. Subordinate voting shares, no par value",NYSE,common_stock,0001780232
GFR,Greenfire Resources Ltd. Common Shares,NYSE,common_stock,0001966287
GFS,GlobalFoundries Inc. - Ordinary Share,NASDAQ,common_stock,0001709048
GFUZ,General Fusion Group Ltd. - Common Shares,NASDAQ,common_stock,0002074850
GGAL,"Grupo Financiero Galicia S.A. - American Depositary Shares, Class B Shares underlying",NASDAQ,common_stock,0001114700
GGB,Gerdau S.A. Common Stock,NYSE,common_stock,0001073404
GGG,Graco Inc. Common Stock,NYSE,common_stock,0000042888
GGN,"GAMCO Global Gold, Natural Resources & Income Trust",NYSE American,common_stock,0001313510
GGR,Gogoro Inc. - Ordinary Shares,NASDAQ,common_stock,0001886190
GGT,"Gabelli Multi-Media Trust, Inc. (The) Common Stock",NYSE,common_stock,0000921671
GGZ,Gabelli Global Small and Mid Cap Value Trust (The) Common Shares of Beneficial Interest,NYSE,common_stock,0001585855
GH,"Guardant Health, Inc. - Common Stock",NASDAQ,common_stock,0001576280
GHC,Graham Holdings Company Common Stock,NYSE,common_stock,0000104889
GHG,"GreenTree Hospitality Group Ltd. American depositary shares, each representing one Class A ordinary share",NYSE,common_stock,0001724755
GHM,Graham Corporation Common Stock,NYSE,common_stock,0000716314
GHRS,GH Research PLC - Ordinary Shares,NASDAQ,common_stock,0001855129
GHXI,"Gores Holdings XI, Inc. - Class A Ordinary Shares",NASDAQ,common_stock,0002086438
GHY,"PGIM Global High Yield Fund, Inc.",NYSE,common_stock,0001554697
GIB,CGI Inc. Common Stock,NYSE,common_stock,0001061574
GIBO,GIBO Holdings Limited - Class A Ordinary Shares,NASDAQ,common_stock,0002034520
GIC,Global Industrial Company Common Stock,NYSE,common_stock,0000945114
GIFT,"Giftify, Inc. - Common Stock",NASDAQ,common_stock,0001760233
GIGM,GigaMedia Limited - Ordinary Shares,NASDAQ,common_stock,0001105101
GIII,"G-III Apparel Group, LTD. - Common Stock",NASDAQ,common_stock,0000821002
GIL,"Gildan Activewear, Inc. Class A Sub. Vot. Common Stock",NYSE,common_stock,0001061894
GILD,"Gilead Sciences, Inc. - Common Stock",NASDAQ,common_stock,0000882095
GILT,Gilat Satellite Networks Ltd. - Ordinary Shares,NASDAQ,common_stock,0000897322
GIPR,Generation Income Properties Inc. - Common stock,NASDAQ,common_stock,0001651721
GIS,"General Mills, Inc. Common Stock",NYSE,common_stock,0000040704
GITS,"Global Interactive Technologies, Inc. Common Stock - Common Stock",NASDAQ,common_stock,0001911545
GIW,GigCapital8 Corp. - Class A Ordinary Shares,NASDAQ,common_stock,0002080019
GIX,GigCapital9 Corp. - Class A Ordinary Share,NASDAQ,common_stock,0002098712
GJH,Synthetic Fixed-Income Securities Inc 6.375% (STRATS) Cl A-1,NYSE,common_stock,0001286405
GJO,"Synthetic Fixed-Income Securities, Inc. on behalf of STRATS(SM) Trust for Wal-Mart Stores, Inc. Securities, Series 2004-5",NYSE,common_stock,0001340909
GJP,"Synthetic Fixed-Income Securities, Inc. on behalf of STRATS (SM) Trust for Dominion Resources, Inc. Securities, Series 2005-6, Floating Rate Structured Repackaged Asset-Backed Trust Securities (STRATS) Certificates",NYSE,common_stock,0001343491
GJR,"Synthetic Fixed-Income Securities, Inc. STRATS Trust for Procter&Gamble Securities, Series 2006-1",NYSE,common_stock,0001353226
GJS,"Goldman Sachs Group Securities STRATS Trust for Goldman Sachs Group Securities, Series 2006-2",NYSE,common_stock,0001356284
GJT,"Synthetic Fixed-Income Securities, Inc. Floating Rate Structured Repackaged Asset-Backed Trust Securities Certificates, Series 2006-3",NYSE,common_stock,0001357660
GKOS,Glaukos Corporation Common Stock,NYSE,common_stock,0001192448
GL,Globe Life Inc. Common Stock,NYSE,common_stock,0000320335
GLAD,Gladstone Capital Corporation - Closed End Fund,NASDAQ,common_stock,0001143513
GLAS,Glass House Brands Inc. Subordinate Voting Shares,NYSE,common_stock,0001848731
GLBE,Global-E Online Ltd. - ordinary shares,NASDAQ,common_stock,0001835963
GLBS,Globus Maritime Limited - Common Stock,NASDAQ,common_stock,0001499780
GLDG,GoldMining Inc. Common Shares,NYSE American,common_stock,0001538847
GLE,Global Engine Group Holding Limited - Class A Ordinary Shares,NASDAQ,common_stock,0001908705
GLED,GalaxyEdge Acquisition Corporation Ordinary Shares,NYSE,common_stock,0002091484
GLIBA,Liberty Capital Corporation - Series A GCI Group Common Stock,NASDAQ,common_stock,0002057463
GLIBK,Liberty Capital Corporation - Series C GCI Group Common Stock,NASDAQ,common_stock,0002057463
GLMD,Galmed Pharmaceuticals Ltd. - Ordinary Shares,NASDAQ,common_stock,0001595353
GLND,Greenland Energy Company - Common Stock,NASDAQ,common_stock,0002093507
GLNG,Golar LNG Limited - Common Shares,NASDAQ,common_stock,0001207179
GLO,Clough Global Opportunities Fund Common Stock,NYSE American,common_stock,0001350869
GLOB,Globant S.A. Common Shares,NYSE,common_stock,0001557860
GLOO,"Gloo Holdings, Inc. - Common Stock",NASDAQ,common_stock,0002069785
GLPI,"Gaming and Leisure Properties, Inc. - Common Stock",NASDAQ,common_stock,0001575965
GLQ,Clough Global Equity Fund Clough Global Equity Fund Common Shares of Beneficial Interest,NYSE American,common_stock,0001316463
GLRE,"Greenlight Reinsurance, Ltd. - Class A Ordinary Shares",NASDAQ,common_stock,0001385613
GLSI,"Greenwich LifeSciences, Inc. - Common stock",NASDAQ,common_stock,0001799788
GLU,Gabelli Global Utility Common Shares of Beneficial Ownership,NYSE American,common_stock,0001282957
GLUE,"Monte Rosa Therapeutics, Inc. - Common Stock",NASDAQ,common_stock,0001826457
GLV,Clough Global Dividend and Income Fund Common Shares of beneficial interest,NYSE American,common_stock,0001288795
GLW,Corning Incorporated Common Stock,NYSE,common_stock,0000024741
GLXG,Galaxy Payroll Group Limited - Class A Ordinary Shares,NASDAQ,common_stock,0001905920
GLXY,Galaxy Digital Inc. - Class A common stock,NASDAQ,common_stock,0001859392
GM,General Motors Company Common Stock,NYSE,common_stock,0001467858
GMAB,Genmab A/S - American Depositary Shares,NASDAQ,common_stock,0001434265
GME,GameStop Corporation Common Stock,NYSE,common_stock,0001326380
GMED,"Globus Medical, Inc. Class A Common Stock",NYSE,common_stock,0001237831
GMEX,GMEX ROBOTICS CORPORATION - Class A Ordinary Shares,NASDAQ,common_stock,0001928581
GMHS,Gamehaus Holdings Inc. - Class A Ordinary Shares,NASDAQ,common_stock,0002000530
GMM,Global Mofy AI Limited  - Class A Ordinary Shares,NASDAQ,common_stock,0001913749
GMRS,GMR Solutions Inc. Class A Common Stock,NYSE,common_stock,0001898718
GMTL,Guardian Metal Resources PLC ADS,NYSE American,common_stock,0002039972
GNE,Genie Energy Ltd. Class B Common Stock Stock,NYSE,common_stock,0001528356
GNK,Genco Shipping & Trading Limited Ordinary Shares New (Marshall Islands),NYSE,common_stock,0001326200
GNL,"Global Net Lease, Inc. Common Stock",NYSE,common_stock,0001526113
GNLN,"Greenlane Holdings, Inc. - Class A Common Stock",NASDAQ,common_stock,0001743745
GNLX,Genelux Corporation - Common Stock,NASDAQ,common_stock,0001231457
GNPX,"Genprex, Inc. - Common Stock",NASDAQ,common_stock,0001595248
GNRC,Generac Holdlings Inc. Common Stock,NYSE,common_stock,0001474735
GNS,Genius Group Limited Ordinary Shares,NYSE American,common_stock,0001847806
GNSS,Genasys Inc. - Common Stock,NASDAQ,common_stock,0000924383
GNT,"GAMCO Natural Resources, Gold & Income Trust",NYSE,common_stock,0001438893
GNTA,Genenta Science S.p.A. - American Depositary Shares,NASDAQ,common_stock,0001838716
GNTX,Gentex Corporation - Common Stock,NASDAQ,common_stock,0000355811
GNW,Genworth Financial Inc Common Stock,NYSE,common_stock,0001276520
GO,Grocery Outlet Holding Corp. - Common Stock,NASDAQ,common_stock,0001771515
GOAI,Eva Live Inc. - Common Stock,NASDAQ,common_stock,0001983736
GOF,Guggenheim Strategic Opportunities Fund Common Shares of Beneficial Interest,NYSE,common_stock,0001380936
GOGO,Gogo Inc. - Common Stock,NASDAQ,common_stock,0001537054
GOLD,"Gold.com, Inc. Common Stock",NYSE,common_stock,0001591588
GOLF,Acushnet Holdings Corp. Common Stock,NYSE,common_stock,0001672013
GOOD,Gladstone Commercial Corporation - Real Estate Investment Trust,NASDAQ,common_stock,0001234006
GOOG,Alphabet Inc. - Class C Capital Stock,NASDAQ,common_stock,0001652044
GOOGL,Alphabet Inc. - Class A Common Stock,NASDAQ,common_stock,0001652044
GOOS,Canada Goose Holdings Inc. Subordinate Voting Shares,NYSE,common_stock,0001690511
GORO,Goldgroup Mining Inc. Common Shares,NYSE American,common_stock,0001515964
GOSS,"Gossamer Bio, Inc. - Common Stock",NASDAQ,common_stock,0001728117
GOTU,Gaotu Techedu Inc. American Depositary Shares,NYSE,common_stock,0001768259
GOVX,"GeoVax Labs, Inc. - Common Stock",NASDAQ,common_stock,0000832489
GP,GreenPower Motor Company Inc. - Common Shares,NASDAQ,common_stock,0001584547
GPAC,General Purpose Acquisition Corp. - Class A Ordinary Shares,NASDAQ,common_stock,0002085408
GPAT,GP-Act III Acquisition Corp. - Class A Ordinary Share,NASDAQ,common_stock,0001834526
GPC,Genuine Parts Company Common Stock,NYSE,common_stock,0000040987
GPCR,Structure Therapeutics Inc. - American Depositary Shares,NASDAQ,common_stock,0001888886
GPGI,"GPGI, Inc. Class A Common Stock",NYSE,common_stock,0001823144
GPI,"Group 1 Automotive, Inc. Common Stock",NYSE,common_stock,0001031203
GPK,Graphic Packaging Holding Company,NYSE,common_stock,0001408075
GPMT,Granite Point Mortgage Trust Inc. Common Stock,NYSE,common_stock,0001703644
GPN,Global Payments Inc. Common Stock,NYSE,common_stock,0001123360
GPOR,Gulfport Energy Corporation Common Shares,NYSE,common_stock,0000874499
GPRE,"Green Plains, Inc. - Common Stock",NASDAQ,common_stock,0001309402
GPRK,Geopark Ltd Common Shares,NYSE,common_stock,0001464591
GPRO,"GoPro, Inc. - Class A Common Stock",NASDAQ,common_stock,0001500435
GPUS,"Hyperscale Data, Inc. Common Stock",NYSE American,common_stock,0000896493
GRAB,Grab Holdings Limited - Class A Ordinary Shares,NASDAQ,common_stock,0001855612
GRAL,"GRAIL, Inc. - Common Stock",NASDAQ,common_stock,0001699031
GRAN,Grande Group Limited - Class A Ordinary Shares,NASDAQ,common_stock,0002027722
GRBK,"Green Brick Partners, Inc. Common Stock",NYSE,common_stock,0001373670
GRC,Gorman-Rupp Company (The) Common Stock,NYSE,common_stock,0000042682
GRCE,"Grace Therapeutics, Inc. - Common Stock",NASDAQ,common_stock,0001444192
GRDN,"Guardian Pharmacy Services, Inc. Class A Common Stock",NYSE,common_stock,0001802255
GRDX,GridAI Technologies Corp.  - Common Stock,NASDAQ,common_stock,0001604191
GRF,"Eagle Capital Growth Fund, Inc. Common Stock",NYSE American,common_stock,0000850027
GRFS,"Grifols, S.A. - American Depositary Shares",NASDAQ,common_stock,0001438569
GRI,"GRI Bio, Inc. - Common Stock",NASDAQ,common_stock,0001824293
GRML,Greenland Mines Ltd - Common Stock,NASDAQ,common_stock,0001907223
GRMN,Garmin Ltd. Common Stock (Switzerland),NYSE,common_stock,0001121788
GRND,Grindr Inc. Common Stock,NYSE,common_stock,0001820144
GRNQ,Greenpro Capital Corp. - Common Stock,NASDAQ,common_stock,0001597846
GRNT,"Granite Ridge Resources, Inc. Common Stock",NYSE,common_stock,0001928446
GRO,Brazil Potash Corp. Common Shares,NYSE American,common_stock,0001472326
GROV,"Grove Collaborative Holdings, Inc. Class A Common Stock",NYSE,common_stock,0001841761
GROW,"U.S. Global Investors, Inc. - Class A Common Stock",NASDAQ,common_stock,0000754811
GROY,Gold Royalty Corp. Common Shares,NYSE American,common_stock,0001834026
GRPN,"Groupon, Inc. - Common Stock",NASDAQ,common_stock,0001490281
GRRR,Gorilla Technology Group Inc. - Ordinary shares,NASDAQ,common_stock,0001903145
GRSD,Grandstand Limited - Ordinary Shares,NASDAQ,common_stock,0001839799
GRVY,"GRAVITY Co., Ltd. - American depositary shares, each representing one common share.",NASDAQ,common_stock,0001313310
GRWG,GrowGeneration Corp. - Common Stock,NASDAQ,common_stock,0001604868
GRX,The Gabelli Healthcare & Wellness Trust Common Shares of Beneficial Interest,NYSE,common_stock,0001391437
GS,"Goldman Sachs Group, Inc. (The) Common Stock",NYSE,common_stock,0000886982
GSAT,"Globalstar, Inc. - Common Stock",NASDAQ,common_stock,0001366868
GSBC,"Great Southern Bancorp, Inc. - Common Stock",NASDAQ,common_stock,0000854560
GSBD,"Goldman Sachs BDC, Inc. Common Stock",NYSE,common_stock,0001572694
GSHD,"Goosehead Insurance, Inc. - Class A Common Stock",NASDAQ,common_stock,0001726978
GSHR,Gesher Acquisition Corp. II - Class A Ordinary Shares,NASDAQ,common_stock,0002044635
GSIT,"GSI Technology, Inc. - Common Stock",NASDAQ,common_stock,0001126741
GSIW,Garden Stage Limited - Class A Ordinary Shares,NASDAQ,common_stock,0001954269
GSK,GSK plc American Depositary Shares (Each representing two Ordinary Shares),NYSE,common_stock,0001131399
GSL,Global Ship Lease Inc New Class A Common Shares,NYSE,common_stock,0001430725
GSM,Ferroglobe PLC - Ordinary Shares,NASDAQ,common_stock,0001639877
GSRF,GSR IV Acquisition Corp. - Class A ordinary share,NASDAQ,common_stock,0002072404
GSRV,GSR V Acquisition Corp. - Class A ordinary shares,NASDAQ,common_stock,0002111762
GSUN,Golden Sun Technology Group Limited - Class A Ordinary Shares,NASDAQ,common_stock,0001826376
GT,The Goodyear Tire & Rubber Company - Common Stock,NASDAQ,common_stock,0000042582
GTBP,"GT Biopharma, Inc. - Common Stock",NASDAQ,common_stock,0000109657
GTE,Gran Tierra Energy Inc. Common Stock,NYSE American,common_stock,0001273441
GTEC,Greenland Technologies Holding Corporation - Class A Ordinary Shares,NASDAQ,common_stock,0001735041
GTEN,"Gores Holdings X, Inc. - Class A ordinary shares",NASDAQ,common_stock,0001986817
GTERA,Globa Terra Acquisition Corporation - Class A Ordinary Shares,NASDAQ,common_stock,0002043766
GTES,Gates Industrial Corporation Ltd. Common Shares,NYSE,common_stock,0001718512
GTIM,Good Times Restaurants Inc. - Common Stock,NASDAQ,common_stock,0000825324
GTLB,GitLab Inc. - Class A Common Stock,NASDAQ,common_stock,0001653482
GTM,ZoomInfo Technologies Inc. - Common Stock,NASDAQ,common_stock,0001794515
GTN,"Gray Media, Inc. Common Stock",NYSE,common_stock,0000043196
GTN.A,"Gray Media, Inc. Class A Common Stock",NYSE,common_stock,0000043196
GTX,Garrett Motion Inc. - Common Stock,NASDAQ,common_stock,0001735707
GTY,Getty Realty Corporation Common Stock,NYSE,common_stock,0001052752
GUAC,Berto Acquisition Corp. II - Ordinary Shares,NASDAQ,common_stock,0002081515
GUG,Guggenheim Active Allocation Fund Common Shares of Beneficial Interest,NYSE,common_stock,0001864208
GURE,"Gulf Resources, Inc. - Common Stock",NASDAQ,common_stock,0000885462
GUT,Gabelli Utility Trust (The) Common Stock,NYSE,common_stock,0001080720
GUTS,"Fractyl Health, Inc. - Common Stock",NASDAQ,common_stock,0001572616
GVA,Granite Construction Incorporated Common Stock,NYSE,common_stock,0000861459
GVH,Globavend Holdings Limited - Ord Shares,NASDAQ,common_stock,0001978527
GWAV,"Greenwave Technology Solutions, Inc. - Common Stock",NASDAQ,common_stock,0001589149
GWH,"ESS Tech, Inc. Common Stock",NYSE,common_stock,0001819438
GWRE,"Guidewire Software, Inc. Common Stock",NYSE,common_stock,0001528396
GWRS,"Global Water Resources, Inc. - common stock",NASDAQ,common_stock,0001434728
GWW,"W.W. Grainger, Inc. Common Stock",NYSE,common_stock,0000277135
GXAI,Gaxos.ai Inc. - Common Stock,NASDAQ,common_stock,0001895618
GXO,"GXO Logistics, Inc. Common Stock",NYSE,common_stock,0001852244
GYGY,"Game Your Game, Inc. - Common Stock",NASDAQ,common_stock,0002111846
GYRE,"Gyre Therapeutics, Inc. - Common Stock",NASDAQ,common_stock,0001124105
GYRO,"Gyrodyne , LLC - Common Stock",NASDAQ,common_stock,0001589061
H,Hyatt Hotels Corporation Class A Common Stock,NYSE,common_stock,0001468174
HACQ,HCM IV Acquisition Corp. - Class A Ordinary Share,NASDAQ,common_stock,0002089982
HAE,Haemonetics Corporation Common Stock,NYSE,common_stock,0000313143
HAFC,Hanmi Financial Corporation - Common Stock,NASDAQ,common_stock,0001109242
HAFN,Hafnia Limited Common Shares,NYSE,common_stock,0001815779
HAIN,"The Hain Celestial Group, Inc. - Common Stock",NASDAQ,common_stock,0000910406
HAL,Halliburton Company Common Stock,NYSE,common_stock,0000045012
HALO,"Halozyme Therapeutics, Inc. - Common Stock",NASDAQ,common_stock,0001159036
HAO,Haoxi Health Technology Limited - Class A Ord Share,NASDAQ,common_stock,0001954594
HAPN,"Happen, Inc. - Common Stock",NASDAQ,common_stock,0001409970
HAS,"Hasbro, Inc. - Common Stock",NASDAQ,common_stock,0000046080
HASI,"HA Sustainable Infrastructure Capital, Inc. Common Stock",NYSE,common_stock,0001561894
HAVA,Harvard Ave Acquisition Corporation - Class A Ordinary Share,NASDAQ,common_stock,0002042460
HAWK,"HawkEye 360, Inc. Common Stock",NYSE,common_stock,0001750704
HAYW,"Hayward Holdings, Inc. Common Stock",NYSE,common_stock,0001834622
HBAN,Huntington Bancshares Incorporated - Common Stock,NASDAQ,common_stock,0000049196
HBB,Hamilton Beach Brands Holding Company Class A Common Stock,NYSE,common_stock,0001709164
HBCP,"Home Bancorp, Inc. - Common Stock",NASDAQ,common_stock,0001436425
HBIO,"Harvard Bioscience, Inc. - Common Stock",NASDAQ,common_stock,0001123494
HBM,Hudbay Minerals Inc. Ordinary Shares (Canada),NYSE,common_stock,0001322422
HBNB,Hotel101 Global Holdings Corp. - Class A Ordinary Shares,NASDAQ,common_stock,0002054507
HBNC,"Horizon Bancorp, Inc. - Common Stock",NASDAQ,common_stock,0000706129
HBT,"HBT Financial, Inc. - Common Stock",NASDAQ,common_stock,0000775215
HCA,"HCA Healthcare, Inc. Common Stock",NYSE,common_stock,0000860730
HCAC,Hall Chadwick Acquisition Corp. - Class A Ordinary Shares,NASDAQ,common_stock,0002079013
HCAI,"Huachen AI Parking Management Technology Holding Co., Ltd. - Class A Ordinary Shares",NASDAQ,common_stock,0001958399
HCAT,"Health Catalyst, Inc - Common stock",NASDAQ,common_stock,0001636422
HCC,"Warrior Met Coal, Inc. Common Stock",NYSE,common_stock,0001691303
HCHL,Happy City Holdings Limited - Class A Ordinary shares,NASDAQ,common_stock,0002046656
HCI,"HCI Group, Inc. Common Stock",NYSE,common_stock,0001400810
HCIC,Hennessy Capital Investment Corp. VIII - Class A Ordinary Shares,NASDAQ,common_stock,0002099093
HCKT,"The Hackett Group, Inc. - Common Stock",NASDAQ,common_stock,0001057379
HCM,HUTCHMED (China) Limited - American Depositary Shares,NASDAQ,common_stock,0001648257
HCMA,HCM III Acquisition Corp. - Class A Ordinary Share,NASDAQ,common_stock,0002069856
HCSG,"Healthcare Services Group, Inc. - Common Stock",NASDAQ,common_stock,0000731012
HCTI,"Healthcare Triangle, Inc. - Common Stock",NASDAQ,common_stock,0001839285
HCWB,HCW Biologics Inc. - Common Stock,NASDAQ,common_stock,0001828673
HCWC,Healthy Choice Wellness Corp. Class A Common Stock,NYSE American,common_stock,0001948864
HD,"Home Depot, Inc. (The) Common Stock",NYSE,common_stock,0000354950
HDB,HDFC Bank Limited Common Stock,NYSE,common_stock,0001144967
HDL,SUPER HI INTERNATIONAL HOLDING LTD. - American Depositary Shares,NASDAQ,common_stock,0001995306
HDRN,"Hadron Energy, Inc. - Common Stock",NASDAQ,common_stock,0002023730
HDSN,"Hudson Technologies, Inc. - Common Stock",NASDAQ,common_stock,0000925528
HE,"Hawaiian Electric Industries, Inc. Common Stock",NYSE,common_stock,0000354707
HEI,Heico Corporation Common Stock,NYSE,common_stock,0000046619
HEI.A,Heico Corporation Common Stock,NYSE,common_stock,0000046619
HELE,Helen of Troy Limited - Common Stock,NASDAQ,common_stock,0000916789
HELP,Cybin Inc. - Common Stock,NASDAQ,common_stock,0001833141
HEPS,D-Market Electronic Services & Trading - American Depositary Shares,NASDAQ,common_stock,0001850235
HEQ,John Hancock Diversified Income Fund Common Shares of Beneficial Interest,NYSE,common_stock,0001496749
HERE,Here Group Limited - American Depositary Shares,NASDAQ,common_stock,0001932770
HERZ,"Herzfeld Credit Income Fund, Inc.  - Closed End Fund",NASDAQ,common_stock,0000880406
HESM,Hess Midstream LP Class A Representing Limited Partner Interests,NYSE,common_stock,0001789832
HFBL,"Home Federal Bancorp, Inc. of Louisiana - Common Stock",NASDAQ,common_stock,0001500375
HFFG,HF Foods Group Inc. - Common Stock,NASDAQ,common_stock,0001680873
HFRO,Highland Opportunities and Income Fund Common Shares of Beneficial Interest,NYSE,common_stock,0001710680
HFWA,Heritage Financial Corporation - Common Stock,NASDAQ,common_stock,0001046025
HG,"Hamilton Insurance Group, Ltd. Class B Common Shares",NYSE,common_stock,0001593275
HGBL,Heritage Global Inc. - Common Stock,NASDAQ,common_stock,0000849145
HGLB,Highland Global Allocation Fund Common Stock,NYSE,common_stock,0001622148
HGTY,"Hagerty, Inc. Class A Common Stock",NYSE,common_stock,0001840776
HGV,Hilton Grand Vacations Inc. Common Stock,NYSE,common_stock,0001674168
HHH,Howard Hughes Holdings Inc. Common Stock,NYSE,common_stock,0001981792
HHS,"Harte Hanks, Inc. - Common Stock",NASDAQ,common_stock,0000045919
HIFS,Hingham Institution for Savings - Common Stock,NASDAQ,common_stock,
HIG,"The Hartford Insurance Group, Inc. Common Stock",NYSE,common_stock,0000874766
HIHO,Highway Holdings Limited - Common Stock,NASDAQ,common_stock,0001026785
HII,"Huntington Ingalls Industries, Inc. Common Stock",NYSE,common_stock,0001501585
HIMS,"Hims & Hers Health, Inc. Class A Common Stock",NYSE,common_stock,0001773751
HIMX,"Himax Technologies, Inc. - American depositary shares, each of which represents two ordinary shares.",NASDAQ,common_stock,0001342338
HIND,"Vyome Holdings, Inc. - Common Stock",NASDAQ,common_stock,0001427570
HIO,"Western Asset High Income Opportunity Fund, Inc. Common Stock",NYSE,common_stock,0000910068
HIPO,Hippo Holdings Inc. Common Stock,NYSE,common_stock,0001828105
HIT,"Health In Tech, Inc. - Class A Common Stock",NASDAQ,common_stock,0002019505
HITI,High Tide Inc. - Common Shares,NASDAQ,common_stock,0001847409
HIVE,HIVE Digital Technologies Ltd - Common Shares,NASDAQ,common_stock,0001720424
HIW,"Highwoods Properties, Inc. Common Stock",NYSE,common_stock,0000921082
HIX,Western Asset High Income Fund II Inc. Common Stock,NYSE,common_stock,0001058239
HKD,AMTD Digital Inc. American Depositary Shares (every five of which represent two Class A Ordinary Shares),NYSE,common_stock,0001809691
HKIT,Hitek Global Inc. - Class A Ordinary Share,NASDAQ,common_stock,0001742341
HKPD,"Cellyan Biotechnology Co., Ltd  - Class A Ordinary Shares",NASDAQ,common_stock,0002007702
HL,Hecla Mining Company Common Stock,NYSE,common_stock,0000719413
HLF,Herbalife Ltd. Common Shares,NYSE,common_stock,0001180262
HLI,"Houlihan Lokey, Inc. Class A Common Stock",NYSE,common_stock,0001302215
HLIO,"Helios Technologies, Inc. Common Stock",NYSE,common_stock,0001024795
HLIT,Harmonic Inc. - Common Stock,NASDAQ,common_stock,0000851310
HLLY,Holley Inc. Common Stock,NYSE,common_stock,0001822928
HLMN,Hillman Solutions Corp. - Common Stock,NASDAQ,common_stock,0001822492
HLN,Haleon plc American Depositary Shares (Each representing two Ordinary Shares),NYSE,common_stock,0001900304
HLNE,Hamilton Lane Incorporated - Class A Common Stock,NASDAQ,common_stock,0001433642
HLP,Hongli Group Inc. - Class A Ordinary Shares,NASDAQ,common_stock,0001855557
HLT,Hilton Worldwide Holdings Inc. Common Stock,NYSE,common_stock,0001585689
HLX,"Helix Energy Solutions Group, Inc. Common Stock",NYSE,common_stock,0000866829
HLXC,Helix Acquisition Corp. III - Class A Ordinary Shares,NASDAQ,common_stock,0002099656
HMC,"Honda Motor Company, Ltd. Common Stock",NYSE,common_stock,0000715153
HMH,HMH Holding Inc. - Common Stock,NASDAQ,common_stock,0002021880
HMN,Horace Mann Educators Corporation Common Stock,NYSE,common_stock,0000850141
HMR,Heidmar Maritime Holdings Corp. - Common Stock,NASDAQ,common_stock,0002029471
HMY,Harmony Gold Mining Company Limited,NYSE,common_stock,0001023514
HNGE,"Hinge Health, Inc. Class A Common Stock",NYSE,common_stock,0001673743
HNI,HNI Corporation Common Stock,NYSE,common_stock,0000048287
HNNA,"Hennessy Advisors, Inc. - Common Stock",NASDAQ,common_stock,0001145255
HNRG,Hallador Energy Company - Common Stock,NASDAQ,common_stock,0000788965
HNST,"The Honest Company, Inc. - Common Stock",NASDAQ,common_stock,0001530979
HNVR,"Hanover Bancorp, Inc. - Common Stock",NASDAQ,common_stock,0001828588
HODO,House of Doge Inc. - Common Stock,NASDAQ,common_stock,0001903595
HOFT,Hooker Furnishings Corporation - Common Stock,NASDAQ,common_stock,0001077688
HOG,"Harley-Davidson, Inc. Common Stock",NYSE,common_stock,0000793952
HOLO,MicroCloud Hologram Inc. - Ordinary Shares,NASDAQ,common_stock,0001841209
HOMB,"Home BancShares, Inc. Common Stock",NYSE,common_stock,0001331520
HON,Honeywell International Inc. - Common Stock,NASDAQ,common_stock,0000773840
HONA,Honeywell Aerospace Inc. - Common Stock,NASDAQ,common_stock,0002089271
HOOD,"Robinhood Markets, Inc. - Class A Common Stock",NASDAQ,common_stock,0001783879
HOPE,"Hope Bancorp, Inc. - Common Stock",NASDAQ,common_stock,0001128361
HOUR,"Hour Loop, Inc. - common stock",NASDAQ,common_stock,0001874875
HOV,"Hovnanian Enterprises, Inc. Class A Common Stock",NYSE,common_stock,0000357294
HOVR,New Horizon Aircraft Ltd. - Class A Ordinary Shares,NASDAQ,common_stock,0001930021
HOWL,"Werewolf Therapeutics, Inc. - Common Stock",NASDAQ,common_stock,0001785530
HP,"Helmerich & Payne, Inc. Common Stock",NYSE,common_stock,0000046765
HPAI,Helport AI Limited - Ordinary Shares,NASDAQ,common_stock,0002001699
HPE,Hewlett Packard Enterprise Company Common Stock,NYSE,common_stock,0001645590
HPF,John Hancock Pfd Income Fund II Pfd Income Fund II,NYSE,common_stock,0001189740
HPK,"HighPeak Energy, Inc. - Common Stock",NASDAQ,common_stock,0001792849
HPP,"Hudson Pacific Properties, Inc. Common Stock",NYSE,common_stock,0001482512
HPQ,HP Inc. Common Stock,NYSE,common_stock,0000047217
HQ,Horizon Quantum Holdings Ltd. - Class A Ordinary Shares,NASDAQ,common_stock,0002088256
HQH,abrdn Healthcare Investors Shares of Beneficial Interest,NYSE,common_stock,0000805267
HQI,"HireQuest, Inc. - Common Stock",NASDAQ,common_stock,0001140102
HQL,abrdn Life Sciences Investors Shares of Beneficial Interest,NYSE,common_stock,0000884121
HQY,"HealthEquity, Inc. - Common Stock",NASDAQ,common_stock,0001428336
HR,Healthcare Realty Trust Incorporated Common Stock,NYSE,common_stock,0001360604
HRB,"H&R Block, Inc. Common Stock",NYSE,common_stock,0000012659
HRI,Herc Holdings Inc. Common Stock,NYSE,common_stock,0001364479
HRL,Hormel Foods Corporation Common Stock,NYSE,common_stock,0000048465
HRMY,"Harmony Biosciences Holdings, Inc. - Common Stock",NASDAQ,common_stock,0001802665
HROW,"Harrow, Inc. - Common Stock",NASDAQ,common_stock,0001360214
HRTG,"Heritage Insurance Holdings, Inc. Common Stock",NYSE,common_stock,0001598665
HRTX,"Heron Therapeutics, Inc.   - Common Stock",NASDAQ,common_stock,0000818033
HRZN,Horizon Technology Finance Corporation - Common Stock,NASDAQ,common_stock,0001487428
HSAI,Hesai Group - American Depositary Share,NASDAQ,common_stock,0001861737
HSBC,"HSBC Holdings, plc. Common Stock",NYSE,common_stock,0001089113
HSCS,HeartSciences Inc. - Common Stock,NASDAQ,common_stock,0001468492
HSDT,Solana Company - Class A Common Stock,NASDAQ,common_stock,0001610853
HSHP,Himalaya Shipping Ltd. Common Shares,NYSE,common_stock,0001959455
HSIC,"Henry Schein, Inc. - Common Stock",NASDAQ,common_stock,0001000228
HSLV,Highlander Silver Corp. Common Shares,NYSE American,common_stock,0002013223
HST,"Host Hotels & Resorts, Inc. - Common Stock",NASDAQ,common_stock,0001070750
HSTM,"HealthStream, Inc. - Common Stock",NASDAQ,common_stock,0001095565
HSY,The Hershey Company Common Stock,NYSE,common_stock,0000047111
HTB,"HomeTrust Bancshares, Inc. Common Stock",NYSE,common_stock,0001538263
HTCO,High-Trend International Group - Class A Ordinary Shares,NASDAQ,common_stock,0001928948
HTCR,"Heartcore Enterprises, Inc. - Common Stock",NASDAQ,common_stock,0001892322
HTD,John Hancock Tax Advantaged Dividend Income Fund Common Shares of Beneficial Interest,NYSE,common_stock,0001260041
HTFL,"Heartflow, Inc. - Common Stock",NASDAQ,common_stock,0001464521
HTGC,"Hercules Capital, Inc. Common Stock",NYSE,common_stock,0001280784
HTH,Hilltop Holdings Inc.,NYSE,common_stock,0001265131
HTHT,H World Group Limited - American Depositary Shares,NASDAQ,common_stock,0001483994
HTLD,"Heartland Express, Inc. - Common Stock",NASDAQ,common_stock,0000799233
HTLM,HomesToLife Ltd - Ordinary Shares,NASDAQ,common_stock,0002023153
HTO,H2O America  - Common Stock,NASDAQ,common_stock,0000766829
HTOO,Fusion Fuel Green PLC - Ordinary Shares,NASDAQ,common_stock,0001819794
HTT,"High Templar Tech Limited American depositary shares, each representing one Class A ordinary share",NYSE,common_stock,0001692705
HTZ,"Hertz Global Holdings, Inc - Common Stock",NASDAQ,common_stock,0001657853
HUBB,Hubbell Inc Common Stock,NYSE,common_stock,0000048898
HUBC,Hub Cyber Security Ltd. - Ordinary Shares,NASDAQ,common_stock,0001905660
HUBG,"Hub Group, Inc. - Class A Common Stock",NASDAQ,common_stock,0000940942
HUBS,"HubSpot, Inc. Common Stock",NYSE,common_stock,0001404655
HUDI,"Huadi International Group Co., Ltd. - Ordinary Shares",NASDAQ,common_stock,0001791725
HUHU,HUHUTECH International Group Inc. - Ordinary Shares,NASDAQ,common_stock,0001945415
HUIZ,Huize Holding Limited - American Depositary Shares,NASDAQ,common_stock,0001778982
HUM,Humana Inc. Common Stock,NYSE,common_stock,0000049071
HUMA,"Humacyte, Inc. - Common Stock",NASDAQ,common_stock,0001818382
HUN,Huntsman Corporation Common Stock,NYSE,common_stock,0001307954
HURA,"TuHURA Biosciences, Inc. - Common Stock",NASDAQ,common_stock,0001498382
HURC,"Hurco Companies, Inc. - Common Stock",NASDAQ,common_stock,0000315374
HURN,Huron Consulting Group Inc. - Common Stock,NASDAQ,common_stock,0001289848
HUT,Hut 8 Corp. - Common Stock,NASDAQ,common_stock,0001964789
HUYA,"HUYA Inc. American depositary shares, each  representing one Class A ordinary share",NYSE,common_stock,0001728190
HVII,Hennessy Capital Investment Corp. VII - Ordinary Shares,NASDAQ,common_stock,0001846416
HVMC,Highview Merger Corp. - Class A Ordinary Share,NASDAQ,common_stock,0002070602
HVT,"Haverty Furniture Companies, Inc. Common Stock",NYSE,common_stock,0000216085
HVT.A,"Haverty Furniture Companies, Inc. Common Stock",NYSE,common_stock,0000216085
HWBK,"Hawthorn Bancshares, Inc. - Common Stock",NASDAQ,common_stock,0000893847
HWC,Hancock Whitney Corporation - Common Stock,NASDAQ,common_stock,0000750577
HWH,HWH International Inc. - Common Stock,NASDAQ,common_stock,0001897245
HWKN,"Hawkins, Inc. - Common Stock",NASDAQ,common_stock,0000046250
HWM,Howmet Aerospace Inc. Common Stock,NYSE,common_stock,0000004281
HXHX,Haoxin Holdings Limited - Class A Ordinary Shares,NASDAQ,common_stock,0001936817
HXL,Hexcel Corporation Common Stock,NYSE,common_stock,0000717605
HY,"Hyster-Yale, Inc. Class A common stock",NYSE,common_stock,0001173514
HYFM,"Hydrofarm Holdings Group, Inc. - Common Stock",NASDAQ,common_stock,0001695295
HYFT,MindWalk Holdings Corp. - Common Stock,NASDAQ,common_stock,0001715925
HYI,Western Asset High Yield Opportunity Fund Inc. Common Stock,NYSE,common_stock,0001497186
HYLN,Hyliion Holdings Corp. Class A Common Stock,NYSE American,common_stock,0001759631
HYMC,Hycroft Mining Holding Corporation - Class A Common Stock,NASDAQ,common_stock,0001718405
HYNE,"Hoyne Bancorp, Inc. - Common Stock",NASDAQ,common_stock,0002073153
HYPD,"Hyperion DeFi, Inc. - Common Stock",NASDAQ,common_stock,0001682639
HYPR,"Hyperfine, Inc.  - Class A Common Stock",NASDAQ,common_stock,0001833769
HYT,"Blackrock Corporate High Yield Fund, Inc. Common Stock",NYSE,common_stock,0001222401
HZO,"MarineMax, Inc.  (FL) Common Stock",NYSE,common_stock,0001057060
IA,"Innovative Solutions and Support, Inc. - Common Stock",NASDAQ,common_stock,0000836690
IACO,Idea Acquisition Corp. - Class A Ordinary Shares,NASDAQ,common_stock,0002091176
IACQ,Irenic Acquisition Corp. - Class A Ordinary Shares,NASDAQ,common_stock,0002122505
IAE,Voya Asia Pacific High Dividend Equity Income Fund ING Asia Pacific High Dividend Equity Income Fund Common Shares of Beneficial Interest,NYSE,common_stock,0001385632
IAF,"abrdn Australia Equity Fund, Inc. Common Stock",NYSE American,common_stock,0000779336
IAG,Iamgold Corporation Ordinary Shares,NYSE,common_stock,0001203464
IART,Integra LifeSciences Holdings Corporation - Common Stock,NASDAQ,common_stock,0000917520
IAUX,i-80 Gold Corp. Common Shares,NYSE American,common_stock,0001853962
IBAC,IB Acquisition Corp. - Common Stock,NASDAQ,common_stock,0001998781
IBCP,Independent Bank Corporation - Common Stock,NASDAQ,common_stock,0000039311
IBEX,IBEX Limited - Common Share,NASDAQ,common_stock,0001720420
IBG,Innovation Beverage Group Limited - Ordinary Shares,NASDAQ,common_stock,0001924482
IBIO,"iBio, Inc. - Common Stock",NASDAQ,common_stock,0001420720
IBKR,"Interactive Brokers Group, Inc. - Class A Common Stock",NASDAQ,common_stock,0001381197
IBM,International Business Machines Corporation Common Stock,NYSE,common_stock,0000051143
IBN,ICICI Bank Limited Common Stock,NYSE,common_stock,0001103838
IBO,"Impact BioMedical, Inc. Common Stock",NYSE American,common_stock,0001834105
IBOC,International Bancshares Corporation - Common Stock,NASDAQ,common_stock,0000315709
IBP,"Installed Building Products, Inc. Common Stock",NYSE,common_stock,0001580905
IBRX,"ImmunityBio, Inc. - Common Stock",NASDAQ,common_stock,0001326110
IBTA,"Ibotta, Inc. Class A Common Stock",NYSE,common_stock,0001538379
ICCC,ImmuCell Corporation - Common Stock,NASDAQ,common_stock,0000811641
ICCM,IceCure Medical Ltd. - Ordinary Shares,NASDAQ,common_stock,0001584371
ICE,Intercontinental Exchange Inc. Common Stock,NYSE,common_stock,0001571949
ICFI,"ICF International, Inc. - Common Stock",NASDAQ,common_stock,0001362004
ICG,Intchains Group Limited - American Depositary Shares,NASDAQ,common_stock,0001895597
ICHR,Ichor Holdings - Ordinary Shares,NASDAQ,common_stock,0001652535
ICL,ICL Group Ltd. Ordinary Shares,NYSE,common_stock,0000941221
ICLR,ICON plc - Ordinary Shares,NASDAQ,common_stock,0001060955
ICMB,"Investcorp Credit Management BDC, Inc. - Common Stock",NASDAQ,common_stock,0001578348
ICON,Icon Energy Corp. - Common stock,NASDAQ,common_stock,0001995574
ICU,SeaStar Medical Holding Corporation - Common Stock,NASDAQ,common_stock,0001831868
ICUI,"ICU Medical, Inc. - Common Stock",NASDAQ,common_stock,0000883984
IDA,"IDACORP, Inc. Common Stock",NYSE,common_stock,0001057877
IDAC,Iron Dome Acquisition I Corp. - Class A Ordinary Shares,NASDAQ,common_stock,0002090441
IDAI,T Stamp Inc. - Class A Common Stock,NASDAQ,common_stock,0001718939
IDCC,"InterDigital, Inc. - Common Stock",NASDAQ,common_stock,0001405495
IDE,"Voya Infrastructure, Industrials and Materials Fund Common Shares of Beneficial Interest",NYSE,common_stock,0001417802
IDN,"Intellicheck, Inc. - Common Stock",NASDAQ,common_stock,0001040896
IDR,"Idaho Strategic Resources, Inc. Common Stock",NYSE American,common_stock,0001030192
IDT,IDT Corporation Class B Common Stock,NYSE,common_stock,0001005731
IDXX,"IDEXX Laboratories, Inc. - Common Stock",NASDAQ,common_stock,0000874716
IDYA,"IDEAYA Biosciences, Inc. - Common Stock",NASDAQ,common_stock,0001676725
IE,Ivanhoe Electric Inc. Common Stock,NYSE American,common_stock,0001879016
IEAG,Infinite Eagle Acquisition Corp. - Class A Ordinary Shares,NASDAQ,common_stock,0002084396
IESC,"IES Holdings, Inc. - Common Stock",NASDAQ,common_stock,0001048268
IEX,IDEX Corporation Common Stock,NYSE,common_stock,0000832101
IFBD,"Infobird Co., Ltd - Ordinary Shares",NASDAQ,common_stock,0001815566
IFF,"International Flavors & Fragrances, Inc. Common Stock",NYSE,common_stock,0000051253
IFN,"Aberdeen India Fund, Inc. Common Stock",NYSE,common_stock,0000917100
IFRX,InflaRx N.V. - Common Stock,NASDAQ,common_stock,0001708688
IFS,Intercorp Financial Services Inc. Common Shares,NYSE,common_stock,0001615903
IGA,Voya Global Advantage and Premium Opportunity Fund Common Shares of Beneficial Interest,NYSE,common_stock,0001332943
IGAC,Invest Green Acquisition Corporation - Class A Ordinary Shares,NASDAQ,common_stock,0002075068
IGC,"IGC Pharma, Inc. Common Stock",NYSE American,common_stock,0001326205
IGD,Voya Global Equity Dividend and Premium Opportunity Fund,NYSE,common_stock,0001285890
IGI,Western Asset Investment Grade Opportunity Trust Inc. Common Stock,NYSE,common_stock,0001462586
IGIC,International General Insurance Holdings Ltd. - Ordinary Shares,NASDAQ,common_stock,0001794338
IGR,CBRE Global Real Estate Income Fund Common Shares of Beneficial Interest,NYSE,common_stock,0001268884
IH,"iHuman Inc. American depositary shares, each representing five Class A ordinary shares",NYSE,common_stock,0001814423
IHD,Voya Emerging Markets High Income Dividend Equity Fund Common Shares,NYSE,common_stock,0001496292
IHG,Intercontinental Hotels Group American Depositary Shares (Each representing one Ordinary Share),NYSE,common_stock,0000858446
IHRT,"iHeartMedia, Inc. - Class A Common Stock",NASDAQ,common_stock,0001400891
IHS,IHS Holding Limited Ordinary Shares,NYSE,common_stock,0001876183
IHT,InnSuites Hospitality Trust Shares of Beneficial Interest,NYSE American,common_stock,0000082473
IIF,"Morgan Stanley India Investment Fund, Inc. Common Stock",NYSE,common_stock,0000916618
III,"Information Services Group, Inc. - Common Stock",NASDAQ,common_stock,0001371489
IIIN,"Insteel Industries, Inc. Common Stock",NYSE,common_stock,0000764401
IIIV,"i3 Verticals, Inc. - Common Stock",NASDAQ,common_stock,0001728688
IIM,Invesco Value Municipal Income Trust Common Stock,NYSE,common_stock,0000885601
IIPR,"Innovative Industrial Properties, Inc. Common Stock",NYSE,common_stock,0001677576
IKT,"Inhibikase Therapeutics, Inc. - Common Stock",NASDAQ,common_stock,0001750149
ILAG,Intelligent Living Application Group Inc. - Ordinary Shares,NASDAQ,common_stock,0001814963
ILLR,Triller Group Inc. - Common Stock,NASDAQ,common_stock,0001769624
ILLU,Illumination Acquisition Corp I - Class A Ordinary Shares,NASDAQ,common_stock,0002101135
ILMN,"Illumina, Inc. - Common Stock",NASDAQ,common_stock,0001110803
ILPT,Industrial Logistics Properties Trust - Common Shares of Beneficial Interest,NASDAQ,common_stock,0001717307
IMA,"ImageneBio, Inc. - Common Stock",NASDAQ,common_stock,0001835579
IMAX,Imax Corporation Common Stock,NYSE,common_stock,0000921582
IMC,IMC Rare Earths Ltd Ordinary Shares,NYSE American,common_stock,0002098395
IMCC,IM Cannabis Corp. - Common Shares,NASDAQ,common_stock,0001792030
IMCR,Immunocore Holdings plc - American Depositary Shares,NASDAQ,common_stock,0001671927
IMDX,Insight Molecular Diagnostics Inc. - Common Stock,NASDAQ,common_stock,0001642380
IMKTA,"Ingles Markets, Incorporated - Class A Common Stock",NASDAQ,common_stock,0000050493
IMMP,Immutep Limited - American Depositary Shares,NASDAQ,common_stock,0001506184
IMMR,Immersion Corporation - Common Stock,NASDAQ,common_stock,0001058811
IMMX,"Immix Biopharma, Inc. - Common Stock",NASDAQ,common_stock,0001873835
IMNM,"Immunome, Inc. - Common Stock",NASDAQ,common_stock,0001472012
IMNN,"Imunon, Inc. - Common Stock",NASDAQ,common_stock,0000749647
IMO,Imperial Oil Limited Common Stock,NYSE American,common_stock,0000049938
IMOS,ChipMOS TECHNOLOGIES INC. - American Depositary Shares,NASDAQ,common_stock,0001123134
IMPP,Imperial Petroleum Inc. - Common Shares,NASDAQ,common_stock,0001876581
IMRN,Immuron Limited - American Depositary Shares,NASDAQ,common_stock,0001660046
IMRX,Immuneering Corporation - Class A Common Stock,NASDAQ,common_stock,0001790340
IMSR,Terrestrial Energy Inc. - Common Stock,NASDAQ,common_stock,0002019804
IMTE,Integrated Media Technology Limited - Ordinary Shares,NASDAQ,common_stock,0001668438
IMTX,Immatics N.V. - Ordinary Shares,NASDAQ,common_stock,0001809196
IMUX,"Immunic, Inc.  - Common Stock",NASDAQ,common_stock,0001280776
IMVT,"Immunovant, Inc.  - Common Stock",NASDAQ,common_stock,0001764013
IMXI,"International Money Express, Inc. - Common Stock",NASDAQ,common_stock,0001683695
INAB,"IN8bio, Inc. - Common Stock",NASDAQ,common_stock,0001740279
INAC,Indigo Acquisition Corp. - Ordinary Shares,NASDAQ,common_stock,0002063816
INBK,First Internet Bancorp - Common Stock,NASDAQ,common_stock,0001562463
INBS,Intelligent Bio Solutions Inc.  - Common Stock,NASDAQ,common_stock,0001725430
INBX,"Inhibrx Biosciences, Inc. - Common Stock",NASDAQ,common_stock,0002007919
INCR,Intercure Ltd. - ordinary shares,NASDAQ,common_stock,0001857030
INCY,Incyte Corporation - Common Stock,NASDAQ,common_stock,0000879169
INDB,Independent Bank Corp. - Common Stock,NASDAQ,common_stock,0000776901
INDI,"indie Semiconductor, Inc. - Class A Common Stock",NASDAQ,common_stock,0001841925
INDO,Indonesia Energy Corporation Limited Ordinary Shares,NYSE American,common_stock,0001757840
INDP,"Indaptus Therapeutics, Inc. - Common Stock",NASDAQ,common_stock,0001857044
INDV,"Indivior Pharmaceuticals, Inc.  - Common Stock",NASDAQ,common_stock,0001625297
INEO,INNEOVA Holdings Limited - Class A Ordinary Shares,NASDAQ,common_stock,0001933951
INFQ,"Infleqtion, Inc. Common Stock",NYSE,common_stock,0002007825
INFU,"InfuSystems Holdings, Inc. Common Stock",NYSE American,common_stock,0001337013
INFY,Infosys Limited American Depositary Shares,NYSE,common_stock,0001067491
ING,"ING Group, N.V. Common Stock",NYSE,common_stock,0001039765
INGM,Ingram Micro Holding Corporation Common Stock,NYSE,common_stock,0001897762
INGN,"Inogen, Inc - Common Stock",NASDAQ,common_stock,0001294133
INGR,Ingredion Incorporated Common Stock,NYSE,common_stock,0001046257
INHD,Inno Holdings Inc. - Common Stock,NASDAQ,common_stock,0001961847
INIO,INNIO N.V. - Ordinary Shares,NASDAQ,common_stock,0002109150
INKT,"MiNK Therapeutics, Inc. - Common Stock",NASDAQ,common_stock,0001840229
INLF,INLIF LIMITED - Class A Ordinary shares,NASDAQ,common_stock,0001991592
INLX,"Intellinetics, Inc. Common Stock",NYSE American,common_stock,0001081745
INM,InMed Pharmaceuticals Inc. - Common Shares,NASDAQ,common_stock,0001728328
INMB,INmune Bio Inc. - Common stock,NASDAQ,common_stock,0001711754
INMD,InMode Ltd.  - Ordinary Shares,NASDAQ,common_stock,0001742692
INN,"Summit Hotel Properties, Inc. Common Stock",NYSE,common_stock,0001497645
INNV,InnovAge Holding Corp. - Common Stock,NASDAQ,common_stock,0001834376
INO,"Inovio Pharmaceuticals, Inc. - Common Stock",NASDAQ,common_stock,0001055726
INOD,Innodata Inc. - Common Stock,NASDAQ,common_stock,0000903651
INR,"Infinity Natural Resources, Inc. Class A Common Stock",NYSE,common_stock,0002029118
INSE,"Inspired Entertainment, Inc. - Common Stock",NASDAQ,common_stock,0001615063
INSG,Inseego Corp. - Common Stock,NASDAQ,common_stock,0001022652
INSM,Insmed Incorporated - Common Stock,NASDAQ,common_stock,0001104506
INSP,"Inspire Medical Systems, Inc. Common Stock",NYSE,common_stock,0001609550
INSW,"International Seaways, Inc. Common Stock",NYSE,common_stock,0001679049
INTA,"Intapp, Inc. - Common Stock",NASDAQ,common_stock,0001565687
INTC,Intel Corporation - Common Stock,NASDAQ,common_stock,0000050863
INTG,The Intergroup Corporation - Common Stock,NASDAQ,common_stock,0000069422
INTJ,Intelligent Group Limited - Class A Ordinary Shares,NASDAQ,common_stock,0001916416
INTR,Inter & Co. Inc. - Class A Common Shares,NASDAQ,common_stock,0001864163
INTS,"Intensity Therapeutics, Inc. - Common Stock",NASDAQ,common_stock,0001567264
INTT,inTest Corporation Common Stock,NYSE American,common_stock,0001036262
INTU,Intuit Inc. - Common Stock,NASDAQ,common_stock,0000896878
INTZ,Intrusion Inc. - Common Stock,NASDAQ,common_stock,0000736012
INUV,"Inuvo, Inc.",NYSE American,common_stock,0000829323
INV,"Innventure, Inc. - Common Stock",NASDAQ,common_stock,0002001557
INVA,"Innoviva, Inc. - Common Stock",NASDAQ,common_stock,0001080014
INVE,"Identiv, Inc. - Common Stock",NASDAQ,common_stock,0001036044
INVH,Invitation Homes Inc. Common Stock,NYSE,common_stock,0001687229
INVX,"Innovex International, Inc. Common Stock",NYSE,common_stock,0001042893
INVZ,Innoviz Technologies Ltd. - Ordinary shares,NASDAQ,common_stock,0001835654
IOND,Ionic Digital Inc. - Class A Common Stock,NASDAQ,common_stock,0002007691
IONQ,"IonQ, Inc. Common Stock",NYSE,common_stock,0001824920
IONR,ioneer Ltd - American Depositary Shares,NASDAQ,common_stock,0001896084
IONS,"Ionis Pharmaceuticals, Inc. - Common Stock",NASDAQ,common_stock,0000874015
IOR,"Income Opportunity Realty Investors, Inc. Common Stock",NYSE American,common_stock,0000949961
IOSP,Innospec Inc. - Common Stock,NASDAQ,common_stock,0001054905
IOT,Samsara Inc. Class A Common Stock,NYSE,common_stock,0001642896
IOTR,iOThree Limited - Ordinary Shares,NASDAQ,common_stock,0001997637
IOVA,"Iovance Biotherapeutics, Inc. - Common Stock",NASDAQ,common_stock,0001425205
IP,International Paper Company Common Stock,NYSE,common_stock,0000051434
IPAR,"Interparfums, Inc. - Common Stock",NASDAQ,common_stock,0000822663
IPDN,"Professional Diversity Network, Inc. - Common Stock",NASDAQ,common_stock,0001546296
IPEX,Inflection Point Acquisition Corp. - Class A Ordinary Shares,NASDAQ,common_stock,0002028355
IPFX,Inflection Point Acquisition Corp. VI - Class A Ordinary Shares,NASDAQ,common_stock,0002102041
IPGP,IPG Photonics Corporation - Common Stock,NASDAQ,common_stock,0001111928
IPHA,Innate Pharma S.A. - American Depositary Shares,NASDAQ,common_stock,0001598599
IPI,"Intrepid Potash, Inc Common Stock",NYSE,common_stock,0001421461
IPM,Intelligent Protection Management Corp.  - Common Stock,NASDAQ,common_stock,0001355839
IPSC,"Century Therapeutics, Inc. - Common Stock",NASDAQ,common_stock,0001850119
IPST,"IP Strategy Holdings, Inc. - Common Stock",NASDAQ,common_stock,0001788230
IPVV,"InterPrivate Investment Partners V, Inc. - Class A Ordinary Shares",NASDAQ,common_stock,0002105274
IPW,iPower Inc. - Common Stock,NASDAQ,common_stock,0001830072
IPWR,Ideal Power Inc. - Common Stock,NASDAQ,common_stock,0001507957
IPX,IperionX Limited - American Depositary Share,NASDAQ,common_stock,0001898601
IQ,"iQIYI, Inc. - American Depositary Shares",NASDAQ,common_stock,0001722608
IQI,Invesco Quality Municipal Income Trust Common Stock,NYSE,common_stock,0000885125
IQMX,IQM Quantum Computers Oyj - American Depositary Shares,NASDAQ,common_stock,0002113060
IQST,iQSTEL Inc. - Common Stock,NASDAQ,common_stock,0001527702
IQV,"IQVIA Holdings, Inc. Common Stock",NYSE,common_stock,0001478242
IR,Ingersoll Rand Inc. Common Stock,NYSE,common_stock,0001699150
IRAB,Iris Acquisition Corp II Class A Ordinary Shares,NYSE,common_stock,0002077785
IRD,"Opus Genetics, Inc. - Common Stock",NASDAQ,common_stock,0001228627
IRDM,Iridium Communications Inc - Common Stock,NASDAQ,common_stock,0001418819
IREN,IREN Limited - Ordinary Shares,NASDAQ,common_stock,0001878848
IRHO,Iron Horse Acquisitions II Corp. - Common Stock,NASDAQ,common_stock,0002051985
IRIX,IRIDEX Corporation - Common Stock,NASDAQ,common_stock,0001006045
IRM,Iron Mountain Incorporated (Delaware)Common Stock REIT,NYSE,common_stock,0001020569
IRMD,iRadimed Corporation - Common Stock,NASDAQ,common_stock,0001325618
IRON,"Disc Medicine, Inc. - Common Stock",NASDAQ,common_stock,0001816736
IRS,IRSA Inversiones Y Representaciones S.A. Global Depositary Shares (Each representing ten shares of Common Stock),NYSE,common_stock,0000933267
IRT,"Independence Realty Trust, Inc. Common Stock",NYSE,common_stock,0001466085
IRTC,"iRhythm Holdings, Inc.  - Common Stock",NASDAQ,common_stock,0001388658
IRWD,"Ironwood Pharmaceuticals, Inc. - Class A Common Stock",NASDAQ,common_stock,0001446847
ISBA,Isabella Bank Corporation - Common stock,NASDAQ,common_stock,0000842517
ISD,"PGIM High Yield Bond Fund, Inc.",NYSE,common_stock,0001534880
ISNR,Snow Rothschild Acquisition Corp. - Class A Ordinary Shares,NASDAQ,common_stock,0002123475
ISOU,IsoEnergy Ltd. Common Shares,NYSE American,common_stock,0001997377
ISPC,iSpecimen Inc. - Common Stock,NASDAQ,common_stock,0001558569
ISPR,Ispire Technology Inc. - Common Stock,NASDAQ,common_stock,0001948455
ISRG,"Intuitive Surgical, Inc. - Common Stock",NASDAQ,common_stock,0001035267
ISTR,Investar Holding Corporation - Common Stock,NASDAQ,common_stock,0001602658
IT,"Gartner, Inc. Common Stock",NYSE,common_stock,0000749251
ITG,"ITG, Inc. - Class A Common Stock",NASDAQ,common_stock,0002110117
ITGR,Integer Holdings Corporation Common Stock,NYSE,common_stock,0001114483
ITHA,ITHAX Acquisition Corp III - Class A Ordinary Shares,NASDAQ,common_stock,0002080985
ITIC,Investors Title Company - Common Stock,NASDAQ,common_stock,0000720858
ITOC,iTonic Holdings Ltd - Class A Ordinary Shares,NASDAQ,common_stock,0001970544
ITP,"IT Tech Packaging, Inc. Common Stock",NYSE American,common_stock,0001358190
ITRG,Integra Resources Corp. Common Shares,NYSE American,common_stock,0001722387
ITRI,"Itron, Inc. - Common Stock",NASDAQ,common_stock,0000780571
ITRN,Ituran Location and Control Ltd. - Ordinary Shares,NASDAQ,common_stock,0001337117
ITT,ITT Inc. Common Stock,NYSE,common_stock,0000216228
ITW,Illinois Tool Works Inc. Common Stock,NYSE,common_stock,0000049826
IVA,Inventiva S.A. - American Depository Shares,NASDAQ,common_stock,0001756594
IVDA,"Iveda Solutions, Inc. - Common Stock",NASDAQ,common_stock,0001397183
IVF,"INVO Fertility, Inc. - Common Stock",NASDAQ,common_stock,0001417926
IVR,INVESCO MORTGAGE CAPITAL INC Common Stock,NYSE,common_stock,0001437071
IVT,InvenTrust Properties Corp. Common Stock,NYSE,common_stock,0001307748
IVVD,"Invivyd, Inc. - Common Stock",NASDAQ,common_stock,0001832038
IVZ,Invesco Ltd Common Stock,NYSE,common_stock,0000914208
IX,ORIX Corporation American Depositary Shares,NYSE,common_stock,0001070304
IXHL,Incannex Healthcare Inc. - Common Stock,NASDAQ,common_stock,0001873875
IZEA,"IZEA Worldwide, Inc. - Common Stock",NASDAQ,common_stock,0001495231
IZM,ICZOOM Group Inc. - Class A Ordinary Shares,NASDAQ,common_stock,0001854572
J,Jacobs Solutions Inc. Common Stock,NYSE,common_stock,0000052988
JAB,JAB Acquisition Corp I - Class A Ordinary Shares,NASDAQ,common_stock,0002128739
JACK,Jack In The Box Inc. - Common Stock,NASDAQ,common_stock,0000807882
JACS,Jackson Acquisition Company II Class A Ordinary Shares,NYSE,common_stock,0002039058
JAGU,Jaguar Uranium Corp. Class A Common Shares,NYSE American,common_stock,0002039273
JAGX,"Jaguar Health, Inc. - Common Stock",NASDAQ,common_stock,0001585608
JAKK,"JAKKS Pacific, Inc. - Common Stock",NASDAQ,common_stock,0001009829
JAN,"Janus Living, Inc. Class A-1 Common Stock",NYSE,common_stock,0002100805
JANX,"Janux Therapeutics, Inc. - Common Stock",NASDAQ,common_stock,0001817713
JATT,JATT II Acquisition Corp - Ordinary Shares,NASDAQ,common_stock,0002112446
JAZZ,Jazz Pharmaceuticals plc - Ordinary Shares,NASDAQ,common_stock,0001232524
JBDI,JBDI Holdings Limited - Ordinary Shares,NASDAQ,common_stock,0001964314
JBGS,JBG SMITH Properties Common Shares,NYSE,common_stock,0001689796
JBHT,"J.B. Hunt Transport Services, Inc. - Common Stock",NASDAQ,common_stock,0000728535
JBI,"Janus International Group, Inc. Common Stock",NYSE,common_stock,0001839839
JBIO,"Jade Biosciences, Inc. - Common Stock",NASDAQ,common_stock,0001798749
JBK,Lehman ABS 3.50 3.50% Adjustable Corp Backed Tr Certs GS Cap I,NYSE,common_stock,0001284143
JBL,Jabil Inc. Common Stock,NYSE,common_stock,0000898293
JBLU,JetBlue Airways Corporation - Common Stock,NASDAQ,common_stock,0001158463
JBS,JBS N.V. Class A Common Shares,NYSE,common_stock,0001791942
JBSS,"John B. Sanfilippo & Son, Inc. - Common Stock",NASDAQ,common_stock,0000880117
JBTM,JBT Marel Corporation Common Stock,NYSE,common_stock,0001433660
JCAP,"Jefferson Capital, Inc. - Common Stock",NASDAQ,common_stock,0002046042
JCE,Nuveen Core Equity Alpha Fund Common Shares of Beneficial Interest,NYSE,common_stock,0001385763
JCI,Johnson Controls International plc Ordinary Share,NYSE,common_stock,0000833444
JCSE,JE Cleantech Holdings Limited - Ordinary Shares,NASDAQ,common_stock,0001905511
JCTC,Jewett-Cameron Trading Company - Common Shares,NASDAQ,common_stock,0000885307
JD,"JD.com, Inc. - American Depositary Shares",NASDAQ,common_stock,0001549802
JDZG,JIADE LIMITED - Class A Ordinary Shares,NASDAQ,common_stock,0001976908
JEF,Jefferies Financial Group Inc. Common Stock,NYSE,common_stock,0000096223
JELD,"JELD-WEN Holding, Inc. Common Stock",NYSE,common_stock,0001674335
JEM,707 Cayman Holdings Limited - Ordinary Shares,NASDAQ,common_stock,0002018222
JENA,Jena Acquisition Corporation II Class A Ordinary Shares,NYSE,common_stock,0002060337
JF,J and Friends Holdings Limited - American Depositary Shares,NASDAQ,common_stock,0001716338
JFB,JFB Construction Holdings - Class A Common Stock,NASDAQ,common_stock,0002024306
JFIN,Jiayin Group Inc. - American Depositary Shares,NASDAQ,common_stock,0001743102
JFR,Nuveen Floating Rate Income Fund Common Stock,NYSE,common_stock,0001276533
JFU,9F Inc. - American Depositary Shares,NASDAQ,common_stock,0001619544
JG,Aurora Mobile Limited - American Depositary Shares,NASDAQ,common_stock,0001737339
JGH,Nuveen Global High Income Fund Common Shares of Beneficial Interest,NYSE,common_stock,0001615905
JHI,John Hancock Investors Trust Common Stock,NYSE,common_stock,0000759828
JHS,John Hancock Income Securities Trust Common Stock,NYSE,common_stock,0000759866
JHX,James Hardie Industries plc. Ordinary Shares,NYSE,common_stock,0001159152
JILL,"J. Jill, Inc. Common Stock",NYSE,common_stock,0001687932
JJSF,J & J Snack Foods Corp. - Common Stock,NASDAQ,common_stock,0000785956
JKHY,"Jack Henry & Associates, Inc. - Common Stock",NASDAQ,common_stock,0000779152
JKS,JinkoSolar Holding Company Limited American Depositary Shares (each representing 4 Common Shares),NYSE,common_stock,0001481513
JL,J-Long Group Limited - Class A Ordinary Shares,NASDAQ,common_stock,0001948436
JLHL,Julong Holding Limited - Class A Ordinary Shares,NASDAQ,common_stock,0002007846
JLL,Jones Lang LaSalle Incorporated Common Stock,NYSE,common_stock,0001037976
JLS,Nuveen Mortgage and Income Fund,NYSE,common_stock,0001472215
JMIA,"Jumia Technologies AG American Depositary Shares, each representing two Ordinary Shares",NYSE,common_stock,0001756708
JMKE,Jersey Mike's Subs Inc. Class A Common Stock,NYSE,common_stock,0002127043
JMM,Nuveen Multi-Market Income Fund (MA),NYSE,common_stock,0000838131
JMSB,"John Marshall Bancorp, Inc. - Common Stock",NASDAQ,common_stock,0001710482
JNJ,Johnson & Johnson Common Stock,NYSE,common_stock,0000200406
JOB,GEE Group Inc. Common Stock,NYSE American,common_stock,0000040570
JOBY,"Joby Aviation, Inc. Common Stock",NYSE,common_stock,0001819848
JOE,St. Joe Company (The) Common Stock,NYSE,common_stock,0000745308
JOF,Japan Smaller Capitalization Fund Inc Common Stock,NYSE,common_stock,0000859796
JOUT,Johnson Outdoors Inc. - Class A Common Stock,NASDAQ,common_stock,0000788329
JOYY,JOYY Inc. - American Depositary Shares,NASDAQ,common_stock,0001530238
JPM,JP Morgan Chase & Co. Common Stock,NYSE,common_stock,0000019617
JQC,Nuveen Credit Strategies Income Fund Shares of Beneficial Interest,NYSE,common_stock,0001227476
JRI,Nuveen Real Asset Income and Growth Fund Common Shares of Beneficial Interest,NYSE,common_stock,0001539337
JRS,Nuveen Real Estate Income Fund Common Shares of Beneficial Interest,NYSE,common_stock,0001158289
JRSH,"Jerash Holdings (US), Inc. - Common Stock",NASDAQ,common_stock,0001696558
JRVR,"James River Group Holdings, Inc. - Common Stock",NASDAQ,common_stock,0001620459
JSPR,"Jasper Therapeutics, Inc. - Class A Common Stock",NASDAQ,common_stock,0001788028
JTAI,Jet.AI Inc. - Common Stock,NASDAQ,common_stock,0001861622
JUNS,"Jupiter Neurosciences, Inc. - Common Stock",NASDAQ,common_stock,0001679628
JVA,"Coffee Holding Co., Inc. - Common Stock",NASDAQ,common_stock,0001007019
JWEL,Jowell Global Ltd. - Ordinary Shares,NASDAQ,common_stock,0001805594
JXG,JX Luxventure Group Inc. - Common Stock,NASDAQ,common_stock,0001546383
JXN,Jackson Financial Inc. Class A Common Stock,NYSE,common_stock,0001822993
JYD,Jayud Global Logistics Limited - Class A Ordinary Shares,NASDAQ,common_stock,0001938186
JYNT,The Joint Corp. - Common Stock,NASDAQ,common_stock,0001612630
JZ,Jianzhi Education Technology Group Company Limited - American Depositary Shares,NASDAQ,common_stock,0001852440
JZXN,"Jiuzi Holdings, Inc. - Ordinary Shares",NASDAQ,common_stock,0001816172
KAI,Kadant Inc Common Stock,NYSE,common_stock,0000886346
KALA,"KALA BIO, Inc. - Common Stock",NASDAQ,common_stock,0001479419
KALU,Kaiser Aluminum Corporation - Common Stock,NASDAQ,common_stock,0000811596
KAPA,"Kairos Pharma, Ltd. Common Stock",NYSE American,common_stock,0001962011
KARD,"Kardigan, Inc. - Common Stock",NASDAQ,common_stock,0002123613
KARO,Karooooo Ltd. - Ordinary shares,NASDAQ,common_stock,0001828102
KAZR,Skyline Builders Group Holding Limited - Class A Ordinary Shares,NASDAQ,common_stock,0002031009
KB,KB Financial Group Inc,NYSE,common_stock,0001445930
KBDC,"Kayne Anderson BDC, Inc. Common Stock",NYSE,common_stock,0001747172
KBH,KB Home Common Stock,NYSE,common_stock,0000795266
KBON,Karbon Capital Partners Corp. - Class A Ordinary Shares,NASDAQ,common_stock,0002088749
KBR,"KBR, Inc. Common Stock",NYSE,common_stock,0001357615
KBSX,FST Corp. - Ordinary Shares,NASDAQ,common_stock,0002014254
KC,Kingsoft Cloud Holdings Limited - American Depositary Shares,NASDAQ,common_stock,0001795589
KCHV,Kochav Defense Acquisition Corp. - Class A Ordinary Shares,NASDAQ,common_stock,0002053799
KD,"Kyndryl Holdings, Inc. Common Stock",NYSE,common_stock,0001867072
KDK,"Kodiak AI, Inc. - Common Stock",NASDAQ,common_stock,0001853138
KDP,Keurig Dr Pepper Inc. - Common Stock,NASDAQ,common_stock,0001418135
KE,"Kimball Electronics, Inc. - Common Stock",NASDAQ,common_stock,0001606757
KEEL,Keel Infrastructure Corp. - Common Stock,NASDAQ,common_stock,0001812477
KELYA,"Kelly Services, Inc. - Class A Common Stock",NASDAQ,common_stock,0000055135
KELYB,"Kelly Services, Inc. - Class B Common Stock",NASDAQ,common_stock,0000055135
KEN,Kenon Holdings Ltd. Ordinary Shares,NYSE,common_stock,0001611005
KEP,Korea Electric Power Corporation Common Stock,NYSE,common_stock,0000887225
KEQU,Kewaunee Scientific Corporation - Common Stock,NASDAQ,common_stock,0000055529
KEX,Kirby Corporation Common Stock,NYSE,common_stock,0000056047
KEY,KeyCorp Common Stock,NYSE,common_stock,0000091576
KEYS,Keysight Technologies Inc. Common Stock,NYSE,common_stock,0001601046
KEYY,Keystone Acquisition Corp. - Class A Ordinary Shares,NASDAQ,common_stock,0002102771
KF,"Korea Fund, Inc. (The) New Common Stock",NYSE,common_stock,0000748691
KFFB,Kentucky First Federal Bancorp - Common Stock,NASDAQ,common_stock,0001297341
KFII,K&F Growth Acquisition Corp. II - Class A Ordinary shares,NASDAQ,common_stock,0002029976
KFRC,"Kforce, Inc. Common Stock",NYSE,common_stock,0000930420
KFY,Korn Ferry Common Stock,NYSE,common_stock,0000056679
KG,"Kestrel Group, Ltd. - Common Stock",NASDAQ,common_stock,0002055116
KGC,Kinross Gold Corporation Common Stock,NYSE,common_stock,0000701818
KGEI,Kolibri Global Energy Inc. - Common stock,NASDAQ,common_stock,0001477081
KGS,"Kodiak Gas Services, Inc. Common Stock",NYSE,common_stock,0001767042
KHC,The Kraft Heinz Company - Common Stock,NASDAQ,common_stock,0001637459
KIDS,OrthoPediatrics Corp. - Common Stock,NASDAQ,common_stock,0001425450
KIDZ,KIDZ AI Inc. - Class B Common Stock,NASDAQ,common_stock,0002022308
KIM,Kimco Realty Corporation (HC) Common Stock,NYSE,common_stock,0000879101
KINS,"Kingstone Companies, Inc - Common Stock",NASDAQ,common_stock,0000033992
KIO,KKR Income Opportunities Fund Common Shares,NYSE,common_stock,0001515940
KITT,"Nauticus Robotics, Inc. - Common stock",NASDAQ,common_stock,0001849820
KKR,KKR & Co. Inc. Common Stock,NYSE,common_stock,0001404912
KLAC,KLA Corporation  - Common Stock,NASDAQ,common_stock,0000319201
KLAR,Klarna Group plc Ordinary Shares,NYSE,common_stock,0002003292
KLC,"KinderCare Learning Companies, Inc. Common Stock",NYSE,common_stock,0001873529
KLIC,"Kulicke and Soffa Industries, Inc. - Common Stock",NASDAQ,common_stock,0000056978
KLRA,"Kailera Therapeutics, Inc. - Common stock",NASDAQ,common_stock,0002096997
KLRS,"Kalaris Therapeutics, Inc.  - Common Stock",NASDAQ,common_stock,0001754068
KLTR,"Kaltura, Inc. - Common Stock",NASDAQ,common_stock,0001432133
KLXE,"KLX Energy Services Holdings, Inc.  - Common Stock",NASDAQ,common_stock,0001738827
KMB,Kimberly-Clark Corporation - Common Stock,NASDAQ,common_stock,0000055785
KMDA,Kamada Ltd. - Ordinary Shares,NASDAQ,common_stock,0001567529
KMI,"Kinder Morgan, Inc. Common Stock",NYSE,common_stock,0001506307
KMPR,Kemper Corporation,NYSE,common_stock,0000860748
KMRK,K-Tech Solutions Company Limited - Class A Ordinary Shares,NASDAQ,common_stock,0002049187
KMT,Kennametal Inc. Common Stock,NYSE,common_stock,0000055242
KMTS,"Kestra Medical Technologies, Ltd. - Common Stock",NASDAQ,common_stock,0001877184
KMX,CarMax Inc,NYSE,common_stock,0001170010
KN,Knowles Corporation Common Stock,NYSE,common_stock,0001587523
KNDI,"Kandi Technologies Group, Inc. - Ordinary Shares",NASDAQ,common_stock,0001720250
KNF,Knife Riv Holding Co. Common Stock,NYSE,common_stock,0001955520
KNRX,KNOREX LTD. Class A Ordinary Shares,NYSE American,common_stock,0001982960
KNSA,"Kiniksa Pharmaceuticals International, plc - Class A Ordinary Shares",NASDAQ,common_stock,0001730430
KNSL,"Kinsale Capital Group, Inc. Common Stock",NYSE,common_stock,0001669162
KNTK,Kinetik Holdings Inc. Class A Common Stock,NYSE,common_stock,0001692787
KNX,Knight-Swift Transportation Holdings Inc.,NYSE,common_stock,0001492691
KO,Coca-Cola Company (The) Common Stock,NYSE,common_stock,0000021344
KOD,Kodiak Sciences Inc - Common Stock,NASDAQ,common_stock,0001468748
KODK,Eastman Kodak Company Common New,NYSE,common_stock,0000031235
KOP,Koppers Holdings Inc. Common Stock,NYSE,common_stock,0001315257
KOPN,Kopin Corporation - Common Stock,NASDAQ,common_stock,0000771266
KOS,Kosmos Energy Ltd. Common Shares (DE),NYSE,common_stock,0001509991
KOSS,Koss Corporation - Common Stock,NASDAQ,common_stock,0000056701
KOYN,CSLM Digital Asset Acquisition Corp III - Class A Ordinary Shares,NASDAQ,common_stock,0002068454
KPET,KPET Ultra Paceline Corporation Class A Ordinary Shares,NYSE,common_stock,0002095297
KPLT,"Katapult Holdings, Inc. - Common Stock",NASDAQ,common_stock,0001785424
KPRX,"Kiora Pharmaceuticals, Inc.  - Common Stock",NASDAQ,common_stock,0001372514
KPTI,Karyopharm Therapeutics Inc. - Common Stock,NASDAQ,common_stock,0001503802
KR,Kroger Company (The) Common Stock,NYSE,common_stock,0000056873
KRAQ,KRAKacquisition Corp - Class A Ordinary Shares,NASDAQ,common_stock,0002082119
KRC,Kilroy Realty Corporation Common Stock,NYSE,common_stock,0001025996
KREF,KKR Real Estate Finance Trust Inc. Common Stock,NYSE,common_stock,0001631596
KRG,Kite Realty Group Trust Common Stock,NYSE,common_stock,0001286043
KRKR,36Kr Holdings Inc. - American Depositary Shares,NASDAQ,common_stock,0001779476
KRMD,"KORU Medical Systems, Inc. - Common Stock",NASDAQ,common_stock,0000704440
KRMN,Karman Holdings Inc. Common Stock,NYSE,common_stock,0002040127
KRNT,Kornit Digital Ltd. - Ordinary Shares,NASDAQ,common_stock,0001625791
KRNY,Kearny Financial - Common Stock,NASDAQ,common_stock,0001617242
KRO,Kronos Worldwide Inc Common Stock,NYSE,common_stock,0001257640
KROS,"Keros Therapeutics, Inc. - common stock",NASDAQ,common_stock,0001664710
KRRO,"Korro Bio, Inc. - Common Stock",NASDAQ,common_stock,0001703647
KRSP,Rice Acquisition Corporation 3 Class A Ordinary Shares,NYSE,common_stock,0002074872
KRT,Karat Packaging Inc. - Common Stock,NASDAQ,common_stock,0001758021
KRUS,"Kura Sushi USA, Inc. - Class A Common Stock",NASDAQ,common_stock,0001772177
KRYS,"Krystal Biotech, Inc. - Common Stock",NASDAQ,common_stock,0001711279
KSCP,"Knightscope, Inc. - Class A Common Stock",NASDAQ,common_stock,0001600983
KSPI,Joint Stock Company Kaspi.kz - American Depository Shares,NASDAQ,common_stock,0001985487
KSS,Kohl's Corporation Common Stock,NYSE,common_stock,0000885639
KT,KT Corporation Common Stock,NYSE,common_stock,0000892450
KTB,"Kontoor Brands, Inc. Common Stock",NYSE,common_stock,0001760965
KTCC,Key Tronic Corporation - Common Stock,NASDAQ,common_stock,0000719733
KTF,DWS Municipal Income Trust,NYSE,common_stock,0000839533
KTN,Structured Products Corp 8.205% CorTS 8.205% Corporate Backed Trust Securities (CorTS),NYSE,common_stock,0001283337
KTOS,"Kratos Defense & Security Solutions, Inc. - Common Stock",NASDAQ,common_stock,0001069258
KTTA,Pasithea Therapeutics Corp. - Common Stock,NASDAQ,common_stock,0001841330
KTWO,K2 Capital Acquisition Corporation - Class A Ordinary Share,NASDAQ,common_stock,0002086524
KULR,"KULR Technology Group, Inc. Common Stock",NYSE American,common_stock,0001662684
KURA,"Kura Oncology, Inc. - Common Stock",NASDAQ,common_stock,0001422143
KUST,"Kustom Entertainment, Inc. - Common Stock",NASDAQ,common_stock,0001342958
KVHI,"KVH Industries, Inc. - Common Stock",NASDAQ,common_stock,0001007587
KVUE,Kenvue Inc. Common Stock,NYSE,common_stock,0001944048
KVYO,"Klaviyo, Inc. Series A Common Stock",NYSE,common_stock,0001835830
KWM,"K Wave Media, Ltd. - Ordinary Shares",NASDAQ,common_stock,0002000756
KWR,Quaker Houghton Common Stock,NYSE,common_stock,0000081362
KWY,Kingsway Corporation Common Stock,NYSE,common_stock,0001072627
KXIN,Kaixin Holdings - Ordinary Shares,NASDAQ,common_stock,0001713539
KYIV,Kyivstar Group Ltd. - Common Shares,NASDAQ,common_stock,0002062440
KYMR,"Kymera Therapeutics, Inc. - Common Stock",NASDAQ,common_stock,0001815442
KYN,"Kayne Anderson Energy Infrastructure Fund, Inc.",NYSE,common_stock,0001293613
KYNB,"Kyntra Bio, Inc. - Common Stock",NASDAQ,common_stock,0000921299
KYTX,"Kyverna Therapeutics, Inc. - Common Stock",NASDAQ,common_stock,0001994702
KZIA,Kazia Therapeutics Limited - American Depositary Shares,NASDAQ,common_stock,0001075880
L,Loews Corporation Common Stock,NYSE,common_stock,0000060086
LAB,Standard BioTools Inc. - Common Stock,NASDAQ,common_stock,0001162194
LABT,Lakewood-Amedex Biotherapeutics Inc. - Common Stock,NASDAQ,common_stock,0002079272
LAC,Lithium Americas Corp. Common Shares,NYSE,common_stock,0001966983
LAD,"Lithia Motors, Inc. Common Stock",NYSE,common_stock,0001023128
LADR,Ladder Capital Corp Class A Common Stock,NYSE,common_stock,0001577670
LAES,SEALSQ Corp - Ordinary Shares,NASDAQ,common_stock,0001951222
LAFA,LaFayette Acquisition Corp. - Ordinary Share,NASDAQ,common_stock,0002079106
LAKE,"Lakeland Industries, Inc. - Common Stock",NASDAQ,common_stock,0000798081
LAMR,Lamar Advertising Company - Class A Common Stock,NASDAQ,common_stock,0001090425
LAND,Gladstone Land Corporation - Common Stock,NASDAQ,common_stock,0001495240
LANV,Lanvin Group Holdings Limited Ordinary Shares,NYSE,common_stock,0001922097
LAR,Lithium Argentina AG Common Shares,NYSE,common_stock,0001440972
LARK,Landmark Bancorp Inc. - Common Stock,NASDAQ,common_stock,0001141688
LASE,Laser Photonics Corporation - Common Stock,NASDAQ,common_stock,0001807887
LASR,"nLIGHT, Inc. - Common Stock",NASDAQ,common_stock,0001124796
LATA,Galata Acquisition Corp. II - Class A Ordinary Shares,NASDAQ,common_stock,0002076427
LAUR,"Laureate Education, Inc. - Common Stock",NASDAQ,common_stock,0000912766
LAW,"CS Disco, Inc. Common Stock",NYSE,common_stock,0001625641
LAWR,"Robot Consulting Co., Ltd. - ADS",NASDAQ,common_stock,0002007599
LAZ,"Lazard, Inc. Common Stock",NYSE,common_stock,0001311370
LB,LandBridge Company LLC Class A Shares Representing Limited Liability Company Interests,NYSE,common_stock,0001995807
LBGJ,Li Bang International Corporation Inc. - Class A Ordinary Shares,NASDAQ,common_stock,0001896425
LBRT,Liberty Energy Inc. Class A common stock,NYSE,common_stock,0001694028
LBRX,LB Pharmaceuticals Inc - Common Stock,NASDAQ,common_stock,0001691082
LBTYA,Liberty Global Ltd. - Class A Common Shares,NASDAQ,common_stock,0001570585
LBTYB,Liberty Global Ltd. - Class B Common Shares,NASDAQ,common_stock,0001570585
LBTYK,Liberty Global Ltd. - Class C Common Shares,NASDAQ,common_stock,0001570585
LCCC,Lakeshore Acquisition III Corp. - Ordinary Shares,NASDAQ,common_stock,0002049248
LCFY,Locafy Limited - Ordinary Share,NASDAQ,common_stock,0001875547
LCID,"Lucid Group, Inc. - Common Stock",NASDAQ,common_stock,0001811210
LCII,LCI Industries,NYSE,common_stock,0000763744
LCLN,"Lincoln International, Inc. Class A Common Stock",NYSE,common_stock,0001925283
LCNB,LCNB Corporation - Common Stock,NASDAQ,common_stock,0001074902
LCTX,"Lineage Cell Therapeutics, Inc. Common Stock",NYSE American,common_stock,0000876343
LCUT,"Lifetime Brands, Inc. - Common Stock",NASDAQ,common_stock,0000874396
LDI,"loanDepot, Inc. Class A Common Stock",NYSE,common_stock,0001831631
LDOS,"Leidos Holdings, Inc. Common Stock",NYSE,common_stock,0001336920
LE,"Lands' End, Inc. - Common Stock",NASDAQ,common_stock,0000799288
LEA,Lear Corporation Common Stock,NYSE,common_stock,0000842162
LECO,"Lincoln Electric Holdings, Inc. - Common Shares",NASDAQ,common_stock,0000059527
LEDS,SemiLEDS Corporation - Common Stock,NASDAQ,common_stock,0001333822
LEE,"Lee Enterprises, Incorporated - Common Stock",NASDAQ,common_stock,0000058361
LEG,"Leggett & Platt, Incorporated Common Stock",NYSE,common_stock,0000058492
LEGH,Legacy Housing Corporation - Common Stock,NASDAQ,common_stock,0001436208
LEGN,Legend Biotech Corporation - American Depositary Shares,NASDAQ,common_stock,0001801198
LEGO,Legato Merger Corp. IV Ordinary Shares,NYSE American,common_stock,0002087450
LEN,Lennar Corporation Class A Common Stock,NYSE,common_stock,0000920760
LEN.B,Lennar Corporation Class B,NYSE,common_stock,0000920760
LENZ,"LENZ Therapeutics, Inc. - Common Stock",NASDAQ,common_stock,0001815776
LEO,"BNY Mellon Strategic Municipals, Inc. Common Stock",NYSE,common_stock,0000818972
LESL,"Leslie's, Inc. - Common Stock",NASDAQ,common_stock,0001821806
LEU,Centrus Energy Corp. Class A Common Stock,NYSE,common_stock,0001065059
LEVI,Levi Strauss & Co Class A Common Stock,NYSE,common_stock,0000094845
LEXX,Lexaria Bioscience Corp. - Common Stock,NASDAQ,common_stock,0001348362
LFAC,Leapfrog Acquisition Corporation - Class A Ordinary Shares,NASDAQ,common_stock,0002084563
LFCR,"Lifecore Biomedical, Inc. - Common Stock",NASDAQ,common_stock,0001005286
LFMD,"LifeMD, Inc. - Common Stock",NASDAQ,common_stock,0000948320
LFS,"LEIFRAS Co., Ltd. - American Depositary Shares",NASDAQ,common_stock,0002030277
LFST,"LifeStance Health Group, Inc. - Common Stock",NASDAQ,common_stock,0001845257
LFT,"Lument Finance Trust, Inc. Common Stock",NYSE,common_stock,0001547546
LFTO,"Liftoff Mobile, Inc. - Common Stock",NASDAQ,common_stock,0001850351
LFUS,"Littelfuse, Inc. - Common Stock",NASDAQ,common_stock,0000889331
LFVN,Lifevantage Corporation - Common Stock,NASDAQ,common_stock,0000849146
LFWD,Lifeward Ltd. - Ordinary Shares,NASDAQ,common_stock,0001607962
LGCL,Lucas GC Limited - Class A Ordinary Shares,NASDAQ,common_stock,0001954694
LGCY,Legacy Education Inc. Common Stock,NYSE American,common_stock,0001836754
LGHL,Lion Group Holding Ltd. - American Depositary Share,NASDAQ,common_stock,0001806524
LGI,Lazard Global Total Return and Income Fund Common Stock,NYSE,common_stock,0001278211
LGIH,"LGI Homes, Inc. - Common Stock",NASDAQ,common_stock,0001580670
LGL,"LGL Group, Inc. (The) Common Stock",NYSE American,common_stock,0000061004
LGN,Legence Corp. - Class A Common stock,NASDAQ,common_stock,0002052568
LGND,Ligand Pharmaceuticals Incorporated - Common Stock,NASDAQ,common_stock,0000886163
LGO,Largo Inc. - Common Shares,NASDAQ,common_stock,0001400438
LGPS,LogProstyle Inc. Common Shares,NYSE American,common_stock,0002040290
LGVN,Longeveron Inc. - Class A Common stock,NASDAQ,common_stock,0001721484
LH,Labcorp Holdings Inc. Common Stock,NYSE,common_stock,0000920148
LHAI,Linkhome Holdings Inc. - Common stock,NASDAQ,common_stock,0002017758
LHSW,Lianhe Sowell International Group Ltd - Class A Ordinary Shares,NASDAQ,common_stock,0002004024
LHX,"L3Harris Technologies, Inc. Common Stock",NYSE,common_stock,0000202058
LI,Li Auto Inc. - American Depositary Shares,NASDAQ,common_stock,0001791706
LICN,Lichen International Limited - Class A Ordinary Shares,NASDAQ,common_stock,0001876766
LIDR,"AEye, Inc. - Class A Common Stock",NASDAQ,common_stock,0001818644
LIEN,"Chicago Atlantic BDC, Inc. - Common Stock",NASDAQ,common_stock,0001843162
LIF,"Life360, Inc. - Common Stock",NASDAQ,common_stock,0001581760
LIFE,Ethos Technologies Inc. - Class A Common Stock,NASDAQ,common_stock,0001788451
LII,"Lennox International, Inc. Common Stock",NYSE,common_stock,0001069202
LILA,Liberty Latin America Ltd. - Class A Common Stock,NASDAQ,common_stock,0001712184
LILAK,Liberty Latin America Ltd. - Class C Common Stock,NASDAQ,common_stock,0001712184
LILAP,Liberty Latin America Ltd. - 9.0% Fixed Rate Cumulative Perpetual Redeemable Series A Preference Shares,NASDAQ,common_stock,0001712184
LIME,"Neutron Holdings, Inc. - Common Stock",NASDAQ,common_stock,0001699963
LIMN,"Liminatus Pharma, Inc. - Class A Common Stock",NASDAQ,common_stock,0001971387
LIN,Linde plc - Ordinary Shares,NASDAQ,common_stock,0001707925
LINC,Lincoln Educational Services Corporation - Common Stock,NASDAQ,common_stock,0001286613
LIND,Lindblad Expeditions Holdings Inc.  - Common Stock,NASDAQ,common_stock,0001512499
LINE,"Lineage, Inc. - Common Stock",NASDAQ,common_stock,0001868159
LINK,"Interlink Electronics, Inc. - Common Stock",NASDAQ,common_stock,0000828146
LION,Lionsgate Studios Corp Common Shares,NYSE,common_stock,0002052959
LIQT,"LiqTech International, Inc. - Common Stock",NASDAQ,common_stock,0001307579
LITB,"LightInTheBox Holding Co., Ltd. American Depositary Shares, each representing twelve ordinary shares",NYSE,common_stock,0001523836
LITE,Lumentum Holdings Inc. - Common Stock,NASDAQ,common_stock,0001633978
LITS,"Lite Strategy, Inc. - Common Stock",NASDAQ,common_stock,0001262104
LIVE,Live Ventures Incorporated - Common Stock,NASDAQ,common_stock,0001045742
LIVN,LivaNova PLC - Ordinary Shares,NASDAQ,common_stock,0001639691
LKFN,Lakeland Financial Corporation - Common Stock,NASDAQ,common_stock,0000721994
LKFT,Lakefront Biotherapeutics - American Depositary Shares,NASDAQ,common_stock,0001421876
LKQ,LKQ Corporation - Common Stock,NASDAQ,common_stock,0001065696
LKSP,Lake Superior Acquisition Corp. - Class A Ordinary Shares,NASDAQ,common_stock,0002043508
LLY,Eli Lilly and Company Common Stock,NYSE,common_stock,0000059478
LLYVA,"Liberty Live Holdings, Inc. - Series A Liberty Live Group Common Stock",NASDAQ,common_stock,0002078416
LLYVK,"Liberty Live Holdings, Inc. - Series C Liberty Live Group Common Stock",NASDAQ,common_stock,0002078416
LMAT,"LeMaitre Vascular, Inc. - Common Stock",NASDAQ,common_stock,0001158895
LMB,"Limbach Holdings, Inc. - Common Stock",NASDAQ,common_stock,0001606163
LMND,"Lemonade, Inc. Common Stock",NYSE,common_stock,0001691421
LMNR,Limoneira Co - Common Stock,NASDAQ,common_stock,0001342423
LMRI,"Lumexa Imaging Holdings, Inc. - Common Stock",NASDAQ,common_stock,0002071288
LMT,Lockheed Martin Corporation Common Stock,NYSE,common_stock,0000936468
LNAI,Lunai Bioworks Inc. - Common Stock,NASDAQ,common_stock,0001527728
LNC,Lincoln National Corporation Common Stock,NYSE,common_stock,0000059558
LND,Brasilagro Brazilian Agric Real Estate Co Sponsored ADR (Brazil),NYSE,common_stock,0001499849
LNG,"Cheniere Energy, Inc. Common Stock",NYSE,common_stock,0000003570
LNKS,Linkers Industries Limited - Class A Ordinary Shares,NASDAQ,common_stock,0001972074
LNN,Lindsay Corporation Common Stock,NYSE,common_stock,0000836157
LNSR,"LENSAR, Inc. - Common Stock",NASDAQ,common_stock,0001320350
LNT,Alliant Energy Corporation - Common Stock,NASDAQ,common_stock,0000352541
LNTH,"Lantheus Holdings, Inc. - Common Stock",NASDAQ,common_stock,0001521036
LNZA,"LanzaTech Global, Inc. - Common Stock",NASDAQ,common_stock,0001843724
LOAN,"Manhattan Bridge Capital, Inc - Common Stock",NASDAQ,common_stock,0001080340
LOAR,Loar Holdings Inc. Common Stock,NYSE,common_stock,0002000178
LOB,"Live Oak Bancshares, Inc. Common Stock",NYSE,common_stock,0001462120
LOBO,LOBO TECHNOLOGIES LTD. - Class A Ordinary Shares,NASDAQ,common_stock,0001932072
LOCL,Local Bounti Corporation Common Stock,NYSE,common_stock,0001840780
LOCO,"El Pollo Loco Holdings, Inc. - Common Stock",NASDAQ,common_stock,0001606366
LODE,Comstock Inc. Common Stock,NYSE American,common_stock,0001120970
LOGI,Logitech International S.A. - Registered Shares,NASDAQ,common_stock,0001032975
LOMA,Loma Negra Compania Industrial Argentina Sociedad Anonima ADS,NYSE,common_stock,0001711375
LONA,"LeonaBio, Inc. - Common Stock",NASDAQ,common_stock,0001620463
LOOP,"Loop Industries, Inc. - Common Stock",NASDAQ,common_stock,0001504678
LOPE,"Grand Canyon Education, Inc. - Common Stock",NASDAQ,common_stock,0001434588
LOT,Lotus Technology Inc. - American Depositary Shares,NASDAQ,common_stock,0001962746
LOVE,The Lovesac Company - Common Stock,NASDAQ,common_stock,0001701758
LOW,"Lowe's Companies, Inc. Common Stock",NYSE,common_stock,0000060667
LPA,Logistic Properties of the Americas Ordinary Shares,NYSE American,common_stock,0001997711
LPAA,Launch One Acquisition Corp. - Class A Ordinary Shares,NASDAQ,common_stock,0002015502
LPBB,Launch Two Acquisition Corp. - Class A Ordinary Shares,NASDAQ,common_stock,0002023676
LPCN,Lipocine Inc. - Common Stock,NASDAQ,common_stock,0001535955
LPCV,Launchpad Cadenza Acquisition Corp I - Class A Ordinary Share,NASDAQ,common_stock,0002083728
LPG,Dorian LPG Ltd. Common Stock,NYSE,common_stock,0001596993
LPL,"LG Display Co, Ltd AMERICAN DEPOSITORY SHARES",NYSE,common_stock,0001290109
LPLA,LPL Financial Holdings Inc. - Common Stock,NASDAQ,common_stock,0001397911
LPSN,"LivePerson, Inc. - Common Stock",NASDAQ,common_stock,0001102993
LPTH,"LightPath Technologies, Inc. - Class A Common Stock",NASDAQ,common_stock,0000889971
LPX,Louisiana-Pacific Corporation Common Stock,NYSE,common_stock,0000060519
LQDA,Liquidia Corporation - Common Stock,NASDAQ,common_stock,0001819576
LQDT,"Liquidity Services, Inc. - Common Stock",NASDAQ,common_stock,0001235468
LRCX,Lam Research Corporation - Common Stock,NASDAQ,common_stock,0000707549
LRE,"Lead Real Estate Co., Ltd - American Depositary Shares",NASDAQ,common_stock,0001888980
LRHC,La Rosa Holdings Corp. - Common Stock,NASDAQ,common_stock,0001879403
LRMR,"Larimar Therapeutics, Inc. - Common Stock",NASDAQ,common_stock,0001374690
LRN,"Stride, Inc. Common Stock",NYSE,common_stock,0001157408
LSAK,"Lesaka Technologies, Inc. - Common Stock",NASDAQ,common_stock,0001041514
LSBK,"Lake Shore Bancorp, Inc. - Common Stock",NASDAQ,common_stock,0002059653
LSCC,Lattice Semiconductor Corporation - Common Stock,NASDAQ,common_stock,0000855658
LSE,"Leishen Energy Holding Co., Ltd. - Class A Ordinary Shares",NASDAQ,common_stock,0001985139
LSF,"Laird Superfood, Inc. Common Stock",NYSE American,common_stock,0001650696
LSPD,Lightspeed Commerce Inc. Subordinate Voting Shares,NYSE,common_stock,0001823306
LSTA,"Lisata Therapeutics, Inc. - Common Stock",NASDAQ,common_stock,0000320017
LSTR,"Landstar System, Inc. - Common Stock",NASDAQ,common_stock,0000853816
LTBR,Lightbridge Corporation - Common Stock,NASDAQ,common_stock,0001084554
LTC,"LTC Properties, Inc. Common Stock",NYSE,common_stock,0000887905
LTGO,"Latigo Biotherapeutics, Inc. - Common Stock",NASDAQ,common_stock,0002056611
LTGR,Long Table Growth Corp. - Class A Ordinary Shares,NASDAQ,common_stock,0002104177
LTH,"Life Time Group Holdings, Inc. Common Stock",NYSE,common_stock,0001869198
LTM,"LATAM Airlines Group S.A. American Depositary Shares (each representing two thousand (2,000) shares of Common Stock)",NYSE,common_stock,0001047716
LTRN,Lantern Pharma Inc. - Common Stock,NASDAQ,common_stock,0001763950
LTRX,"Lantronix, Inc. - Common Stock",NASDAQ,common_stock,0001114925
LU,"Lufax Holding Ltd American Depositary Shares, each representing two (2) Ordinary Shares",NYSE,common_stock,0001816007
LUCD,Lucid Diagnostics Inc. - Common Stock,NASDAQ,common_stock,0001799011
LUCK,Lucky Strike Entertainment Corporation Class A Common Stock,NYSE,common_stock,0001840572
LUCY,"Innovative Eyewear, Inc. - Common Stock",NASDAQ,common_stock,0001808377
LUD,Luda Technology Group Limited Ordinary Shares,NYSE American,common_stock,0001984124
LULU,lululemon athletica inc. - Common Stock,NASDAQ,common_stock,0001397187
LUMN,"Lumen Technologies, Inc. Common Stock",NYSE,common_stock,0000018926
LUNG,Pulmonx Corporation - Common Stock,NASDAQ,common_stock,0001127537
LUNR,"Intuitive Machines, Inc. - Class A Common Stock",NASDAQ,common_stock,0001844452
LUV,Southwest Airlines Company Common Stock,NYSE,common_stock,0000092380
LUXE,"LuxExperience B.V. American Depositary Shares, each representing one Ordinary Share",NYSE,common_stock,0001831907
LVLU,"Lulu's Fashion Lounge Holdings, Inc. - Common Stock",NASDAQ,common_stock,0001780201
LVO,"LiveOne, Inc. - Common Stock",NASDAQ,common_stock,0001491419
LVS,Las Vegas Sands Corp. Common Stock,NYSE,common_stock,0001300514
LVWR,"LiveWire Group, Inc. Common Stock",NYSE,common_stock,0001898795
LW,"Lamb Weston Holdings, Inc. Common Stock",NYSE,common_stock,0001679273
LWAC,LightWave Acquisition Corp. - Class A Ordinary Shares,NASDAQ,common_stock,0002061379
LWAY,"Lifeway Foods, Inc. - Common Stock",NASDAQ,common_stock,0000814586
LWLG,"Lightwave Logic, Inc. - Common Stock",NASDAQ,common_stock,0001325964
LX,LexinFintech Holdings Ltd. - American Depositary Shares,NASDAQ,common_stock,0001708259
LXEH,"Lixiang Education Holding Co., Ltd. - American Depositary Shares",NASDAQ,common_stock,0001814067
LXEO,"Lexeo Therapeutics, Inc. - Common Stock",NASDAQ,common_stock,0001907108
LXFR,Luxfer Holdings PLC Ordinary Shares,NYSE,common_stock,0001096056
LXP,LXP Industrial Trust Common Stock (Maryland REIT),NYSE,common_stock,0000910108
LXRX,"Lexicon Pharmaceuticals, Inc. - Common Stock",NASDAQ,common_stock,0001062822
LXU,"LSB Industries, Inc. Common Stock",NYSE,common_stock,0000060714
LYB,LyondellBasell Industries NV Ordinary Shares Class A (Netherlands),NYSE,common_stock,0001489393
LYEL,"Lyell Immunopharma, Inc. - Common Stock",NASDAQ,common_stock,0001806952
LYFT,"Lyft, Inc. - Class A Common Stock",NASDAQ,common_stock,0001759509
LYG,Lloyds Banking Group Plc American Depositary Shares,NYSE,common_stock,0001160106
LYNX,Lyntris Inc. Common Stock,NYSE,common_stock,0002132582
LYTS,LSI Industries Inc. - Common Stock,NASDAQ,common_stock,0000763532
LYV,"Live Nation Entertainment, Inc. Common Stock",NYSE,common_stock,0001335258
LZ,"LegalZoom.com, Inc. - Common Stock",NASDAQ,common_stock,0001286139
LZB,La-Z-Boy Incorporated Common Stock,NYSE,common_stock,0000057131
LZM,Lifezone Metals Limited Ordinary Shares,NYSE,common_stock,0001958217
LZMH,LZ Technology Holdings Limited - Class B Ordinary Shares,NASDAQ,common_stock,0001967397
M,Macy's Inc Common Stock,NYSE,common_stock,0000794367
MA,Mastercard Incorporated Common Stock,NYSE,common_stock,0001141391
MAA,"Mid-America Apartment Communities, Inc. Common Stock",NYSE,common_stock,0000912595
MAAS,Maase Inc. - Class A Ordinary Shares,NASDAQ,common_stock,0001750264
MAC,Macerich Company (The) Common Stock,NYSE,common_stock,0000912242
MACI,Melar Acquisition Corp. I - Class A Ordinary Shares,NASDAQ,common_stock,0002016221
MAGH,Magnitude International Ltd - Ordinary Shares,NASDAQ,common_stock,0002046117
MAGN,Magnera Corporation Common Stock,NYSE,common_stock,0000041719
MAIA,"MAIA Biotechnology, Inc. Common Stock",NYSE American,common_stock,0001878313
MAIN,Main Street Capital Corporation Common Stock,NYSE,common_stock,0001396440
MAIR,Madison Air Solutions Corporation Class A Common Stock,NYSE,common_stock,0002098430
MAKO,Mako Mining Corp - Common Stock,NASDAQ,common_stock,0001784930
MAMA,"Mama's Creations, Inc. - Common Stock",NASDAQ,common_stock,0001520358
MAMK,MaxsMaking Inc. - Class A Ordinary Shares,NASDAQ,common_stock,0002008007
MAMO,Massimo Group - Common Stock,NASDAQ,common_stock,0001952853
MAN,ManpowerGroup Common Stock,NYSE,common_stock,0000871763
MANE,"Veradermics, Incorporated Common Stock",NYSE,common_stock,0001827635
MANH,"Manhattan Associates, Inc. - Common Stock",NASDAQ,common_stock,0001056696
MAR,Marriott International - Class A Common Stock,NASDAQ,common_stock,0001048286
MARA,"MARA Holdings, Inc. - Common Stock",NASDAQ,common_stock,0001507605
MAS,Masco Corporation Common Stock,NYSE,common_stock,0000062996
MASK,3 E Network Technology Group Ltd - Class A Ordinary Shares,NASDAQ,common_stock,0001993097
MASS,908 Devices Inc. - Common Stock,NASDAQ,common_stock,0001555279
MAT,"Mattel, Inc. - Common Stock",NASDAQ,common_stock,0000063276
MATH,Metalpha Technology Holding Limited - Ordinary Shares,NASDAQ,common_stock,0001682241
MATV,"Mativ Holdings, Inc. Common Stock",NYSE,common_stock,0001000623
MATW,Matthews International Corporation - Class A Common Stock,NASDAQ,common_stock,0000063296
MATX,"Matson, Inc. Common Stock",NYSE,common_stock,0000003453
MAX,"MediaAlpha, Inc. Class A Common Stock",NYSE,common_stock,0001818383
MAYS,"J. W. Mays, Inc. - Common Stock",NASDAQ,common_stock,0000054187
MAZE,"Maze Therapeutics, Inc. - Common Stock",NASDAQ,common_stock,0001842295
MB,MasterBeef Group - Ordinary Shares,NASDAQ,common_stock,0002027265
MBAI,Check-Cap Ltd. - Ordinary Share,NASDAQ,common_stock,0001610590
MBBC,"Marathon Bancorp, Inc. - Common Stock",NASDAQ,common_stock,0001835385
MBC,"MasterBrand, Inc. Common Stock",NYSE,common_stock,0001941365
MBGL,Mobility Global Inc. Common Stock,NYSE,common_stock,0002090312
MBI,MBIA Inc. Common Stock,NYSE,common_stock,0000814585
MBIN,Merchants Bancorp - Common Stock,NASDAQ,common_stock,0001629019
MBIO,"Mustang Bio, Inc. - Common Stock",NASDAQ,common_stock,0001680048
MBLY,Mobileye Global Inc. - Class A Common Stock,NASDAQ,common_stock,0001910139
MBOT,Microbot Medical Inc.  - Common Stock,NASDAQ,common_stock,0000883975
MBRX,"Moleculin Biotech, Inc. - Common Stock",NASDAQ,common_stock,0001659617
MBUU,"Malibu Boats, Inc. - Common Stock",NASDAQ,common_stock,0001590976
MBVI,M3-Brigade Acquisition VI Corp. - Class A Ordinary Shares,NASDAQ,common_stock,0002073928
MBWM,Mercantile Bank Corporation - Common Stock,NASDAQ,common_stock,0001042729
MBX,"MBX Biosciences, Inc. - Common Stock",NASDAQ,common_stock,0001776111
MC,Moelis & Company Class A Common Stock,NYSE,common_stock,0001596967
MCAH,Mountain Crest Acquisition 6 Corp. - Ordinary Shares,NASDAQ,common_stock,0002109876
MCB,Metropolitan Bank Holding Corp. Common Stock,NYSE,common_stock,0001476034
MCBS,"MetroCity Bankshares, Inc. - Common Stock",NASDAQ,common_stock,0001747068
MCD,McDonald's Corporation Common Stock,NYSE,common_stock,0000063908
MCFT,"MasterCraft Boat Holdings, Inc. - Common Stock",NASDAQ,common_stock,0001638290
MCGA,Yorkville Acquisition Corp. - Class A Ordinary Share,NASDAQ,common_stock,0002064658
MCHB,Mechanics Bancorp - Class A Common Stock,NASDAQ,common_stock,0001518715
MCHP,Microchip Technology Incorporated - Common Stock,NASDAQ,common_stock,0000827054
MCHX,"Marchex, Inc. - Class B Common Stock",NASDAQ,common_stock,0001224133
MCI,Barings Corporate Investors Common Stock,NYSE,common_stock,0000275694
MCK,McKesson Corporation Common Stock,NYSE,common_stock,0000927653
MCN,XAI Madison Equity Premium Income Fund Common Shares,NYSE,common_stock,0001289868
MCO,Moody's Corporation Common Stock,NYSE,common_stock,0001059556
MCRB,"Seres Therapeutics, Inc. - Common Stock",NASDAQ,common_stock,0001609809
MCRI,"Monarch Casino & Resort, Inc. - Common Stock",NASDAQ,common_stock,0000907242
MCRP,Micropolis AI Robotics Ordinary Shares,NYSE American,common_stock,0001993431
MCS,Marcus Corporation (The) Common Stock,NYSE,common_stock,0000062234
MCTA,Charming Medical Limited - Class A Ordinary Shares,NASDAQ,common_stock,0002035992
MCY,Mercury General Corporation Common Stock,NYSE,common_stock,0000064996
MD,"Pediatrix Medical Group, Inc. Common Stock",NYSE,common_stock,0000893949
MDA,MDA Space Ltd. Common Shares,NYSE,common_stock,0001857047
MDAI,"Spectral AI, Inc. - Class A Common Stock",NASDAQ,common_stock,0001833498
MDB,"MongoDB, Inc. - Class A Common Stock",NASDAQ,common_stock,0001441816
MDBH,"MDB Capital Holdings, LLC - Class A common",NASDAQ,common_stock,0001934642
MDCX,Medicus Pharma Ltd. - Common Stock,NASDAQ,common_stock,0001997296
MDGL,"Madrigal Pharmaceuticals, Inc. - Common Stock",NASDAQ,common_stock,0001157601
MDIA,Mediaco Holding Inc. - Class A Common Stock,NASDAQ,common_stock,0001784254
MDLN,Medline Inc. - Class A common stock,NASDAQ,common_stock,0002046386
MDLZ,"Mondelez International, Inc. - Class A Common Stock",NASDAQ,common_stock,0001103982
MDRR,"Medalist Diversified, Inc. - Common Stock",NASDAQ,common_stock,0001654595
MDT,Medtronic plc. Ordinary Shares,NYSE,common_stock,0001613103
MDU,"MDU Resources Group, Inc. Common Stock (Holding Company)",NYSE,common_stock,0000067716
MDWD,MediWound Ltd. - Ordinary Shares,NASDAQ,common_stock,0001593984
MDXG,"MiMedx Group, Inc - Common Stock",NASDAQ,common_stock,0001376339
MDXH,MDxHealth SA - Ordinary Shares,NASDAQ,common_stock,0001872529
MEC,"Mayville Engineering Company, Inc. Common Stock",NYSE,common_stock,0001766368
MED,MEDIFAST INC Common Stock,NYSE,common_stock,0000910329
MEDP,"Medpace Holdings, Inc. - Common Stock",NASDAQ,common_stock,0001668397
MEDS,"DataMeds AI, Inc. - Common Stock",NASDAQ,common_stock,0002030763
MEGI,NYLI CBRE Global Infrastructure Megatrends Term Fund Common Shares,NYSE,common_stock,0001855066
MEGL,Magic Empire Global Limited - Class A Ordinary Shares,NASDAQ,common_stock,0001881472
MEI,"Methode Electronics, Inc. Common Stock",NYSE,common_stock,0000065270
MELI,"MercadoLibre, Inc. - Common Stock",NASDAQ,common_stock,0001099590
MENS,Jyong Biotech Ltd. - Ordinary shares,NASDAQ,common_stock,0001954488
MEOH,Methanex Corporation - Common Stock,NASDAQ,common_stock,0000886977
MERC,Mercer International Inc. - Common Stock,NASDAQ,common_stock,0001333274
MESH,Meshflow Acquisition Corp. - Class A Ordinary Shares,NASDAQ,common_stock,0002081468
MESO,Mesoblast Limited - American Depositary Shares,NASDAQ,common_stock,0001345099
MET,"MetLife, Inc. Common Stock",NYSE,common_stock,0001099219
META,"Meta Platforms, Inc. - Class A Common Stock",NASDAQ,common_stock,0001326801
METC,"Ramaco Resources, Inc. - Class A Common Stock",NASDAQ,common_stock,0001687187
METCB,"Ramaco Resources, Inc. - Class B Common Stock",NASDAQ,common_stock,0001687187
MEVO,M Evo Global Acquisition Corp II - Class A Ordinary Shares,NASDAQ,common_stock,0002087361
MF,MindForge Inc. - Class A Ordinary Shares,NASDAQ,common_stock,0001888525
MFA,"MFA Financial, Inc.",NYSE,common_stock,0001055160
MFC,Manulife Financial Corporation Common Stock,NYSE,common_stock,0001086888
MFG,"Mizuho Financial Group, Inc. Sponosred ADR (Japan)",NYSE,common_stock,0001335730
MFI,mF International Limited - Class A Ordinary Shares,NASDAQ,common_stock,0001940941
MFIC,MidCap Financial Investment Corporation - Closed End Fund,NASDAQ,common_stock,0001278752
MFIN,Medallion Financial Corp. - Common Stock,NASDAQ,common_stock,0001000209
MFM,Aberdeen Municipal Income Fund Common Shares of Beneficial Interest,NYSE,common_stock,0000801961
MFP,"Midera Food Processing, Inc. - Common Stock",NASDAQ,common_stock,0002088281
MG,Mistras Group Inc Common Stock,NYSE,common_stock,0001436126
MGA,"Magna International, Inc. Common Stock",NYSE,common_stock,0000749098
MGEE,MGE Energy Inc. - Common Stock,NASDAQ,common_stock,0001161728
MGF,Aberdeen Government Markets Income Fund Common Shares of Beneficial Interest,NYSE,common_stock,0000811922
MGIH,Millennium Group International Holdings Limited - Ordinary Shares,NASDAQ,common_stock,0001903995
MGLD,"The Marygold Companies, Inc. Common Stock",NYSE American,common_stock,0001005101
MGM,MGM Resorts International Common Stock,NYSE,common_stock,0000789570
MGN,Megan Holdings Limited - Class A Ordinary Shares,NASDAQ,common_stock,0001995075
MGNI,"Magnite, Inc. - Common Stock",NASDAQ,common_stock,0001595974
MGNX,"MacroGenics, Inc. - Common Stock",NASDAQ,common_stock,0001125345
MGPI,"MGP Ingredients, Inc. - Common Stock",NASDAQ,common_stock,0000835011
MGRC,McGrath RentCorp - Common Stock,NASDAQ,common_stock,0000752714
MGRT,Mega Fortune Company Limited - Ordinary Shares,NASDAQ,common_stock,0002033377
MGRX,"Mangoceuticals, Inc. - Common Stock",NASDAQ,common_stock,0001938046
MGTX,MeiraGTx Holdings plc - Ordinary Shares,NASDAQ,common_stock,0001735438
MGX,"Metagenomi Therapeutics, Inc. - Common Stock",NASDAQ,common_stock,0001785279
MGY,Magnolia Oil & Gas Corporation Class A Common Stock,NYSE,common_stock,0001698990
MGYR,"Magyar Bancorp, Inc. - Common Stock",NASDAQ,common_stock,0001337068
MH,"McGraw Hill, Inc. Common Stock",NYSE,common_stock,0001951070
MHD,"Blackrock MuniHoldings Fund, Inc. Common Stock",NYSE,common_stock,0001034665
MHF,"Western Asset Municipal High Income Fund, Inc. Common Stock",NYSE,common_stock,0000830487
MHH,"Mastech Digital, Inc Common Stock",NYSE American,common_stock,0001437226
MHK,"Mohawk Industries, Inc. Common Stock",NYSE,common_stock,0000851968
MHO,"M/I Homes, Inc. Common Stock",NYSE,common_stock,0000799292
MI,NFT Limited Class A Ordinary Share,NYSE American,common_stock,0001958713
MIAX,"Miami International Holdings, Inc. Common Stock",NYSE,common_stock,0001438472
MICC,The Magnum Ice Cream Company N.V. Ordinary Shares,NYSE,common_stock,0002071668
MIDD,The Middleby Corporation - Common Stock,NASDAQ,common_stock,0000769520
MIMI,Mint Incorporation Limited - Class A Ordinary Shares,NASDAQ,common_stock,0001998560
MIN,Aberdeen Intermediate Income Fund Common Shares of Beneficial Interest,NYSE,common_stock,0000826735
MIND,"MIND Technology, Inc. - Common Stock",NASDAQ,common_stock,0000926423
MINE,Mayfair Gold Corp. Common Shares,NYSE American,common_stock,0001823255
MIR,"Mirion Technologies, Inc. Class A Common Stock",NYSE,common_stock,0001809987
MIRA,"MIRA Pharmaceuticals, Inc. - Common Stock",NASDAQ,common_stock,0001904286
MIRM,"Mirum Pharmaceuticals, Inc. - common stock",NASDAQ,common_stock,0001759425
MIST,Milestone Pharmaceuticals Inc. - Common Shares,NASDAQ,common_stock,0001408443
MITK,"Mitek Systems, Inc. - Common Stock",NASDAQ,common_stock,0000807863
MITQ,"Moving iMage Technologies, Inc. Common Stock",NYSE American,common_stock,0001770236
MITT,"TPG Mortgage Investment Trust, Inc. Common Stock",NYSE,common_stock,0001514281
MIY,"Blackrock MuniYield Michigan Quality Fund, Inc. Common Stock",NYSE,common_stock,0000890393
MKC,"McCormick & Company, Incorporated Common Stock",NYSE,common_stock,0000063754
MKC.V,"McCormick & Company, Incorporated Common Stock",NYSE,common_stock,0000063754
MKDW,MKDWELL Tech Inc. - Ordinary Shares,NASDAQ,common_stock,0001991332
MKL,Markel Group Inc. Common Stock,NYSE,common_stock,0001096343
MKLY,McKinley Acquisition Corporation - Class A Ordinary Shares,NASDAQ,common_stock,0002067592
MKSI,MKS Inc. - Common Stock,NASDAQ,common_stock,0001049502
MKTW,"MarketWise, Inc. - Class A Common Stock",NASDAQ,common_stock,0001805651
MKTX,"MarketAxess Holdings, Inc. - Common Stock",NASDAQ,common_stock,0001278021
MKZR,"MacKenzie Realty Capital, Inc. - Common Stock",NASDAQ,common_stock,0001550913
MLAA,Mountain Lake Acquisition Corp. II - Class A Ordinary Shares,NASDAQ,common_stock,0002094265
MLAB,"Mesa Laboratories, Inc. - Common Stock",NASDAQ,common_stock,0000724004
MLCI,Mount Logan Capital Inc. - Common Stock,NASDAQ,common_stock,0002051820
MLCO,Melco Resorts & Entertainment Limited - American Depositary Shares,NASDAQ,common_stock,0001381640
MLEC,Moolec Science SA - Ordinary Shares,NASDAQ,common_stock,0001937737
MLGO,"MicroAlgo, Inc. - Ordinary Shares",NASDAQ,common_stock,0001800392
MLI,"Mueller Industries, Inc. Common Stock",NYSE,common_stock,0000089439
MLKN,"MillerKnoll, Inc. - Common Stock",NASDAQ,common_stock,0000066382
MLM,"Martin Marietta Materials, Inc. Common Stock",NYSE,common_stock,0000916076
MLP,"Maui Land & Pineapple Company, Inc. Common Stock",NYSE,common_stock,0000063330
MLPB,"ETRACS Alerian MLP Infrastructure Index ETN Series B due April 2, 2040",NYSE Arca,common_stock,0001114446
MLR,"Miller Industries, Inc. Common Stock",NYSE,common_stock,0000924822
MLSS,"Milestone Scientific, Inc. Common Stock",NYSE American,common_stock,0000855683
MLTX,MoonLake Immunotherapeutics - Class A Ordinary Shares,NASDAQ,common_stock,0001821586
MLYS,"Mineralys Therapeutics, Inc. - Common Stock",NASDAQ,common_stock,0001933414
MMA,Mixed Martial Arts Group Limited Ordinary Shares,NYSE American,common_stock,0001981519
MMD,NYLI MacKay DefinedTerm Muni Opportunities Fund Common Shares,NYSE,common_stock,0001518557
MMED,"MiniMed Group, Inc. - Common Stock",NASDAQ,common_stock,0002062583
MMI,"Marcus & Millichap, Inc. Common Stock",NYSE,common_stock,0001578732
MMM,3M Company Common Stock,NYSE,common_stock,0000066740
MMS,"Maximus, Inc. Common Stock",NYSE,common_stock,0001032220
MMSI,"Merit Medical Systems, Inc. - Common Stock",NASDAQ,common_stock,0000856982
MMT,Aberdeen Multi-Market Income Fund Common Shares of Beneficial Interest,NYSE,common_stock,0000809173
MMTX,Miluna Acquisition Corp - Class A Ordinary Shares,NASDAQ,common_stock,0002077033
MMU,"Western Asset Managed Municipals Fund, Inc. Common Stock",NYSE,common_stock,0000886043
MMYT,MakeMyTrip Limited - Ordinary Shares,NASDAQ,common_stock,0001495153
MNDO,MIND C.T.I. Ltd. - Ordinary Shares,NASDAQ,common_stock,0001119083
MNDR,Mobile-health Network Solutions - Class A Ordinary Shares,NASDAQ,common_stock,0001976695
MNDY,monday.com Ltd. - Ordinary Shares,NASDAQ,common_stock,0001845338
MNKD,MannKind Corporation - Common Stock,NASDAQ,common_stock,0000899460
MNOV,"MediciNova, Inc. - Common Stock",NASDAQ,common_stock,0001226616
MNPR,Monopar Therapeutics Inc. - Common Stock,NASDAQ,common_stock,0001645469
MNRO,"Monro, Inc.  - Common Stock",NASDAQ,common_stock,0000876427
MNSB,"MainStreet Bancshares, Inc. - Common Stock",NASDAQ,common_stock,0001693577
MNSBP,"MainStreet Bancshares, Inc. - Depositary Shares",NASDAQ,common_stock,0001693577
MNSO,"MINISO Group Holding Limited American Depositary Shares, each representing four Ordinary Shares",NYSE,common_stock,0001815846
MNST,Monster Beverage Corporation - Common Stock,NASDAQ,common_stock,0000865752
MNTK,"Montauk Renewables, Inc. - Common Stock",NASDAQ,common_stock,0001826600
MNTN,"MNTN, Inc. Class A Common Stock",NYSE,common_stock,0001891027
MNTS,Momentus Inc. - Class A Common Stock,NASDAQ,common_stock,0001781162
MNY,MoneyHero Limited - Class A Ordinary Shares,NASDAQ,common_stock,0001974044
MO,"Altria Group, Inc.",NYSE,common_stock,0000764180
MOB,Mobilicom Limited - Ordinary Shares,NASDAQ,common_stock,0001898643
MOBI,"Mobia Medical, Inc. - Common Stock",NASDAQ,common_stock,0001489993
MOBX,"Mobix Labs, Inc. - Class A Common Stock",NASDAQ,common_stock,0001855467
MOD,Modine Manufacturing Company Common Stock,NYSE,common_stock,0000067347
MODD,"Modular Medical, Inc. - common stock",NASDAQ,common_stock,0001074871
MOG.A,Moog Inc. Class A Common Stock,NYSE,common_stock,0000067887
MOG.B,Moog Inc. Class B Common Stock,NYSE,common_stock,0000067887
MOGU,MOGU Inc. American Depositary Shares (each  representing 25 Class A Ordinary Shares),NYSE,common_stock,0001743971
MOH,Molina Healthcare Inc Common Stock,NYSE,common_stock,0001179929
MOLN,Molecular Partners AG - American Depositary Shares,NASDAQ,common_stock,0001745114
MOMO,Hello Group Inc.  - American Depositary Shares,NASDAQ,common_stock,0001610601
MORN,"Morningstar, Inc. - Common Stock",NASDAQ,common_stock,0001289419
MOS,Mosaic Company (The) Common Stock,NYSE,common_stock,0001285785
MOV,Movado Group Inc. Common Stock,NYSE,common_stock,0000072573
MOVE,"Corvex, Inc. - Common Stock",NASDAQ,common_stock,0001734750
MP,MP Materials Corp. Common Stock,NYSE,common_stock,0001801368
MPA,Blackrock MuniYield Pennsylvania Quality Fund Common Stock,NYSE,common_stock,0000891038
MPAA,"Motorcar Parts of America, Inc. - Common Stock",NASDAQ,common_stock,0000918251
MPB,Mid Penn Bancorp - Common Stock,NASDAQ,common_stock,0000879635
MPC,Marathon Petroleum Corporation Common Stock,NYSE,common_stock,0001510295
MPLT,"MapLight Therapeutics, Inc. - Common Stock",NASDAQ,common_stock,0001770069
MPT,"Medical Properties Trust, Inc. common stock",NYSE,common_stock,0001287865
MPTI,"M-tron Industries, Inc. Common Stock",NYSE American,common_stock,0001902314
MPU,Mega Matrix Inc. Class A Ordinary Shares,NYSE American,common_stock,0001953021
MPV,Barings Participation Investors Common Stock,NYSE,common_stock,0000831655
MPWR,"Monolithic Power Systems, Inc. - Common Stock",NASDAQ,common_stock,0001280452
MQ,"Marqeta, Inc. - Class A Common Stock",NASDAQ,common_stock,0001522540
MQY,"Blackrock MuniYield Quality Fund, Inc. Common Stock",NYSE,common_stock,0000890196
MRAM,"Everspin Technologies, Inc. - Common Stock",NASDAQ,common_stock,0001438423
MRBK,Meridian Corporation - Common Stock,NASDAQ,common_stock,0001750735
MRCO,Mercator Acquisition Corp. - Class A Ordinary Shares,NASDAQ,common_stock,0002106436
MRCY,Mercury Systems Inc - Common Stock,NASDAQ,common_stock,0001049521
MRDN,Meridian Holdings Inc. - Common Stock,NASDAQ,common_stock,0001437925
MREO,Mereo BioPharma Group plc - American Depositary Shares,NASDAQ,common_stock,0001719714
MRK,"Merck & Company, Inc. Common Stock (new)",NYSE,common_stock,0000310158
MRKR,"Marker Therapeutics, Inc. - Common Stock",NASDAQ,common_stock,0001094038
MRLN,"Merlin, Inc. - Common Stock",NASDAQ,common_stock,0002028707
MRM,MEDIROM Healthcare Technologies Inc. - American Depositary Share,NASDAQ,common_stock,0001819704
MRNA,"Moderna, Inc. - Common Stock",NASDAQ,common_stock,0001682852
MRNO,Murano Global Investments PLC - Ordinary Shares,NASDAQ,common_stock,0001988776
MRP,"Millrose Properties, Inc. Class A Common Stock",NYSE,common_stock,0002017206
MRSH,Marsh Common Stock,NYSE,common_stock,0000062709
MRT,"Marti Technologies, Inc. Class A Ordinary Shares",NYSE American,common_stock,0001852767
MRTN,"Marten Transport, Ltd. - Common Stock",NASDAQ,common_stock,0000799167
MRVI,"Maravai LifeSciences Holdings, Inc. - Class A common stock",NASDAQ,common_stock,0001823239
MRVL,"Marvell Technology, Inc. - Common Stock",NASDAQ,common_stock,0001835632
MRX,Marex Group Limited - Ordinary Shares,NASDAQ,common_stock,0001997464
MS,Morgan Stanley Common Stock,NYSE,common_stock,0000895421
MSA,MSA Safety Incorporated Common Stock,NYSE,common_stock,0000066570
MSAI,"MultiSensor AI Holdings, Inc. - Common Stock",NASDAQ,common_stock,0001863990
MSB,Mesabi Trust Common Stock,NYSE,common_stock,0000065172
MSBI,"Midland States Bancorp, Inc. - Common Stock",NASDAQ,common_stock,0001466026
MSC,"Studio City International Holdings Limited American depositary shares, each representing four  Class A ordinary shares",NYSE,common_stock,0001713334
MSCI,MSCI Inc. Common Stock,NYSE,common_stock,0001408198
MSD,"Morgan Stanley Emerging Markets Debt Fund, Inc. Common Stock",NYSE,common_stock,0000904112
MSDL,Morgan Stanley Direct Lending Fund Common Stock,NYSE,common_stock,0001782524
MSEX,Middlesex Water Company - Common Stock,NASDAQ,common_stock,0000066004
MSFT,Microsoft Corporation - Common Stock,NASDAQ,common_stock,0000789019
MSGE,Madison Square Garden Entertainment Corp. Class A Common Stock,NYSE,common_stock,0001952073
MSGM,Motorsport Games Inc. - Class A Common Stock,NASDAQ,common_stock,0001821175
MSGS,Madison Square Garden Sports Corp. Class A Common Stock (New),NYSE,common_stock,0001636519
MSGY,Masonglory Limited - Class A Ordinary Shares,NASDAQ,common_stock,0002020228
MSI,"Motorola Solutions, Inc. Common Stock",NYSE,common_stock,0000068505
MSIF,"MSC Income Fund, Inc. Common Stock",NYSE,common_stock,0001535778
MSLE,Satellos Bioscience Inc. - Common Stock,NASDAQ,common_stock,0001421642
MSM,"MSC Industrial Direct Company, Inc. Common Stock",NYSE,common_stock,0001003078
MSN,Emerson Radio Corporation Common Stock,NYSE American,common_stock,0000032621
MSS,Maison Solutions Inc. - Class A Common Stock,NASDAQ,common_stock,0001892292
MSTR,Strategy Inc - Class A Common Stock,NASDAQ,common_stock,0001050446
MT,Arcelor Mittal NY Registry Shares NEW,NYSE,common_stock,0001243429
MTA,Metalla Royalty & Streaming Ltd. Common Shares,NYSE American,common_stock,0001722606
MTAL,Metals Acquisition Corp. II Class A Ordinary Shares,NYSE,common_stock,0002107724
MTB,M&T Bank Corporation Common Stock,NYSE,common_stock,0000036270
MTC,"MMTec, Inc. - Common Shares",NASDAQ,common_stock,0001742518
MTCH,"Match Group, Inc. - Common Stock",NASDAQ,common_stock,0000891103
MTD,"Mettler-Toledo International, Inc. Common Stock",NYSE,common_stock,0001037646
MTDR,Matador Resources Company Common Stock,NYSE,common_stock,0001520006
MTEK,Maris-Tech Ltd. - ordinary shares,NASDAQ,common_stock,0001872964
MTEN,Mingteng International Corporation Inc. - Class A Ordinary Shares,NASDAQ,common_stock,0001948099
MTEX,"Mannatech, Incorporated - Common Stock",NASDAQ,common_stock,0001056358
MTG,MGIC Investment Corporation Common Stock,NYSE,common_stock,0000876437
MTH,Meritage Homes Corporation Common Stock,NYSE,common_stock,0000833079
MTLS,Materialise NV - American Depositary Shares,NASDAQ,common_stock,0001091223
MTN,"Vail Resorts, Inc. Common Stock",NYSE,common_stock,0000812011
MTNB,"Matinas Biopharma Holdings, Inc. Common Stock",NYSE American,common_stock,0001582554
MTNE,CH4 Natural Solutions Corporation Class A Ordinary Shares,NYSE,common_stock,0002044817
MTR,Mesa Royalty Trust Common Stock,NYSE,common_stock,0000313364
MTRN,Materion Corporation,NYSE,common_stock,0001104657
MTRX,Matrix Service Company - Common Stock,NASDAQ,common_stock,0000866273
MTSI,"MACOM Technology Solutions Holdings, Inc. - Common Stock",NASDAQ,common_stock,0001493594
MTUS,Metallus Inc. Common Shares,NYSE,common_stock,0001598428
MTVA,MetaVia Inc.  - Common Stock,NASDAQ,common_stock,0001638287
MTW,"Manitowoc Company, Inc. (The) Common Stock",NYSE,common_stock,0000061986
MTX,Minerals Technologies Inc. Common Stock,NYSE,common_stock,0000891014
MTZ,"MasTec, Inc. Common Stock",NYSE,common_stock,0000015615
MU,"Micron Technology, Inc. - Common Stock",NASDAQ,common_stock,0000723125
MUA,"Blackrock MuniAssets Fund, Inc Common Stock",NYSE,common_stock,0000901243
MUC,"Blackrock MuniHoldings California Quality Fund, Inc.  Common Stock",NYSE,common_stock,0001051004
MUFG,"Mitsubishi UFJ Financial Group, Inc. Common Stock",NYSE,common_stock,0000067088
MUJ,"Blackrock MuniHoldings New Jersey Quality Fund, Inc. Common Stock",NYSE,common_stock,0001053988
MUR,Murphy Oil Corporation Common Stock,NYSE,common_stock,0000717423
MUSA,Murphy USA Inc. Common Stock,NYSE,common_stock,0001573516
MUX,McEwen Inc. Common Stock,NYSE,common_stock,0000314203
MUZE,Muzero Acquisition Corp - Class A Ordinary Shares,NASDAQ,common_stock,0002093484
MVBF,MVB Financial Corp. - Common Stock,NASDAQ,common_stock,0001277902
MVIS,"MicroVision, Inc. - Common Stock",NASDAQ,common_stock,0000065770
MVST,"Microvast Holdings, Inc. - Common Stock",NASDAQ,common_stock,0001760689
MWA,MUELLER WATER PRODUCTS Common Stock,NYSE,common_stock,0001350593
MWC,"Micware Co., Ltd. - American Depositary Shares",NASDAQ,common_stock,0002083526
MWG,Multi Ways Holdings Limited Class A Ordinary Shares,NYSE American,common_stock,0001941500
MWH,"SOLV Energy, Inc. - Class A common stock",NASDAQ,common_stock,0002065636
MWYN,"Marwynn Holdings, Inc. - Common stock",NASDAQ,common_stock,0002030522
MX,Magnachip Semiconductor Corporation Common Stock,NYSE,common_stock,0001325702
MXC,Mexco Energy Corporation Common Stock,NYSE American,common_stock,0000066418
MXCT,"MaxCyte, Inc. - Common Stock",NASDAQ,common_stock,0001287098
MXE,"Mexico Equity and Income Fund, Inc. (The) Common Stock",NYSE,common_stock,0000863900
MXF,"Mexico Fund, Inc. (The) Common Stock",NYSE,common_stock,0000065433
MXL,"MaxLinear, Inc - Common Stock",NASDAQ,common_stock,0001288469
MYE,"Myers Industries, Inc. Common Stock",NYSE,common_stock,0000069488
MYFW,"First Western Financial, Inc. - Common Stock",NASDAQ,common_stock,0001327607
MYGN,"Myriad Genetics, Inc. - Common Stock",NASDAQ,common_stock,0000899923
MYI,"Blackrock MuniYield Quality Fund III, Inc Common Stock",NYSE,common_stock,0000883412
MYN,"Blackrock MuniYield New York Quality Fund, Inc.Common Stock",NYSE,common_stock,0000882150
MYND,"Mynd.ai, Inc. American Depositary Shares",NYSE American,common_stock,0001708441
MYO,Myomo Inc. Common Stock,NYSE American,common_stock,0001369290
MYPS,"PLAYSTUDIOS, Inc.  - Class A Common Stock",NASDAQ,common_stock,0001823878
MYRG,"MYR Group, Inc. - Common Stock",NASDAQ,common_stock,0000700923
MYSE,"Myseum.AI, Inc. - Common Stock",NASDAQ,common_stock,0001648960
MYSZ,"My Size, Inc. - Common Stock",NASDAQ,common_stock,0001211805
MYX,Maywood Acquisition Corp. 2 - Class A Ordinary Share,NASDAQ,common_stock,0002080087
MZTI,The Marzetti Company - Common Stock,NASDAQ,common_stock,0000057515
MZYX,MOZAYYX Acquisition Corp. Class A Ordinary Shares,NYSE,common_stock,0002097376
NA,Nano Labs Ltd - Class A Ordinary Shares,NASDAQ,common_stock,0001872302
NAAS,NaaS Technology Inc. - American Depositary Shares,NASDAQ,common_stock,0001712178
NABL,"N-able, Inc. Common Stock",NYSE,common_stock,0001834488
NAC,Nuveen California Quality Municipal Income Fund,NYSE,common_stock,0001074952
NAD,Nuveen Quality Municipal Income Fund Common Stock,NYSE,common_stock,0001083839
NAGE,"Niagen Bioscience, Inc. - Common Stock",NASDAQ,common_stock,0001386570
NAII,"Natural Alternatives International, Inc. - Common Stock",NASDAQ,common_stock,0000787253
NAK,"Northern Dynasty Minerals, Ltd. Common Stock",NYSE American,common_stock,0001164771
NAKA,Nakamoto Inc. - Common Stock,NASDAQ,common_stock,0001946573
NAMI,Jinxin Technology Holding Company - American Depositary Shares,NASDAQ,common_stock,0001967631
NAMM,Namib Minerals - Ordinary Shares,NASDAQ,common_stock,0002026514
NAMS,NewAmsterdam Pharma Company N.V. - Ordinary Shares,NASDAQ,common_stock,0001936258
NAN,Nuveen New York Quality Municipal Income Fund Common Stock,NYSE,common_stock,0001074769
NAT,Nordic American Tankers Limited Common Stock,NYSE,common_stock,0001000177
NATH,"Nathan's Famous, Inc. - Common Stock",NASDAQ,common_stock,0000069733
NATL,NCR Atleos Corporation Common Stock,NYSE,common_stock,0001974138
NATR,"Nature's Sunshine Products, Inc. - Common Stock",NASDAQ,common_stock,0000275053
NAUT,"Nautilus Biotechnology, Inc. - Common Stock",NASDAQ,common_stock,0001808805
NAVI,Navient Corporation - Common Stock,NASDAQ,common_stock,0001593538
NAVN,"Navan, Inc. - Class A Common Stock",NASDAQ,common_stock,0001639723
NAZ,Nuveen Arizona Quality Municipal Income Fund Common Stock,NYSE,common_stock,0000892992
NB,NioCorp Developments Ltd. - Common Stock,NASDAQ,common_stock,0001512228
NBB,Nuveen Taxable Municipal Income Fund Common Shares of Beneficial Interest,NYSE,common_stock,0001478888
NBBK,"NB Bancorp, Inc. - Common Stock",NASDAQ,common_stock,0001979330
NBH,Neuberger Municipal Fund Inc. Common Stock,NYSE American,common_stock,0001178839
NBHC,National Bank Holdings Corporation Common Stock,NYSE,common_stock,0001475841
NBIS,Nebius Group N.V. - Class A Ordinary Shares,NASDAQ,common_stock,0001513845
NBIX,"Neurocrine Biosciences, Inc. - Common Stock",NASDAQ,common_stock,0000914475
NBN,Northeast Bank - Common Stock,NASDAQ,common_stock,
NBP,NovaBridge Biosciences - American Depositary Shares,NASDAQ,common_stock,0001778016
NBR,Nabors Industries Ltd.,NYSE,common_stock,0001163739
NBRG,Newbridge Acquisition Limited - Class A Ordinary Share,NASDAQ,common_stock,0001918414
NBTB,NBT Bancorp Inc. - Common Stock,NASDAQ,common_stock,0000790359
NBTX,Nanobiotix S.A. - ADSs,NASDAQ,common_stock,0001760854
NBXG,Neuberger Next Generation Connectivity Fund Inc. Common Stock,NYSE,common_stock,0001843181
NC,"NACCO Industries, Inc. Common Stock",NYSE,common_stock,0000789933
NCA,Nuveen California Municipal Value Fund,NYSE,common_stock,0000818851
NCDL,Nuveen Churchill Direct Lending Corp. Common Stock,NYSE,common_stock,0001737924
NCEL,NewcelX Ltd. - Ordinary Shares,NASDAQ,common_stock,0001783036
NCEW,New Century Logistics (BVI) Limited - Ordinary Shares,NASDAQ,common_stock,0001968043
NCI,Neo-Concept International Group Holdings Limited - Class A Ordinary Shares,NASDAQ,common_stock,0001916331
NCL,Northann Corp. Common Stock,NYSE American,common_stock,0001923780
NCLH,Norwegian Cruise Line Holdings Ltd. Ordinary Shares,NYSE,common_stock,0001513761
NCMI,"National CineMedia, Inc. - Common Stock",NASDAQ,common_stock,0001377630
NCNA,NuCana plc - American Depositary Shares,NASDAQ,common_stock,0001709626
NCNO,"nCino, Inc. - Common Stock",NASDAQ,common_stock,0001902733
NCO,Southern Cross Acquisition I Corp. - Ordinary Shares,NASDAQ,common_stock,0002116230
NCPL,Netcapital Inc. - Common Stock,NASDAQ,common_stock,0001414767
NCRA,"Nocera, Inc. - common stock",NASDAQ,common_stock,0001756180
NCSM,"NCS Multistage Holdings, Inc. - Common Stock",NASDAQ,common_stock,0001692427
NCT,Intercont (Cayman) Limited - Class A Ordinary shares,NASDAQ,common_stock,0002018529
NCTY,The9 Limited - American Depository Shares,NASDAQ,common_stock,0001296774
NCV,Virtus Convertible & Income Fund Common Shares of Beneficial Interest,NYSE,common_stock,0001214935
NCZ,Virtus Convertible & Income Fund II Common Shares of Beneficial Interest,NYSE,common_stock,0001227857
NDAQ,"Nasdaq, Inc. - Common Stock",NASDAQ,common_stock,0001120193
NDLS,Noodles & Company - Class A Common Stock,NASDAQ,common_stock,0001275158
NDMO,Nuveen Dynamic Municipal Opportunities Fund Common Shares of Beneficial Interest,NYSE,common_stock,0001793129
NDRA,ENDRA Life Sciences Inc. - Common Stock,NASDAQ,common_stock,0001681682
NDSN,Nordson Corporation - Common Stock,NASDAQ,common_stock,0000072331
NE,Noble Corporation plc A Ordinary Shares,NYSE,common_stock,0001895262
NEA,Nuveen AMT-Free Quality Municipal Income Fund Common Shares of Beneficial Interest Par Value $.01,NYSE,common_stock,0001195737
NECB,"NorthEast Community Bancorp, Inc. - Common Stock",NASDAQ,common_stock,0001847398
NEE,"NextEra Energy, Inc. Common Stock",NYSE,common_stock,0000753308
NEGG,"Newegg Commerce, Inc. - Common Shares",NASDAQ,common_stock,0001474627
NEM,Newmont Corporation,NYSE,common_stock,0001164727
NEO,"NeoGenomics, Inc. - Common Stock",NASDAQ,common_stock,0001077183
NEOG,Neogen Corporation - Common Stock,NASDAQ,common_stock,0000711377
NEON,Neonode Inc. - Common Stock,NASDAQ,common_stock,0000087050
NEOV,NeoVolta Inc. - Common Stock,NASDAQ,common_stock,0001748137
NEPH,"Nephros, Inc. - Common Stock",NASDAQ,common_stock,0001196298
NERV,"Minerva Neurosciences, Inc - Common Stock",NASDAQ,common_stock,0001598646
NESR,National Energy Services Reunited Corp - Ordinary Shares,NASDAQ,common_stock,0001698514
NET,"Cloudflare, Inc. Class A Common Stock",NYSE,common_stock,0001477333
NEU,NewMarket Corp Common Stock,NYSE,common_stock,0001282637
NEUP,Neuphoria Therapeutics Inc. - Common Stock,NASDAQ,common_stock,0001191070
NEWP,New Pacific Metals Corp. Common Shares,NYSE American,common_stock,0001369085
NEWT,"NewtekOne, Inc. - Common Stock",NASDAQ,common_stock,0001587987
NEXA,Nexa Resources S.A. Common Shares,NYSE,common_stock,0001713930
NEXM,NexMetals Mining Corp. - Common Stock,NASDAQ,common_stock,0000795800
NEXN,Nexxen International Ltd. - Ordinary Shares,NASDAQ,common_stock,0001849396
NEXR,Nexera Technologies Ltd - Ordinary Shares,NASDAQ,common_stock,0001885408
NEXT,NextDecade Corporation - Common Stock,NASDAQ,common_stock,0001612720
NFE,New Fortress Energy Inc. - Class A Common Stock,NASDAQ,common_stock,0001749723
NFG,National Fuel Gas Company Common Stock,NYSE,common_stock,0000070145
NFGC,New Found Gold Corp Common Shares,NYSE American,common_stock,0001840616
NFJ,"Virtus Dividend, Interest & Premium Strategy Fund Common Shares of Beneficial Interest",NYSE,common_stock,0001260563
NFLX,"Netflix, Inc. - Common Stock",NASDAQ,common_stock,0001065280
NG,Novagold Resources Inc.,NYSE American,common_stock,0001173420
NGEN,NervGen Pharma Corp. - Common stock,NASDAQ,common_stock,0001751912
NGG,"National Grid Transco, PLC National Grid PLC (NEW) American Depositary Shares",NYSE,common_stock,0001004315
NGNE,Neurogene Inc. - Common Stock,NASDAQ,common_stock,0001404644
NGS,"Natural Gas Services Group, Inc. Common Stock",NYSE,common_stock,0001084991
NGVC,"Natural Grocers by Vitamin Cottage, Inc. Common Stock",NYSE,common_stock,0001547459
NGVT,Ingevity Corporation Common Stock,NYSE,common_stock,0001653477
NHC,National HealthCare Corporation Common Stock,NYSE American,common_stock,0001047335
NHI,"National Health Investors, Inc. Common Stock",NYSE,common_stock,0000877860
NHIC,NewHold Investment Corp III - Class A Ordinary shares,NASDAQ,common_stock,0002043699
NHIV,NewHold Investment Corp IV - Class A Ordinary Shares,NASDAQ,common_stock,0002099767
NHP,"National Healthcare Properties, Inc. - Class A Common Stock",NASDAQ,common_stock,0001561032
NHS,Neuberger High Yield Strategies Fund Inc. Common Stock,NYSE American,common_stock,0001487610
NHTC,Natural Health Trends Corp. - Common Stock,NASDAQ,common_stock,0000912061
NI,NiSource Inc Common Stock,NYSE,common_stock,0001111711
NIC,Nicolet Bankshares Inc. Common Stock,NYSE,common_stock,0001174850
NICE,NICE Ltd - American Depositary Shares each representing one Ordinary Share,NASDAQ,common_stock,0001003935
NICM,Nicola Mining Inc. - American Depositary Shares,NASDAQ,common_stock,0001526475
NIE,Virtus Equity & Convertible Income Fund Common Shares of Beneficial Interest,NYSE,common_stock,0001383441
NIKI,"Niki BioSolutions, Inc. - Common Stock",NASDAQ,common_stock,0001734005
NIM,Nuveen Select Maturities Municipal Fund Common Stock,NYSE,common_stock,0000890119
NINE,"Nine Energy Service, Inc. Common Stock",NYSE American,common_stock,0001532286
NIO,"NIO Inc. American depositary shares, each  representing one Class A ordinary share",NYSE,common_stock,0001736541
NIPG,NIP Group Inc. - American Depositary Shares,NASDAQ,common_stock,0001966233
NIQ,NIQ Global Intelligence plc Ordinary Shares,NYSE,common_stock,0002054696
NIU,Niu Technologies - American Depositary Shares,NASDAQ,common_stock,0001744781
NIVF,NewGenIvf Group Limited - Class A Ordinary Shares,NASDAQ,common_stock,0001981662
NIXX,"Nixxy, Inc. - Common Stock",NASDAQ,common_stock,0001462223
NJR,NewJersey Resources Corporation Common Stock,NYSE,common_stock,0000356309
NKE,"Nike, Inc. Common Stock",NYSE,common_stock,0000320187
NKLR,Terra Innovatum Global N.V. - Ordinary shares,NASDAQ,common_stock,0002067627
NKSH,"National Bankshares, Inc. - Common Stock",NASDAQ,common_stock,0000796534
NKTR,Nektar Therapeutics - Common Stock,NASDAQ,common_stock,0000906709
NKTX,"Nkarta, Inc. - Common Stock",NASDAQ,common_stock,0001787400
NKX,Nuveen California AMT-Free Quality Municipal Income Fund,NYSE,common_stock,0001195738
NL,"NLI Holdings, Inc. Common Stock",NYSE,common_stock,0000072162
NLOP,Net Lease Office Properties Common Shares of Beneficial Interest,NYSE,common_stock,0001952976
NLY,Annaly Capital Management Inc. Common Stock,NYSE,common_stock,0001043219
NMAD,"Nomad Power Solutions, Inc. - Common Stock",NASDAQ,common_stock,0001335105
NMAI,Nuveen Multi-Asset Income Fund Common Shares of Beneficial Interest,NYSE,common_stock,0001861115
NMAX,"Newsmax, Inc. Class B Common Stock",NYSE,common_stock,0002026478
NMCO,Nuveen Municipal Credit Opportunities Fund Common Shares,NYSE,common_stock,0001774342
NMFC,New Mountain Finance Corporation - Common Stock,NASDAQ,common_stock,0001496099
NMG,Nouveau Monde Graphite Inc. Common Shares,NYSE,common_stock,0001649752
NMI,"Nuveen Municipal Income Fund, Inc. Common Stock",NYSE,common_stock,0000830271
NMIH,NMI Holdings Inc - Common Stock,NASDAQ,common_stock,0001547903
NML,Neuberger Energy Infrastructure and Income Fund Inc. Common Stock,NYSE American,common_stock,0001562051
NMP,NMP Acquisition Corp. - Class A Ordinary Shares,NASDAQ,common_stock,0002054876
NMR,Nomura Holdings Inc ADR American Depositary Shares,NYSE,common_stock,0001163653
NMRA,"Neumora Therapeutics, Inc. - Common Stock",NASDAQ,common_stock,0001885522
NMRK,"Newmark Group, Inc. - Class A Common Stock",NASDAQ,common_stock,0001690680
NMS,Nuveen Minnesota Quality Municipal Income Fund,NYSE,common_stock,0001607997
NMT,Nuveen Massachusetts Quality Municipal Income Fund Common Stock,NYSE,common_stock,0000897419
NMTC,NeuroOne Medical Technologies Corporation - Common Stock,NASDAQ,common_stock,0001500198
NMZ,"Nuveen Municipal High Income Opportunity Fund Common Stock, $0.01 par value, per share",NYSE,common_stock,0001266585
NN,NextNav Inc. - Common stock,NASDAQ,common_stock,0001865631
NNBR,"NN, Inc. - Common Stock",NASDAQ,common_stock,0000918541
NNDM,Nano Dimension Ltd. - American Depositary Shares,NASDAQ,common_stock,0001643303
NNE,Nano Nuclear Energy Inc. - common stock,NASDAQ,common_stock,0001923891
NNI,"Nelnet, Inc. Common Stock",NYSE,common_stock,0001258602
NNN,"NNN REIT, Inc. Common Stock",NYSE,common_stock,0000751364
NNNN,Anbio Biotechnology - Class A Ordinary Shares,NASDAQ,common_stock,0001982708
NNOX,NANO-X IMAGING LTD - Ordinary Shares,NASDAQ,common_stock,0001795251
NNVC,"NanoViricides, Inc. Common Stock",NYSE American,common_stock,0001379006
NNY,Nuveen New York Municipal Value Fund Common Stock,NYSE,common_stock,0000818850
NOA,North American Construction Group Ltd. Common Shares (no par),NYSE,common_stock,0001368519
NOAH,Noah Holdings Limited American Depositary Shares,NYSE,common_stock,0001499543
NOC,Northrop Grumman Corporation Common Stock,NYSE,common_stock,0001133421
NODK,"NI Holdings, Inc. - Common Stock",NASDAQ,common_stock,0001681206
NOEM,CO2 Energy Transition Corp. - Common Stock,NASDAQ,common_stock,0001956648
NOG,"Northern Oil and Gas, Inc. Common Stock",NYSE,common_stock,0001104485
NOK,Nokia Corporation Sponsored American Depositary Shares,NYSE,common_stock,0000924613
NOMA,NOMADAR Corp. - Class A Common Stock,NASDAQ,common_stock,0001994214
NOMD,Nomad Foods Limited Ordinary Shares,NYSE,common_stock,0001651717
NOV,NOV Inc. Common Stock,NYSE,common_stock,0001021860
NOVT,Novanta Inc. - Common Shares,NASDAQ,common_stock,0001076930
NOW,"ServiceNow, Inc. Common Stock",NYSE,common_stock,0001373715
NP,Neptune Insurance Holdings Inc. Class A Common Stock,NYSE,common_stock,0002067129
NPAC,New Providence Acquisition Corp. III - Ordinary Shares,NASDAQ,common_stock,0002048948
NPB,"Northpointe Bancshares, Inc. Common Stock",NYSE,common_stock,0001336706
NPCE,"Neuropace, Inc. - Common Stock",NASDAQ,common_stock,0001528287
NPCT,Nuveen Core Plus Impact Fund Common Shares of Beneficial Interest,NYSE,common_stock,0001835068
NPK,"National Presto Industries, Inc. Common Stock",NYSE,common_stock,0000080172
NPKI,NPK International Inc. Common Stock,NYSE,common_stock,0000071829
NPO,Enpro Inc. Common Stock,NYSE,common_stock,0001164863
NPT,Texxon Holding Limited - Ordinary shares,NASDAQ,common_stock,0002014337
NPV,Nuveen Virginia Quality Municipal Income Fund Common Stock,NYSE,common_stock,0000897421
NPWR,NET Power Inc. Class A Common Stock,NYSE,common_stock,0001845437
NRC,NRC Health - Common Stock,NASDAQ,common_stock,0000070487
NRDS,"NerdWallet, Inc. - Class A Common Stock",NASDAQ,common_stock,0001625278
NRDY,Nerdy Inc. Class A Common Stock,NYSE,common_stock,0001819404
NREF,"NexPoint Real Estate Finance, Inc. Common Stock",NYSE,common_stock,0001786248
NRG,"NRG Energy, Inc. Common Stock",NYSE,common_stock,0001013871
NRGV,"Energy Vault Holdings, Inc. Common Stock",NYSE,common_stock,0001828536
NRIM,Northrim BanCorp Inc - Common Stock,NASDAQ,common_stock,0001163370
NRIX,"Nurix Therapeutics, Inc. - Common stock",NASDAQ,common_stock,0001549595
NRK,Nuveen New York AMT-Free Quality Municipal Income Fund,NYSE,common_stock,0001195739
NRO,Neuberger Real Estate Securities Income Fund Inc. Common Stock,NYSE American,common_stock,0001261166
NRP,Natural Resource Partners LP Limited Partnership,NYSE,common_stock,0001171486
NRSN,NeuroSense Therapeutics Ltd. - Ordinary Shares,NASDAQ,common_stock,0001875091
NRT,North European Oil Royality Trust Common Stock,NYSE,common_stock,0000072633
NRXP,"NRX Pharmaceuticals, Inc. - Common Stock",NASDAQ,common_stock,0001719406
NRXS,"Neuraxis, Inc. Common Stock",NYSE American,common_stock,0001933567
NSC,Norfolk Southern Corporation Common Stock,NYSE,common_stock,0000702165
NSIT,"Insight Enterprises, Inc. - Common Stock",NASDAQ,common_stock,0000932696
NSLR,Neostellar Capital Corp. - Closed End Fund,NASDAQ,common_stock,0001509470
NSP,"Insperity, Inc. Common Stock",NYSE,common_stock,0001000753
NSPR,InspireMD Inc. - Common Stock,NASDAQ,common_stock,0001433607
NSRX,Nasus Pharma Ltd. Ordinary Shares,NYSE American,common_stock,0002029039
NSSC,"NAPCO Security Technologies, Inc. - Common Stock",NASDAQ,common_stock,0000069633
NSTS,"NSTS Bancorp, Inc. - Common Stock",NASDAQ,common_stock,0001881592
NSYS,Nortech Systems Incorporated - Common Stock,NASDAQ,common_stock,0000722313
NTAP,"NetApp, Inc. - Common Stock",NASDAQ,common_stock,0001002047
NTB,Bank of N.T. Butterfield & Son Limited (The) Voting Ordinary Shares,NYSE,common_stock,0001653242
NTCL,NETCLASS TECHNOLOGY INC - Class A Ordinary Shares,NASDAQ,common_stock,0001927578
NTCT,"NetScout Systems, Inc. - Common Stock",NASDAQ,common_stock,0001078075
NTES,"NetEase, Inc. - American Depositary Shares, each representing 5 ordinary shares",NASDAQ,common_stock,0001110646
NTGR,"NETGEAR, Inc. - Common Stock",NASDAQ,common_stock,0001122904
NTHI,"NeOnc Technologies Holdings, Inc. - Common Stock",NASDAQ,common_stock,0001979414
NTIC,Northern Technologies International Corporation - Common Stock,NASDAQ,common_stock,0000875582
NTIP,"Network-1 Technologies, Inc. Common Stock",NYSE American,common_stock,0001065078
NTLA,"Intellia Therapeutics, Inc. - Common Stock",NASDAQ,common_stock,0001652130
NTNX,"Nutanix, Inc. - Class A Common Stock",NASDAQ,common_stock,0001618732
NTR,Nutrien Ltd. Common Shares,NYSE,common_stock,0001725964
NTRA,"Natera, Inc. - Common Stock",NASDAQ,common_stock,0001604821
NTRB,Nutriband Inc. - Common Stock,NASDAQ,common_stock,0001676047
NTRP,"NextTrip, Inc. - Common Stock",NASDAQ,common_stock,0000788611
NTRS,Northern Trust Corporation - Common Stock,NASDAQ,common_stock,0000073124
NTSK,"Netskope, Inc. - Class A Common Stock",NASDAQ,common_stock,0002063196
NTST,NetSTREIT Corp. Common Stock,NYSE,common_stock,0001798100
NTWK,NETSOL Technologies Inc. - Common Stock,NASDAQ,common_stock,0001039280
NTWO,Newbury Street II Acquisition Corp - Class A Ordinary Shares,NASDAQ,common_stock,0002028027
NTZ,"Natuzzi, S.p.A.",NYSE,common_stock,0000900391
NU,Nu Holdings Ltd. Class A Ordinary Shares,NYSE,common_stock,0001691493
NUAI,"New Era Energy & Digital, Inc. - Common Stock",NASDAQ,common_stock,0002028336
NUCL,Eagle Nuclear Energy Corp. - Common stock,NASDAQ,common_stock,0002089283
NUE,Nucor Corporation Common Stock,NYSE,common_stock,0000073309
NUR,Nuran Wireless Inc. - Common Shares,NASDAQ,common_stock,0001680637
NUS,"Nu Skin Enterprises, Inc. Common Stock",NYSE,common_stock,0001021561
NUTX,Nutex Health Inc. - Common Stock,NASDAQ,common_stock,0001479681
NUV,"Nuveen Municipal Value Fund, Inc. Common Stock",NYSE,common_stock,0000812801
NUVB,Nuvation Bio Inc. Class A Common Stock,NYSE,common_stock,0001811063
NUW,Nuveen AMT-Free Municipal Value Fund,NYSE,common_stock,0001450445
NUWE,"Nuwellis, Inc. - Common Stock",NASDAQ,common_stock,0001506492
NVA,Nova Minerals Corp Common Stock,NYSE American,common_stock,0001852551
NVAX,"Novavax, Inc. - Common Stock",NASDAQ,common_stock,0001000694
NVCR,NovoCure Limited - Ordinary Shares,NASDAQ,common_stock,0001645113
NVCT,"Nuvectis Pharma, Inc. - Common Stock",NASDAQ,common_stock,0001875558
NVDA,NVIDIA Corporation - Common Stock,NASDAQ,common_stock,0001045810
NVEC,NVE Corporation - Common Stock,NASDAQ,common_stock,0000724910
NVG,Nuveen AMT-Free Municipal Credit Income Fund,NYSE,common_stock,0001090116
NVGS,Navigator Holdings Ltd. Ordinary Shares (Marshall Islands),NYSE,common_stock,0001581804
NVMI,Nova Ltd. - Ordinary Shares,NASDAQ,common_stock,0001109345
NVNI,Nvni Group Limited - Ordinary Shares,NASDAQ,common_stock,0001965143
NVNO,enVVeno Medical Corporation - Common Stock,NASDAQ,common_stock,0001661053
NVO,Novo Nordisk A/S Common Stock,NYSE,common_stock,0000353278
NVR,"NVR, Inc. Common Stock",NYSE,common_stock,0000906163
NVRI,Enviri Corporation Common Stock,NYSE,common_stock,0002104052
NVS,Novartis AG Common Stock,NYSE,common_stock,0001114448
NVST,Envista Holdings Corporation Common Stock,NYSE,common_stock,0001757073
NVT,nVent Electric plc Ordinary Shares,NYSE,common_stock,0001720635
NVTS,Navitas Semiconductor Corporation - Common Stock,NASDAQ,common_stock,0001821769
NVX,NOVONIX Limited - American Depository Shares,NASDAQ,common_stock,0001859795
NWAX,New America Acquisition I Corp. Class A Common Stock,NYSE,common_stock,0002074878
NWBI,"Northwest Bancshares, Inc. - Common Stock",NASDAQ,common_stock,0001471265
NWE,"NorthWestern Energy Group, Inc.  - Common Stock",NASDAQ,common_stock,0001993004
NWFL,Norwood Financial Corp. - Common Stock,NASDAQ,common_stock,0001013272
NWG,"NatWest Group plc American Depositary Shares, (each representing two (2) Ordinary Shares)",NYSE,common_stock,0000844150
NWGL,CL Workshop Group Limited - American Depositary Shares,NASDAQ,common_stock,0001948294
NWL,Newell Brands Inc. - Common Stock,NASDAQ,common_stock,0000814453
NWN,Northwest Natural Holding Company Common Stock,NYSE,common_stock,0001733998
NWPX,"NWPX Infrastructure, Inc. - Common Stock",NASDAQ,common_stock,0001001385
NWS,News Corporation - Class B Common Stock,NASDAQ,common_stock,0001564708
NWSA,News Corporation - Class A Common Stock,NASDAQ,common_stock,0001564708
NWTG,"Newton Golf Company, Inc. - Common Stock",NASDAQ,common_stock,0001934245
NX,Quanex Building Products Corporation Common Stock,NYSE,common_stock,0001423221
NXB,NextBoat Inc. Common Stcok,NYSE American,common_stock,0002067767
NXDR,"Nextdoor Holdings, Inc. Class A Common Stock",NYSE,common_stock,0001846069
NXDT,NexPoint Diversified Real Estate Trust Common Stock,NYSE,common_stock,0001356115
NXE,Nexgen Energy Ltd. Common Shares,NYSE,common_stock,0001698535
NXG,NXG NextGen Infrastructure Income Fund Common Shares of Beneficial Interest,NYSE,common_stock,0001506488
NXGL,"NexGel, Inc - Common Stock",NASDAQ,common_stock,0001468929
NXH,"Neighborhood Intelligence, Inc.  - Common Stock",NASDAQ,common_stock,0001130713
NXL,"Nexalin Technology, Inc. - Common Stock",NASDAQ,common_stock,0001527352
NXP,Nuveen Select Tax Free Income Portfolio Common Stock,NYSE,common_stock,0000883618
NXPI,NXP Semiconductors N.V. - Common Stock,NASDAQ,common_stock,0001413447
NXPL,NextPlat Corp - Common Stock,NASDAQ,common_stock,0001058307
NXRT,"NexPoint Residential Trust, Inc. Common Stock",NYSE,common_stock,0001620393
NXST,"Nexstar Media Group, Inc. - Common Stock",NASDAQ,common_stock,0001142417
NXT,Nextpower Inc. - Class A Common Stock,NASDAQ,common_stock,0001852131
NXTC,"NextCure, Inc. - Common Stock",NASDAQ,common_stock,0001661059
NXTS,Nexentis Technologies Inc. - Common Stock,NASDAQ,common_stock,0001789192
NXTT,Next Technology Holding Inc. - Ordinary Shares,NASDAQ,common_stock,0001784970
NXXT,"NextNRG, Inc. - Common Stock",NASDAQ,common_stock,0001817004
NYAX,Nayax Ltd. - Ordinary Shares,NASDAQ,common_stock,0001901279
NYC,American Strategic Investment Co. Class A Common Stock,NYSE,common_stock,0001595527
NYT,New York Times Company (The) Common Stock,NYSE,common_stock,0000071691
NYXH,Nyxoah SA - Ordinary Shares,NASDAQ,common_stock,0001857190
NZF,Nuveen Municipal Credit Income Fund,NYSE,common_stock,0001137887
O,Realty Income Corporation Common Stock,NYSE,common_stock,0000726728
OABI,"OmniAb, Inc. - Common Stock",NASDAQ,common_stock,0001846253
OACC,Oaktree Acquisition Corp. III Life Sciences - Class A Ordinary Share,NASDAQ,common_stock,0002029769
OBA,Oxley Bridge Acquisition Limited - Class A Ordinary Shares,NASDAQ,common_stock,0002034313
OBAI,"Our Bond, Inc. - Common Stock",NASDAQ,common_stock,0001756064
OBDC,Blue Owl Capital Corporation Common Stock,NYSE,common_stock,0001655888
OBE,Obsidian Energy Ltd. Common Shares,NYSE American,common_stock,0001334388
OBIO,"Orchestra BioMed Holdings, Inc. - Ordinary Shares",NASDAQ,common_stock,0001814114
OBK,"Origin Bancorp, Inc. Common Stock",NYSE,common_stock,0001516912
OBT,"Orange County Bancorp, Inc. - Common Stock",NASDAQ,common_stock,0001754226
OBX,"Obsidian Therapeutics, Inc. - Common Stock",NASDAQ,common_stock,0002130606
OC,Owens Corning Inc Common Stock New,NYSE,common_stock,0001370946
OCAC,Ocean Capital Acquisition Corporation Ordinary Shares,NYSE,common_stock,0001926314
OCC,Optical Cable Corporation - Common Stock,NASDAQ,common_stock,0001000230
OCCI,"OFS Credit Company, Inc. - Closed End Fund",NASDAQ,common_stock,0001716951
OCFC,OceanFirst Financial Corp. - Common Stock,NASDAQ,common_stock,0001004702
OCG,Oriental Culture Holding LTD - Ordinary Shares,NASDAQ,common_stock,0001776067
OCGN,"Ocugen, Inc. - Common Stock",NASDAQ,common_stock,0001372299
OCS,Oculis Holding AG - Ordinary shares,NASDAQ,common_stock,0001953530
OCSL,Oaktree Specialty Lending Corporation - Closed End Fund,NASDAQ,common_stock,0001414932
OCTV,Octave Intelligence plc - Class B Ordinary Shares,NASDAQ,common_stock,0002083632
OCUL,"Ocular Therapeutix, Inc. - Common Stock",NASDAQ,common_stock,0001393434
ODC,Oil-Dri Corporation Of America Common Stock,NYSE,common_stock,0000074046
ODD,ODDITY Tech Ltd. - Class A Ordinary Shares,NASDAQ,common_stock,0001907085
ODFL,"Old Dominion Freight Line, Inc. - Common Stock",NASDAQ,common_stock,0000878927
ODTX,"Odyssey Therapeutics, Inc. - Common Stock",NASDAQ,common_stock,0001882782
ODYS,Odysight.ai Inc. - Common Stock,NASDAQ,common_stock,0001577445
OEC,Orion S.A. Common Shares,NYSE,common_stock,0001609804
OESX,"Orion Energy Systems, Inc. - Common Stock",NASDAQ,common_stock,0001409375
OFAL,OFA Group - Class A Ordinary Shares,NASDAQ,common_stock,0002036307
OFG,OFG Bancorp Common Stock,NYSE,common_stock,0001030469
OFIX,Orthofix Medical Inc.  - Common Stock,NASDAQ,common_stock,0000884624
OFLX,"Omega Flex, Inc. - Common Stock",NASDAQ,common_stock,0001317945
OFRM,"Once Upon a Farm, PBC Common Stock",NYSE,common_stock,0001696556
OFS,OFS Capital Corporation - Closed End Fund,NASDAQ,common_stock,0001487918
OGC,OceanaGold Corporation Common Shares,NYSE,common_stock,0001487326
OGE,OGE Energy Corp Common Stock,NYSE,common_stock,0001021635
OGEN,Oragenics Inc. Common Stock,NYSE American,common_stock,0001174940
OGG,Osisko Gold Group Inc. Common Shares,NYSE,common_stock,0001431852
OGI,Organigram Global Inc. - Common Shares,NASDAQ,common_stock,0001620737
OGN,Organon & Co. Common Stock,NYSE,common_stock,0001821825
OGS,"ONE Gas, Inc. Common Stock",NYSE,common_stock,0001587732
OHAC,Oceanhawk Acquisition Corp. - Class A Ordinary Shares,NASDAQ,common_stock,0002090787
OHI,"Omega Healthcare Investors, Inc. Common Stock",NYSE,common_stock,0000888491
OI,"O-I Glass, Inc. Common Stock",NYSE,common_stock,0000812074
OIA,Invesco Municipal Income Opportunities Trust Common Stock,NYSE,common_stock,0000835333
OII,"Oceaneering International, Inc. Common Stock",NYSE,common_stock,0000073756
OIM,OneIM Acquisition Corp. - Class A Ordinary Shares,NASDAQ,common_stock,0002088325
OIO,OIO Group - Ordinary Shares,NASDAQ,common_stock,0001957538
OIS,"Oil States International, Inc. Common Stock",NYSE,common_stock,0001121484
OKE,"ONEOK, Inc. Common Stock",NYSE,common_stock,0001039684
OKLO,Oklo Inc. Class A common stock,NYSE,common_stock,0001849056
OKTA,"Okta, Inc. - Class A Common Stock",NASDAQ,common_stock,0001660134
OKUR,"OnKure Therapeutics, Inc. - Class A Common Stock",NASDAQ,common_stock,0001637715
OKYO,OKYO Pharma Limited - Ordinary Shares,NASDAQ,common_stock,0001849296
OLB,"The OLB Group, Inc. - Common Stock",NASDAQ,common_stock,0001314196
OLED,Universal Display Corporation - Common Stock,NASDAQ,common_stock,0001005284
OLLI,"Ollie's Bargain Outlet Holdings, Inc. - Common Stock",NASDAQ,common_stock,0001639300
OLMA,"Olema Pharmaceuticals, Inc. - Common Stock",NASDAQ,common_stock,0001750284
OLN,Olin Corporation Common Stock,NYSE,common_stock,0000074303
OLOX,Olenox Industries Inc. - Common Stock,NASDAQ,common_stock,0001023994
OLP,"One Liberty Properties, Inc. Common Stock",NYSE,common_stock,0000712770
OM,"Outset Medical, Inc. - Common Stock",NASDAQ,common_stock,0001484612
OMAB,Grupo Aeroportuario del Centro Norte S.A.B. de C.V. - American Depositary Shares each representing 8 Series B shares,NASDAQ,common_stock,0001378239
OMC,Omnicom Group Inc. Common Stock,NYSE,common_stock,0000029989
OMCL,"Omnicell, Inc. - Common Stock",NASDAQ,common_stock,0000926326
OMDA,"Omada Health, Inc. - Common Stock",NASDAQ,common_stock,0001611115
OMER,Omeros Corporation - Common Stock,NASDAQ,common_stock,0001285819
OMEX,"Odyssey Marine Exploration, Inc. - Common Stock",NASDAQ,common_stock,0000798528
OMF,"OneMain Holdings, Inc. Common Stock",NYSE,common_stock,0001584207
OMH,Ohmyhome Limited - Class A Ordinary Shares,NASDAQ,common_stock,0001944902
OMSE,OMS Energy Technologies Inc. - Ordinary Shares,NASDAQ,common_stock,0002012219
ON,ON Semiconductor Corporation - Common Stock,NASDAQ,common_stock,0001097864
ONB,Old National Bancorp - Common Stock,NASDAQ,common_stock,0000707179
ONC,BeOne Medicines Ltd. - American Depositary Shares,NASDAQ,common_stock,0001651308
ONCH,1RT Acquisition Corp. - Class A Ordinary Share,NASDAQ,common_stock,0002054272
ONCO,"Onconetix, Inc.  - Common Stock",NASDAQ,common_stock,0001782107
ONCY,Oncolytics Biotech Inc. - Common Stock,NASDAQ,common_stock,0001129928
ONDS,Ondas Inc - Common Stock,NASDAQ,common_stock,0001646188
ONEG,OneConstruction Group Limited - Ordinary Shares,NASDAQ,common_stock,0002030834
ONEW,OneWater Marine Inc. - Class A Common Stock,NASDAQ,common_stock,0001772921
ONFO,Onfolio Holdings Inc. - Common Stock,NASDAQ,common_stock,0001825452
ONIT,Onity Group Inc. Common Stock,NYSE,common_stock,0000873860
ONL,Orion Properties Inc. Common Stock,NYSE,common_stock,0001873923
ONMD,OneMedNet Corp - Class A Common Stock,NASDAQ,common_stock,0001849380
ONON,On Holding AG Class A Ordinary Shares,NYSE,common_stock,0001858985
ONT,"Onterris, Inc. Common Stock",NYSE,common_stock,0001643615
ONTO,Onto Innovation Inc. Common Stock,NYSE,common_stock,0000704532
OOMA,"Ooma, Inc. Common Stock",NYSE,common_stock,0001327688
OPAD,Offerpad Solutions Inc. Class A Common Stock,NYSE,common_stock,0001825024
OPAL,OPAL Fuels Inc. - Class A Common Stock,NASDAQ,common_stock,0001842279
OPBK,OP Bancorp - Common Stock,NASDAQ,common_stock,0001722010
OPCH,"Option Care Health, Inc. - Common Stock",NASDAQ,common_stock,0001014739
OPEN,Opendoor Technologies Inc  - Common Stock,NASDAQ,common_stock,0001801169
OPFI,OppFi Inc. Class A Common Stock,NYSE,common_stock,0001818502
OPHC,"OptimumBank Holdings, Inc. Common Stock",NYSE American,common_stock,0001288855
OPI,Office Properties Income Trust - Common shares of beneficial interest,NASDAQ,common_stock,0001456772
OPK,"Opko Health, Inc. - Common Stock",NASDAQ,common_stock,0000944809
OPLN,"OPENLANE, Inc. Common Stock",NYSE,common_stock,0001395942
OPP,"RiverNorth/DoubleLine Strategic Opportunity Fund, Inc. Common Stock",NYSE,common_stock,0001678130
OPRA,Opera Limited - American Depositary Shares,NASDAQ,common_stock,0001737450
OPRT,Oportun Financial Corporation - common stock,NASDAQ,common_stock,0001538716
OPRX,OptimizeRx Corporation - Common Stock,NASDAQ,common_stock,0001448431
OPTH,Optimi Health Corp. - Common Shares,NASDAQ,common_stock,0002027329
OPTT,"Ocean Power Technologies, Inc. Common Stock",NYSE American,common_stock,0001378140
OPTU,"Optimum Communications, Inc. Class A common stock",NYSE,common_stock,0001702780
OPTX,"Syntec Optics Holdings, Inc. - Class A Common Stock",NASDAQ,common_stock,0001866816
OPXS,"Optex Systems Holdings, Inc. - Common Stock",NASDAQ,common_stock,0001397016
OPY,"Oppenheimer Holdings, Inc. Class A Common Stock (DE)",NYSE,common_stock,0000791963
OR,OR Royalties Inc. Common Shares,NYSE,common_stock,0001627272
ORA,"Ormat Technologies, Inc. Common Stock",NYSE,common_stock,0001296445
ORBS,Eightco Holdings Inc. - Common Stock,NASDAQ,common_stock,0001892492
ORC,"Orchid Island Capital, Inc. Common Stock",NYSE,common_stock,0001518621
ORCL,Oracle Corporation Common Stock,NYSE,common_stock,0001341439
ORGO,Organogenesis Holdings Inc.  - Class A,NASDAQ,common_stock,0001661181
ORI,Old Republic International Corporation Common Stock,NYSE,common_stock,0000074260
ORIC,"Oric Pharmaceuticals, Inc. - Common Stock",NASDAQ,common_stock,0001796280
ORIO,Orion Digital Corp. - Common Shares,NASDAQ,common_stock,0001602842
ORIQ,Origin Investment Corp I - Ordinary Shares,NASDAQ,common_stock,0002044523
ORKA,"Oruka Therapeutics, Inc. - Common Stock",NASDAQ,common_stock,0000907654
ORKT,Orangekloud Technology Inc. - Class A Ordinary Shares,NASDAQ,common_stock,0001979407
ORLY,"O'Reilly Automotive, Inc. - Common Stock",NASDAQ,common_stock,0000898173
ORMP,Oramed Pharmaceuticals Inc. - Common Stock,NASDAQ,common_stock,0001176309
ORN,"Orion Group Holdings, Inc. Common",NYSE,common_stock,0001402829
ORRF,"Orrstown Financial Services, Inc. - Common Stock",NASDAQ,common_stock,0000826154
OSBC,"Old Second Bancorp, Inc. - Common Stock",NASDAQ,common_stock,0000357173
OSCR,"Oscar Health, Inc. Class A Common Stock",NYSE,common_stock,0001568651
OSG,"Octave Specialty Group, Inc. Common Stock",NYSE,common_stock,0000874501
OSIS,"OSI Systems, Inc. - Common Stock",NASDAQ,common_stock,0001039065
OSK,Oshkosh Corporation (Holding Company)Common Stock,NYSE,common_stock,0000775158
OSPN,OneSpan Inc. - Common Stock,NASDAQ,common_stock,0001044777
OSPR,Osprey Acquisition Corp. III - Class A Ordinary Shares,NASDAQ,common_stock,0002113481
OSRH,"OSR Health, Inc. - Common Stock",NASDAQ,common_stock,0001840425
OSS,"One Stop Systems, Inc. - Common Stock",NASDAQ,common_stock,0001394056
OST,"Ostin Technology Group Co., Ltd. - Class A Ordinary Shares",NASDAQ,common_stock,0001803407
OSTX,OS Therapies Incorporated Common Stock,NYSE American,common_stock,0001795091
OSUR,"OraSure Technologies, Inc. - Common Stock",NASDAQ,common_stock,0001116463
OSW,OneSpaWorld Holdings Limited - Common Shares,NASDAQ,common_stock,0001758488
OTAI,Starlink AI Acquisition Corporation Ordinary Shares,NYSE,common_stock,0002094076
OTEX,Open Text Corporation - Common Shares,NASDAQ,common_stock,0001002638
OTF,Blue Owl Technology Finance Corp. Common Stock,NYSE,common_stock,0001747777
OTGA,OTG Acquisition Corp. I - Class A Ordinary Share,NASDAQ,common_stock,0002077010
OTIS,Otis Worldwide Corporation Common Stock,NYSE,common_stock,0001781335
OTLK,"Outlook Therapeutics, Inc. - Common Stock",NASDAQ,common_stock,0001649989
OTLY,Oatly Group AB - American Depositary Shares,NASDAQ,common_stock,0001843586
OTTR,Otter Tail Corporation - Common Stock,NASDAQ,common_stock,0001466593
OUST,"Ouster, Inc. - Common Stock",NASDAQ,common_stock,0001816581
OUT,OUTFRONT Media Inc. Common Stock,NYSE,common_stock,0001579877
OVBC,Ohio Valley Banc Corp. - Common Stock,NASDAQ,common_stock,0000894671
OVID,Ovid Therapeutics Inc. - Common Stock,NASDAQ,common_stock,0001636651
OVLY,Oak Valley Bancorp (CA) - Common Stock,NASDAQ,common_stock,0001431567
OVV,Ovintiv Inc. (DE),NYSE,common_stock,0001792580
OWL,Blue Owl Capital Inc. Class A Common Stock,NYSE,common_stock,0001823945
OWLS,OBOOK Holdings Inc. - Class A Common Shares,NASDAQ,common_stock,0002025416
OWLT,"Owlet, Inc. Class A Common Stock",NYSE,common_stock,0001816708
OXBR,Oxbridge Re Holdings Limited - Ordinary Shares,NASDAQ,common_stock,0001584831
OXLC,Oxford Lane Capital Corp. - Closed End Fund,NASDAQ,common_stock,0001495222
OXM,"Oxford Industries, Inc. Common Stock",NYSE,common_stock,0000075288
OXSQ,Oxford Square Capital Corp. - Closed End Fund,NASDAQ,common_stock,0001259429
OXY,Occidental Petroleum Corporation Common Stock,NYSE,common_stock,0000797468
OYSE,Oyster Enterprises II Acquisition Corp - Class A Ordinary Shares,NASDAQ,common_stock,0002042182
OZK,Bank OZK - Common Stock,NASDAQ,common_stock,0001569650
P,"Everpure, Inc. Class A common stock",NYSE,common_stock,0001474432
PAAC,Proem Acquisition Corp I - Ordinary Shares,NASDAQ,common_stock,0002087446
PAAS,Pan American Silver Corp. Common Stock,NYSE,common_stock,0000771992
PAC,"Grupo Aeroportuario Del Pacifico, S.A. B. de C.V. Grupo Aeroportuario Del Pacifico, S.A. de C.V. (each representing 10 Series B shares)",NYSE,common_stock,0001347557
PACB,"Pacific Biosciences of California, Inc. - Common Stock",NASDAQ,common_stock,0001299130
PACH,Pioneer Acquisition I Corp - Class A Ordinary Shares,NASDAQ,common_stock,0002040381
PACK,Ranpak Holdings Corp Class A Common Stock,NYSE,common_stock,0001712463
PACS,"PACS Group, Inc. Common Stock",NYSE,common_stock,0002001184
PAG,"Penske Automotive Group, Inc. Common Stock",NYSE,common_stock,0001019849
PAGP,"Plains GP Holdings, L.P. - Class A Shares representing limited partner interests",NASDAQ,common_stock,0001581990
PAGS,PagSeguro Digital Ltd. Class A Common Shares,NYSE,common_stock,0001712807
PAHC,Phibro Animal Health Corporation - Class A Common Stock,NASDAQ,common_stock,0001069899
PAI,Western Asset Investment Grade Income Fund Inc.,NYSE,common_stock,0000075398
PAII,Pyrophyte Acquisition Corp. II Class A Ordinary Shares,NYSE,common_stock,0002069238
PAL,"Proficient Auto Logistics, Inc. - Common Stock",NASDAQ,common_stock,0001998768
PALI,"Palisade Bio, Inc. - Common Stock",NASDAQ,common_stock,0001357459
PALO,Paloma Acquisition Corp I - Class A Ordinary Shares,NASDAQ,common_stock,0002101562
PAM,Pampa Energia S.A.,NYSE,common_stock,0001469395
PAMT,PAMT CORP - Common Stock,NASDAQ,common_stock,0000798287
PANL,Pangaea Logistics Solutions Ltd. - Common Stock,NASDAQ,common_stock,0001606909
PANW,"Palo Alto Networks, Inc. - Common Stock",NASDAQ,common_stock,0001327567
PAPL,Pineapple Financial Inc. Common Stock,NYSE American,common_stock,0001938109
PAR,PAR Technology Corporation Common Stock,NYSE,common_stock,0000708821
PARA,"Banzai International, Inc. - Class A Common Stock",NASDAQ,common_stock,0001826011
PARK,"Park Dental Partners, Inc. - Common Stock",NASDAQ,common_stock,0002069604
PARR,"Par Pacific Holdings, Inc.  Common Stock",NYSE,common_stock,0000821483
PASG,"Passage Bio, Inc. - Common Stock",NASDAQ,common_stock,0001787297
PASW,"Ping An Biomedical Co., Ltd. - Class A Ordinary Shares",NASDAQ,common_stock,0001897532
PATH,"UiPath, Inc. Class A Common Stock",NYSE,common_stock,0001734722
PATK,"Patrick Industries, Inc. - Common Stock",NASDAQ,common_stock,0000076605
PAVM,PAVmed Inc. - Common Stock,NASDAQ,common_stock,0001624326
PAVS,Paranovus Entertainment Technology Ltd. - Class A Ordinary Shares,NASDAQ,common_stock,0001751876
PAX,Patria Investments Limited - Class A Common Shares,NASDAQ,common_stock,0001825570
PAXS,PIMCO Access Income Fund Common Shares of Beneficial Interest,NYSE,common_stock,0001886878
PAY,"Paymentus Holdings, Inc. Class A Common Stock",NYSE,common_stock,0001841156
PAYC,"Paycom Software, Inc. Common Stock",NYSE,common_stock,0001590955
PAYO,Payoneer Global Inc. - Common Stock,NASDAQ,common_stock,0001845815
PAYP,PayPay Corporation - American Depository Shares,NASDAQ,common_stock,0002080845
PAYS,"Paysign, Inc. - Common Stock",NASDAQ,common_stock,0001496443
PAYX,"Paychex, Inc. - Common Stock",NASDAQ,common_stock,0000723531
PB,"Prosperity Bancshares, Inc. Common Stock",NYSE,common_stock,0001068851
PBA,Pembina Pipeline Corp. Ordinary Shares (Canada),NYSE,common_stock,0001546066
PBAM,"Private Bancorp of America, Inc. - Common Stock",NASDAQ,common_stock,0001705284
PBF,PBF Energy Inc. Class A Common Stock,NYSE,common_stock,0001534504
PBFS,"Pioneer Bancorp, Inc. - Common Stock",NASDAQ,common_stock,0001769663
PBH,Prestige Consumer Healthcare Inc. Common Stock,NYSE,common_stock,0001295947
PBHC,"Pathfinder Bancorp, Inc. - Common Stock",NASDAQ,common_stock,0001609065
PBI,Pitney Bowes Inc. Common Stock,NYSE,common_stock,0000078814
PBK,PowerBank Corporation - Common Stock,NASDAQ,common_stock,0002011053
PBLS,"Parabilis Medicines, Inc. - Common Stock",NASDAQ,common_stock,0001657677
PBM,Psyence Biomedical Ltd. - Common Shares,NASDAQ,common_stock,0001985062
PBR,Petroleo Brasileiro S.A. Petrobras ADS,NYSE,common_stock,0001119639
PBT,Permian Basin Royalty Trust Common Stock,NYSE,common_stock,0000319654
PBYI,Puma Biotechnology Inc - Common Stock,NASDAQ,common_stock,0001401667
PC,Premium Catering (Holdings) Limited - Ordinary Shares,NASDAQ,common_stock,0001998056
PCAP,ProCap Acquisition Corp - Class A Ordinary Shares,NASDAQ,common_stock,0002056634
PCAR,PACCAR Inc. - Common Stock,NASDAQ,common_stock,0000075362
PCB,PCB Bancorp - Common Stock,NASDAQ,common_stock,0001423869
PCF,High Income Securities Fund Common Stock,NYSE,common_stock,0000810943
PCG,Pacific Gas & Electric Co. Common Stock,NYSE,common_stock,0001004980
PCLA,PicoCELA Inc. - American Depositary Shares,NASDAQ,common_stock,0002018462
PCM,"PCM Fund, Inc. Common Stock",NYSE,common_stock,0000908187
PCN,Pimco Corporate & Income Strategy Fund Common Stock,NYSE,common_stock,0001160990
PCOR,"Procore Technologies, Inc. Common Stock",NYSE,common_stock,0001611052
PCQ,PIMCO California Municipal Income Fund Common Stock,NYSE,common_stock,0001140411
PCRX,"Pacira BioSciences, Inc. - Common Stock",NASDAQ,common_stock,0001396814
PCSA,"Processa Pharmaceuticals, Inc. - Common Stock",NASDAQ,common_stock,0001533743
PCT,"PureCycle Technologies, Inc. - Common stock",NASDAQ,common_stock,0001830033
PCTY,Paylocity Holding Corporation - Common Stock,NASDAQ,common_stock,0001591698
PCVX,"Vaxcyte, Inc. - Common Stock",NASDAQ,common_stock,0001649094
PCYO,Pure Cycle Corporation - Common Stock,NASDAQ,common_stock,0000276720
PD,"PagerDuty, Inc. Common Stock",NYSE,common_stock,0001568100
PDC,Perpetuals.com Ltd - American Depositary Shares,NASDAQ,common_stock,0001944399
PDCC,Pearl Diver Credit Company Inc. Common Stock,NYSE,common_stock,0001998043
PDD,PDD Holdings Inc. - American Depositary Shares,NASDAQ,common_stock,0001737806
PDEX,"Pro-Dex, Inc. - Common Stock",NASDAQ,common_stock,0000788920
PDFS,"PDF Solutions, Inc. - Common Stock",NASDAQ,common_stock,0001120914
PDI,PIMCO Dynamic Income Fund Common Stock,NYSE,common_stock,0001510599
PDLB,"Ponce Financial Group, Inc. - Common Stock",NASDAQ,common_stock,0001874071
PDM,"Piedmont Realty Trust, Inc. Class A Common Stock",NYSE,common_stock,0001042776
PDO,PIMCO Dynamic Income Opportunities Fund Common Shares of Beneficial Interest,NYSE,common_stock,0001798618
PDS,Precision Drilling Corporation Common Stock,NYSE,common_stock,0001013605
PDSB,PDS Biotechnology Corporation - Common Stock,NASDAQ,common_stock,0001472091
PDT,John Hancock Premium Dividend Fund,NYSE,common_stock,0000855886
PDX,PIMCO Dynamic Income Strategy Fund Common Shares of Beneficial Interest,NYSE,common_stock,0001756908
PDYN,Palladyne AI Corp. - Common stock,NASDAQ,common_stock,0001826681
PEB,Pebblebrook Hotel Trust Common Shares of Beneficial Interest,NYSE,common_stock,0001474098
PEBK,"Peoples Bancorp of North Carolina, Inc. - Common Stock",NASDAQ,common_stock,0001093672
PEBO,Peoples Bancorp Inc. - Common Stock,NASDAQ,common_stock,0000318300
PECE,Peace Acquisition Corp - Ordinary Shares,NASDAQ,common_stock,0002088626
PECO,"Phillips Edison & Company, Inc. - Common Stock",NASDAQ,common_stock,0001476204
PED,Pedevco Corp. Common Stock,NYSE American,common_stock,0001141197
PEG,Public Service Enterprise Group Incorporated Common Stock,NYSE,common_stock,0000788784
PEGA,Pegasystems Inc. - Common Stock,NASDAQ,common_stock,0001013857
PEN,"Penumbra, Inc. Common Stock",NYSE,common_stock,0001321732
PENG,"Penguin Solutions, Inc. - Common Stock",NASDAQ,common_stock,0001616533
PENN,"PENN Entertainment, Inc. - Common Stock",NASDAQ,common_stock,0000921738
PEO,"Adams Natural Resources Fund, Inc. Common Stock",NYSE,common_stock,0000216851
PEP,"PepsiCo, Inc. - Common Stock",NASDAQ,common_stock,0000077476
PEPG,PepGen Inc. - Common Stock,NASDAQ,common_stock,0001835597
PERF,Perfect Corp. Class A Ordinary Share,NYSE,common_stock,0001899830
PERI,Perion Network Ltd - Ordinary Shares,NASDAQ,common_stock,0001338940
PESI,"Perma-Fix Environmental Services, Inc. - Common Stock",NASDAQ,common_stock,0000891532
PETS,"PetMed Express, Inc. - Common Stock",NASDAQ,common_stock,0001040130
PETZ,"TDH Holdings, Inc. - Common Shares",NASDAQ,common_stock,0001684425
PEW,GrabAGun Digital Holdings Inc. Common Stock,NYSE,common_stock,0002051380
PFAI,Pinnacle Food Group Limited - Class A Common Shares,NASDAQ,common_stock,0002032755
PFBC,Preferred Bank - Common Stock,NASDAQ,common_stock,0001492165
PFE,"Pfizer, Inc. Common Stock",NYSE,common_stock,0000078003
PFG,Principal Financial Group Inc - Common Stock,NASDAQ,common_stock,0001126328
PFGC,Performance Food Group Company Common Stock,NYSE,common_stock,0001618673
PFIS,Peoples Financial Services Corp.  - Common Stock,NASDAQ,common_stock,0001056943
PFL,PIMCO Income Strategy Fund Shares of Beneficial Interest,NYSE,common_stock,0001244183
PFLT,PennantPark Floating Rate Capital Ltd. Common Stock,NYSE,common_stock,0001504619
PFN,PIMCO Income Strategy Fund II,NYSE,common_stock,0001296250
PFS,"Provident Financial Services, Inc Common Stock",NYSE,common_stock,0001178970
PFSA,"Profusa, Inc. - Common Stock",NASDAQ,common_stock,0001859807
PFSI,"PennyMac Financial Services, Inc. Common Stock",NYSE,common_stock,0001745916
PFX,PhenixFIN Corporation  - Common Stock,NASDAQ,common_stock,0001490349
PG,Procter & Gamble Company (The) Common Stock,NYSE,common_stock,0000080424
PGAC,Pantages Capital Acquisition Corporation - Class A Ordinary Shares,NASDAQ,common_stock,0002030829
PGC,Peapack-Gladstone Financial Corporation - Common Stock,NASDAQ,common_stock,0001050743
PGEN,"Precigen, Inc. - Common Stock",NASDAQ,common_stock,0001356090
PGNY,"Progyny, Inc. - Common Stock",NASDAQ,common_stock,0001551306
PGP,Pimco Global StocksPlus & Income Fund Common Shares of Beneficial Interest,NYSE,common_stock,0001318025
PGR,Progressive Corporation (The) Common Stock,NYSE,common_stock,0000080661
PGY,Pagaya Technologies Ltd. - Class A Ordinary Shares,NASDAQ,common_stock,0001883085
PGZ,Principal Real Estate Income Fund Common Shares of Beneficial Interest,NYSE,common_stock,0001557523
PH,Parker-Hannifin Corporation Common Stock,NYSE,common_stock,0000076334
PHAR,"Pharming Group N.V. - ADS, each representing 10 ordinary shares",NASDAQ,common_stock,0001828316
PHAT,"Phathom Pharmaceuticals, Inc. - Common Stock",NASDAQ,common_stock,0001783183
PHG,Koninklijke Philips N.V. NY Registry Shares,NYSE,common_stock,0000313216
PHGE,BiomX Inc. COmmon Stock,NYSE American,common_stock,0001739174
PHI,PLDT Inc. Sponsored ADR,NYSE,common_stock,0000078150
PHIN,PHINIA Inc. Common Stock,NYSE,common_stock,0001968915
PHIO,Phio Pharmaceuticals Corp. - Common Stock,NASDAQ,common_stock,0001533040
PHK,Pimco High Income Fund,NYSE,common_stock,0001219360
PHM,"PulteGroup, Inc. Common Stock",NYSE,common_stock,0000822416
PHOE,Phoenix Asia Holdings Limited - Ordinary Shares,NASDAQ,common_stock,0002035709
PHOS,First Phosphate Corp. - American Depositary Shares,NASDAQ,common_stock,0001490078
PHR,"Phreesia, Inc. Common Stock",NYSE,common_stock,0001412408
PHUN,"Phunware, Inc. - Common Stock",NASDAQ,common_stock,0001665300
PHVS,Pharvaris N.V. - Ordinary Shares,NASDAQ,common_stock,0001830487
PI,"Impinj, Inc. - Common Stock",NASDAQ,common_stock,0001114995
PICS,PicS N.V. - Class A Common Shares,NASDAQ,common_stock,0001841644
PII,Polaris Inc. Common Stock,NYSE,common_stock,0000931015
PIII,P3 Health Partners Inc. - Class A Common Stock,NASDAQ,common_stock,0001832511
PIM,Franklin Master Intermediate Income Trust Shares of Beneficial Interest,NYSE,common_stock,0000830622
PINE,"Alpine Income Property Trust, Inc. Common Stock",NYSE,common_stock,0001786117
PINS,"Pinterest, Inc. Class A Common Stock",NYSE,common_stock,0001506293
PIPR,Piper Sandler Companies Common Stock,NYSE,common_stock,0001230245
PJT,PJT Partners Inc. Class A Common Stock,NYSE,common_stock,0001626115
PK,Park Hotels & Resorts Inc. Common Stock,NYSE,common_stock,0001617406
PKBK,"Parke Bancorp, Inc. - Common Stock",NASDAQ,common_stock,0001315399
PKE,Park Aerospace Corp. Common Stock,NYSE,common_stock,0000076267
PKG,Packaging Corporation of America Common Stock,NYSE,common_stock,0000075677
PKOH,Park-Ohio Holdings Corp. - Common Stock,NASDAQ,common_stock,0000076282
PKX,POSCO HOLDINGS INC. American Depositary Shares (Each representing 1/4th of a share of Common Stock),NYSE,common_stock,0000889132
PL,Planet Labs PBC Class A Common Stock,NYSE,common_stock,0001836833
PLAB,"Photronics, Inc. - Common Stock",NASDAQ,common_stock,0000810136
PLAG,Planet Green Holdings Corp. Common Stock,NYSE American,common_stock,0001117057
PLAY,"Dave & Buster's Entertainment, Inc. - Common Stock",NASDAQ,common_stock,0001525769
PLBC,Plumas Bancorp - Common Stock,NASDAQ,common_stock,0001168455
PLBL,Polibeli Group Ltd - Class A Ordinary Shares,NASDAQ,common_stock,0002035697
PLBY,"Playboy, Inc. - Common Stock",NASDAQ,common_stock,0001803914
PLCE,"Children's Place, Inc. (The) - Common Stock",NASDAQ,common_stock,0001041859
PLCI,Pelican Acquisition II Corporation - Ordinary Shares,NASDAQ,common_stock,0002122392
PLD,"Prologis, Inc. Common Stock",NYSE,common_stock,0001045609
PLG,Platinum Group Metals Ltd. Ordinary Shares (Canada),NYSE American,common_stock,0001095052
PLGO,Pelagos Insurance Capital Limited Common Shares,NYSE,common_stock,0001636639
PLMK,Plum Acquisition Corp. IV - Class A Ordinary Shares,NASDAQ,common_stock,0002030482
PLMR,"Palomar Holdings, Inc. - Common stock",NASDAQ,common_stock,0001761312
PLNT,"Planet Fitness, Inc. Common Stock",NYSE,common_stock,0001637207
PLOW,"Douglas Dynamics, Inc. Common Stock",NYSE,common_stock,0001287213
PLPC,Preformed Line Products Company - Common Stock,NASDAQ,common_stock,0000080035
PLRX,"Pliant Therapeutics, Inc. - Common Stock",NASDAQ,common_stock,0001746473
PLRZ,Polyrizon Ltd. - Ordinary Shares,NASDAQ,common_stock,0001893645
PLSE,"Pulse Biosciences, Inc - Common Stock",NASDAQ,common_stock,0001625101
PLSM,Pulsenmore Ltd. - Ordinary Shares,NASDAQ,common_stock,0002064764
PLTK,Playtika Holding Corp. - Common Stock,NASDAQ,common_stock,0001828016
PLTR,Palantir Technologies Inc. - Class A Common Stock,NASDAQ,common_stock,0001321655
PLTS,Platinum Analytics Cayman Limited - Class A Ordinary Shares,NASDAQ,common_stock,0002053033
PLUG,"Plug Power, Inc. - Common Stock",NASDAQ,common_stock,0001093691
PLUN,Plutonian Acquisition Corp II Class A Ordinary Shares,NYSE,common_stock,0002065661
PLUR,Pluri Inc. - Common Stock,NASDAQ,common_stock,0001158780
PLUS,ePlus inc. - Common Stock,NASDAQ,common_stock,0001022408
PLUT,Plutus Financial Group Limited - Ordinary Shares,NASDAQ,common_stock,0001933021
PLX,"Protalix BioTherapeutics, Inc. (DE) Common Stock",NYSE American,common_stock,0001006281
PLXS,Plexus Corp. - Common Stock,NASDAQ,common_stock,0000785786
PLYX,"Polaryx Therapeutics, Inc. - Common Stock",NASDAQ,common_stock,0002075320
PM,Philip Morris International Inc Common Stock,NYSE,common_stock,0001413329
PMA,Ming Shing Group Holdings Limited - Ordinary Shares,NASDAQ,common_stock,0001956166
PMAX,Powell Max Limited - Class A Ordinary Shares,NASDAQ,common_stock,0002012096
PMCB,"PharmaCyte  Biotech, Inc. - Common Stock",NASDAQ,common_stock,0001157075
PMEC,Primech Holdings Ltd. - Ordinary Shares,NASDAQ,common_stock,0001891944
PMI,"Picard Medical, Inc. Common Stock",NYSE American,common_stock,0002030617
PML,Pimco Municipal Income Fund II Common Shares of Beneficial Interest,NYSE,common_stock,0001170299
PMM,Franklin Managed Municipal Income Trust Shares of Beneficial Interest,NYSE,common_stock,0000844790
PMN,ProMIS Neurosciences Inc. - Common Shares,NASDAQ,common_stock,0001374339
PMO,Franklin Municipal Opportunities Trust Shares of Beneficial Interest,NYSE,common_stock,0000900422
PMT,PennyMac Mortgage Investment Trust Common Shares of Beneficial Interest,NYSE,common_stock,0001464423
PMTR,Perimeter Acquisition Corp. I - Class A Ordinary Shares,NASDAQ,common_stock,0002061473
PMTS,CPI Card Group Inc. - Common Stock,NASDAQ,common_stock,0001641614
PMVP,"PMV Pharmaceuticals, Inc. - Common Stock",NASDAQ,common_stock,0001699382
PN,PN Smart Energy Limited - Class A Ordinary Shares,NASDAQ,common_stock,0002001288
PNBK,Patriot National Bancorp Inc. - Common Stock,NASDAQ,common_stock,0001098146
PNC,"PNC Financial Services Group, Inc. (The) Common Stock",NYSE,common_stock,0000713676
PNFP,"Pinnacle Financial Partners, Inc. Common stock",NYSE,common_stock,0002082866
PNI,Pimco New York Municipal Income Fund II Common Shares of Beneficial Interest,NYSE,common_stock,0001170311
PNNT,PennantPark Investment Corporation Common Stock,NYSE,common_stock,0001383414
PNR,Pentair plc. Ordinary Share,NYSE,common_stock,0000077360
PNRG,PrimeEnergy Resources Corporation - Common Stock,NASDAQ,common_stock,0000056868
PNTG,"The Pennant Group, Inc. - Common Stock",NASDAQ,common_stock,0001766400
PNW,Pinnacle West Capital Corporation Common Stock,NYSE,common_stock,0000764622
POAS,Phaos Technology Holdings (Cayman) Limited Class A Ordinary Shares,NYSE American,common_stock,0002024258
POCI,"Precision Optics Corporation, Inc. - Common stock",NASDAQ,common_stock,0000867840
PODC,"PodcastOne, Inc. - Common Stock",NASDAQ,common_stock,0001940177
PODD,Insulet Corporation - Common Stock,NASDAQ,common_stock,0001145197
POET,POET Technologies Inc. - Common Shares,NASDAQ,common_stock,0001437424
POLA,"Polar Power, Inc. - Common Stock",NASDAQ,common_stock,0001622345
POLE,Andretti Acquisition Corp. II - Class A Ordinary Shares,NASDAQ,common_stock,0002025341
POM,POMDOCTOR LIMITED - American Depositary Shares,NASDAQ,common_stock,0001877971
PONO,"Pono Capital Four, Inc. - Class A Ordinary Shares",NASDAQ,common_stock,0002108164
PONY,Pony AI Inc. - American Depositary Shares,NASDAQ,common_stock,0001969302
POOL,Pool Corporation - Common Stock,NASDAQ,common_stock,0000945841
POR,Portland General Electric Co Common Stock,NYSE,common_stock,0000784977
POST,"Post Holdings, Inc. Common Stock",NYSE,common_stock,0001530950
POWI,"Power Integrations, Inc. - Common Stock",NASDAQ,common_stock,0000833640
POWL,"Powell Industries, Inc. - Common Stock",NASDAQ,common_stock,0000080420
POWW,Outdoor Holding Company - Common Stock,NASDAQ,common_stock,0001015383
PPBT,Purple Biotech Ltd. - American Depositary Shares,NASDAQ,common_stock,0001614744
PPC,Pilgrim's Pride Corporation - Common Stock,NASDAQ,common_stock,0000802481
PPCB,"Propanc Biopharma, Inc. - Common Stock",NASDAQ,common_stock,0001517681
PPG,"PPG Industries, Inc. Common Stock",NYSE,common_stock,0000079879
PPHC,"Public Policy Holding Company, Inc. - Common Stock",NASDAQ,common_stock,0001903508
PPIH,"Perma-Pipe International Holdings, Inc. - Common Stock",NASDAQ,common_stock,0000914122
PPL,PPL Corporation Common Stock,NYSE,common_stock,0000922224
PPLI,People Incorporated - Common Stock,NASDAQ,common_stock,0001800227
PPSI,"Pioneer Power Solutions, Inc. - Common Stock",NASDAQ,common_stock,0001449792
PPT,Franklin Premier Income Trust Shares of Beneficial Interest,NYSE,common_stock,0000827773
PPTA,Perpetua Resources Corp. - Common Shares,NASDAQ,common_stock,0001526243
PR,Permian Resources Corporation Class A Common Stock,NYSE,common_stock,0001658566
PRAA,"PRA Group, Inc. - Common Stock",NASDAQ,common_stock,0001185348
PRAX,"Praxis Precision Medicines, Inc. - Common Stock",NASDAQ,common_stock,0001689548
PRCH,"Porch Group, Inc. - Common Stock",NASDAQ,common_stock,0001784535
PRCT,PROCEPT BioRobotics Corporation - Common Stock,NASDAQ,common_stock,0001588978
PRDO,Perdoceo Education Corporation - Common Stock,NASDAQ,common_stock,0001046568
PRE,Prenetics Global Limited - Class A Ordinary Share,NASDAQ,common_stock,0001876431
PRFX,PRF Technologies Ltd. - Ordinary Shares,NASDAQ,common_stock,0001801834
PRG,"PROG Holdings, Inc. Common Stock",NYSE,common_stock,0001808834
PRGO,Perrigo Company plc Ordinary Shares,NYSE,common_stock,0001585364
PRGS,Progress Software Corporation - Common Stock,NASDAQ,common_stock,0000876167
PRHI,"Presurance Holdings, Inc. - Common Stock",NASDAQ,common_stock,0001502292
PRI,"Primerica, Inc. Common Stock",NYSE,common_stock,0001475922
PRIM,Primoris Services Corporation Common Stock,NYSE,common_stock,0001361538
PRK,Park National Corporation Common Stock,NYSE American,common_stock,0000805676
PRKS,United Parks & Resorts Inc. Common Stock,NYSE,common_stock,0001564902
PRLB,"Proto Labs, Inc. Common stock",NYSE,common_stock,0001443669
PRLD,Prelude Therapeutics Incorporated - Common Stock,NASDAQ,common_stock,0001678660
PRM,"Perimeter Solutions, SA Common Stock",NYSE,common_stock,0001880319
PRMB,Primo Brands Corporation Class A Common Stock,NYSE,common_stock,0002042694
PRME,"Prime Medicine, Inc. - Common Stock",NASDAQ,common_stock,0001894562
PROF,Profound Medical Corp. - common stock,NASDAQ,common_stock,0001628808
PROK,ProKidney Corp. - Class A Ordinary Shares,NASDAQ,common_stock,0001850270
PROP,Prairie Operating Co. - Common Stock,NASDAQ,common_stock,0001162896
PROV,"Provident Financial Holdings, Inc. - Common Stock",NASDAQ,common_stock,0001010470
PRPL,"Purple Innovation, Inc. - Common Stock",NASDAQ,common_stock,0001643953
PRPO,"Precipio, Inc. - Common Stock",NASDAQ,common_stock,0001043961
PRQR,ProQR Therapeutics N.V. - Ordinary Shares,NASDAQ,common_stock,0001612940
PRSO,Peraso Inc. - Common Stock,NASDAQ,common_stock,0000890394
PRSU,"Pursuit Attractions and Hospitality, Inc. Common Stock",NYSE,common_stock,0000884219
PRTA,Prothena Corporation plc - Ordinary Shares,NASDAQ,common_stock,0001559053
PRTH,"Priority Technology Holdings, Inc. - Common Stock",NASDAQ,common_stock,0001653558
PRTS,"CarParts.com, Inc. - Common Stock",NASDAQ,common_stock,0001378950
PRU,"Prudential Financial, Inc. Common Stock",NYSE,common_stock,0001137774
PRVA,"Privia Health Group, Inc. - Common Stock",NASDAQ,common_stock,0001759655
PRZO,ParaZero Technologies Ltd. - Ordinary Shares,NASDAQ,common_stock,0001916241
PS,Pershing Square Inc. Common Stock,NYSE,common_stock,0002026053
PSA,Public Storage Common Stock,NYSE,common_stock,0001393311
PSBD,Palmer Square Capital BDC Inc. Common Stock,NYSE,common_stock,0001794776
PSEC,Prospect Capital Corporation - Closed End Fund,NASDAQ,common_stock,0001287032
PSFE,Paysafe Limited Common Shares,NYSE,common_stock,0001833835
PSHG,Performance Shipping Inc. - Common Shares,NASDAQ,common_stock,0001481241
PSIG,PS International Group Ltd. - Ordinary Shares,NASDAQ,common_stock,0001997201
PSIX,"Power Solutions International, Inc. - Common Stock",NASDAQ,common_stock,0001137091
PSKY,Paramount Skydance Corporation - Class B Common Stock,NASDAQ,common_stock,0002041610
PSMT,"PriceSmart, Inc. - Common Stock",NASDAQ,common_stock,0001041803
PSN,Parsons Corporation Common Stock,NYSE,common_stock,0000275880
PSNL,"Personalis, Inc. - Common Stock",NASDAQ,common_stock,0001527753
PSNY,Polestar Automotive Holding UK Limited - Class A ADS,NASDAQ,common_stock,0001884082
PSNYW,Polestar Automotive Holding UK Limited - Class C-1 ADS (ADW),NASDAQ,common_stock,0001884082
PSO,"Pearson, Plc Common Stock",NYSE,common_stock,0000938323
PSQH,"PSQ Holdings, Inc. Class A Common Stock",NYSE,common_stock,0001847064
PSTL,"Postal Realty Trust, Inc. Class A Common Stock",NYSE,common_stock,0001759774
PSUS,"Pershing Square USA, Ltd. Common Shares",NYSE,common_stock,0002002660
PSX,Phillips 66 Common Stock,NYSE,common_stock,0001534701
PTAC,Patriot Acquisition Corp. - Class A Ordinary Shares,NASDAQ,common_stock,0002099095
PTC,PTC Inc. - Common Stock,NASDAQ,common_stock,0000857005
PTCT,"PTC Therapeutics, Inc. - Common Stock",NASDAQ,common_stock,0001070081
PTEN,"Patterson-UTI Energy, Inc. - Common Stock",NASDAQ,common_stock,0000889900
PTGX,"Protagonist Therapeutics, Inc. - Common Stock",NASDAQ,common_stock,0001377121
PTHS,Pelthos Therapeutics Inc. Common Stock,NYSE American,common_stock,0001919246
PTLE,PTL LTD - Class A Ordinary Shares,NASDAQ,common_stock,0002016337
PTLO,Portillo's Inc. - Class A Common Stock,NASDAQ,common_stock,0001871509
PTN,"Palatin Technologies, Inc. - Common Stock",NASDAQ,common_stock,0000911216
PTON,"Peloton Interactive, Inc. - Common Stock",NASDAQ,common_stock,0001639825
PTOR,Praetorian Acquisition Corp. - Class A Ordinary Shares,NASDAQ,common_stock,0002093912
PTRN,Pattern Group Inc. - Series A Common Stock,NASDAQ,common_stock,0001811935
PTY,Pimco Corporate & Income Opportunity Fund,NYSE,common_stock,0001190935
PUBM,"PubMatic, Inc. - Class A Common Stock",NASDAQ,common_stock,0001422930
PUK,Prudential Public Limited Company Common Stock,NYSE,common_stock,0001116578
PULM,"Pulmatrix, Inc. - Common Stock",NASDAQ,common_stock,0001574235
PUMP,ProPetro Holding Corp. Common Stock,NYSE,common_stock,0001680247
PURR,Hyperliquid Strategies Inc - Common Stock,NASDAQ,common_stock,0002078856
PUSA,Aureus Greenway Holdings Inc. - Common Stock,NASDAQ,common_stock,0002009312
PVH,PVH Corp. Common Stock,NYSE,common_stock,0000078239
PVLA,"Palvella Therapeutics, Inc. - Common Stock",NASDAQ,common_stock,0001583648
PW,Power REIT (MD) Common Stock,NYSE American,common_stock,0001532619
PWCM,"PowerCompute, Inc. - Common Stock",NASDAQ,common_stock,0001640384
PWP,Perella Weinberg Partners - Class A Common Stock,NASDAQ,common_stock,0001777835
PWR,"Quanta Services, Inc. Common Stock",NYSE,common_stock,0001050915
PWRL,Powerlaw Corp. - Common Stock,NASDAQ,common_stock,0002052053
PXED,"Phoenix Education Partners, Inc. Common Stock",NYSE,common_stock,0001600222
PXLW,"Pixelworks, Inc. - Common Stock",NASDAQ,common_stock,0001040161
PXS,Pyxis Tankers Inc. - Common Stock,NASDAQ,common_stock,0001640043
PYPD,PolyPid Ltd. - Ordinary Shares,NASDAQ,common_stock,0001611842
PYPL,"PayPal Holdings, Inc. - Common Stock",NASDAQ,common_stock,0001633917
PYT,PPlus Tr GSC-2 Tr Ctf Fltg Rate,NYSE,common_stock,0001294808
PYXS,"Pyxis Oncology, Inc. - Common Stock",NASDAQ,common_stock,0001782223
PZG,Paramount Gold Nevada Corp. Common Stock,NYSE American,common_stock,0001629210
PZZA,"Papa John's International, Inc. - Common Stock",NASDAQ,common_stock,0000901491
Q,"Qnity Electronics, Inc. Common Stock",NYSE,common_stock,0002058873
QADR,QDRO Acquisition Corp. - Class A Ordinary Shares,NASDAQ,common_stock,0002083217
QBTS,D-Wave Quantum Inc. - Common Stock,NASDAQ,common_stock,0001907982
QCLS,"Q/C Technologies, Inc. - Common Stock",NASDAQ,common_stock,0001321834
QCOM,QUALCOMM Incorporated - Common Stock,NASDAQ,common_stock,0000804328
QCRH,"QCR Holdings, Inc. - Common Stock",NASDAQ,common_stock,0000906465
QDEL,QuidelOrtho Corporation - Common Stock,NASDAQ,common_stock,0001906324
QETA,Quetta Acquisition Corporation - Common Stock,NASDAQ,common_stock,0001978528
QFIN,"Qfin Holdings, Inc.  - American Depositary Shares",NASDAQ,common_stock,0001741530
QGEN,Qiagen N.V. Common Shares,NYSE,common_stock,0001015820
QH,Quhuo Limited - Class A Ordinary Shares,NASDAQ,common_stock,0001781193
QLEP,Quantum Leap Acquisition Corp Class A Ordinary Shares,NYSE,common_stock,0002102155
QLYS,"Qualys, Inc. - Common Stock",NASDAQ,common_stock,0001107843
QMCO,Quantum Corporation - Common Stock,NASDAQ,common_stock,0000709283
QMLS,"QumulusAI, Inc. - Common Stock",NASDAQ,common_stock,0002084026
QNBC,QNB Corp. - Common Stock,NASDAQ,common_stock,0000750558
QNC,Quantum eMotion Corp. Common Shares,NYSE American,common_stock,0002106613
QNCX,"Quince Therapeutics, Inc. - Common Stock",NASDAQ,common_stock,0001662774
QNME,"Quanome Technologies, Inc. - Common Stock",NASDAQ,common_stock,0001996192
QNRX,"Quoin Pharmaceuticals, Ltd. - American Depositary Shares",NASDAQ,common_stock,0001671502
QNST,"QuinStreet, Inc. - Common Stock",NASDAQ,common_stock,0001117297
QNT,Quantinuum Inc. - Class A Common Stock,NASDAQ,common_stock,0002110105
QNTM,Quantum Biopharma Ltd. - Class B Subordinate Voting Shares,NASDAQ,common_stock,0001771885
QQQX,Nuveen NASDAQ 100 Dynamic Overwrite Fund - Closed End Fund,NASDAQ,common_stock,0001608741
QRED,QuasarEdge Acquisition Corporation Ordinary Shares,NYSE,common_stock,0002085177
QRHC,Quest Resource Holding Corporation - Common Stock,NASDAQ,common_stock,0001442236
QRVO,"Qorvo, Inc. - Common Stock",NASDAQ,common_stock,0001604778
QS,QuantumScape Corporation - Common Stock,NASDAQ,common_stock,0001811414
QSEA,Quartzsea Acquisition Corporation - Ordinary Shares,NASDAQ,common_stock,0002047455
QSI,Quantum-Si Incorporated - Class A Common Stock,NASDAQ,common_stock,0001816431
QSR,Restaurant Brands International Inc. Common Shares,NYSE,common_stock,0001618756
QTEX,QTREX Quantum Ltd. - Ordinary Shares,NASDAQ,common_stock,0001837493
QTI,"QT Imaging Holdings, Inc. - Common Stock",NASDAQ,common_stock,0001844505
QTRX,Quanterix Corporation - Common Stock,NASDAQ,common_stock,0001503274
QTTB,Q32 Bio Inc. - Common Stock,NASDAQ,common_stock,0001661998
QTWO,"Q2 Holdings, Inc. Common Stock",NYSE,common_stock,0001410384
QUAD,"Quad Graphics, Inc Class A Common Stock",NYSE,common_stock,0001481792
QUBT,Quantum Computing Inc. - Common Stock,NASDAQ,common_stock,0001758009
QUCY,Quantum Cyber N.V. - Ordinary Shares,NASDAQ,common_stock,0001874252
QUIK,QuickLogic Corporation - Common Stock,NASDAQ,common_stock,0000882508
QUMS,Quantumsphere Acquisition Corp. - Ordinary Shares,NASDAQ,common_stock,0002070900
QURE,uniQure N.V. - Ordinary Shares,NASDAQ,common_stock,0001590560
QVCG,"QVC Group, Inc. - Common Stock",NASDAQ,common_stock,0001254699
QXL,Quantum X Labs Inc. - Common Stock,NASDAQ,common_stock,0000797542
QXO,"QXO, Inc. Common Stock",NYSE,common_stock,0001236275
R,"Ryder System, Inc. Common Stock",NYSE,common_stock,0000085961
RA,Brookfield Real Assets Income Fund Inc. Common Stock,NYSE,common_stock,0001655099
RAC,Rithm Acquisition Corp. Class A Ordinary Shares,NYSE,common_stock,0002047497
RACC,Research Alliance Corporation III - Class A Ordinary Shares,NASDAQ,common_stock,0002118032
RACD,Research Alliance Corporation IV - Class A Ordinary Shares,NASDAQ,common_stock,0002137777
RACE,Ferrari N.V. Common Shares,NYSE,common_stock,0001648416
RADX,Radiopharm Theranostics Limited - American Depositary Shares,NASDAQ,common_stock,0001949257
RAIL,"Freightcar America, Inc. - Common Stock",NASDAQ,common_stock,0001320854
RAIN,"Rain Enhancement Technologies Holdco, Inc. - Class A Common Stock",NASDAQ,common_stock,0002028293
RAL,Ralliant Corporation Common Stock,NYSE,common_stock,0002041385
RAMP,"LiveRamp Holdings, Inc. Common Stock",NYSE,common_stock,0000733269
RAND,Rand Capital Corporation - Closed End Fund,NASDAQ,common_stock,0000081955
RANG,Range Capital Acquisition Corp. - Ordinary Shares,NASDAQ,common_stock,0002035644
RANI,"Rani Therapeutics Holdings, Inc. - Class A Common Stock",NASDAQ,common_stock,0001856725
RAPP,"Rapport Therapeutics, Inc. - Common Stock",NASDAQ,common_stock,0002012593
RARE,Ultragenyx Pharmaceutical Inc. - Common Stock,NASDAQ,common_stock,0001515673
RAVE,"Rave Restaurant Group, Inc. - Common Stock",NASDAQ,common_stock,0000718332
RAY,Raytech Holding Limited - Ordinary Shares,NASDAQ,common_stock,0001948443
RAYA,Erayak Power Solution Group Inc. - Class A Ordinary Shares,NASDAQ,common_stock,0001825875
RBA,"RB Global, Inc. Common Stock",NYSE,common_stock,0001046102
RBB,RBB Bancorp - Common Stock,NASDAQ,common_stock,0001499422
RBBN,Ribbon Communications Inc.  - Common Stock,NASDAQ,common_stock,0001708055
RBC,RBC Bearings Incorporated Common Stock,NYSE,common_stock,0001324948
RBCAA,"Republic Bancorp, Inc. - Class A Common Stock",NASDAQ,common_stock,0000921557
RBKB,"Rhinebeck Bancorp, Inc. - Common Stock",NASDAQ,common_stock,0001751783
RBLX,Roblox Corporation Class A Common Stock,NYSE,common_stock,0001315098
RBNE,Robin Energy Ltd. - Common Stock,NASDAQ,common_stock,0002039060
RBRK,"Rubrik, Inc. Class A Common Stock",NYSE,common_stock,0001943896
RC,Ready Capital Corporation Common Stock,NYSE,common_stock,0001527590
RCAT,"Red Cat Holdings, Inc. - Common Stock",NASDAQ,common_stock,0000748268
RCBC,River City Bank - Common stock,NASDAQ,common_stock,
RCEL,"Avita Medical, Inc. - Common Stock",NASDAQ,common_stock,0001762303
RCG,"RENN Fund, Inc Common Stock",NYSE American,common_stock,0000919567
RCI,"Rogers Communication, Inc. Common Stock",NYSE,common_stock,0000733099
RCKT,"Rocket Pharmaceuticals, Inc. - Common Stock",NASDAQ,common_stock,0001281895
RCKY,"Rocky Brands, Inc. - Common Stock",NASDAQ,common_stock,0000895456
RCL,Royal Caribbean Cruises Ltd. Common Stock,NYSE,common_stock,0000884887
RCMT,"RCM Technologies, Inc. - Common Stock",NASDAQ,common_stock,0000700841
RCON,"Recon Technology, Ltd. - Class A Ordinary Shares",NASDAQ,common_stock,0001442620
RCS,"PIMCO Strategic Income Fund, Inc.",NYSE,common_stock,0000916183
RCT,RedCloud Holdings plc - Ordinary Shares,NASDAQ,common_stock,0002027360
RCUS,"Arcus Biosciences, Inc. Common Stock",NYSE,common_stock,0001724521
RDAC,Rising Dragon Acquisition Corp. - Ordinary Shares,NASDAQ,common_stock,0002018145
RDAG,Republic Digital Acquisition Company - Class A Ordinary Shares,NASDAQ,common_stock,0002055459
RDCM,Radcom Ltd. - Ordinary Shares,NASDAQ,common_stock,0001016838
RDDT,"Reddit, Inc. Class A Common Stock",NYSE,common_stock,0001713445
RDGT,"Ridgetech, Inc. - Ordinary Shares",NASDAQ,common_stock,0001856084
RDHL,Redhill Biopharma Ltd. - American Depositary Shares,NASDAQ,common_stock,0001553846
RDI,Reading International Inc - Class A Non-voting Common Stock,NASDAQ,common_stock,0000716634
RDIB,Reading International Inc - Class B Voting Common Stock,NASDAQ,common_stock,0000716634
RDN,Radian Group Inc. Common Stock,NYSE,common_stock,0000890926
RDNT,"RadNet, Inc. - Common Stock",NASDAQ,common_stock,0000790526
RDNW,"RideNow Group, Inc. - Class B Common Stock",NASDAQ,common_stock,0001596961
RDVT,"Red Violet, Inc. - Common Stock",NASDAQ,common_stock,0001720116
RDW,Redwire Corporation Common Stock,NYSE,common_stock,0001819810
RDWR,Radware Ltd. - Ordinary Shares,NASDAQ,common_stock,0001094366
RDY,Dr. Reddy's Laboratories Ltd Common Stock,NYSE,common_stock,0001135951
RDZN,"Roadzen, Inc. - Ordinary Shares",NASDAQ,common_stock,0001868640
REA,"Rare Earths Americas, Inc. Common Stock",NYSE American,common_stock,0002095743
REAL,"The RealReal, Inc. - Common Stock",NASDAQ,common_stock,0001573221
REAX,"The Real Brokerage, Inc. - Common Shares",NASDAQ,common_stock,0001862461
REBN,"Reborn Coffee, Inc. - Common Stock",NASDAQ,common_stock,0001707910
RECT,Rectitude Holdings Ltd - Ordinary Shares,NASDAQ,common_stock,0001995116
REED,"Reed's, Inc. Common Stock",NYSE American,common_stock,0001140215
REF,Reformation Inc. Common Stock,NYSE,common_stock,0001787117
REFI,"Chicago Atlantic Real Estate Finance, Inc. - Common Stock",NASDAQ,common_stock,0001867949
REFR,Research Frontiers Incorporated - Common Stock,NASDAQ,common_stock,0000793524
REG,Regency Centers Corporation - Common Stock,NASDAQ,common_stock,0000910606
REGN,"Regeneron Pharmaceuticals, Inc. - Common Stock",NASDAQ,common_stock,0000872589
REI,"Ring Energy, Inc. Common Stock",NYSE American,common_stock,0001384195
REKR,"Rekor Systems, Inc. - Common Stock",NASDAQ,common_stock,0001697851
RELL,"Richardson Electronics, Ltd. - Common Stock",NASDAQ,common_stock,0000355948
RELX,RELX PLC PLC American Depositary Shares (Each representing One Ordinary Share),NYSE,common_stock,0000929869
RELY,"Remitly Global, Inc. - Common stock",NASDAQ,common_stock,0001782170
RENT,"Rent the Runway, Inc. - Class A Common Stock",NASDAQ,common_stock,0001468327
RENX,RenX Enterprises Corp. - Common Stock,NASDAQ,common_stock,0001959023
REPL,"Replimune Group, Inc. - Common Stock",NASDAQ,common_stock,0001737953
REPX,"Riley Exploration Permian, Inc. Common Stock",NYSE American,common_stock,0001001614
RERE,ATRenew Inc. American Depositary Shares (every three of which representing two Class A ordinary shares),NYSE,common_stock,0001838957
RES,"RPC, Inc. Common Stock",NYSE,common_stock,0000742278
RETO,"ReTo Eco-Solutions, Inc. - Class A Shares",NASDAQ,common_stock,0001687277
REVB,"Revelation Biosciences, Inc. - Common Stock",NASDAQ,common_stock,0001810560
REX,REX American Resources Corporation,NYSE,common_stock,0000744187
REXR,"Rexford Industrial Realty, Inc. Common Stock",NYSE,common_stock,0001571283
REYN,Reynolds Consumer Products Inc. - Common Stock,NASDAQ,common_stock,0001786431
REZI,"Resideo Technologies, Inc. Common Stock",NYSE,common_stock,0001740332
RF,Regions Financial Corporation Common Stock,NYSE,common_stock,0001281761
RFAI,RF Acquisition Corp II - Ordinary Shares,NASDAQ,common_stock,0002012807
RFAM,RF Acquisition Corp III - Ordinary Shares,NASDAQ,common_stock,0002091712
RFI,"Cohen & Steers Total Return Realty Fund, Inc. Common Stock",NYSE,common_stock,0000891290
RFIL,"RF Industries, Ltd. - Common Stock",NASDAQ,common_stock,0000740664
RFL,"Rafael Holdings, Inc. Class B Common Stock",NYSE,common_stock,0001713863
RFM,"RiverNorth Flexible Municipal Income Fund, Inc. Common Stock",NYSE,common_stock,0001790177
RFMZ,"RiverNorth Flexible Municipal Income Fund II, Inc. Common Stock",NYSE,common_stock,0001817159
RGA,"Reinsurance Group of America, Incorporated Common Stock",NYSE,common_stock,0000898174
RGC,Regencell Bioscience Holdings Limited - Ordinary Shares,NASDAQ,common_stock,0001829667
RGCO,RGC Resources Inc. - Common Stock,NASDAQ,common_stock,0001069533
RGEN,Repligen Corporation - Common Stock,NASDAQ,common_stock,0000730272
RGLD,"Royal Gold, Inc. - Common Stock",NASDAQ,common_stock,0000085535
RGNT,Regentis Biomaterials Ltd. Ordinary Shares,NYSE American,common_stock,0001912966
RGNX,REGENXBIO Inc. - Common Stock,NASDAQ,common_stock,0001590877
RGP,"Resources Connection, Inc. - Common Stock",NASDAQ,common_stock,0001084765
RGR,"Sturm, Ruger & Company, Inc. Common Stock",NYSE,common_stock,0000095029
RGS,Regis Corporation - Common Stock,NASDAQ,common_stock,0000716643
RGT,"Royce Global Trust, Inc. Common Stock",NYSE,common_stock,0001514490
RGTI,"Rigetti Computing, Inc.  - Common stock",NASDAQ,common_stock,0001838359
RH,RH Common Stock,NYSE,common_stock,0001528849
RHI,Robert Half Inc. Common Stock,NYSE,common_stock,0000315213
RHLD,Resolute Holdings Management Common Stock,NYSE,common_stock,0002039497
RHP,"Ryman Hospitality Properties, Inc. (REIT)",NYSE,common_stock,0001040829
RIBB,Ribbon Acquisition Corp - Class A Ordinary Shares,NASDAQ,common_stock,0002035016
RICK,"RCI Hospitality Holdings, Inc. - Common Stock",NASDAQ,common_stock,0000935419
RIG,Transocean Ltd (Switzerland) Common Stock,NYSE,common_stock,0001451505
RIGL,"Rigel Pharmaceuticals, Inc. - Common Stock",NASDAQ,common_stock,0001034842
RILY,"BRC Group Holdings, Inc. - Common Stock",NASDAQ,common_stock,0001464790
RIME,"Algorhythm Holdings, Inc. - Common Stock",NASDAQ,common_stock,0000923601
RIO,Rio Tinto Plc Common Stock,NYSE,common_stock,0000863064
RIOT,"Riot Platforms, Inc. - Common Stock",NASDAQ,common_stock,0001167419
RITM,Rithm Capital Corp. Common Stock,NYSE,common_stock,0001556593
RITR,Reitar Logtech Holdings Limited - Ordinary shares,NASDAQ,common_stock,0001951229
RIV,"RiverNorth Opportunities Fund, Inc. Common Stock",NYSE,common_stock,0001501072
RIVN,"Rivian Automotive, Inc. - Class A Common Stock",NASDAQ,common_stock,0001874178
RJET,Republic Airways Holdings Inc. - Common Stock,NASDAQ,common_stock,0000810332
RJF,"Raymond James Financial, Inc. Common Stock",NYSE,common_stock,0000720005
RKDA,"Arcadia Biosciences, Inc. - Common Stock",NASDAQ,common_stock,0001469443
RKLB,Rocket Lab Corporation - Common Stock,NASDAQ,common_stock,0001819994
RKT,"Rocket Companies, Inc. Class A Common Stock",NYSE,common_stock,0001805284
RKTO,Rocket One Inc. - Common Stock,NASDAQ,common_stock,0001711786
RL,Ralph Lauren Corporation Common Stock,NYSE,common_stock,0001037038
RLAY,"Relay Therapeutics, Inc. - Common Stock",NASDAQ,common_stock,0001812364
RLGT,"Radiant Logistics, Inc. Common Stock",NYSE American,common_stock,0001171155
RLI,RLI Corp. Common Stock (DE),NYSE,common_stock,0000084246
RLJ,RLJ Lodging Trust Common Shares of Beneficial Interest $0.01 par value,NYSE,common_stock,0001511337
RLMD,"Relmada Therapeutics, Inc. - Common Stock",NASDAQ,common_stock,0001553643
RLTY,Cohen & Steers Real Estate Opportunities and Income Fund Common Shares of Beneficial Interest,NYSE,common_stock,0001866874
RLYB,Rallybio Corporation - Common Stock,NASDAQ,common_stock,0001739410
RM,Regional Management Corp. Common Stock,NYSE,common_stock,0001519401
RMAX,"RE/MAX Holdings, Inc. Class A Common Stock",NYSE,common_stock,0001581091
RMBI,"Richmond Mutual Bancorporation, Inc. - Common Stock",NASDAQ,common_stock,0001767837
RMBS,"Rambus, Inc. - Common Stock",NASDAQ,common_stock,0000917273
RMCF,"Rocky Mountain Chocolate Factory, Inc. - Common Stock",NASDAQ,common_stock,0001616262
RMCO,Royalty Management Holding Corporation - Class A Common Stock,NASDAQ,common_stock,0001843656
RMD,ResMed Inc. Common Stock,NYSE,common_stock,0000943819
RMI,"RiverNorth Opportunistic Municipal Income Fund, Inc. Common Stock",NYSE,common_stock,0001746967
RMIX,"Suncrete, Inc. - Class A Common Stock",NASDAQ,common_stock,0002094433
RMM,"RiverNorth Managed Duration Municipal Income Fund, Inc. Common Stock",NYSE,common_stock,0001771226
RMMZ,"RiverNorth Managed Duration Municipal Income Fund II, Inc. Common Stock",NYSE,common_stock,0001870833
RMNI,"Rimini Street, Inc. - Common Stock",NASDAQ,common_stock,0001635282
RMR,The RMR Group Inc. - Class A Common Stock,NASDAQ,common_stock,0001644378
RMSG,Real Messenger Corporation - Ordinary Shares,NASDAQ,common_stock,0001983324
RMT,"Royce Micro-Cap Trust, Inc. Common Stock",NYSE,common_stock,0000912147
RMTI,"Rockwell Medical, Inc. - Common Stock",NASDAQ,common_stock,0001041024
RNA,"Atrium Therapeutics, Inc. - Common Stock",NASDAQ,common_stock,0002093101
RNAC,"Cartesian Therapeutics, Inc. - Common Stock",NASDAQ,common_stock,0001453687
RNAZ,"TransCode Therapeutics, Inc. - Common Stock",NASDAQ,common_stock,0001829635
RNG,"RingCentral, Inc. Class A Common Stock",NYSE,common_stock,0001384905
RNGR,"Ranger Energy Services, Inc. Class A Common Stock",NYSE,common_stock,0001699039
RNGT,Range Capital Acquisition Corp II - Class A Ordinary Shares,NASDAQ,common_stock,0002078653
RNR,RenaissanceRe Holdings Ltd. Common Stock,NYSE,common_stock,0000913144
RNST,Renasant Corporation Common Stock,NYSE,common_stock,0000715072
RNTX,"Rein Therapeutics, Inc. - Common Stock",NASDAQ,common_stock,0001420565
RNW,ReNew Energy Global plc - Class A Shares,NASDAQ,common_stock,0001848763
RNXT,"RenovoRx, Inc. - Common Stock",NASDAQ,common_stock,0001574094
ROAD,"Construction Partners, Inc. - Common Stock",NASDAQ,common_stock,0001718227
ROC,Rank One Computing Corporation - Common stock,NASDAQ,common_stock,0002077709
ROCK,"Gibraltar Industries, Inc. - Common Stock",NASDAQ,common_stock,0000912562
ROG,Rogers Corporation Common Stock,NYSE,common_stock,0000084748
ROIV,Roivant Sciences Ltd. - Common Shares,NASDAQ,common_stock,0001635088
ROK,"Rockwell Automation, Inc. Common Stock",NYSE,common_stock,0001024478
ROKU,"Roku, Inc. - Class A Common Stock",NASDAQ,common_stock,0001428439
ROL,"Rollins, Inc. Common Stock",NYSE,common_stock,0000084839
ROLR,"High Roller Technologies, Inc. Common Stock",NYSE American,common_stock,0001947210
ROMA,Roma Green Finance Limited - Class A Ordinary Shares,NASDAQ,common_stock,0001945240
ROOT,"Root, Inc. - Common Stock",NASDAQ,common_stock,0001788882
ROP,"Roper Technologies, Inc. - Common Stock",NASDAQ,common_stock,0000882835
ROST,"Ross Stores, Inc. - Common Stock",NASDAQ,common_stock,0000745732
RPAY,Repay Holdings Corporation - Class A Common Stock,NASDAQ,common_stock,0001720592
RPC,"Ridgepost Capital, Inc. Class A Common Stock",NYSE,common_stock,0001841968
RPD,"Rapid7, Inc. - Common Stock",NASDAQ,common_stock,0001560327
RPGL,Republic Power Group Limited - Class A Ordinary Shares,NASDAQ,common_stock,0001912884
RPID,"Rapid Micro Biosystems, Inc. - Class A Common Stock",NASDAQ,common_stock,0001380106
RPM,RPM International Inc. Common Stock,NYSE,common_stock,0000110621
RPRX,Royalty Pharma plc - Class A Ordinary Shares,NASDAQ,common_stock,0001802768
RPT,Rithm Property Trust Inc. Common stock,NYSE,common_stock,0001614806
RQI,Cohen & Steers Quality Income Realty Fund Inc Common Shares,NYSE,common_stock,0001157842
RR,Richtech Robotics Inc. - Class B Common Stock,NASDAQ,common_stock,0001963685
RRBI,"Red River Bancshares, Inc. - Common Stock",NASDAQ,common_stock,0001071236
RRC,Range Resources Corporation Common Stock,NYSE,common_stock,0000315852
RREV,RRE Ventures Acquisition Corp. - Class A Ordinary Shares,NASDAQ,common_stock,0002123969
RRGB,"Red Robin Gourmet Burgers, Inc. - Common Stock",NASDAQ,common_stock,0001171759
RRR,"Red Rock Resorts, Inc. - Class A Common Stock",NASDAQ,common_stock,0001653653
RRX,Regal Rexnord Corporation Common Stock,NYSE,common_stock,0000082811
RS,"Reliance, Inc. Common Stock",NYSE,common_stock,0000861884
RSF,RiverNorth Capital and Income Fund Common Stock,NYSE,common_stock,0001644771
RSG,"Republic Services, Inc. Common Stock",NYSE,common_stock,0001060391
RSI,"Rush Street Interactive, Inc. Class A Common Stock",NYSE,common_stock,0001793659
RSKD,Riskified Ltd. Class A Ordinary Shares,NYSE,common_stock,0001851112
RSSS,"Research Solutions, Inc - Common Stock",NASDAQ,common_stock,0001386301
RSVR,"Reservoir Media, Inc.. - Common Stock",NASDAQ,common_stock,0001824403
RTAC,Renatus Tactical Acquisition Corp I - Class A Ordinary Shares,NASDAQ,common_stock,0002035173
RTB,"RTB Digital, Inc. - Common Stock",NASDAQ,common_stock,0001419275
RTO,Rentokil Initial plc American Depositary Shares (each representing five (5) Ordinary Shares),NYSE,common_stock,0000930157
RTX,RTX Corporation Common Stock,NYSE,common_stock,0000101829
RUBI,Rubico Inc. - Common Stock,NASDAQ,common_stock,0001943421
RUM,RUM Group Inc. - Class A Common Stock,NASDAQ,common_stock,0001830081
RUN,Sunrun Inc. - Common Stock,NASDAQ,common_stock,0001469367
RUSHA,"Rush Enterprises, Inc. - Class A Common Stock",NASDAQ,common_stock,0001012019
RUSHB,"Rush Enterprises, Inc. - Class B Common Stock",NASDAQ,common_stock,0001012019
RVI,Robinhood Ventures Fund I Common Shares of Beneficial Interest,NYSE,common_stock,0002085091
RVII,Robinhood Ventures Fund II Common Shares of Beneficial Interest,NYSE,common_stock,0002131040
RVLV,"Revolve Group, Inc. Class A Common Stock",NYSE,common_stock,0001746618
RVMD,"Revolution Medicines, Inc. - Common Stock",NASDAQ,common_stock,0001628171
RVP,"Retractable Technologies, Inc. Common Stock",NYSE American,common_stock,0000946563
RVSB,Riverview Bancorp Inc - Common Stock,NASDAQ,common_stock,0001041368
RVSN,Rail Vision Ltd. - Ordinary Shares,NASDAQ,common_stock,0001743905
RVT,"Royce Small-Cap Trust, Inc. Common Stock",NYSE,common_stock,0000804116
RVTY,"Revvity, Inc. Common Stock",NYSE,common_stock,0000031791
RWAY,Runway Growth Finance Corp. - Common Stock,NASDAQ,common_stock,0001653384
RWT,"Redwood Trust, Inc. Common Stock",NYSE,common_stock,0000930236
RXO,"RXO, Inc. Common Stock",NYSE,common_stock,0001929561
RXRX,"Recursion Pharmaceuticals, Inc. - Class A Common Stock",NASDAQ,common_stock,0001601830
RXST,"RxSight, Inc. - Common Stock",NASDAQ,common_stock,0001111485
RXT,"Rackspace Technology, Inc. - Common Stock",NASDAQ,common_stock,0001810019
RY,Royal Bank Of Canada Common Stock,NYSE,common_stock,0001000275
RYAAY,"Ryanair Holdings plc - American Depositary Shares, each representing five Ordinary Shares",NASDAQ,common_stock,0001038683
RYAM,Rayonier Advanced Materials Inc. Common Stock,NYSE,common_stock,0001597672
RYAN,"Ryan Specialty Holdings, Inc. Class A Common Stock",NYSE,common_stock,0001849253
RYDE,Ryde Group Ltd. Class A Ordinary Shares,NYSE American,common_stock,0001971115
RYET,Ruanyun Edai Technology Inc. - Ordinary shares,NASDAQ,common_stock,0001873454
RYM,"RYTHM, Inc. - Common Stock",NASDAQ,common_stock,0001800637
RYN,Rayonier Inc. REIT Common Stock,NYSE,common_stock,0000052827
RYOJ,"rYojbaba Co., Ltd. - Common Shares",NASDAQ,common_stock,0002012600
RYTM,"Rhythm Pharmaceuticals, Inc. - Common Stock",NASDAQ,common_stock,0001649904
RYZ,Ryerson Holding Corporation Common Stock,NYSE,common_stock,0001481582
RZLT,"Rezolute, Inc. - Common Stock (NV)",NASDAQ,common_stock,0001509261
RZLV,Rezolve AI PLC - Ordinary Shares,NASDAQ,common_stock,0001920294
S,"SentinelOne, Inc. Class A Common Stock",NYSE,common_stock,0001583708
SA,"Seabridge Gold, Inc. Common Shares New",NYSE,common_stock,0001231346
SAAQ,Space Asset Acquisition Corp. - Class A Ordinary Shares,NASDAQ,common_stock,0002091222
SABA,Saba Capital Income & Opportunities Fund II Shares of Beneficial Interest,NYSE,common_stock,0000828803
SABR,Sabre Corporation - Common Stock,NASDAQ,common_stock,0001597033
SABS,"SAB Biotherapeutics, Inc. - Common Stock",NASDAQ,common_stock,0001833214
SAC,Safeguard Acquisition Corp. Class A Ordinary Shares,NYSE,common_stock,0002082844
SACH,Sachem Capital Corp. Common Shares,NYSE American,common_stock,0001682220
SAFE,Safehold Inc. New Common Stock,NYSE,common_stock,0001095651
SAFT,"Safety Insurance Group, Inc. - Common Stock",NASDAQ,common_stock,0001172052
SAFX,"XCF Global, Inc. - Class A Common Stock",NASDAQ,common_stock,0002019793
SAGT,SAGTEC GLOBAL LIMITED - Class A Ordinary shares,NASDAQ,common_stock,0002029138
SAGU,Shreya Acquisition Group Class A Ordinary Shares,NYSE,common_stock,0002083452
SAH,"Sonic Automotive, Inc. Common Stock",NYSE,common_stock,0001043509
SAIA,"Saia, Inc. - Common Stock",NASDAQ,common_stock,0001177702
SAIC,Science Applications International Corporation - Common Stock,NASDAQ,common_stock,0001571123
SAIH,SAIHEAT Limited - Class A Ordinary Shares,NASDAQ,common_stock,0001847075
SAIL,"SailPoint, Inc. - Common Stock",NASDAQ,common_stock,0002030781
SAM,"Boston Beer Company, Inc. (The) Common Stock",NYSE,common_stock,0000949870
SAMG,Silvercrest Asset Management Group Inc. - Common Stock,NASDAQ,common_stock,0001549966
SAN,"Banco Santander, S.A. Sponsored ADR (Spain)",NYSE,common_stock,0000891478
SANA,"Sana Biotechnology, Inc. - Common Stock",NASDAQ,common_stock,0001770121
SANG,Sangoma Technologies Corporation - Common Shares,NASDAQ,common_stock,0001753368
SANM,Sanmina Corporation - Common Stock,NASDAQ,common_stock,0000897723
SAP,SAP  SE ADS,NYSE,common_stock,0001000184
SAR,Saratoga Investment Corp New,NYSE,common_stock,0001377936
SARO,"StandardAero, Inc. Common Stock",NYSE,common_stock,0002025410
SATL,Satellogic Inc. - Class A Common Stock,NASDAQ,common_stock,0001874315
SB,"Safe Bulkers, Inc Common Stock ($0.001 par value)",NYSE,common_stock,0001434754
SBAC,SBA Communications Corporation - Class A Common Stock,NASDAQ,common_stock,0001034054
SBC,SBC Medical Group Holdings Incorporated - Common Stock,NASDAQ,common_stock,0001930313
SBCF,Seacoast Banking Corporation of Florida - Common Stock,NASDAQ,common_stock,0000730708
SBET,"Sharplink, Inc. - Common Stock",NASDAQ,common_stock,0001981535
SBEV,"Splash Beverage Group, Inc. (NV) Common Stock",NYSE American,common_stock,0001553788
SBFG,"SB Financial Group, Inc. - Common Stock",NASDAQ,common_stock,0000767405
SBFM,Sunshine Biopharma Inc. - Common stock,NASDAQ,common_stock,0001402328
SBGI,"Sinclair, Inc. - Class A Common Stock",NASDAQ,common_stock,0001971213
SBH,"Sally Beauty Holdings, Inc. (Name to be changed from Sally Holdings, Inc.) Common Stock",NYSE,common_stock,0001368458
SBI,Western Asset Intermediate Muni Fund Inc Common Stock,NYSE,common_stock,0000882300
SBLK,Star Bulk Carriers Corp. - Common Shares,NASDAQ,common_stock,0001386716
SBMT,Silver Bow Mining Corp. Common Shares,NYSE American,common_stock,0002067674
SBR,Sabine Royalty Trust Common Stock,NYSE,common_stock,0000710752
SBRA,"Sabra Health Care REIT, Inc. - Common Stock",NASDAQ,common_stock,0001492298
SBS,Companhia de saneamento Basico Do Estado De Sao Paulo - Sabesp American Depositary Shares (Each repstg 250 Common Shares),NYSE,common_stock,0001170858
SBSI,"Southside Bancshares, Inc. Common Stock",NYSE,common_stock,0000705432
SBSW,D/B/A Sibanye-Stillwater Limited ADS,NYSE,common_stock,0001786909
SBUX,Starbucks Corporation - Common Stock,NASDAQ,common_stock,0000829224
SBXD,SilverBox Corp IV Class A Ordinary Shares,NYSE,common_stock,0002015947
SBXE,SilverBox Corp V Class A Ordinary Shares,NYSE,common_stock,0002081909
SCAG,Scage Future - American Depositary Shares,NASDAQ,common_stock,0002000366
SCCO,Southern Copper Corporation Common Stock,NYSE,common_stock,0001001838
SCD,LMP Capital and Income Fund Inc. Common Stock,NYSE,common_stock,0001270131
SCHL,Scholastic Corporation - Common Stock,NASDAQ,common_stock,0000866729
SCHW,Charles Schwab Corporation (The) Common Stock,NYSE,common_stock,0000316709
SCI,Service Corporation International Common Stock,NYSE,common_stock,0000089089
SCII,SC II Acquisition Corp. - Class A ordinary share,NASDAQ,common_stock,0002076739
SCKT,"Socket Mobile, Inc. - Common Stock",NASDAQ,common_stock,0000944075
SCL,Stepan Company Common Stock,NYSE,common_stock,0000094049
SCLX,Scilex Holding Company - Common Stock,NASDAQ,common_stock,0001820190
SCM,Stellus Capital Investment Corporation Common Stock,NYSE,common_stock,0001551901
SCNI,Scinai Immunotherapeutics Ltd. - American Depositary Shares,NASDAQ,common_stock,0001611747
SCNX,"Scienture Holdings, Inc. - Common Stock",NASDAQ,common_stock,0001382574
SCOR,"comScore, Inc. - Common Stock",NASDAQ,common_stock,0001158172
SCPQ,Social Commerce Partners Corporation - Class A Ordinary Shares,NASDAQ,common_stock,0002083143
SCSC,"ScanSource, Inc. - Common Stock",NASDAQ,common_stock,0000918965
SCTX,Scribe Therapeutics Inc. - Common Stock,NASDAQ,common_stock,0001853921
SCWO,374Water Inc. - common stock,NASDAQ,common_stock,0000933972
SCYX,"SCYNEXIS, Inc. - Common Stock",NASDAQ,common_stock,0001178253
SCZM,Santacruz Silver Mining Ltd. - Common Shares,NASDAQ,common_stock,0001548536
SD,"SandRidge Energy, Inc. Common Stock",NYSE,common_stock,0001349436
SDA,SunCar Technology Group Inc. - Ordinary Shares,NASDAQ,common_stock,0001936804
SDEV,Stablecoin Development Corporation Common Stock,NYSE American,common_stock,0001389545
SDGR,"Schrodinger, Inc. - Common Stock",NASDAQ,common_stock,0001490978
SDHC,Smith Douglas Homes Corp. Class A Common Stock,NYSE,common_stock,0001982518
SDHI,Siddhi Acquisition Corp - Class A Common stock,NASDAQ,common_stock,0002034037
SDHY,PGIM Short Duration High Yield Opportunities Fund Common Shares,NYSE,common_stock,0001812923
SDOT,Sadot Group Inc. - Common Stock,NASDAQ,common_stock,0001701756
SDRL,Seadrill Limited Common Shares,NYSE,common_stock,0001737706
SDST,Stardust Power Inc. - Common Stock,NASDAQ,common_stock,0001831979
SE,"Sea Limited American Depositary Shares, each representing one Class A Ordinary Share",NYSE,common_stock,0001703399
SEAT,Vivid Seats Inc. - Class A common stock,NASDAQ,common_stock,0001856031
SEB,Seaboard Corporation Common Stock,NYSE American,common_stock,0000088121
SECZ,Securitize Corp. Common Stock,NYSE,common_stock,0002094496
SEDG,"SolarEdge Technologies, Inc. - Common Stock",NASDAQ,common_stock,0001419612
SEED,Origin Agritech Limited - Ordinary Shares,NASDAQ,common_stock,0001321851
SEER,"Seer, Inc. - Class A Common Stock",NASDAQ,common_stock,0001726445
SEG,Seaport Entertainment Group Inc. Common Stock,NYSE,common_stock,0002009684
SEGG,Sports Entertainment Gaming Global Corporation  - Common Stock,NASDAQ,common_stock,0001673481
SEI,"Solaris Energy Infrastructure, Inc. Class A Common Stock",NYSE,common_stock,0001697500
SEIC,SEI Investments Company - Common Stock,NASDAQ,common_stock,0000350894
SELF,"Global Self Storage, Inc. - Common Stock",NASDAQ,common_stock,0001031235
SENEA,Seneca Foods Corp. - Class A Common Stock,NASDAQ,common_stock,0000088948
SENEB,Seneca Foods Corp. - Class B Common Stock,NASDAQ,common_stock,0000088948
SENS,"Senseonics Holdings, Inc. - Common Stock",NASDAQ,common_stock,0001616543
SEPN,"Septerna, Inc. - Common Stock",NASDAQ,common_stock,0001984086
SER,"Serina Therapeutics, Inc. Common Stock",NYSE American,common_stock,0001708599
SERA,"Sera Prognostics, Inc. - Class A Common Stock",NASDAQ,common_stock,0001534969
SERV,Serve Robotics Inc. - Common Stock,NASDAQ,common_stock,0001832483
SES,SES AI Corporation Class A Common Stock,NYSE,common_stock,0001819142
SEV,Aptera Motors Corp. - Class B Common Stock,NASDAQ,common_stock,0001786471
SEVN,Seven Hills Realty Trust  - Common Stock,NASDAQ,common_stock,0001452477
SEZL,Sezzle Inc. - Common Stock,NASDAQ,common_stock,0001662991
SF,Stifel Financial Corporation Common Stock,NYSE,common_stock,0000720672
SFBC,"Sound Financial Bancorp, Inc. - Common Stock",NASDAQ,common_stock,0001541119
SFBS,"ServisFirst Bancshares, Inc. Common Stock",NYSE,common_stock,0001430723
SFD,"Smithfield Foods, Inc. - Common Stock",NASDAQ,common_stock,0000091388
SFHG,Samfine Creation Holdings Group Limited - Class A Ordinary Share,NASDAQ,common_stock,0001926792
SFIX,"Stitch Fix, Inc. - Class A Common Stock",NASDAQ,common_stock,0001576942
SFL,SFL Corporation Ltd,NYSE,common_stock,0001289877
SFM,"Sprouts Farmers Market, Inc. - Common Stock",NASDAQ,common_stock,0001575515
SFNC,Simmons First National Corporation - Common Stock,NASDAQ,common_stock,0000090498
SFST,"Southern First Bancshares, Inc. - Common Stock",NASDAQ,common_stock,0001090009
SFWL,Shengfeng Development Limited - Class A Ordinary Shares,NASDAQ,common_stock,0001863218
SG,"Sweetgreen, Inc. Class A Common Stock",NYSE,common_stock,0001477815
SGA,"Saga Communications, Inc. - Class A Common Stock",NASDAQ,common_stock,0000886136
SGC,"Superior Group of Companies, Inc. - Common Stock",NASDAQ,common_stock,0000095574
SGHC,Super Group (SGHC) Limited Ordinary Shares,NYSE,common_stock,0001878057
SGHT,"Sight Sciences, Inc. - Common Stock",NASDAQ,common_stock,0001531177
SGI,Somnigroup International Inc. Common Stock,NYSE,common_stock,0001206264
SGLY,Singularity Future Technology Ltd. - Common Stock,NASDAQ,common_stock,0001422892
SGML,Sigma Lithium Corporation - common shares,NASDAQ,common_stock,0001848309
SGMT,Sagimet Biosciences Inc. - Series A Common Stock,NASDAQ,common_stock,0001400118
SGP,"SpyGlass Pharma, Inc. - Common Stock",NASDAQ,common_stock,0001778922
SGRY,"Surgery Partners, Inc. - Common Stock",NASDAQ,common_stock,0001638833
SGU,Star Group L.P. Common Stock,NYSE,common_stock,0001002590
SHAK,"Shake Shack, Inc. Class A Common Stock",NYSE,common_stock,0001620533
SHAZ,"SharonAI Holdings, Inc. - Class A Common Stock",NASDAQ,common_stock,0002068385
SHBI,"Shore Bancshares, Inc. - Common Stock",NASDAQ,common_stock,0001035092
SHC,Sotera Health Company - Common Stock,NASDAQ,common_stock,0001822479
SHEL,Shell PLC American Depositary Shares (each representing two (2) Ordinary Shares),NYSE,common_stock,0001306965
SHEN,Shenandoah Telecommunications Co - Common Stock,NASDAQ,common_stock,0000354963
SHFS,"SHF Holdings, Inc. - Class A Common Stock",NASDAQ,common_stock,0001854963
SHG,Shinhan Financial Group Co Ltd American Depositary Shares,NYSE,common_stock,0001263043
SHIM,Shimmick Corporation - Common Stock,NASDAQ,common_stock,0001887944
SHIP,Seanergy Maritime Holdings Corp. - Common Stock,NASDAQ,common_stock,0001448397
SHLS,"Shoals Technologies Group, Inc. - Class A Common Stock",NASDAQ,common_stock,0001831651
SHMD,SCHMID Group N.V. - Class A Ordinary Shares,NASDAQ,common_stock,0001987240
SHO,"Sunstone Hotel Investors, Inc. Sunstone Hotel Investors, Inc. Common Shares",NYSE,common_stock,0001295810
SHOE,"Shoe Station Group, Inc. - Common Stock",NASDAQ,common_stock,0000895447
SHOO,"Steven Madden, Ltd. - Common Stock",NASDAQ,common_stock,0000913241
SHOP,Shopify Inc. - Class A Subordinate Voting Shares,NASDAQ,common_stock,0001594805
SHOT,RMG ML Sports Holdings - Class A Ordinary Shares,NASDAQ,common_stock,0002104879
SHPH,"Shuttle Pharmaceuticals Holdings, Inc. - common stock",NASDAQ,common_stock,0001757499
SHW,Sherwin-Williams Company (The) Common Stock,NYSE,common_stock,0000089800
SI,"Shoulder Innovations, Inc. Common Stock",NYSE,common_stock,0001699350
SIBN,"SI-BONE, Inc. - Common Stock",NASDAQ,common_stock,0001459839
SID,Companhia Siderurgica Nacional S.A. Common Stock,NYSE,common_stock,0001049659
SIDU,"Sidus Space, Inc. - Class A Common Stock",NASDAQ,common_stock,0001879726
SIEB,Siebert Financial Corp. - Common Stock,NASDAQ,common_stock,0000065596
SIF,"SIFCO Industries, Inc. Common Stock",NYSE American,common_stock,0000090168
SIFY,Sify Technologies Limited - American Depository Shares,NASDAQ,common_stock,0001094324
SIG,Signet Jewelers Limited Common Shares,NYSE,common_stock,0000832988
SIGA,SIGA Technologies Inc. - Common Stock,NASDAQ,common_stock,0001010086
SIGI,"Selective Insurance Group, Inc. - Common Stock",NASDAQ,common_stock,0000230557
SII,Sprott Inc. Common Shares,NYSE,common_stock,0001512920
SILC,Silicom Ltd - Ordinary Shares,NASDAQ,common_stock,0000916793
SILO,"Silo Pharma, Inc. - Common Stock",NASDAQ,common_stock,0001514183
SIM,"Grupo Simec, S.A.B. de C.V. American Depositary Shares",NYSE American,common_stock,0000887153
SIMA,SIM Acquisition Corp. I - Class A Ordinary Shares,NASDAQ,common_stock,0002014982
SIMO,"Silicon Motion Technology Corporation - American Depositary Shares, each representing four ordinary shares",NASDAQ,common_stock,0001329394
SIND,Sinda Ltd. Common Stock,NYSE,common_stock,0002096861
SINT,"SiNtx Technologies, Inc. - Common Stock",NASDAQ,common_stock,0001269026
SION,"Sionna Therapeutics, Inc. - Common Stock",NASDAQ,common_stock,0002036042
SIRI,SiriusXM Holdings Inc. - Common Stock,NASDAQ,common_stock,0000908937
SITC,SITE Centers Corp. Common Stock,NYSE,common_stock,0000894315
SITE,"SiteOne Landscape Supply, Inc. Common Stock",NYSE,common_stock,0001650729
SITM,SiTime Corporation - Common Stock,NASDAQ,common_stock,0001451809
SJ,Scienjoy Holding Corporation - Class A Ordinary Shares,NASDAQ,common_stock,0001753673
SJM,The J.M. Smucker Company Common Stock,NYSE,common_stock,0000091419
SJT,San Juan Basin Royalty Trust Common Stock,NYSE,common_stock,0000319655
SKE,Skeena Resources Limited Common Shares,NYSE,common_stock,0001713748
SKHY,SK hynix Inc. - American Depositary Shares,NASDAQ,common_stock,0002120882
SKIL,Skillsoft Corp. Class A Common Stock,NYSE,common_stock,0001774675
SKIN,SkinHealth Systems Inc. - Class A Common Stock,NASDAQ,common_stock,0001818093
SKK,SKK Holdings Limited - Class A Ordinary Shares,NASDAQ,common_stock,0001991261
SKM,"SK Telecom Co., Ltd. Common Stock",NYSE,common_stock,0001015650
SKT,Tanger Inc. Common Stock,NYSE,common_stock,0000899715
SKWD,"Skyward Specialty Insurance Group, Inc. - Common Stock",NASDAQ,common_stock,0001519449
SKY,"Champion Homes, Inc. Common Stock",NYSE,common_stock,0000090896
SKYA,"SkyAI, Inc. - Common Stock",NASDAQ,common_stock,0001737995
SKYE,"Skye Bioscience, Inc. - Common Stock",NASDAQ,common_stock,0001516551
SKYH,Sky Harbour Group Corporation Class A Common Stock,NYSE,common_stock,0001823587
SKYQ,Sky Quarry Inc. - Common Stock,NASDAQ,common_stock,0001812447
SKYW,"SkyWest, Inc. - Common Stock",NASDAQ,common_stock,0000793733
SKYX,SKYX Platforms Corp. - Common Stock,NASDAQ,common_stock,0001598981
SLAB,"Silicon Laboratories, Inc. - Common Stock",NASDAQ,common_stock,0001038074
SLB,SLB Limited Common Shares,NYSE,common_stock,0000087347
SLBT,SL Science Holding Limited - Ordinary Shares,NASDAQ,common_stock,0002070534
SLDB,Solid Biosciences Inc. - Common Stock,NASDAQ,common_stock,0001707502
SLDE,"Slide Insurance Holdings, Inc. - Common Stock",NASDAQ,common_stock,0001886428
SLDP,"Solid Power, Inc. - Class A Common Stock",NASDAQ,common_stock,0001844862
SLE,"Super League Enterprise, Inc. - Common Stock",NASDAQ,common_stock,0001621672
SLF,Sun Life Financial Inc. Common Stock,NYSE,common_stock,0001097362
SLG,SL Green Realty Corp Common Stock,NYSE,common_stock,0001040971
SLGB,Smart Logistics Global Limited - Class A Ordinary Shares,NASDAQ,common_stock,0001987189
SLGL,Sol-Gel Technologies Ltd. - Ordinary Shares,NASDAQ,common_stock,0001684693
SLGN,Silgan Holdings Inc. Common Stock,NYSE,common_stock,0000849869
SLI,Standard Lithium Ltd. Common Shares,NYSE American,common_stock,0001537137
SLM,SLM Corporation - Common Stock,NASDAQ,common_stock,0001032033
SLMT,Brera Holdings PLC - Class B Ordinary Shares,NASDAQ,common_stock,0001939965
SLN,Silence Therapeutics Plc - American Depository Share,NASDAQ,common_stock,0001479615
SLND,"Southland Holdings, Inc. Common Stock",NYSE American,common_stock,0001883814
SLNG,"Stabilis Solutions, Inc. - Common Stock",NASDAQ,common_stock,0001043186
SLNH,"Soluna Holdings, Inc. - Common Stock",NASDAQ,common_stock,0000064463
SLP,"Simulations Plus, Inc. - Common Stock",NASDAQ,common_stock,0001023459
SLQT,"SelectQuote, Inc. Common Stock",NYSE,common_stock,0001794783
SLRC,SLR Investment Corp. - Closed End Fund,NASDAQ,common_stock,0001418076
SLS,"SELLAS Life Sciences Group, Inc.  - Common Stock",NASDAQ,common_stock,0001390478
SLSN,"Solesence, Inc. - Common stock",NASDAQ,common_stock,0000883107
SLSR,Solaris Resources Inc. Common Shares,NYSE American,common_stock,0002019103
SLVM,Sylvamo Corporation Common Stock,NYSE,common_stock,0001856485
SLXN,Silexion Therapeutics Corp - Ordinary Shares,NASDAQ,common_stock,0002022416
SM,SM Energy Company Common Stock,NYSE,common_stock,0000893538
SMA,"SmartStop Self Storage REIT, Inc. Common Stock",NYSE,common_stock,0001585389
SMBC,"Southern Missouri Bancorp, Inc. - Common Stock",NASDAQ,common_stock,0000916907
SMBK,"SmartFinancial, Inc. Common Stock",NYSE,common_stock,0001038773
SMC,Summit Midstream Corporation Common Stock,NYSE,common_stock,0002024218
SMCI,"Super Micro Computer, Inc. - Common Stock",NASDAQ,common_stock,0001375365
SMFG,Sumitomo Mitsui Financial Group Inc Unsponsored American Depositary Shares (Japan),NYSE,common_stock,0001022837
SMG,Scotts Miracle-Gro Company (The) Common Stock,NYSE,common_stock,0000825542
SMHB,ETRACS Monthly Pay 2x Leveraged Small Cap High Dividend ETN Series B,NYSE Arca,common_stock,0001114446
SMHI,SEACOR Marine Holdings Inc. Common Stock,NYSE,common_stock,0001690334
SMID,Smith-Midland Corporation - Common Stock,NASDAQ,common_stock,0000924719
SMJF,SMJ International Holdings Inc. Class A Ordinary Shares,NYSE American,common_stock,0002070954
SMMT,Summit Therapeutics Inc.  - Common Stock,NASDAQ,common_stock,0001599298
SMP,"Standard Motor Products, Inc. Common Stock",NYSE,common_stock,0000093389
SMPL,The Simply Good Foods Company - Common Stock,NASDAQ,common_stock,0001702744
SMR,NuScale Power Corporation Class A Common Stock,NYSE,common_stock,0001822966
SMRT,"SmartRent, Inc. Class A Common Stock",NYSE,common_stock,0001837014
SMSI,"Smith Micro Software, Inc. - Common Stock",NASDAQ,common_stock,0000948708
SMTC,Semtech Corporation - Common Stock,NASDAQ,common_stock,0000088941
SMTI,Sanara MedTech Inc. - Common Stock,NASDAQ,common_stock,0000714256
SMTK,"SmartKem, Inc. - Common Stock",NASDAQ,common_stock,0001817760
SMWB,Similarweb Ltd. Ordinary Shares,NYSE,common_stock,0001842731
SMX,SMX (Security Matters) Public Limited Company - Ordinary Shares,NASDAQ,common_stock,0001940674
SMXT,Solarmax Technology Inc. - Common Stock,NASDAQ,common_stock,0001519472
SN,"SharkNinja, Inc. Ordinary Shares",NYSE,common_stock,0001957132
SNA,Snap-On Incorporated Common Stock,NYSE,common_stock,0000091440
SNAL,"Snail, Inc. - Class A Common Stock",NASDAQ,common_stock,0001886894
SNAP,Snap Inc. Class A Common Stock,NYSE,common_stock,0001564408
SND,"Smart Sand, Inc. - Common Stock",NASDAQ,common_stock,0001529628
SNDA,"Sonida Senior Living, Inc. Common Stock",NYSE,common_stock,0001043000
SNDK,Sandisk Corporation - Common Stock When-Issued,NASDAQ,common_stock,0002023554
SNDL,SNDL Inc. - Common Shares,NASDAQ,common_stock,0001766600
SNDR,"Schneider National, Inc. Common Stock",NYSE,common_stock,0001692063
SNDX,"Syndax Pharmaceuticals, Inc. - Common Stock",NASDAQ,common_stock,0001395937
SNES,"SenesTech, Inc. - Common Stock",NASDAQ,common_stock,0001680378
SNEX,StoneX Group Inc. - Common Stock,NASDAQ,common_stock,0000913760
SNFCA,Security National Financial Corporation - Class A Common Stock,NASDAQ,common_stock,0000318673
SNGX,"Soligenix, Inc. - Common Stock",NASDAQ,common_stock,0000812796
SNN,"Smith & Nephew SNATS, Inc. Common Stock",NYSE,common_stock,0000845982
SNOA,"Sonoma Pharmaceuticals, Inc. - Common Stock",NASDAQ,common_stock,0001367083
SNOW,Snowflake Inc. Common Stock,NYSE,common_stock,0001640147
SNPS,"Synopsys, Inc. - Common Stock",NASDAQ,common_stock,0000883241
SNSC,SunScout Holding Limited Class A Ordinary Shares,NYSE American,common_stock,0002101240
SNT,Senstar Technologies Corporation - Common Shares,NASDAQ,common_stock,0001993727
SNTG,Sentage Holdings Inc. - Class A Ordinary Shares,NASDAQ,common_stock,0001810467
SNTI,"Senti Biosciences Holdings, Inc. - Common Stock",NASDAQ,common_stock,0001854270
SNWV,"SANUWAVE Health, Inc. - Common Stock",NASDAQ,common_stock,0001417663
SNX,TD SYNNEX Corporation Common Stock,NYSE,common_stock,0001177394
SNY,Sanofi - American Depositary Shares,NASDAQ,common_stock,0001121404
SNYR,Synergy CHC Corp. - Common Stock,NASDAQ,common_stock,0001562733
SO,Southern Company (The) Common Stock,NYSE,common_stock,0000092122
SOAR,"Volato Group, Inc. Class A Common Stock",NYSE American,common_stock,0001853070
SOBO,South Bow Corporation Common Shares,NYSE,common_stock,0002019061
SOBR,"SOBR Safe, Inc. - Common Stock",NASDAQ,common_stock,0001425627
SOC,Sable Offshore Corp. Common Stock,NYSE,common_stock,0001831481
SOCA,Solarius Capital Acquisition Corp. - Class A Ordinary Share,NASDAQ,common_stock,0002065948
SOFI,"SoFi Technologies, Inc.  - Common Stock",NASDAQ,common_stock,0001818874
SOGP,Sound Group Inc. - American Depositary Shares,NASDAQ,common_stock,0001783407
SOHU,Sohu.com Limited  - American Depositary Shares,NASDAQ,common_stock,0001734107
SOLS,Solstice Advanced Materials Inc. - Common Stock,NASDAQ,common_stock,0002064953
SOLV,Solventum Corporation Common Stock,NYSE,common_stock,0001964738
SON,Sonoco Products Company Common Stock,NYSE,common_stock,0000091767
SONM,"DNA X, Inc. - Common Stock",NASDAQ,common_stock,0001178697
SONO,"Sonos, Inc. - Common Stock",NASDAQ,common_stock,0001314727
SONY,Sony Group Corporation American Depositary Shares,NYSE,common_stock,0000313838
SOPH,SOPHiA GENETICS SA - Ordinary Shares,NASDAQ,common_stock,0001840706
SOR,"Source Capital, Inc. Cmn Shs of BI",NYSE,common_stock,0000091847
SORA,AsiaStrategy - Ordinary Shares,NASDAQ,common_stock,0002033515
SORN,Soren Acquisition Corp. - Class A Ordinary Shares,NASDAQ,common_stock,0002086263
SOS,SOS Limited Class A Ordinary Shares,NYSE,common_stock,0001346610
SOTK,Sono-Tek Corporation - Common Stock,NASDAQ,common_stock,0000806172
SOUL,Soulpower Acquisition Corporation Class A Ordinary Shares,NYSE,common_stock,0002025608
SOUN,"SoundHound AI, Inc. - Class A Common Stock",NASDAQ,common_stock,0001840856
SOWG,Sow Good Inc. - Common Stock,NASDAQ,common_stock,0001490161
SPAI,Safe Pro Group Inc. - Common Stock,NASDAQ,common_stock,0002011208
SPB,"Spectrum Brands Holdings, Inc. Common Stock",NYSE,common_stock,0000109177
SPCB,"SuperCom, Ltd. - Ordinary Shares",NASDAQ,common_stock,0001291855
SPCE,"Virgin Galactic Holdings, Inc. Common Stock",NYSE,common_stock,0001706946
SPCX,Space Exploration Technologies Corp. - Class A Common Stock,NASDAQ,common_stock,0001181412
SPE,"Special Opportunities Fund, Inc Common Stock",NYSE,common_stock,0000897802
SPEG,Silver Pegasus Acquisition Corp - Class A Ordinary Shares,NASDAQ,common_stock,0002028735
SPFI,"South Plains Financial, Inc. - Common Stock",NASDAQ,common_stock,0001163668
SPG,"Simon Property Group, Inc. Common Stock",NYSE,common_stock,0001063761
SPGI,S&P Global Inc. Common Stock,NYSE,common_stock,0000064040
SPH,"Suburban Propane Partners, L.P. Common Stock",NYSE,common_stock,0001005210
SPHL,Springview Holdings Ltd - Ordinary shares,NASDAQ,common_stock,0002002236
SPHR,Sphere Entertainment Co. Class A Common Stock,NYSE,common_stock,0001795250
SPIR,"Spire Global, Inc. Class A Common Stock",NYSE,common_stock,0001816017
SPKL,Spark I Acquisition Corp. - Class A Ordinary Share,NASDAQ,common_stock,0001884046
SPMC,"Sound Point Meridian Capital, Inc. Common Stock",NYSE,common_stock,0001930147
SPNT,SiriusPoint Ltd. Common Shares,NYSE,common_stock,0001576018
SPOK,"Spok Holdings, Inc. - Common Stock",NASDAQ,common_stock,0001289945
SPOT,Spotify Technology S.A. Ordinary Shares,NYSE,common_stock,0001639920
SPPL,SIMPPLE LTD. - Ordinary Shares,NASDAQ,common_stock,0001948697
SPRB,"Spruce Biosciences, Inc. - Common Stock",NASDAQ,common_stock,0001683553
SPRC,SciSparc Ltd. - Ordinary Shares,NASDAQ,common_stock,0001611746
SPRO,"Spero Therapeutics, Inc. - Common Stock",NASDAQ,common_stock,0001701108
SPRU,Spruce Power Holding Corporation Class A Common Stock,NYSE,common_stock,0001772720
SPRY,"ARS Pharmaceuticals, Inc. - Common Stock",NASDAQ,common_stock,0001671858
SPSC,"SPS Commerce, Inc. - Common Stock",NASDAQ,common_stock,0001092699
SPT,"Sprout Social, Inc - Class A Common Stock",NASDAQ,common_stock,0001517375
SPTX,"Seaport Therapeutics, Inc. - Common Stock",NASDAQ,common_stock,0002042347
SPWH,"Sportsman's Warehouse Holdings, Inc. - Common Stock",NASDAQ,common_stock,0001132105
SPWR,SunPower Inc. - Common Stock,NASDAQ,common_stock,0001838987
SPXC,"SPX Technologies, Inc. Common Stock",NYSE,common_stock,0000088205
SPXX,Nuveen S&P 500 Dynamic Overwrite Fund,NYSE,common_stock,0001338561
SQFT,"Presidio Property Trust, Inc. - Class A Common Stock",NASDAQ,common_stock,0001080657
SQM,Sociedad Quimica y Minera S.A. Common Stock,NYSE,common_stock,0000909037
SQNS,Sequans Communications S.A. American Depositary Shares (each representing one hundred (100) Ordinary Shares),NYSE,common_stock,0001383395
SR,Spire Inc. Common Stock,NYSE,common_stock,0001126956
SRAD,Sportradar Group AG - Class A Ordinary Shares,NASDAQ,common_stock,0001836470
SRBK,"SR Bancorp, Inc. - Common stock",NASDAQ,common_stock,0001951276
SRCE,1st Source Corporation - Common Stock,NASDAQ,common_stock,0000034782
SRE,DBA Sempra Common Stock,NYSE,common_stock,0001032208
SRFM,Surf Air Mobility Inc. Common Stock,NYSE,common_stock,0001936224
SRG,Seritage Growth Properties Class A Common Stock,NYSE,common_stock,0001628063
SRI,"Stoneridge, Inc. Common Stock",NYSE,common_stock,0001043337
SRL,Scully Royalty Ltd.,NYSE,common_stock,0000016859
SRPT,"Sarepta Therapeutics, Inc. - Common Stock",NASDAQ,common_stock,0000873303
SRRK,Scholar Rock Holding Corporation - Common Stock,NASDAQ,common_stock,0001727196
SRTA,"Strata Critical Medical, Inc. - Class A Common Stock",NASDAQ,common_stock,0001779128
SRTS,"Sensus Healthcare, Inc. - Common Stock",NASDAQ,common_stock,0001494891
SRV,NXG Cushing Midstream Energy Fund Common Shares of Beneficial Interest,NYSE,common_stock,0001400897
SRXH,SRX Global Inc. Common Stock,NYSE American,common_stock,0001471727
SRZN,"Surrozen, Inc. - Common Stock",NASDAQ,common_stock,0001824893
SSAC,SPACSphere Acquisition Corp. - Class A Ordinary Shares,NASDAQ,common_stock,0002081300
SSB,SouthState Bank Corporation Common Stock,NYSE,common_stock,0000764038
SSBI,Summit State Bank - Common Stock,NASDAQ,common_stock,
SSD,"Simpson Manufacturing Company, Inc. Common Stock",NYSE,common_stock,0000920371
SSEA,Starry Sea Acquisition Corp - Ordinary Shares,NASDAQ,common_stock,0002059165
SSII,SS Innovations International Inc. - Common Stock,NASDAQ,common_stock,0001676163
SSL,Sasol Ltd. American Depositary Shares,NYSE,common_stock,0000314590
SSM,Sono Group N.V. - Ordinary Shares,NASDAQ,common_stock,0001840416
SSMR,Sunshine Silver Mining & Refining Company Common Stock,NYSE,common_stock,0002091017
SSNC,"SS&C Technologies Holdings, Inc. - Common Stock",NASDAQ,common_stock,0001402436
SSP,E.W. Scripps Company (The) - Class A Common Stock,NASDAQ,common_stock,0000832428
SSRM,SSR Mining Inc. - Common Stock,NASDAQ,common_stock,0000921638
SST,"System1, Inc. Class A Common Stock",NYSE,common_stock,0001805833
SSTI,"SoundThinking, Inc. - Common Stock",NASDAQ,common_stock,0001351636
SSTK,"Shutterstock, Inc. Common Stock",NYSE,common_stock,0001549346
SSYS,"Stratasys, Ltd. - Common Stock",NASDAQ,common_stock,0001517396
ST,Sensata Technologies Holding plc Ordinary Shares,NYSE,common_stock,0001477294
STAA,STAAR Surgical Company - Common Stock,NASDAQ,common_stock,0000718937
STAG,"Stag Industrial, Inc. Common Stock",NYSE,common_stock,0001479094
STAK,STAK Inc. - Class A Ordinary Shares,NASDAQ,common_stock,0002002453
STBA,"S&T Bancorp, Inc. - Common Stock",NASDAQ,common_stock,0000719220
STC,Stewart Information Services Corporation Common Stock,NYSE,common_stock,0000094344
STDN,"Standard Nuclear, Inc. Class A Common Stock",NYSE,common_stock,0002086716
STE,STERIS plc (Ireland) Ordinary Shares,NYSE,common_stock,0001757898
STEM,"Stem, Inc. Class A Common Stock",NYSE,common_stock,0001758766
STEP,StepStone Group Inc. - Class A Common Stock,NASDAQ,common_stock,0001796022
STEW,"SRH Total Return Fund, Inc. Common Stock",NYSE,common_stock,0000102426
STEX,Streamex Corp. - Common Stock,NASDAQ,common_stock,0001530766
STFS,Star Fashion Culture Holdings Limited - Class A Ordinary Shares,NASDAQ,common_stock,0002003061
STG,"Sunlands Technology Group American Depositary Shares, representing Class A ordinary shares",NYSE,common_stock,0001723935
STGW,Stagwell Inc. - Class A Common Stock,NASDAQ,common_stock,0000876883
STHO,Star Holdings - Shares of Beneficial Interest,NASDAQ,common_stock,0001953366
STI,"Solidion Technology, Inc. - Common Stock",NASDAQ,common_stock,0001881551
STIM,"Neuronetics, Inc. - Common Stock",NASDAQ,common_stock,0001227636
STK,Columbia Seligman Premium Technology Growth Fund Inc,NYSE,common_stock,0001471420
STKE,Sol Strategies Inc. - Common Shares,NASDAQ,common_stock,0001846839
STKH,Steakholder Foods Ltd. - American Depositary Shares,NASDAQ,common_stock,0001828098
STKS,"The ONE Group Hospitality, Inc. - Common Stock",NASDAQ,common_stock,0001399520
STLA,Stellantis N.V. Common Shares,NYSE,common_stock,0001605484
STLD,"Steel Dynamics, Inc. - Common Stock",NASDAQ,common_stock,0001022671
STLN,"Starling Oncology, Inc. - Common Stock",NASDAQ,common_stock,0001799191
STM,STMicroelectronics N.V. Common Stock,NYSE,common_stock,0000932787
STN,Stantec Inc Common Stock,NYSE,common_stock,0001131383
STNE,StoneCo Ltd. - Class A Common Share,NASDAQ,common_stock,0001745431
STNG,Scorpio Tankers Inc. Common Shares,NYSE,common_stock,0001483934
STOK,"Stoke Therapeutics, Inc. - Common Stock",NASDAQ,common_stock,0001623526
STRA,"Strategic Education, Inc. - Common Stock",NASDAQ,common_stock,0001013934
STRL,"Sterling Infrastructure, Inc. - Common Stock",NASDAQ,common_stock,0000874238
STRO,"Sutro Biopharma, Inc. - Common Stock",NASDAQ,common_stock,0001382101
STRR,"Star Equity Holdings, Inc. - Common Stock",NASDAQ,common_stock,0001210708
STRT,STRATTEC SECURITY CORPORATION - Common Stock,NASDAQ,common_stock,0000933034
STRW,"Strawberry Fields REIT, Inc. Common Stock",NYSE American,common_stock,0001782430
STRZ,Starz Entertainment Corp. - Common Shares,NASDAQ,common_stock,0000929351
STT,State Street Corporation Common Stock,NYSE,common_stock,0000093751
STTK,"Shattuck Labs, Inc. - Common Stock",NASDAQ,common_stock,0001680367
STUB,"StubHub Holdings, Inc. Class A Common Stock",NYSE,common_stock,0001337634
STVN,Stevanato Group S.p.A. Ordinary Shares,NYSE,common_stock,0001849853
STWD,"STARWOOD PROPERTY TRUST, INC. Starwood Property Trust Inc.",NYSE,common_stock,0001465128
STX,Seagate Technology Holdings PLC - Ordinary Shares (Ireland),NASDAQ,common_stock,0001137789
STXS,"Stereotaxis, Inc. Common Stock",NYSE American,common_stock,0001289340
STZ,"Constellation Brands, Inc. Common Stock",NYSE,common_stock,0000016918
SU,Suncor Energy  Inc. Common Stock,NYSE,common_stock,0000311337
SUGP,SU Group Holdings Limited - Class A Ordinary Shares,NASDAQ,common_stock,0001969863
SUI,"Sun Communities, Inc. Common Stock",NYSE,common_stock,0000912593
SUIG,Sui Group Holdings Limited - Common Stock,NASDAQ,common_stock,0001425355
SUJA,"Suja Life, Inc. - Class A Common Stock",NASDAQ,common_stock,0001934114
SUMA,SUMA Acquisition Corporation - Class A Ordinary Shares,NASDAQ,common_stock,0002105838
SUNB,"Sunbelt Rentals Holdings, Inc. Common Stock",NYSE,common_stock,0002083785
SUNE,"SUNation Energy, Inc. - Common Stock",NASDAQ,common_stock,0000022701
SUNS,"Sunrise Realty Trust, Inc. - Common Stock",NASDAQ,common_stock,0002012706
SUPN,"Supernus Pharmaceuticals, Inc. - Common Stock",NASDAQ,common_stock,0001356576
SUPV,Grupo Supervielle S.A. American Depositary Shares each Representing five Class B shares,NYSE,common_stock,0001517399
SUPX,SuperX AI Technology Limited - Ordinary Shares,NASDAQ,common_stock,0001897087
SURG,"SurgePays, Inc. - Common Stock",NASDAQ,common_stock,0001392694
SUZ,Suzano S.A. American Depositary Shares (each representing One Ordinary Share),NYSE,common_stock,0000909327
SVA,"Sinovac Biotech, Ltd. - Ordinary Shares (Antigua/Barbudo)",NASDAQ,common_stock,0001084201
SVAQ,Silicon Valley Acquisition Corp. - Class A Ordinary Shares,NASDAQ,common_stock,0002085659
SVC,Service Properties Trust - Common Shares of Beneficial Interest,NASDAQ,common_stock,0000945394
SVCC,Stellar V Capital Corp. - Class A Ordinary Shares,NASDAQ,common_stock,0002033593
SVCO,"Silvaco Group, Inc. - Common Stock",NASDAQ,common_stock,0001943289
SVIV,Spring Valley Acquisition Corp. IV - Class A Ordinary Shares,NASDAQ,common_stock,0002098242
SVM,Silvercorp Metals Inc. Common Shares,NYSE American,common_stock,0001340677
SVRA,"Savara, Inc. - Common Stock",NASDAQ,common_stock,0001160308
SVRE,SaverOne 2014 Ltd. - American Depositary Shares,NASDAQ,common_stock,0001894693
SVRN,OceanPal Inc. - Common Stock,NASDAQ,common_stock,0001869467
SVV,"Savers Value Village, Inc. Common Stock",NYSE,common_stock,0001883313
SW,Smurfit WestRock plc Ordinary Shares,NYSE,common_stock,0002005951
SWAG,"Stran & Company, Inc. - Common Stock",NASDAQ,common_stock,0001872525
SWBI,"Smith & Wesson Brands, Inc. - Common Stock",NASDAQ,common_stock,0001092796
SWIM,"Latham Group, Inc. - Common Stock",NASDAQ,common_stock,0001833197
SWK,"Stanley Black & Decker, Inc. Common Stock",NYSE,common_stock,0000093556
SWKS,"Skyworks Solutions, Inc. - Common Stock",NASDAQ,common_stock,0000004127
SWMR,"Swarmer, Inc - common stock",NASDAQ,common_stock,0002092574
SWVL,Swvl Holdings Corp - Ordinary Shares,NASDAQ,common_stock,0001875609
SWX,"Southwest Gas Holdings, Inc. Common Stock (DE)",NYSE,common_stock,0001692115
SWZ,Total Return Securities Fund Common Stock,NYSE,common_stock,0000813623
SXC,"SunCoke Energy, Inc. Common Stock",NYSE,common_stock,0001514705
SXI,Standex International Corporation Common Stock,NYSE,common_stock,0000310354
SXT,Sensient Technologies Corporation Common Stock,NYSE,common_stock,0000310142
SXTC,"China SXT Pharmaceuticals, Inc. - Class A Ordinary Shares",NASDAQ,common_stock,0001723980
SXTP,"60 Degrees Pharmaceuticals, Inc. - Common Stock",NASDAQ,common_stock,0001946563
SY,So-Young International Inc. - American Depository Shares,NASDAQ,common_stock,0001758530
SYBT,"Stock Yards Bancorp, Inc. - Common Stock",NASDAQ,common_stock,0000835324
SYF,Synchrony Financial Common Stock,NYSE,common_stock,0001601712
SYK,Stryker Corporation Common Stock,NYSE,common_stock,0000310764
SYM,Symbotic Inc. - Class A Common Stock,NASDAQ,common_stock,0001837240
SYNA,Synaptics Incorporated - Common Stock,NASDAQ,common_stock,0000817720
SYNX,Silynxcom Ltd. Ordinary Shares,NYSE American,common_stock,0001976443
SYPR,"Sypris Solutions, Inc. - Common Stock",NASDAQ,common_stock,0000864240
SYRE,"Spyre Therapeutics, Inc. - Common Stock",NASDAQ,common_stock,0001636282
SYY,Sysco Corporation Common Stock,NYSE,common_stock,0000096021
SZZL,Sizzle Acquisition Corp. II - Class A ordinary shares,NASDAQ,common_stock,0002030663
T,AT&T Inc.,NYSE,common_stock,0000732717
TAC,TransAlta Corporation Ordinary Shares,NYSE,common_stock,0001144800
TACH,Titan Acquisition Corp. - Class A Ordinary Shares,NASDAQ,common_stock,0002009183
TACO,Berto Acquisition Corp. - Ordinary Shares,NASDAQ,common_stock,0002033122
TACT,TransAct Technologies Incorporated - Common Stock,NASDAQ,common_stock,0001017303
TAK,Takeda Pharmaceutical Company Limited American Depositary Shares (each representing 1/2 of a share of Common Stock),NYSE,common_stock,0001395064
TAL,TAL Education Group American Depositary Shares,NYSE,common_stock,0001499620
TALO,"Talos Energy, Inc. Common Stock",NYSE,common_stock,0001724965
TANH,Tantech Holdings Ltd. - Class A Common Shares,NASDAQ,common_stock,0001588084
TAOP,Taoping Inc. - Ordinary Shares,NASDAQ,common_stock,0001552670
TAOX,Tao Synergies Inc. - Common Stock,NASDAQ,common_stock,0001571934
TAP,Molson Coors Beverage Company Class B Common Stock,NYSE,common_stock,0000024545
TAP.A,Molson Coors Beverage Company Class A Common Stock,NYSE,common_stock,0000024545
TARA,"Protara Therapeutics, Inc.  - Common Stock",NASDAQ,common_stock,0001359931
TARS,"Tarsus Pharmaceuticals, Inc. - Common Stock",NASDAQ,common_stock,0001819790
TASK,"TaskUs, Inc. - Class A Common Stock",NASDAQ,common_stock,0001829864
TATT,TAT Technologies Ltd. - Ordinary Shares,NASDAQ,common_stock,0000808439
TAVI,Tavia Acquisition Corp. - Ordinary Shares,NASDAQ,common_stock,0002020385
TAYD,"Taylor Devices, Inc. - Common Stock",NASDAQ,common_stock,0000096536
TBBB,BBB Foods Inc. Class A Common Shares,NYSE,common_stock,0001978954
TBBK,"The Bancorp, Inc. - Common Stock",NASDAQ,common_stock,0001295401
TBCH,Turtle Beach Corporation - Common Stock,NASDAQ,common_stock,0001493761
TBI,"TrueBlue, Inc. Common Stock",NYSE,common_stock,0000768899
TBLA,Taboola.com Ltd. - Ordinary Shares,NASDAQ,common_stock,0001840502
TBLD,Thornburg Income Builder Opportunities Trust - Closed End Fund,NASDAQ,common_stock,0001820378
TBN,Tamboran Resources Corporation Common stock,NYSE,common_stock,0001997652
TBPH,"Theravance Biopharma, Inc. - Ordinary Shares",NASDAQ,common_stock,0001583107
TC,Token Cat Limited - American Depositary Shares,NASDAQ,common_stock,0001743340
TCBI,"Texas Capital Bancshares, Inc. - Common Stock",NASDAQ,common_stock,0001077428
TCBK,TriCo Bancshares - Common Stock,NASDAQ,common_stock,0000356171
TCBS,"Texas Community Bancshares, Inc. - Common Stock",NASDAQ,common_stock,0001849466
TCBX,"Third Coast Bancshares, Inc. Common Stock",NYSE,common_stock,0001781730
TCGX,TCGX Acquisition Corp. - Class A Ordinary Shares,NASDAQ,common_stock,0002137965
TCI,"Transcontinental Realty Investors, Inc. Common Stock",NYSE,common_stock,0000733590
TCMD,"Tactile Systems Technology, Inc. - Common Stock",NASDAQ,common_stock,0001027838
TCOM,Trip.com Group Limited - American Depositary Shares,NASDAQ,common_stock,0001269238
TCPC,BlackRock TCP Capital Corp. - Closed End Fund,NASDAQ,common_stock,0001370755
TCRT,"Alaunos Therapeutics, Inc. - Common Stock",NASDAQ,common_stock,0001107421
TCRX,"TScan Therapeutics, Inc. - Common Stock",NASDAQ,common_stock,0001783328
TCX,Tucows Inc. - Common Stock,NASDAQ,common_stock,0000909494
TD,Toronto Dominion Bank (The) Common Stock,NYSE,common_stock,0000947263
TDAC,Translational Development Acquisition Corp. - Ordinary Shares,NASDAQ,common_stock,0001926599
TDAY,"USA TODAY Co., Inc. Common Stock",NYSE,common_stock,0001579684
TDC,Teradata Corporation Common Stock,NYSE,common_stock,0000816761
TDF,"Templeton Dragon Fund, Inc. Common Stock",NYSE,common_stock,0000919893
TDG,Transdigm Group Incorporated Common Stock,NYSE,common_stock,0001260221
TDIC,Dreamland Limited - Class A Ordinary Shares,NASDAQ,common_stock,0002041338
TDOC,"Teladoc Health, Inc. Common Stock",NYSE,common_stock,0001477449
TDS,"Telephone and Data Systems, Inc. Common Shares",NYSE,common_stock,0001051512
TDTH,Trident Digital Tech Holdings Ltd - Class B Ordinary Shares,NASDAQ,common_stock,0001983550
TDUP,ThredUp Inc. - Class A Common Stock,NASDAQ,common_stock,0001484778
TDW,Tidewater Inc. Common Stock,NYSE,common_stock,0000098222
TDWD,Tailwind 2.0 Acquisition Corp. - Class A Ordinary Shares,NASDAQ,common_stock,0002076616
TDY,Teledyne Technologies Incorporated Common Stock,NYSE,common_stock,0001094285
TE,T1 Energy Inc. Common Stock,NYSE,common_stock,0001992243
TEAD,Teads Holding Co. - Common Stock,NASDAQ,common_stock,0001454938
TEAM,Atlassian Corporation  - Class A Common Stock,NASDAQ,common_stock,0001650372
TECH,Bio-Techne Corp - Common Stock,NASDAQ,common_stock,0000842023
TECK,Teck Resources Ltd Ordinary Shares,NYSE,common_stock,0000886986
TECX,"Tectonic Therapeutic, Inc. - Common Stock",NASDAQ,common_stock,0001681087
TEI,"Templeton Emerging Markets Income Fund, Inc. Common Stock",NYSE,common_stock,0000909112
TEL,TE Connectivity plc Ordinary Shares,NYSE,common_stock,0001385157
TELA,"TELA Bio, Inc. - Common stock",NASDAQ,common_stock,0001561921
TELO,"Telomir Pharmaceuticals, Inc. - Common Stock",NASDAQ,common_stock,0001971532
TEM,"Tempus AI, Inc. - Class A Common Stock",NASDAQ,common_stock,0001717115
TEN,Tsakos Energy Navigation Ltd Common Shares,NYSE,common_stock,0001166663
TENB,"Tenable Holdings, Inc. - Common Stock",NASDAQ,common_stock,0001660280
TENX,"Tenax Therapeutics, Inc. - Common Stock",NASDAQ,common_stock,0000034956
TEO,Telecom Argentina SA,NYSE,common_stock,0000932470
TER,"Teradyne, Inc. - Common Stock",NASDAQ,common_stock,0000097210
TEVA,Teva Pharmaceutical Industries Limited American Depositary Shares,NYSE,common_stock,0000818686
TEX,Terex Corporation Common Stock,NYSE,common_stock,0000097216
TFC,Truist Financial Corporation Common Stock,NYSE,common_stock,0000092230
TFII,TFI International Inc. Common Shares,NYSE,common_stock,0001588823
TFIN,"Triumph Financial, Inc. Common Stock",NYSE,common_stock,0001539638
TFPM,Triple Flag Precious Metals Corp. Common Shares,NYSE,common_stock,0001829726
TFSL,TFS Financial Corporation - Common Stock,NASDAQ,common_stock,0001381668
TFX,Teleflex Incorporated Common Stock,NYSE,common_stock,0000096943
TG,Tredegar Corporation Common Stock,NYSE,common_stock,0000850429
TGB,Trekor Metals Limited Common Shares,NYSE American,common_stock,0000878518
TGE,The Generation Essentials Group Class A Ordinary Shares,NYSE,common_stock,0002053456
TGEN,Tecogen Inc. Common Stock,NYSE American,common_stock,0001537435
TGHL,The GrowHub Limited - Class A Ordinary Shares,NASDAQ,common_stock,0002024114
TGL,Treasure Global Inc. - Common Stock,NASDAQ,common_stock,0001905956
TGLS,Tecnoglass Holdings Inc. Common Stock,NYSE,common_stock,0001534675
TGS,Transportadora de Gas del Sur SA TGS Common Stock,NYSE,common_stock,0000931427
TGT,Target Corporation Common Stock,NYSE,common_stock,0000027419
TGTX,"TG Therapeutics, Inc. - Common Stock",NASDAQ,common_stock,0001001316
TH,Target Hospitality Corp. - Common Stock,NASDAQ,common_stock,0001712189
THC,Tenet Healthcare Corporation Common Stock,NYSE,common_stock,0000070318
THCH,TH International Limited - Ordinary shares,NASDAQ,common_stock,0001877333
THEO,BOA Acquisition Corp. II - Class A Ordinary Shares,NASDAQ,common_stock,0002080216
THFF,First Financial Corporation  - Common Stock,NASDAQ,common_stock,0000714562
THG,Hanover Insurance Group Inc,NYSE,common_stock,0000944695
THH,TryHard Holdings Limited - Ordinary Shares,NASDAQ,common_stock,0002044241
THM,"International Tower Hill Mines, Ltd. Ordinary Shares (Canada)",NYSE American,common_stock,0001134115
THO,"Thor Industries, Inc. Common Stock",NYSE,common_stock,0000730263
THQ,abrdn Healthcare Opportunities Fund Shares of Beneficial Interest,NYSE,common_stock,0001604522
THRM,Gentherm Inc - Common Stock,NASDAQ,common_stock,0000903129
THRY,"Thryv Holdings, Inc. - Common Stock",NASDAQ,common_stock,0001556739
THW,abrdn World Healthcare Fund Shares of Beneficial Interest,NYSE,common_stock,0001635977
TIC,"TIC Solutions, Inc. Common Stock",NYSE,common_stock,0002032966
TIGO,Millicom International Cellular S.A. - Common Stock,NASDAQ,common_stock,0000912958
TIGR,UP Fintech Holding Limited - American Depositary Shares representing fifteen Class A Ordinary Shares,NASDAQ,common_stock,0001756699
TII,Titan Mining Corporation Common Shares,NYSE American,common_stock,0001791703
TIL,"Instil Bio, Inc. - Common Stock",NASDAQ,common_stock,0001789769
TILE,"Interface, Inc. - Common Stock",NASDAQ,common_stock,0000715787
TIMB,TIM S.A. American Depositary Shares (Each representing 5 Common Shares),NYSE,common_stock,0001826168
TIPT,Tiptree Inc. - Common Stock,NASDAQ,common_stock,0001393726
TISI,"Team, Inc. Common Stock",NYSE,common_stock,0000318833
TITN,Titan Machinery Inc. - Common Stock,NASDAQ,common_stock,0001409171
TJGC,TJGC Group Limited - Class A Ordinary Shares,NASDAQ,common_stock,0001969928
TJX,"TJX Companies, Inc. (The) Common Stock",NYSE,common_stock,0000109198
TK,Teekay Corporation Ltd. Common Stock,NYSE,common_stock,0000911971
TKC,Turkcell Iletisim Hizmetleri AS Common Stock,NYSE,common_stock,0001071321
TKLF,"Tokyo Lifestyle Co., Ltd. - American Depositary Shares",NASDAQ,common_stock,0001836242
TKNO,"Alpha Teknova, Inc. - Common Stock",NASDAQ,common_stock,0001850902
TKO,"TKO Group Holdings, Inc. Class A Common Stock",NYSE,common_stock,0001973266
TKR,Timken Company (The) Common Stock,NYSE,common_stock,0000098362
TLF,"Tandy Leather Factory, Inc. - common stock",NASDAQ,common_stock,0000909724
TLIH,Ten-League International Holdings Limited - Ordinary Shares,NASDAQ,common_stock,0001982012
TLK,"PT Telekomunikasi Indonesia, Tbk",NYSE,common_stock,0001001807
TLN,Talen Energy Corporation - Common Stock,NASDAQ,common_stock,0001622536
TLNC,Talon Capital Corp. - Class A Ordinary Shares,NASDAQ,common_stock,0002073340
TLPH,"Talphera, Inc. - Common Stock",NASDAQ,common_stock,0001427925
TLRY,"Tilray Brands, Inc. - Common Stock",NASDAQ,common_stock,0001731348
TLS,Telos Corporation - Common Stock,NASDAQ,common_stock,0000320121
TLSA,Tiziana Life Sciences Ltd - Common Shares,NASDAQ,common_stock,0001723069
TLSI,"TriSalus Life Sciences, Inc. - Common Stock",NASDAQ,common_stock,0001826667
TLX,Telix Pharmaceuticals Limited - American Depositary Shares,NASDAQ,common_stock,0002007191
TLYS,"Tilly's, Inc. Common Stock",NYSE,common_stock,0001524025
TM,Toyota Motor Corporation Common Stock,NYSE,common_stock,0001094517
TMC,TMC the metals company Inc. - Common Stock,NASDAQ,common_stock,0001798562
TMCI,"Treace Medical Concepts, Inc. - Common Stock",NASDAQ,common_stock,0001630627
TMCR,The Metals Royalty Company Inc. - Common Stock,NASDAQ,common_stock,0002087398
TMDE,TMD Energy Limited Ordinary Shares,NYSE American,common_stock,0002009714
TMDX,"TransMedics Group, Inc. - Common Stock",NASDAQ,common_stock,0001756262
TME,"Tencent Music Entertainment Group American Depositary Shares, each representing two Class A Ordinary Shares",NYSE,common_stock,0001744676
TMO,Thermo Fisher Scientific Inc Common Stock,NYSE,common_stock,0000097745
TMP,Tompkins Financial Corporation Common Stock,NYSE American,common_stock,0001005817
TMQ,Trilogy Metals Inc. Common Stock,NYSE American,common_stock,0001543418
TMS,Teamshares Inc. - Common Stock,NASDAQ,common_stock,0002048951
TMTS,Spartacus Acquisition Corp. II - Class A Ordinary Shares,NASDAQ,common_stock,0002097364
TMUS,"T-Mobile US, Inc. - Common Stock",NASDAQ,common_stock,0001283699
TNC,Tennant Company Common Stock,NYSE,common_stock,0000097134
TNDM,"Tandem Diabetes Care, Inc. - Common Stock",NASDAQ,common_stock,0001438133
TNET,"TriNet Group, Inc. Common Stock",NYSE,common_stock,0000937098
TNGX,"Tango Therapeutics, Inc. - Common Stock",NASDAQ,common_stock,0001819133
TNK,Teekay Tankers Ltd.,NYSE,common_stock,0001419945
TNL,Travel   Leisure Co. Common  Stock,NYSE,common_stock,0001361658
TNMG,TNL Mediagene - Ordinary Shares,NASDAQ,common_stock,0002013186
TNON,"Tenon Medical, Inc. - Common Stock",NASDAQ,common_stock,0001560293
TNXP,Tonix Pharmaceuticals Holding Corp. - Common Stock,NASDAQ,common_stock,0001430306
TNYA,"Tenaya Therapeutics, Inc. - Common Stock",NASDAQ,common_stock,0001858848
TOL,"Toll Brothers, Inc. Common Stock",NYSE,common_stock,0000794170
TOMZ,"TOMI Environmental Solutions, Inc. - Common Stock",NASDAQ,common_stock,0000314227
TONT,Graf Global Corp. Class A ordinary shares,NYSE American,common_stock,0001897463
TONX,TON Strategy Company - Common Stock,NASDAQ,common_stock,0001566610
TOON,"Kartoon Studios, Inc. Common Stock",NYSE American,common_stock,0001355848
TOP,TOP Financial Group Limited - Class A Ordinary Shares,NASDAQ,common_stock,0001848275
TOPP,Toppoint Holdings Inc. Common Stock,NYSE American,common_stock,0001960847
TOPS,"TOP Ships, Inc. Common Stock",NYSE American,common_stock,0001296484
TORO,Toro Corp. - Common stock,NASDAQ,common_stock,0001941131
TOST,"Toast, Inc. Class A Common Stock",NYSE,common_stock,0001650164
TOUR,Tuniu Corporation - American Depositary Shares,NASDAQ,common_stock,0001597095
TOVX,"Theriva Biologics, Inc. Common Stock",NYSE American,common_stock,0000894158
TOWN,Towne Bank - Common Stock,NASDAQ,common_stock,
TOYO,"TOYO Co., Ltd - Ordinary Shares",NASDAQ,common_stock,0001985273
TP,Ticketplus Ltd. Ordinary Shares,NYSE American,common_stock,0002104296
TPB,"Turning Point Brands, Inc. Common Stock",NYSE,common_stock,0001290677
TPC,Tutor Perini Corporation Common Stock,NYSE,common_stock,0000077543
TPCS,TechPrecision Corporation - Common stock,NASDAQ,common_stock,0001328792
TPET,Trio Petroleum Corp. Common Stock,NYSE American,common_stock,0001898766
TPG,TPG Inc. - Class A Common Stock,NASDAQ,common_stock,0001880661
TPL,Texas Pacific Land Corporation Common Stock,NYSE,common_stock,0001811074
TPR,"Tapestry, Inc. Common Stock",NYSE,common_stock,0001116132
TPST,"Tempest Therapeutics, Inc. - Common Stock",NASDAQ,common_stock,0001544227
TPVG,TriplePoint Venture Growth BDC Corp. Common Stock,NYSE,common_stock,0001580345
TR,"Tootsie Roll Industries, Inc. Common Stock",NYSE,common_stock,0000098677
TRAD,APEX Tech Acquisition Inc. Ordinary Shares,NYSE,common_stock,0002085485
TRAK,"ReposiTrak, Inc. Common Stock",NYSE,common_stock,0000050471
TRAW,"Traws Pharma, Inc. - Common Stock",NASDAQ,common_stock,0001130598
TRAX,"First Tracks Biotherapeutics, Inc. - Ordinary Shares",NASDAQ,common_stock,0002091349
TRC,Tejon Ranch Co Common Stock,NYSE,common_stock,0000096869
TRDA,"Entrada Therapeutics, Inc. - Common Stock",NASDAQ,common_stock,0001689375
TREE,"LendingTree, Inc. - Common Stock",NASDAQ,common_stock,0001434621
TREO,Tactical Resources Corp. - Common Shares,NASDAQ,common_stock,0002041208
TREX,"Trex Company, Inc. Common Stock",NYSE,common_stock,0001069878
TRGP,"Targa Resources, Inc. Common Stock",NYSE,common_stock,0001389170
TRGS,TRG Latin America Acquisitions Corp. - Class A Ordinary Shares,NASDAQ,common_stock,0002098780
TRI,Thomson Reuters Corp - Common Shares,NASDAQ,common_stock,0001075124
TRIB,Trinity Biotech plc - American Depositary Shares,NASDAQ,common_stock,0000888721
TRIN,Trinity Capital Inc. Common Stock,NYSE,common_stock,0001786108
TRIP,"TripAdvisor, Inc. - Common Stock",NASDAQ,common_stock,0001526520
TRLV,Trulieve Cannabis Corp. Subordinate Voting Shares,NYSE,common_stock,0001754195
TRMB,Trimble Inc. - Common Stock,NASDAQ,common_stock,0000864749
TRMD,TORM plc - Class A Common Stock,NASDAQ,common_stock,0001655891
TRMK,Trustmark Corporation - Common Stock,NASDAQ,common_stock,0000036146
TRN,"Trinity Industries, Inc. Common Stock",NYSE,common_stock,0000099780
TRNO,Terreno Realty Corporation Common Stock,NYSE,common_stock,0001476150
TRNR,Interactive Strength Inc. - Common Stock,NASDAQ,common_stock,0001785056
TRNS,"Transcat, Inc. - Common Stock",NASDAQ,common_stock,0000099302
TRON,Tron Inc. - Common Stock,NASDAQ,common_stock,0001956744
TROO,"TROOPS, Inc.  - Ordinary Shares",NASDAQ,common_stock,0001412095
TROW,"T. Rowe Price Group, Inc. - Common Stock",NASDAQ,common_stock,0001113169
TROX,Tronox Holdings plc Ordinary Shares (UK),NYSE,common_stock,0001530804
TRP,TC Energy Corporation Common Stock,NYSE,common_stock,0001232384
TRS,TriMas Corporation - Common Stock,NASDAQ,common_stock,0000842633
TRSG,Tungray Technologies Inc - Class A Ordinary Shares,NASDAQ,common_stock,0001943444
TRST,TrustCo Bank Corp NY - Common Stock,NASDAQ,common_stock,0000357301
TRT,Trio-Tech International Common Stock,NYSE American,common_stock,0000732026
TRTX,"TPG RE Finance Trust, Inc. Common Stock",NYSE,common_stock,0001630472
TRU,TransUnion Common Stock,NYSE,common_stock,0001552033
TRUG,"TruGolf Holdings, Inc. - Class A Common Stock",NASDAQ,common_stock,0001857086
TRUP,"Trupanion, Inc. - Common Stock",NASDAQ,common_stock,0001371285
TRV,"The Travelers Companies, Inc. Common Stock",NYSE,common_stock,0000086312
TRVG,trivago N.V. - American Depositary Shares,NASDAQ,common_stock,0001683825
TRVI,"Trevi Therapeutics, Inc. - Common Stock",NASDAQ,common_stock,0001563880
TRX,TRX Gold Corporation Common Stock,NYSE American,common_stock,0001173643
TS,Tenaris S.A. American Depositary Shares,NYSE,common_stock,0001190723
TSAT,Telesat Corporation - Class A Common Shares and Class B Variable Voting Shares,NASDAQ,common_stock,0001845840
TSBK,"Timberland Bancorp, Inc. - Common Stock",NASDAQ,common_stock,0001046050
TSCO,Tractor Supply Company - Common Stock,NASDAQ,common_stock,0000916365
TSEM,Tower Semiconductor Ltd. - Ordinary Shares,NASDAQ,common_stock,0000928876
TSHA,"Taysha Gene Therapies, Inc. - Common Stock",NASDAQ,common_stock,0001806310
TSI,"TCW Strategic Income Fund, Inc. Common Stock",NYSE,common_stock,0000809559
TSLA,"Tesla, Inc.  - Common Stock",NASDAQ,common_stock,0001318605
TSLX,"Sixth Street Specialty Lending, Inc. Common Stock",NYSE,common_stock,0001508655
TSM,Taiwan Semiconductor Manufacturing Company Ltd.,NYSE,common_stock,0001046179
TSN,"Tyson Foods, Inc. Common Stock",NYSE,common_stock,0000100493
TSQ,"Townsquare Media, Inc. Class A Common Stock",NYSE,common_stock,0001499832
TSSI,"TSS, Inc. - Common Stock",NASDAQ,common_stock,0001320760
TT,Trane Technologies plc,NYSE,common_stock,0001466258
TTAM,Titan America SA Common Shares,NYSE,common_stock,0002035304
TTAN,"ServiceTitan, Inc. - Class A Common Stock",NASDAQ,common_stock,0001638826
TTC,Toro Company (The) Common Stock,NYSE,common_stock,0000737758
TTD,"The Trade Desk, Inc. - Class A Common Stock",NASDAQ,common_stock,0001671933
TTE,TotalEnergies SE Ordinary Shares,NYSE,common_stock,0000879764
TTEC,"TTEC Holdings, Inc. - Common Stock",NASDAQ,common_stock,0001013880
TTEK,"Tetra Tech, Inc. - Common Stock",NASDAQ,common_stock,0000831641
TTGT,"TechTarget, Inc. - Common Stock",NASDAQ,common_stock,0002018064
TTI,"Tetra Technologies, Inc. Common Stock",NYSE,common_stock,0000844965
TTMI,"TTM Technologies, Inc. - Common Stock",NASDAQ,common_stock,0001116942
TTRX,Turn Therapeutics Inc. - Common Stock,NASDAQ,common_stock,0002023016
TTWO,"Take-Two Interactive Software, Inc. - Common Stock",NASDAQ,common_stock,0000946581
TU,Telus Corporation Ordinary Shares,NYSE,common_stock,0000868675
TULP,"Bloomia Holdings, Inc. - Common Stock",NASDAQ,common_stock,0000875355
TURB,"Turbo Energy, S.A. - American Depositary Shares",NASDAQ,common_stock,0001963439
TUSK,"Mammoth Energy Services, Inc. - Common Stock",NASDAQ,common_stock,0001679268
TUYA,"Tuya Inc. American Depositary Shares, each representing one Class A Ordinary Share",NYSE,common_stock,0001829118
TV,Grupo Televisa S.A.B. Common Stock,NYSE,common_stock,0000912892
TVA,Texas Ventures Acquisition III Corp - Class A Ordinary Share,NASDAQ,common_stock,0002033991
TVAI,Thayer Ventures Acquisition Corporation II - Class A Ordinary Shares,NASDAQ,common_stock,0001872228
TVC,Tennessee Valley Authority Common Stock,NYSE,common_stock,0001376986
TVE,Tennessee Valley Authority,NYSE,common_stock,0001376986
TVGN,Tevogen Inc. - Common Stock,NASDAQ,common_stock,0001860871
TVIV,Texas Ventures Acquisition IV Corp - Class A Ordinary Shares,NASDAQ,common_stock,0002096755
TVRD,"Tvardi Therapeutics, Inc. - Common Stock",NASDAQ,common_stock,0001346830
TVTX,"Travere Therapeutics, Inc. - Common Stock",NASDAQ,common_stock,0001438533
TW,Tradeweb Markets Inc. - Class A Common Stock,NASDAQ,common_stock,0001758730
TWAV,"TaoWeave, Inc. - Common Stock",NASDAQ,common_stock,0000746210
TWFG,"TWFG, Inc. - Common Stock",NASDAQ,common_stock,0002007596
TWG,Top Wealth Group Holding Limited - Class A Ordinary Shares,NASDAQ,common_stock,0001978057
TWI,"Titan International, Inc. (DE) Common Stock",NYSE,common_stock,0000899751
TWIN,"Twin Disc, Incorporated - Common Stock",NASDAQ,common_stock,0000100378
TWLO,Twilio Inc. Class A Common Stock,NYSE,common_stock,0001447669
TWLV,Twelve Seas Investment Company III - Class A Ordinary Shares,NASDAQ,common_stock,0002052243
TWN,"Taiwan Fund, Inc. (The) Common Stock",NYSE,common_stock,0000804123
TWO,Two Harbors Investment Corp,NYSE,common_stock,0001465740
TWST,Twist Bioscience Corporation - Common Stock,NASDAQ,common_stock,0001581280
TX,"Ternium S.A. Ternium S.A. American Depositary Shares (each representing ten shares, USD1.00 par value)",NYSE,common_stock,0001342874
TXG,"10x Genomics, Inc. - Common Stock",NASDAQ,common_stock,0001770787
TXMD,"TherapeuticsMD, Inc. - Common Stock",NASDAQ,common_stock,0000025743
TXN,Texas Instruments Incorporated - Common Stock,NASDAQ,common_stock,0000097476
TXNM,"TXNM Energy, Inc. Common Stock",NYSE,common_stock,0001108426
TXRH,"Texas Roadhouse, Inc. - Common Stock",NASDAQ,common_stock,0001289460
TXT,Textron Inc. Common Stock,NYSE,common_stock,0000217346
TY,Tri Continental Corporation Common Stock,NYSE,common_stock,0000099614
TYG,Tortoise Energy Infrastructure Corporation Common Stock,NYSE,common_stock,0001268533
TYGO,"Tigo Energy, Inc. - Common Stock",NASDAQ,common_stock,0001855447
TYL,"Tyler Technologies, Inc. Common Stock",NYSE,common_stock,0000860731
TYRA,"Tyra Biosciences, Inc. - Common Stock",NASDAQ,common_stock,0001863127
TZOO,Travelzoo - Common Stock,NASDAQ,common_stock,0001133311
U,Unity Software Inc. Common Stock,NYSE,common_stock,0001810806
UA,"Under Armour, Inc. Class C Common Stock",NYSE,common_stock,0001336917
UAA,"Under Armour, Inc. Class A Common Stock",NYSE,common_stock,0001336917
UAC,United Acquisition Corp. I Class A Ordinary Shares,NYSE American,common_stock,0002098669
UAL,"United Airlines Holdings, Inc. - Common Stock",NASDAQ,common_stock,0000100517
UAMY,United States Antimony Corporation Common Stock,NYSE,common_stock,0000101538
UAVS,"AgEagle Aerial Systems, Inc. Common Stock",NYSE American,common_stock,0000008504
UBCP,"United Bancorp, Inc. - Common Stock",NASDAQ,common_stock,0000731653
UBER,"Uber Technologies, Inc. Common Stock",NYSE,common_stock,0001543151
UBS,UBS Group AG Registered Ordinary Shares,NYSE,common_stock,0001610520
UBSI,"United Bankshares, Inc. - Common Stock",NASDAQ,common_stock,0000729986
UCAR,U Power Limited - Class A Ordinary Shares,NASDAQ,common_stock,0001939780
UCB,"United Community Banks, Inc. Common Stock",NYSE,common_stock,0000857855
UCFI,CN Healthy Food Tech Group Corp. - Common Stock,NASDAQ,common_stock,0001901203
UCIB,"ETRACS UBS Bloomberg Constant Maturity Commodity Index (CMCI) Total Return ETN Series B due April 5, 2038",NYSE Arca,common_stock,0001114446
UCL,uCloudlink Group Inc. - American Depositary Shares,NASDAQ,common_stock,0001775898
UCTT,"Ultra Clean Holdings, Inc. - Common Stock",NASDAQ,common_stock,0001275014
UDR,"UDR, Inc. Common Stock",NYSE,common_stock,0000074208
UE,Urban Edge Properties Common Shares of Beneficial Interest,NYSE,common_stock,0001611547
UEC,Uranium Energy Corp. Common Stock,NYSE American,common_stock,0001334933
UEIC,Universal Electronics Inc. - Common Stock,NASDAQ,common_stock,0000101984
UFCS,"United Fire Group, Inc - Common Stock",NASDAQ,common_stock,0000101199
UFG,Uni-Fuels Holdings Limited - Class A Ordinary Shares,NASDAQ,common_stock,0002021688
UFI,"Unifi, Inc. New Common Stock",NYSE,common_stock,0000100726
UFPI,"UFP Industries, Inc. - Common Stock",NASDAQ,common_stock,0000912767
UFPT,"UFP Technologies, Inc. - Common Stock",NASDAQ,common_stock,0000914156
UG,"United-Guardian, Inc. - Common Stock",NASDAQ,common_stock,0000101295
UGI,UGI Corporation Common Stock,NYSE,common_stock,0000884614
UGP,Ultrapar Participacoes S.A. (New) American Depositary Shares (Each representing one Common Share),NYSE,common_stock,0001094972
UHAL,U-Haul Holding Company Common Stock,NYSE,common_stock,0000004457
UHAL.B,U-Haul Holding Company Series N Non-Voting Common Stock,NYSE,common_stock,0000004457
UHS,"Universal Health Services, Inc. Common Stock",NYSE,common_stock,0000352915
UHT,Universal Health Realty Income Trust Common Stock,NYSE,common_stock,0000798783
UI,Ubiquiti Inc. Common Stock,NYSE,common_stock,0001511737
UIS,Unisys Corporation New Common Stock,NYSE,common_stock,0000746838
UK,Ucommune International Ltd  - Class A Ordinary Shares,NASDAQ,common_stock,0001821424
UL,Unilever PLC American Depositary Shares (each representing One Ordinary Share),NYSE,common_stock,0000217410
ULBI,Ultralife Corporation - Common Stock,NASDAQ,common_stock,0000875657
ULCC,"Frontier Group Holdings, Inc. - Common Stock",NASDAQ,common_stock,0001670076
ULH,"Universal Logistics Holdings, Inc. - Common Stock",NASDAQ,common_stock,0001308208
ULS,UL Solutions Inc. Class A Common Stock,NYSE,common_stock,0001901440
ULTA,"Ulta Beauty, Inc. - Common Stock",NASDAQ,common_stock,0001403568
UMAC,"Unusual Machines, Inc. Common Stock",NYSE American,common_stock,0001956955
UMBF,UMB Financial Corporation - Common Stock,NASDAQ,common_stock,0000101382
UMC,United Microelectronics Corporation (NEW) Common Stock,NYSE,common_stock,0001033767
UMH,"UMH Properties, Inc. Common Stock",NYSE,common_stock,0000752642
UNB,"Union Bankshares, Inc. - Common Stock",NASDAQ,common_stock,0000706863
UNCY,"Unicycive Therapeutics, Inc. - Common Stock",NASDAQ,common_stock,0001766140
UNF,Unifirst Corporation Common Stock,NYSE,common_stock,0000717954
UNFI,"United Natural Foods, Inc. Common Stock",NYSE,common_stock,0001020859
UNH,UnitedHealth Group Incorporated Common Stock (DE),NYSE,common_stock,0000731766
UNIT,Uniti Group Inc. - Common Stock,NASDAQ,common_stock,0002020795
UNM,Unum Group Common Stock,NYSE,common_stock,0000005513
UNP,Union Pacific Corporation Common Stock,NYSE,common_stock,0000100885
UNTY,"Unity Bancorp, Inc. - Common Stock",NASDAQ,common_stock,0000920427
UONE,"Urban One, Inc.  - Class A Common Stock",NASDAQ,common_stock,0001041657
UONEK,"Urban One, Inc.  - Class D Common Stock",NASDAQ,common_stock,0001041657
UP,Wheels Up Experience Inc. Class A Common Stock,NYSE,common_stock,0001819516
UPB,"Upstream Bio, Inc. - Common Stock",NASDAQ,common_stock,0002022626
UPBD,"Upbound Group, Inc. - Common Stock",NASDAQ,common_stock,0000933036
UPC,Universe Pharmaceuticals Inc - Class A Ordinary Shares,NASDAQ,common_stock,0001809616
UPLD,"Upland Software, Inc. - Common Stock",NASDAQ,common_stock,0001505155
UPS,"United Parcel Service, Inc. Common Stock",NYSE,common_stock,0001090727
UPST,"Upstart Holdings, Inc. - Common stock",NASDAQ,common_stock,0001647639
UPWK,Upwork Inc. - Common Stock,NASDAQ,common_stock,0001627475
UPXI,"Upexi, Inc. - Common Stock",NASDAQ,common_stock,0001775194
URBN,"Urban Outfitters, Inc. - Common Stock",NASDAQ,common_stock,0000912615
URG,Ur Energy Inc Common Shares (Canada),NYSE American,common_stock,0001375205
URGN,UroGen Pharma Ltd. - Ordinary Shares,NASDAQ,common_stock,0001668243
URI,"United Rentals, Inc. Common Stock",NYSE,common_stock,0001067701
UROY,Uranium Royalty Corp. - Common Stock,NASDAQ,common_stock,0002143673
USA,Liberty All-Star Equity Fund Common Stock,NYSE,common_stock,0000799195
USAR,"USA Rare Earth, Inc. - Common Stock",NASDAQ,common_stock,0001970622
USAS,"Americas Gold and Silver Corporation Common Shares, no par value",NYSE American,common_stock,0001286973
USAU,U.S. Gold Corp. - Common Stock,NASDAQ,common_stock,0000027093
USB,U.S. Bancorp Common Stock,NYSE,common_stock,0000036104
USBC,"USBC, Inc. Common Stock",NYSE American,common_stock,0001074828
USCB,"USCB Financial Holdings, Inc.  - Class A Common Stock",NASDAQ,common_stock,0001901637
USDE,StablecoinX Inc. - Class A Common Stock,NASDAQ,common_stock,0002080215
USEA,United Maritime Corporation - Common Stock,NASDAQ,common_stock,0001912847
USFD,US Foods Holding Corp. Common Stock,NYSE,common_stock,0001665918
USGO,U.S. GoldMining Inc. - Common stock,NASDAQ,common_stock,0001947244
USIO,"Usio, Inc. - Common Stock",NASDAQ,common_stock,0001088034
USLM,"United States Lime & Minerals, Inc. - Common Stock",NASDAQ,common_stock,0000082020
USNA,"USANA Health Sciences, Inc. Common Stock",NYSE,common_stock,0000896264
USPH,"U.S. Physical Therapy, Inc. Common Stock",NYSE,common_stock,0000885978
UTF,"Cohen & Steers Infrastructure Fund, Inc Common Stock",NYSE,common_stock,0001275617
UTG,Reaves Utility Income Fund Common Shares of Beneficial Interest,NYSE American,common_stock,0001263994
UTHR,United Therapeutics Corporation - Common Stock,NASDAQ,common_stock,0001082554
UTI,Universal Technical Institute Inc Common Stock,NYSE,common_stock,0001261654
UTL,UNITIL Corporation Common Stock,NYSE,common_stock,0000755001
UTMD,"Utah Medical Products, Inc. - Common Stock",NASDAQ,common_stock,0000706698
UTSI,UTStarcom Holdings Corp - Ordinary Shares,NASDAQ,common_stock,0001030471
UTZ,Utz Brands Inc Class A Common Stock,NYSE,common_stock,0001739566
UUU,"Universal Safety Products, Inc. Common Stock",NYSE American,common_stock,0000102109
UUUU,Energy Fuels Inc Ordinary Shares (Canada),NYSE American,common_stock,0001385849
UVE,UNIVERSAL INSURANCE HOLDINGS INC Common Stock,NYSE,common_stock,0000891166
UVSP,Univest Financial Corporation - Common Stock,NASDAQ,common_stock,0000102212
UVV,Universal Corporation Common Stock,NYSE,common_stock,0000102037
UWMC,UWM Holdings Corporation Class A Common Stock,NYSE,common_stock,0001783398
UXIN,Uxin Limited - American Depositary Shares,NASDAQ,common_stock,0001729173
UYSC,UY Scuti Acquisition Corp. - Ordinary Shares,NASDAQ,common_stock,0002036973
UZX,Linkage Global Inc - Class A Ordinary Shares,NASDAQ,common_stock,0001969401
V,Visa Inc.,NYSE,common_stock,0001403161
VABK,Virginia National Bankshares Corporation - Common Stock,NASDAQ,common_stock,0001572334
VAC,Marriott Vacations Worldwide Corporation Common Stock,NYSE,common_stock,0001524358
VACI,Viking Acquisition Corp. I Class A Ordinary Shares,NYSE,common_stock,0002080023
VAL,Valaris Limited Common Shares,NYSE,common_stock,0000314808
VALE,VALE S.A.  American Depositary Shares Each Representing one common share,NYSE,common_stock,0000917851
VALN,Valneva SE - American Depositary Shares,NASDAQ,common_stock,0001836564
VALU,"Value Line, Inc. - Common Stock",NASDAQ,common_stock,0000717720
VANI,"Vivani Medical, Inc.  - Common Stock",NASDAQ,common_stock,0001266806
VATE,INNOVATE Corp. Common Stock,NYSE,common_stock,0001006837
VBF,Invesco Bond Fund Common Stock,NYSE,common_stock,0000005094
VBIO,"Valion Bio, Inc. - Common stock",NASDAQ,common_stock,0001787740
VBNK,VersaBank - Common Shares,NASDAQ,common_stock,0001690639
VC,Visteon Corporation - Common Stock,NASDAQ,common_stock,0001111335
VCEL,Vericel Corporation - Common Stock,NASDAQ,common_stock,0000887359
VCIG,VCI Global Limited - Ordinary Share,NASDAQ,common_stock,0001930510
VCRE,Vicore Pharma Holding AB - American Depositary Shares,NASDAQ,common_stock,0002124403
VCTR,"Victory Capital Holdings, Inc. - Common Stock",NASDAQ,common_stock,0001570827
VCV,Invesco California Value Municipal Income Trust Common Stock,NYSE,common_stock,0000895531
VCX,"Fundrise Innovation Fund, LLC Common Shares of Limited Liability Company Interests",NYSE,common_stock,0001867090
VCYT,"Veracyte, Inc. - Common Stock",NASDAQ,common_stock,0001384101
VECA,Vernal Capital Acquisition Corp. Ordinary Shares,NYSE,common_stock,0002081690
VECO,Veeco Instruments Inc. - Common Stock,NASDAQ,common_stock,0000103145
VEEA,Veea Inc. - Common Stock,NASDAQ,common_stock,0001840317
VEEE,Twin Vee PowerCats Co. - Common Stock,NASDAQ,common_stock,0001855509
VEEV,Veeva Systems Inc. Class A Common Stock,NYSE,common_stock,0001393052
VEL,"Velocity Financial, Inc. Common Stock",NYSE,common_stock,0001692376
VELO,"Velo3D, Inc. - Common stock",NASDAQ,common_stock,0001825079
VENU,Venu Holding Corporation Common Stock,NYSE American,common_stock,0001770501
VEON,VEON Ltd. - American Depositary Shares,NASDAQ,common_stock,0001468091
VERA,"Vera Therapeutics, Inc. - Class A Common Stock",NASDAQ,common_stock,0001831828
VERI,"Veritone, Inc. - Common Stock",NASDAQ,common_stock,0001615165
VERU,Veru Inc. - Common Stock,NASDAQ,common_stock,0000863894
VERX,"Vertex, Inc. - Class A Common Stock",NASDAQ,common_stock,0001806837
VET,Vermilion Energy Inc. Common (Canada),NYSE,common_stock,0001293135
VFC,V.F. Corporation Common Stock,NYSE,common_stock,0000103379
VFF,"Village Farms International, Inc. - Common Shares",NASDAQ,common_stock,0001584549
VFS,VinFast Auto Ltd. - Ordinary Shares,NASDAQ,common_stock,0001913510
VG,"Venture Global, Inc. Class A common stock",NYSE,common_stock,0002007855
VGAS,"Verde Clean Fuels, Inc. - Class A Common Stock",NASDAQ,common_stock,0001841425
VGI,Virtus Global Multi-Sector Income Fund Common Shares of Beneficial Interest,NYSE,common_stock,0001528811
VGM,Invesco Trust for Investment Grade Municipals Common Stock (DE),NYSE,common_stock,0000880892
VGNT,Versigent PLC Ordinary Shares,NYSE,common_stock,0002078008
VGZ,Vista Gold Corp Common Stock,NYSE American,common_stock,0000783324
VHC,VirnetX Holding Corp - Common Stock,NASDAQ,common_stock,0001082324
VHCP,Vine Hill Capital Investment Corp. II - Class A Ordinary Shares,NASDAQ,common_stock,0002086264
VHI,"Valhi, Inc. Common Stock",NYSE,common_stock,0000059255
VHUB,"VenHub Global, Inc. - Common Stock",NASDAQ,common_stock,0001972234
VIA,"Via Transportation, Inc. Class A Common Stock",NYSE,common_stock,0001603015
VIAV,Viavi Solutions Inc. - Common Stock,NASDAQ,common_stock,0000912093
VICI,VICI Properties Inc. Common Stock,NYSE,common_stock,0001705696
VICR,Vicor Corporation - Common Stock,NASDAQ,common_stock,0000751978
VIDA,VIDA Global Inc. Class A Common Stock,NYSE American,common_stock,0001973062
VII,Viking Acquisition Corp. II Class A Ordinary Shares,NYSE,common_stock,0002139246
VIK,Viking Holdings Ltd Ordinary Shares,NYSE,common_stock,0001745201
VINP,Vinci Compass Investments Ltd. - Class A Common Shares,NASDAQ,common_stock,0001826286
VIOT,"Viomi Technology Co., Ltd - American Depositary Shares",NASDAQ,common_stock,0001742770
VIP,Vulcan Infrastructure and Power Inc. - Class A Common Stock,NASDAQ,common_stock,0001844971
VIPS,"Vipshop Holdings Limited American Depositary Shares, each representing two ordinary shares",NYSE,common_stock,0001529192
VIR,"Vir Biotechnology, Inc. - Common Stock",NASDAQ,common_stock,0001706431
VIRC,Virco Manufacturing Corporation - Common Stock,NASDAQ,common_stock,0000751365
VIRT,"Virtu Financial, Inc. Class A Common Stock",NYSE,common_stock,0001592386
VISN,"Vistance Networks, Inc.  - Common Stock",NASDAQ,common_stock,0001517228
VIST,"Vista Energy S.A.B. de C.V. American Depositary Shares, each representing one series A share, with no par value",NYSE,common_stock,0001762506
VITL,"Vital Farms, Inc. - Common Stock",NASDAQ,common_stock,0001579733
VIV,Telefonica Brasil S.A. American Depositary Shares (Each representing One Common Share),NYSE,common_stock,0001066119
VIVK,"Vivakor, Inc. - Common Stock",NASDAQ,common_stock,0001450704
VIVO,VivoPower PLC - Class A Ordinary Shares,NASDAQ,common_stock,0001681348
VIVS,"VivoSim Labs, Inc. - Common Stock",NASDAQ,common_stock,0001497253
VKI,Invesco Advantage Municipal Income Trust II Common Shares of Beneficial Interest (DE),NYSE American,common_stock,0000908993
VKQ,Invesco Municipal Trust Common Stock,NYSE,common_stock,0000877463
VKTX,"Viking Therapeutics, Inc. - Common Stock",NASDAQ,common_stock,0001607678
VLGEA,"Village Super Market, Inc. - Class A Common Stock",NASDAQ,common_stock,0000103595
VLN,Valens Semiconductor Ltd. Ordinary Shares,NYSE,common_stock,0001863006
VLO,Valero Energy Corporation Common Stock,NYSE,common_stock,0001035002
VLOS,Velos Acquisition I Corp. - Class A Ordinary shares,NASDAQ,common_stock,0002016072
VLRS,"Controladora Vuela Compania de Aviacion, S.A.B. de C.V. American Depositary Shares, each representing ten (10) Ordinary Participation Certificates",NYSE,common_stock,0001520504
VLT,Invesco High Income Trust II,NYSE,common_stock,0000846671
VLTO,Veralto Corp Common Stock,NYSE,common_stock,0001967680
VLY,Valley National Bancorp - Common Stock,NASDAQ,common_stock,0000714310
VMAR,Vision Marine Technologies Inc. - Common Shares,NASDAQ,common_stock,0001813783
VMC,Vulcan Materials Company (Holding Company) Common Stock,NYSE,common_stock,0001396009
VMD,"Viemed Healthcare, Inc. - Common Shares",NASDAQ,common_stock,0001729149
VMET,Versamet Royalties Corporation - Common Stock,NASDAQ,common_stock,0002080073
VMI,"Valmont Industries, Inc. Common Stock",NYSE,common_stock,0000102729
VMO,Invesco Municipal Opportunity Trust Common Stock,NYSE,common_stock,0000884152
VMRK,Vivmark Residential Common Shares of Beneficial Interest,NYSE,common_stock,0000906107
VNCE,Vince Holding Corp. - Common Stock,NASDAQ,common_stock,0001579157
VNDA,Vanda Pharmaceuticals Inc. - Common Stock,NASDAQ,common_stock,0001347178
VNET,"VNET Group, Inc. - American Depositary Shares",NASDAQ,common_stock,0001508475
VNME,Vendome Acquisition Corporation I - Class A Ordinary Shares,NASDAQ,common_stock,0002055879
VNO,Vornado Realty Trust Common Stock,NYSE,common_stock,0000899689
VNOM,"Viper Energy, Inc.  - Class A Common Stock",NASDAQ,common_stock,0002074176
VNRX,VolitionRX Limited Common Stock,NYSE American,common_stock,0000093314
VNT,Vontier Corporation Common Stock,NYSE,common_stock,0001786842
VNTG,Vantage Corp Class A Ordinary Shares,NYSE American,common_stock,0002027160
VOD,Vodafone Group Plc - American Depositary Shares each representing ten Ordinary Shares,NASDAQ,common_stock,0000839923
VOGX,Vogenx Inc - Common Stock,NASDAQ,common_stock,0001903784
VOR,Vor Biopharma Inc. - Common Stock,NASDAQ,common_stock,0001817229
VOXR,Vox Royalty Corp. - common stock,NASDAQ,common_stock,0001907909
VOYA,"Voya Financial, Inc. Common Stock",NYSE,common_stock,0001535929
VOYG,"Voyager Technologies, Inc. Class A Common Stock",NYSE,common_stock,0001788060
VPG,"Vishay Precision Group, Inc. Common Stock",NYSE,common_stock,0001487952
VPV,Invesco Pennsylvania Value Municipal Income Trust Common Stock (DE),NYSE,common_stock,0000895528
VRA,"Vera Bradley, Inc. - Common Stock",NASDAQ,common_stock,0001495320
VRAX,Virax Biolabs Group Limited - Ordinary Shares,NASDAQ,common_stock,0001885827
VRCA,Verrica Pharmaceuticals Inc. - Common Stock,NASDAQ,common_stock,0001660334
VRDN,"Viridian Therapeutics, Inc.  - Common Stock",NASDAQ,common_stock,0001590750
VREX,Varex Imaging Corporation - Common Stock,NASDAQ,common_stock,0001681622
VRM,"Vroom, Inc. - Common Stock",NASDAQ,common_stock,0001580864
VRME,"VerifyMe, Inc. - Common Stock",NASDAQ,common_stock,0001104038
VRNS,"Varonis Systems, Inc. - Common Stock",NASDAQ,common_stock,0001361113
VRRM,Verra Mobility Corporation - Class A Common Stock,NASDAQ,common_stock,0001682745
VRSK,"Verisk Analytics, Inc. - Common Stock",NASDAQ,common_stock,0001442145
VRSN,"VeriSign, Inc. - Common Stock",NASDAQ,common_stock,0001014473
VRT,"Vertiv Holdings, LLC Class A Common Stock",NYSE,common_stock,0001674101
VRTS,"Virtus Investment Partners, Inc. Common Stock",NYSE,common_stock,0000883237
VRTX,Vertex Pharmaceuticals Incorporated - Common Stock,NASDAQ,common_stock,0000875320
VRXA,Veraxa Biotech AG - Ordinary Shares,NASDAQ,common_stock,0002079109
VS,Versus Systems Inc. - Common Stock,NASDAQ,common_stock,0001701963
VSA,VisionSys AI Inc. - American Depositary Shares,NASDAQ,common_stock,0001592560
VSAT,"ViaSat, Inc. - Common Stock",NASDAQ,common_stock,0000797721
VSEC,VSE Corporation - Common Stock,NASDAQ,common_stock,0000102752
VSH,"Vishay Intertechnology, Inc. Common Stock",NYSE,common_stock,0000103730
VSME,VS Media Holdings Limited - Class A Ordinary Shares,NASDAQ,common_stock,0001951294
VSNT,"Versant Media Group, Inc. - Class A Common Stock",NASDAQ,common_stock,0002067876
VST,Vistra Corp. Common Stock,NYSE,common_stock,0001692819
VSTM,"Verastem, Inc. - Common Stock",NASDAQ,common_stock,0001526119
VSTS,Vestis Corporation Common Stock,NYSE,common_stock,0001967649
VSXY,Victorias Secret & Co. Common Stock,NYSE,common_stock,0001856437
VTAK,"Catheter Precision, Inc. Common Stock",NYSE American,common_stock,0001716621
VTEX,VTEX Class A Common Shares,NYSE,common_stock,0001793663
VTGN,"Vistagen Therapeutics, Inc. - Common Stock",NASDAQ,common_stock,0001411685
VTIX,Virtuix Holdings Inc. - Class A Common Stock,NASDAQ,common_stock,0001606242
VTMX,"Corporacion Inmobiliaria Vesta, S.A.B de C.V. American Depositary Shares, each representing ten (10) Common Shares",NYSE,common_stock,0001969373
VTN,Invesco Trust for Investment Grade New York Municipals Common Stock,NYSE,common_stock,0000883265
VTOL,"Bristow Group, Inc. Common Stock",NYSE,common_stock,0001525221
VTR,"Ventas, Inc. Common Stock",NYSE,common_stock,0000740260
VTRS,Viatris Inc. - Common Stock,NASDAQ,common_stock,0001792044
VTS,"Vitesse Energy, Inc. Common Stock",NYSE,common_stock,0001944558
VTSI,"VirTra, Inc. - Common Stock",NASDAQ,common_stock,0001085243
VTVT,vTv Therapeutics Inc. - Class A Common Stock,NASDAQ,common_stock,0001641489
VUZI,Vuzix Corporation  - Common Stock,NASDAQ,common_stock,0001463972
VVOS,"Vivos Therapeutics, Inc. - Common Stock",NASDAQ,common_stock,0001716166
VVR,Invesco Senior Income Trust Common Stock (DE),NYSE,common_stock,0001059386
VVV,Valvoline Inc. Common Stock,NYSE,common_stock,0001674910
VVX,"V2X, Inc. Common Stock",NYSE,common_stock,0001601548
VWAV,"VisionWave Holdings, Inc. - Common Stock",NASDAQ,common_stock,0002038439
VXX,iPath Series B S&P 500 VIX Short-Term Futures ETN,Cboe BZX,common_stock,0000312070
VXZ,iPath Series B S&P 500 VIX Mid-Term Futures ETN,Cboe BZX,common_stock,0000312070
VYGR,"Voyager Therapeutics, Inc. - Common Stock",NASDAQ,common_stock,0001640266
VYX,NCR Voyix Corporation Common Stock,NYSE,common_stock,0000070866
VZ,Verizon Communications Inc. Common Stock,NYSE,common_stock,0000732712
VZLA,Vizsla Silver Corp. Common Shares,NYSE American,common_stock,0001796073
W,Wayfair Inc. Class A Common Stock,NYSE,common_stock,0001616707
WAB,Westinghouse Air Brake Technologies Corporation Common Stock,NYSE,common_stock,0000943452
WABC,Westamerica Bancorporation - Common Stock,NASDAQ,common_stock,0000311094
WAFD,"WaFd, Inc. - Common Stock",NASDAQ,common_stock,0000936528
WAFDP,"WaFd, Inc. - Depositary Shares",NASDAQ,common_stock,0000936528
WAFU,Wah Fu Education Group Limited - Ordinary Shares,NASDAQ,common_stock,0001716770
WAL,Western Alliance Bancorporation Common Stock (DE),NYSE,common_stock,0001212545
WALD,Waldencast plc - Class A Ordinary Share,NASDAQ,common_stock,0001840199
WASH,"Washington Trust Bancorp, Inc. - Common Stock",NASDAQ,common_stock,0000737468
WAT,Waters Corporation Common Stock,NYSE,common_stock,0001000697
WATR,Air Water Ventures Limited - Ordinary Shares,NASDAQ,common_stock,0002092314
WATT,Energous Corporation - Common Stock,NASDAQ,common_stock,0001575793
WAVE,Eco Wave Power Global AB (publ) - American Depositary Shares,NASDAQ,common_stock,0001846715
WAY,Waystar Holding Corp. - Common Stock,NASDAQ,common_stock,0001990354
WB,Weibo Corporation - American Depositary Shares,NASDAQ,common_stock,0001595761
WBD,"Warner Bros. Discovery, Inc. - Series A Common Stock",NASDAQ,common_stock,0001437107
WBI,WaterBridge Infrastructure LLC Class A Shares Representing Limited Liability Company Interests,NYSE,common_stock,0002064947
WBTN,WEBTOON Entertainment Inc. - Common stock,NASDAQ,common_stock,0001997859
WBUY,WEBUY GLOBAL LTD. - Class A Ordinary Shares,NASDAQ,common_stock,0001946703
WBX,Wallbox N.V. Class A Ordinary Shares,NYSE,common_stock,0001866501
WCC,"WESCO International, Inc. Common Stock",NYSE,common_stock,0000929008
WCN,"Waste Connections, Inc. Common Shares",NYSE,common_stock,0001318220
WCT,Wellchange Holdings Company Limited - Class A Ordinary shares,NASDAQ,common_stock,0001990251
WD,"Walker & Dunlop, Inc Common Stock",NYSE,common_stock,0001497770
WDAY,"Workday, Inc. - Class A Common Stock",NASDAQ,common_stock,0001327811
WDC,Western Digital Corporation - Common Stock,NASDAQ,common_stock,0000106040
WDFC,WD-40 Company - Common Stock,NASDAQ,common_stock,0000105132
WDI,Western Asset Diversified Income Fund Common Shares of Beneficial Interest,NYSE,common_stock,0001819559
WDS,"Woodside Energy Group Limited American Depositary Shares, each representing one Ordinary Share",NYSE,common_stock,0000844551
WEA,Western Asset Bond Fund Share of Beneficial Interest,NYSE,common_stock,0001163792
WEAV,"Weave Communications, Inc. Common Stock",NYSE,common_stock,0001609151
WEC,"WEC Energy Group, Inc. Common Stock",NYSE,common_stock,0000783325
WELL,Welltower Inc. Common Stock,NYSE,common_stock,0000766704
WEN,Wendy's Company (The) - Common Stock,NASDAQ,common_stock,0000030697
WENC,West Enclave Merger Corp. Ordinary Shares,NYSE,common_stock,0002104260
WENN,Wen Acquisition Corp - Class A Ordinary Shares,NASDAQ,common_stock,0002057043
WERN,"Werner Enterprises, Inc. - Common Stock",NASDAQ,common_stock,0000793074
WEST,Westrock Coffee Company - Common Stock,NASDAQ,common_stock,0001806347
WETH,Wetouch Technology Inc. - Common Stock,NASDAQ,common_stock,0001826660
WETO,Wetour Robotics Limited - Ordinary Shares,NASDAQ,common_stock,0001941158
WEX,WEX Inc. common stock,NYSE,common_stock,0001309108
WEYS,"Weyco Group, Inc. - Common Stock",NASDAQ,common_stock,0000106532
WF,Woori Financial Group Inc. American Depositary Shares (each representing three (3) shares of Common Stock),NYSE,common_stock,0001264136
WFC,Wells Fargo & Company Common Stock,NYSE,common_stock,0000072971
WFCF,"Where Food Comes From, Inc. - Common Stock",NASDAQ,common_stock,0001360565
WFF,WF Holding Limited - Ordinary Shares,NASDAQ,common_stock,0001980210
WFG,West Fraser Timber Co. Ltd Common stock,NYSE,common_stock,0001402388
WFRD,Weatherford International plc - Ordinary shares,NASDAQ,common_stock,0001603923
WGO,"Winnebago Industries, Inc. Common Stock",NYSE,common_stock,0000107687
WGS,GeneDx Holdings Corp. - Class A Common Stock,NASDAQ,common_stock,0001818331
WH,"Wyndham Hotels & Resorts, Inc. Common Stock",NYSE,common_stock,0001722684
WHD,"Cactus, Inc. Class A Common Stock",NYSE,common_stock,0001699136
WHF,"WhiteHorse Finance, Inc. - Closed End Fund",NASDAQ,common_stock,0001552198
WHG,Westwood Holdings Group Inc Common Stock,NYSE,common_stock,0001165002
WHK,WhiteHawk Minerals Corp Class A Common Stock,NYSE,common_stock,0001921603
WHLR,"Wheeler Real Estate Investment Trust, Inc. - Common Stock",NASDAQ,common_stock,0001527541
WHR,Whirlpool Corporation Common Stock,NYSE,common_stock,0000106640
WHWK,"Whitehawk Therapeutics, Inc. - Common Stock",NASDAQ,common_stock,0001422142
WIA,Western Asset Inflation-Linked Income Fund,NYSE,common_stock,0001254370
WILC,"G. Willi-Food International,  Ltd. - Ordinary Shares",NASDAQ,common_stock,0001030997
WIMI,WiMi Hologram Cloud Inc. - Class B Ordinary Shares,NASDAQ,common_stock,0001770088
WINA,Winmark Corporation - Common Stock,NASDAQ,common_stock,0000908315
WING,Wingstop Inc. - Common Stock,NASDAQ,common_stock,0001636222
WIT,Wipro Limited Common Stock,NYSE,common_stock,0001123799
WIW,Western Asset Inflation-Linked Opportunities & Income Fund,NYSE,common_stock,0001267902
WIX,Wix.com Ltd. - Ordinary Shares,NASDAQ,common_stock,0001576789
WK,Workiva Inc. Class A Common Stock,NYSE,common_stock,0001445305
WKC,World Kinect Corporation Common Stock,NYSE,common_stock,0000789460
WKEY,WISeKey International Holding Ltd - American Depositary Shares,NASDAQ,common_stock,0001738699
WKHS,"Workhorse Group, Inc. - Common Stock",NASDAQ,common_stock,0001425287
WKSP,"Worksport, Ltd. - Common Stock",NASDAQ,common_stock,0001096275
WLCO,Wilco 63 Corporation - Class A Ordinary Shares,NASDAQ,common_stock,0002101470
WLDN,"Willdan Group, Inc. - Common Stock",NASDAQ,common_stock,0001370450
WLDS,Wearable Devices Ltd. - Ordinary Share,NASDAQ,common_stock,0001887673
WLFC,Willis Lease Finance Corporation - Common Stock,NASDAQ,common_stock,0001018164
WLII,Willow Lane Acquisition Corp. II - Class A Ordinary Shares,NASDAQ,common_stock,0002083946
WLK,Westlake Corporation Common Stock,NYSE,common_stock,0001262823
WLTH,Wealthfront Corporation - Common Stock,NASDAQ,common_stock,0001524566
WLY,"John Wiley & Sons, Inc. Common Stock",NYSE,common_stock,0000107140
WLYB,"John Wiley & Sons, Inc. Common Stock",NYSE,common_stock,0000107140
WM,"Waste Management, Inc. Common Stock",NYSE,common_stock,0000823768
WMB,"Williams Companies, Inc. (The) Common Stock",NYSE,common_stock,0000107263
WMG,Warner Music Group Corp. - Class A Common Stock,NASDAQ,common_stock,0001319161
WMK,"Weis Markets, Inc. Common Stock",NYSE,common_stock,0000105418
WMS,"Advanced Drainage Systems, Inc. Common Stock",NYSE,common_stock,0001604028
WMT,Walmart Inc. - Common Stock,NASDAQ,common_stock,0000104169
WNC,Wabash National Corporation Common Stock,NYSE,common_stock,0000879526
WNEB,"Western New England Bancorp, Inc. - Common Stock",NASDAQ,common_stock,0001157647
WNW,Meiwu Technology Company Limited - Ordinary Shares,NASDAQ,common_stock,0001787803
WOK,WORK Medical Technology Group LTD - Class A Ordinary Shares,NASDAQ,common_stock,0001929783
WOLF,"Wolfspeed, Inc. Common Stock New",NYSE,common_stock,0000895419
WOOF,"Petco Health and Wellness Company, Inc. - Class A Common Stock",NASDAQ,common_stock,0001826470
WOR,"Worthington Enterprises, Inc. Common Shares",NYSE,common_stock,0000108516
WPAC,White Pearl Acquisition Corp. Class A Ordinary Shares,NYSE,common_stock,0002081536
WPC,W. P. Carey Inc. REIT,NYSE,common_stock,0001025378
WPM,Wheaton Precious Metals Corp Common Shares (Canada),NYSE,common_stock,0001323404
WPP,WPP plc American Depositary Shares,NYSE,common_stock,0000806968
WPRT,Westport Fuel Systems Inc - Common Shares,NASDAQ,common_stock,0001370416
WRAP,"Wrap Technologies, Inc. - Common Stock",NASDAQ,common_stock,0001702924
WRB,W.R. Berkley Corporation Common Stock,NYSE,common_stock,0000011544
WRBY,Warby Parker Inc. Class A Common Stock,NYSE,common_stock,0001504776
WRD,WeRide Inc. - American Depositary Shares,NASDAQ,common_stock,0001867729
WRLD,World Acceptance Corporation - Common Stock,NASDAQ,common_stock,0000108385
WRN,Western Copper and Gold Corporation Common Stock,NYSE American,common_stock,0001364125
WS,"Worthington Steel, Inc. Common Shares",NYSE,common_stock,0001968487
WSBC,"WesBanco, Inc. - Common Stock",NASDAQ,common_stock,0000203596
WSBF,"Waterstone Financial, Inc. - Common Stock",NASDAQ,common_stock,0001569994
WSBK,"Winchester Bancorp, Inc. - Common Stock",NASDAQ,common_stock,0002047235
WSC,WillScot Holdings Corporation - Class A Common Stock,NASDAQ,common_stock,0001647088
WSE,Wise Group plc - Class A Ordinary Shares,NASDAQ,common_stock,0002099039
WSFS,WSFS Financial Corporation - Common Stock,NASDAQ,common_stock,0000828944
WSHP,WeShop Holdings Limited - Class A Ordinary Shares,NASDAQ,common_stock,0002048271
WSM,"Williams-Sonoma, Inc. Common Stock (DE)",NYSE,common_stock,0000719955
WSO,"Watsco, Inc. Common Stock",NYSE,common_stock,0000105016
WSO.B,"Watsco, Inc. Class B Common Stock",NYSE,common_stock,0000105016
WST,"West Pharmaceutical Services, Inc. Common Stock",NYSE,common_stock,0000105770
WSTN,Westin Acquisition Corp - Class A Ordinary Share,NASDAQ,common_stock,0002076192
WT,"WisdomTree, Inc. Common Stock",NYSE,common_stock,0000880631
WTBA,West Bancorporation - Common Stock,NASDAQ,common_stock,0001166928
WTF,Waton Financial Limited - Ordinary Shares,NASDAQ,common_stock,0001987363
WTFC,Wintrust Financial Corporation - Common Stock,NASDAQ,common_stock,0001015328
WTG,Wintergreen Acquisition Corp. - Ordinary Shares,NASDAQ,common_stock,0002053927
WTI,"W&T Offshore, Inc. Common Stock",NYSE,common_stock,0001288403
WTM,"White Mountains Insurance Group, Ltd. Common Stock",NYSE,common_stock,0000776867
WTRG,"Essential Utilities, Inc. Common Stock",NYSE,common_stock,0000078128
WTS,"Watts Water Technologies, Inc. Class A Common Stock",NYSE,common_stock,0000795403
WTTR,"Select Water Solutions, Inc. Class A common stock",NYSE,common_stock,0001693256
WTW,Willis Towers Watson Public Limited Company - Ordinary Shares,NASDAQ,common_stock,0001140536
WU,Western Union Company (The) Common Stock,NYSE,common_stock,0001365135
WULF,TeraWulf Inc. - Common Stock,NASDAQ,common_stock,0001083301
WVE,"Wave Life Sciences, Inc. - Common Stock",NASDAQ,common_stock,0001631574
WVVI,"Willamette Valley Vineyards, Inc. - Common Stock",NASDAQ,common_stock,0000838875
WW,"WW International, Inc.  - Common Stock",NASDAQ,common_stock,0000105319
WWD,"Woodward, Inc. - Common Stock",NASDAQ,common_stock,0000108312
WWR,"Westwater Resources, Inc. Common Stock",NYSE American,common_stock,0000839470
WWW,"Wolverine World Wide, Inc. Common Stock",NYSE,common_stock,0000110471
WXM,WF International Limited - Ordinary Shares,NASDAQ,common_stock,0001979610
WY,Weyerhaeuser Company Common Stock,NYSE,common_stock,0000106535
WYFI,"WhiteFiber, Inc. - Ordinary Shares",NASDAQ,common_stock,0002042022
WYHG,Wing Yip Food Holdings Group Limited - American Depositary Shares,NASDAQ,common_stock,0001999860
WYNN,"Wynn Resorts, Limited - Common Stock",NASDAQ,common_stock,0001174922
WYY,WidePoint Corporation Common Stock,NYSE American,common_stock,0001034760
XAIR,"Beyond Air, Inc. - Common Stock",NASDAQ,common_stock,0001641631
XBIO,"Xenetic Biosciences, Inc. - Common Stock",NASDAQ,common_stock,0001534525
XBIT,XBiotech Inc. - Common Stock,NASDAQ,common_stock,0001626878
XBP,"XBP Global Holdings, Inc. - Common Stock",NASDAQ,common_stock,0001839530
XCBE,X3 Acquisition Corp. Ltd. - Class A Ordinary Shares,NASDAQ,common_stock,0002083493
XCH,XCHG Limited - ADS,NASDAQ,common_stock,0001979887
XCUR,"Exicure, Inc. - Common Stock",NASDAQ,common_stock,0001698530
XE,"X-Energy, Inc. - Class A Common Stock",NASDAQ,common_stock,0002088896
XEL,Xcel Energy Inc. - Common Stock,NASDAQ,common_stock,0000072903
XELB,"Xcel Brands, Inc - Common Stock",NASDAQ,common_stock,0001083220
XENE,Xenon Pharmaceuticals Inc. - Common Shares,NASDAQ,common_stock,0001582313
XERS,"Xeris Biopharma Holdings, Inc. - Common Stock",NASDAQ,common_stock,0001867096
XFLH,XFLH Capital Corporation Ordinary Shares,NYSE,common_stock,0002088103
XFLT,XAI Floating Rate & Alternative Income Trust Common Shares of Beneficial Interest,NYSE,common_stock,0001703079
XFOR,"X4 Pharmaceuticals, Inc. - Common Stock",NASDAQ,common_stock,0001501697
XGN,Exagen Inc. - Common Stock,NASDAQ,common_stock,0001274737
XHG,XChange TEC.INC - American Depositary Shares,NASDAQ,common_stock,0001769256
XHLD,"TEN Holdings, Inc. - Common Stock",NASDAQ,common_stock,0002030954
XHR,"Xenia Hotels & Resorts, Inc. Common Stock",NYSE,common_stock,0001616000
XLO,"Xilio Therapeutics, Inc. - Common Stock",NASDAQ,common_stock,0001840233
XMAX,"XMAX, Inc. - Common Stock",NASDAQ,common_stock,0001473334
XMTR,"Xometry, Inc. - Class A Common Stock",NASDAQ,common_stock,0001657573
XNCR,"Xencor, Inc. - Common Stock",NASDAQ,common_stock,0001326732
XNDU,Xanadu Quantum Technologies Limited - Class B Subordinate Voting Shares,NASDAQ,common_stock,0002097163
XNET,Xunlei Limited - American Depositary Shares,NASDAQ,common_stock,0001510593
XOM,ExxonMobil Holdings Corporation Common Stock,NYSE,common_stock,0002115436
XOS,"Xos, Inc. - Common Stock",NASDAQ,common_stock,0001819493
XP,XP Inc. - Class A Common Stock,NASDAQ,common_stock,0001787425
XPEL,"XPEL, Inc. - Common Stock",NASDAQ,common_stock,0001767258
XPER,Xperi Inc. Common Stock,NYSE,common_stock,0001788999
XPEV,"XPeng Inc. American depositary shares, each representing two Class A ordinary shares",NYSE,common_stock,0001810997
XPL,Solitario Resources Corp. Common Stock,NYSE American,common_stock,0000917225
XPO,"XPO, Inc. Common Stock",NYSE,common_stock,0001166003
XPOF,"Xponential Fitness, Inc. Class A Common Stock",NYSE,common_stock,0001802156
XPON,Expion360 Inc. - Common Stock,NASDAQ,common_stock,0001894954
XPRO,Expro Ltd Ordinary Shares,NYSE,common_stock,0002126198
XRAY,DENTSPLY SIRONA Inc. - Common Stock,NASDAQ,common_stock,0000818479
XRN,Chiron Real Estate Inc. Common Stock,NYSE,common_stock,0001533615
XRPN,Armada Acquisition Corp. II - Class A Ordinary Shares,NASDAQ,common_stock,0002044009
XRTX,XORTX Therapeutics Inc. - Common Shares,NASDAQ,common_stock,0001729214
XRX,Xerox Holdings Corporation - Common Stock,NASDAQ,common_stock,0001770450
XSLL,Xsolla SPAC 1 - Class A Ordinary Shares,NASDAQ,common_stock,0002088807
XTIA,"XTI Aerospace, Inc. Common Stock  - Common Stock",NASDAQ,common_stock,0001529113
XTLB,XTL Biopharmaceuticals Ltd. - American Depositary Shares,NASDAQ,common_stock,0001023549
XTNT,"Xtant Medical Holdings, Inc. Common Stock",NYSE American,common_stock,0001453593
XWEL,"XWELL, Inc. - Common Stock",NASDAQ,common_stock,0001410428
XXI,"Twenty One Capital, Inc. Class A Common Stock",NYSE,common_stock,0002070457
XXII,"22nd Century Group, Inc - Common Stock",NASDAQ,common_stock,0001347858
XYF,"X Financial American Depositary Shares, each representing six Class A Ordinary Shares",NYSE,common_stock,0001725033
XYL,Xylem Inc. Common Stock New,NYSE,common_stock,0001524472
XYZ,"Block, Inc. Class A Common Stock,",NYSE,common_stock,0001512673
XZO,"Exzeo Group, Inc. Common Stock",NYSE,common_stock,0001873951
YAAS,Youxin Technology Ltd - Class A Ordinary shares,NASDAQ,common_stock,0001964946
YALA,"Yalla Group Limited American Depositary Shares, each representing one Class A Ordinary Share",NYSE,common_stock,0001794350
YARW,"Yarrow Bioscience, Inc. - Common Stock",NASDAQ,common_stock,0001566044
YB,Yuanbao Inc. - American Depositary Shares,NASDAQ,common_stock,0001995520
YCBD,"cbdMD, Inc. Common Stock",NYSE American,common_stock,0001644903
YCY,AA Mission Acquisition Corp. II Class A Ordinary Shares,NYSE,common_stock,0002075336
YDDL,One and One Green Technologies. INC - Class A Ordinary Shares,NASDAQ,common_stock,0002034723
YDES,YD Bio Limited - Ordinary Shares,NASDAQ,common_stock,0002011674
YDKG,Yueda Digital Holding - Class A Ordinary Share,NASDAQ,common_stock,0001413745
YELP,Yelp Inc. Common Stock,NYSE,common_stock,0001345016
YETI,"YETI Holdings, Inc. Common Stock",NYSE,common_stock,0001670592
YEXT,"Yext, Inc. Common Stock",NYSE,common_stock,0001614178
YHC,LQR House Inc. - Common Stock,NASDAQ,common_stock,0001843165
YHGJ,Yunhong Green CTI Ltd. - Common Stock,NASDAQ,common_stock,0001042187
YHNA,YHN Acquisition I Limited - Ordinary Shares,NASDAQ,common_stock,0002020987
YI,"111, Inc. - American Depositary Shares",NASDAQ,common_stock,0001738906
YIBO,Planet Image International Limited - Class A Ordinary Shares,NASDAQ,common_stock,0001868395
YICC,Yorkville International Capital Corp. - Class A Ordinary Shares,NASDAQ,common_stock,0002130386
YJ,Yunji Inc. - American Depository Shares,NASDAQ,common_stock,0001759614
YMAT,"J-Star Holding Co., Ltd. - Class A Ordinary Shares",NASDAQ,common_stock,0001875016
YMM,Full Truck Alliance Co. Ltd. American Depositary Shares (each representing 20 Class A Ordinary Shares),NYSE,common_stock,0001838413
YMT,Yimutian Inc. - American Depositary Shares; each representing 25 Class A ordinary shares,NASDAQ,common_stock,0001991605
YORW,The York Water Company - Common Stock,NASDAQ,common_stock,0000108985
YOU,"Clear Secure, Inc. Class A Common Stock",NYSE,common_stock,0001856314
YOUL,Youlife Group Inc. - American Depositary Shares,NASDAQ,common_stock,0002028177
YPF,YPF Sociedad Anonima American Depositary Shares,NYSE,common_stock,0000904851
YQ,17 Education & Technology Group Inc. - American Depositary Shares,NASDAQ,common_stock,0001821468
YRD,"Yiren Digital Ltd. American Depositary Shares, each representing two ordinary shares",NYSE,common_stock,0001631761
YSG,"Yatsen Holding Limited American Depositary Shares, each representing twenty (20) Class A Ordinary Shares",NYSE,common_stock,0001819580
YSS,York Space Systems Inc. Common Stock,NYSE,common_stock,0002086587
YSWY,"Yesway, Inc. - Class A Common Stock",NASDAQ,common_stock,0001859836
YSXT,"YSX Tech. Co., Ltd  - Class A Ordinary Shares",NASDAQ,common_stock,0001993463
YTRA,"Yatra Online, Inc. - Ordinary Shares",NASDAQ,common_stock,0001516899
YUM,"Yum! Brands, Inc.",NYSE,common_stock,0001041061
YUMC,"Yum China Holdings, Inc. Common Stock",NYSE,common_stock,0001673358
YXT,YXT.COM GROUP HOLDING LIMITED - American Depository Shares,NASDAQ,common_stock,0001872090
YYAI,AiRWA Inc. - Common Stock,NASDAQ,common_stock,0001674440
YYGH,YY Group Holding Limited - Class A Ordinary Shares,NASDAQ,common_stock,0001985337
Z,"Zillow Group, Inc. - Class C Capital Stock",NASDAQ,common_stock,0001617640
ZBAO,Zhibao Technology Inc. - Class A Ordinary Shares,NASDAQ,common_stock,0001966750
ZBH,"Zimmer Biomet Holdings, Inc. Common Stock",NYSE,common_stock,0001136869
ZBIO,"Zenas BioPharma, Inc. - Common Stock",NASDAQ,common_stock,0001953926
ZBRA,Zebra Technologies Corporation - Class A Common Stock,NASDAQ,common_stock,0000877212
ZCMD,Zhongchao Inc. - Class A Ordinary Shares,NASDAQ,common_stock,0001785566
ZD,"Ziff Davis, Inc. - Common Stock",NASDAQ,common_stock,0001084048
ZDAI,"DirectBooking Technology Co., Ltd. - Class A Ordinary Shares",NASDAQ,common_stock,0001966678
ZDGE,"Zedge, Inc. Class B Common Stock",NYSE American,common_stock,0001667313
ZENA,"ZenaTech, Inc. - Common Stock",NASDAQ,common_stock,0001997403
ZEO,Zeo Energy Corporation - Class A Common Stock,NASDAQ,common_stock,0001865506
ZEPP,"Zepp Health Corporation American depositary shares, each representing sixteen Class A ordinary shares",NYSE,common_stock,0001720446
ZETA,Zeta Global Holdings Corp. Class A Common Stock,NYSE,common_stock,0001851003
ZG,"Zillow Group, Inc. - Class A Common Stock",NASDAQ,common_stock,0001617640
ZGN,Ermenegildo Zegna N.V. Ordinary Shares,NYSE,common_stock,0001877787
ZH,"Zhihu Inc. American Depositary Shares, each representing three (3) Class A Ordinary Shares",NYSE,common_stock,0001835724
ZIM,ZIM Integrated Shipping Services Ltd. Ordinary Shares,NYSE,common_stock,0001654126
ZION,Zions Bancorporation N.A. - Common Stock,NASDAQ,common_stock,0000109380
ZIP,"ZipRecruiter, Inc. Class A Common Stock",NYSE,common_stock,0001617553
ZJK,"ZJK Industrial Co., Ltd. - Class A Ordinary Shares",NASDAQ,common_stock,0001941506
ZJYL,JIN MEDICAL INTERNATIONAL LTD. - Class A Ordinary Shares,NASDAQ,common_stock,0001837821
ZKH,"ZKH Group Limited American Depositary Shares, each representing thirty-five (35) Class A Ordinary Shares",NYSE,common_stock,0001862044
ZKIN,"ZK International Group Co., Ltd - Ordinary Share",NASDAQ,common_stock,0001687451
ZKP,Lafayette Digital Acquisition Corp. I - Class A Ordinary Shares,NASDAQ,common_stock,0002087447
ZLAB,Zai Lab Limited - American Depositary Shares,NASDAQ,common_stock,0001704292
ZM,"Zoom Communications, Inc. - Class A Common Stock",NASDAQ,common_stock,0001585521
ZNB,Zeta Network Group - Class A Ordinary Shares,NASDAQ,common_stock,0001747661
ZNTL,"Zentalis Pharmaceuticals, Inc. - common stock",NASDAQ,common_stock,0001725160
ZONE,CleanCore Solutions Inc. Class B Common Stock,NYSE American,common_stock,0001956741
ZOOZ,ZOOZ Strategy Ltd. - Ordinary Shares,NASDAQ,common_stock,0001992818
ZS,"Zscaler, Inc. - Common Stock",NASDAQ,common_stock,0001713683
ZSQR,Z Squared Inc. - Common Stock,NASDAQ,common_stock,0001759186
ZSTK,ZeroStack Corp. - Common Stock,NASDAQ,common_stock,0001790169
ZTEK,Zentek Ltd. - common stock,NASDAQ,common_stock,0001904501
ZTG,Zenta Group Company Limited - Class A Ordinary Shares,NASDAQ,common_stock,0002011458
ZTO,"ZTO Express (Cayman) Inc. American Depositary Shares, each representing one Class A ordinary share.",NYSE,common_stock,0001677250
ZTR,Virtus Total Return Fund Inc.,NYSE,common_stock,0000836412
ZTS,Zoetis Inc. Class A Common Stock,NYSE,common_stock,0001555280
ZUMZ,Zumiez Inc. - Common Stock,NASDAQ,common_stock,0001318008
ZURA,Zura Bio Limited - Class A Ordinary shares,NASDAQ,common_stock,0001855644
ZVIA,Zevia PBC Class A Common Stock,NYSE,common_stock,0001854139
ZVRA,"Zevra Therapeutics, Inc.  - Common Stock",NASDAQ,common_stock,0001434647
ZWS,Zurn Elkay Water Solutions Corporation Common Stock,NYSE,common_stock,0001439288
ZYBT,Zhengye Biotechnology Holding Limited - Class A Ordinary Shares,NASDAQ,common_stock,0001975641
ZYME,Zymeworks Inc. - Common Stock,NASDAQ,common_stock,0001937653
